symbol,binanceArrayPosition,candleCount,firstCandleTime,lastCandleTime,strategyDatasetGroup,strategyNetProfit,strategyReturnPct,totalReturnPct,hourlyReturnMeanPct,hourlyReturnMedianPct,hourlyReturnStdPct,positiveHourRatePct,negativeHourRatePct,meanHourlyRangePct,medianHourlyRangePct,hourlyRangeStdPct,maxHourlyGainPct,maxHourlyLossPct,maxPositiveRunHours,maxNegativeRunHours,reversalRatePct,returnAutocorrelation1h,meanVolume,medianVolume,volumeStd,meanQuoteVolumeProxy,medianQuoteVolumeProxy,quoteVolumeProxyStd,volumeReturnCorrelation,volumeRangeCorrelation,rolling6hReturnMeanPct,rolling6hReturnStdPct,rolling12hReturnMeanPct,rolling12hReturnStdPct,rolling24hReturnMeanPct,rolling24hReturnStdPct,rolling72hReturnMeanPct,rolling72hReturnStdPct,rolling168hReturnMeanPct,rolling168hReturnStdPct,rolling24hVolatilityPct,rolling72hVolatilityPct,rolling168hVolatilityPct,rolling24hRangeMeanPct,rolling72hRangeMeanPct,rolling168hRangeMeanPct,rolling24hEfficiencyMean,rolling72hEfficiencyMean,rolling168hEfficiencyMean,rolling24hTrendSlopeMeanPct,rolling72hTrendSlopeMeanPct,rolling168hTrendSlopeMeanPct
ZECUSDT,23,744,1785542400000,1788217200000,Sample,19.093584879365956,0.013936923269610187,84.55813548625773,0.08804365972646795,0.0005965875193885518,1.0085505264023662,50,49.865591397849464,1.4412500040380052,1.0914139770236084,1.2222645380765857,9.510058978165828,-4.20464357670537,8,8,50.47106325706595,0.046989862186674884,6654.961356182793,3665.1125,8474.556113860353,4572224.171039205,2058893.8924500002,6360172.13162746,0.24802912150632697,0.8591513437303623,0.53595792000509,2.693487331643158,1.064334235146378,4.023983241482062,2.1594812206940635,6.4456544955395545,7.096273625852079,14.77428868602732,18.28891582817532,25.35789733329499,0.8625405546840776,0.9008360897766091,0.9617895963279631,1.4482050352920846,1.4565324778957782,1.4778815330227313,0.22009211197643883,0.14600371231243242,0.12468794103394482,0.08907507240573742,0.09908277550174423,0.1081993817918954
YFIUSDT,70,744,1785542400000,1788217200000,Sample,10.855240665586129,0.009606407668660291,11.48277583624564,0.020604324156408796,0,0.663332770119504,47.983870967741936,48.38709677419355,0.8540656332240405,0.6571741826854973,0.7555466934131638,4.059040590405904,-6.257378984651712,7,8,50.6056527590848,-0.1294532419116602,5.284424287634406,3.5077949999999998,7.144635335773505,11491.144652379031,7417.0859550000005,16355.1598480876,-0.15006555826294846,0.8111899251210432,0.0907847994416775,1.510646666616075,0.16949074003341275,1.9547894408779514,0.35478137942597193,2.7619237307694857,0.9704819771893481,5.529907348006171,3.074966958812697,9.83242671734793,0.5970790594648552,0.6197054455704206,0.6508867142053786,0.8579261909074428,0.8605320360310698,0.8713677599432623,0.16676415892389052,0.1050912279244218,0.09923383150120693,0.014143028548758187,0.012969193426970626,0.0177595142282104
COMPUSDT,62,744,1785542400000,1788217200000,Sample,8.681159349790141,0.00894964881421664,16.021765417170506,0.023374738015805835,0,0.7498981077112501,48.52150537634409,45.026881720430104,0.9004927458560381,0.666697956825181,0.8294195571044783,4.494382022471919,-6.505771248688346,6,7,46.02960969044415,-0.06456718702586053,1529.0649045698913,642.788,2896.857556637904,28033.752569543,11136.46366,53380.70726776854,0.055978691999531746,0.7637768728576976,0.12452337202910635,1.737641624122811,0.2459471768117025,2.2771724186905207,0.4727136444294724,2.9864176906414426,1.3822603135444365,5.549083339286037,4.648644049725047,10.097159131747954,0.6472450773136773,0.6994928254472776,0.7175410079678234,0.9062075331521883,0.9209365587606878,0.939776806724526,0.15787729334951206,0.10892067521163197,0.0795288020421129,0.019908449546161087,0.01858062252403541,0.02727140460740097
BTCUSDT,0,744,1785542400000,1788217200000,Sample,5.414565649921552,0.005156729190401478,24.855059764361776,0.03072210110859982,0.00836477684762969,0.396541662629502,51.344086021505376,48.655913978494624,0.4831525017775035,0.3672112326878266,0.4475158328406009,3.9906885602202826,-1.6999036816715805,8,7,52.62449528936743,0.012605942661721247,634.4801998118285,453.696855,657.5702925248953,45191754.22223423,30604766.39148415,49036135.94807928,0.3362652340040076,0.884357770823815,0.18703836469819393,1.0090490624221766,0.3732849935015737,1.4873360403114229,0.7589477758537199,2.3746492454451924,2.4495911603698586,5.440241907466339,6.7146265146812905,9.665074350046194,0.32241222103092443,0.34860836833940817,0.37733074823902435,0.48635371647599634,0.4910860127208053,0.4935507273861427,0.20883363491207024,0.1638764325106107,0.1521919302273105,0.031543153798778305,0.03416903435517462,0.03999566596448213
DCRUSDT,68,744,1785542400000,1788217200000,Sample,5.315004369275451,0.005368691282096415,11.017597551644975,0.017694899323567197,0,0.8521905768289152,49.46236559139785,45.96774193548387,1.0678150863412463,0.8287189335757406,0.9859051416794329,11.368909512761025,-5.7948316366483965,6,7,48.31763122476447,0.00577453499897964,923.3208346774194,434.8935,1544.041511234636,12314.041412956993,5640.39791,21559.270712632195,0.1681555846427319,0.9057543914750822,0.11536425534120338,1.786746995080563,0.20119748916711913,2.3532144866053613,0.37754575536266516,3.2546887506869897,0.9747875597256918,6.320796479467068,2.3281956060821667,9.362934670866116,0.6894436148378342,0.7434272086143142,0.8181538209758793,1.05765845535682,1.0582664474027546,1.072738944691391,0.15023234103637484,0.10568515219290475,0.08351729870028585,0.015388955319251676,0.012850758325342604,0.01223349382720033
AAVEUSDT,91,744,1785542400000,1788217200000,OutOfSample,4.23979032319625,0.007851463561474538,35.36532170119955,0.04174914058646852,0.016603580462302814,0.8773271520864216,50.806451612903224,48.79032258064516,1.1455729290989047,0.8485369538323209,0.9689875489561924,5.825154489276623,-5.138527113426467,10,7,48.99057873485868,0.022463134619769575,5672.101211021507,3333.6255,7156.93104242395,633938.7827556988,334269.9131,885377.7276620817,0.10115123669859881,0.8529544467507297,0.26438048610683845,2.1885158821033044,0.5417267381003401,3.222887932040575,1.1307640614575325,5.11735012244237,3.8920907839486265,12.230479797041577,11.662615865106334,21.28404647765432,0.7278375314836794,0.76454102329492,0.8289661005811767,1.1498130518567842,1.1582141524626925,1.1765917553582352,0.19764388334425734,0.12699677447413976,0.10985338185487661,0.046860104396369506,0.05457519117520604,0.06961028330173726
SOLUSDT,57,744,1785542400000,1788217200000,Sample,4.087759926981848,0.0070478619430721515,41.15874537734556,0.04830833743936296,0.013119109674662087,0.6040493745337294,50.53763440860215,47.31182795698925,0.8191199566460173,0.5989731251506101,0.7822098369086815,3.487816531294794,-4.952592293726041,11,6,49.66352624495289,-0.02558449036100544,98121.75248521494,58502.0965,120282.39491427629,8860769.913641486,4646117.689875,11724020.19751766,0.08290183773692333,0.9235455408612103,0.29504206006317923,1.4414513998284457,0.5931888144411789,2.120584433911288,1.2195163662216524,3.1771271245256414,4.046812237403918,5.9670165235901775,10.76378097671178,10.048439202945529,0.5161482708528792,0.5440171365068903,0.569030652861869,0.824843505231691,0.8319028759090801,0.832532667938595,0.21049258519252037,0.1408608598158995,0.13503623823528396,0.05066642130585275,0.05649729188967744,0.06506898164772004
LTCUSDT,4,744,1785542400000,1788217200000,Sample,3.923765538256096,0.005302385862508238,9.59367945823928,0.014459384919129821,0.021746228021345862,0.5204360618809754,50.94086021505376,45.564516129032256,0.688739669683443,0.5011484843030115,0.6073006812806713,3.6440507348500004,-5.2813695137497705,8,6,51.27860026917901,-0.1698168762161781,11839.706270161283,8167.807500000001,13380.803734758223,574983.365999408,383314.85277500004,698613.9606522284,-0.09949440468582528,0.8712884794020616,0.08106332896046922,1.1438954692333165,0.15820979120560336,1.5774372426280485,0.3307348343214351,2.3566144549450203,1.1509581782456813,5.114871968332311,3.32202683420344,8.209396182160337,0.42755668857192297,0.4513159579278253,0.48737211935576785,0.6928784917126027,0.7005493423455222,0.7134069331063732,0.18919109224873243,0.1266735730570886,0.10314339665182236,0.0136995886138472,0.015920115762000173,0.01979962902129261
ETHUSDT,1,744,1785542400000,1788217200000,Sample,3.237304214147783,0.004496255852983032,32.33496004719258,0.03925730198881766,0.007901133945197043,0.545532179409246,51.61290322580645,48.11827956989247,0.6532154544118541,0.4887233230310738,0.6393947552132604,5.846920496698994,-2.962102742967592,8,8,54.23956931359354,0.09111008405311788,10867.11061048388,6940.0905999999995,13908.865834138884,24178086.198382135,14064165.982199501,32224096.987584714,0.34279494069258265,0.9156481816728457,0.23951407309441794,1.4758775015839196,0.48194337436087636,2.2762888716447867,0.975724462498188,3.4722569026849466,3.239136331971822,7.466782985740004,8.940206450155396,12.378063076956746,0.4353967118652834,0.4672004500630991,0.511078631250638,0.6589358640099731,0.6612727649467227,0.6661084234537296,0.18408859135189665,0.13183940410627448,0.13609588164866693,0.04050657350786342,0.04509675441950684,0.05377805163629391
DASHUSDT,26,744,1785542400000,1788217200000,Sample,2.744131462295859,0.00397700211926936,43.55612408058842,0.057540161571458324,0,1.1321352401096716,48.79032258064516,47.8494623655914,1.2849098214408885,0.822233207566763,1.3759305302416651,14.439549681840427,-6.583710407239828,6,7,50.47106325706595,0.06609931300878587,7788.678358870961,3570.449,13503.884908165126,300891.65517427435,115687.35159,589501.7745739248,0.1660438780744709,0.8788545982939854,0.3406624298303328,2.8375016583858215,0.6612249121671618,3.794261277234961,1.2244212350214216,5.132790267466041,3.6285459913087332,10.643777374644227,8.80478652037559,15.505706474328477,0.812880765106313,0.8512661680919148,0.9467912527984039,1.2651888389576864,1.2468045390598907,1.26013540097818,0.19096512044358854,0.11660619601693127,0.0860994900633154,0.05075226304730712,0.05002050704599525,0.05016531959881455
INJUSDT,94,744,1785542400000,1788217200000,OutOfSample,2.111644872167153,0.007281534041955699,1.6072532454152189,0.005439522297328405,-0.019694978934115946,0.8722186038210357,48.79032258064516,50.134408602150536,1.266376237786631,1.0262649557179686,0.9083900532669312,4.445254144652938,-6.231117824773415,9,8,50.74024226110363,-0.09615776297005522,47108.26243279574,27740.14,59824.01933660667,233521.24477807796,131367.96723,310241.7276751604,-0.12957510633963112,0.8394112112795591,0.0368406924196329,2.113463148759644,0.0734810534664406,2.9808523826988598,0.15859488125249505,4.565727658958092,0.6901359025393978,9.203749242043987,3.873813321852836,15.459095498109157,0.7920017878800267,0.827339877119099,0.8619570401713633,1.2701390242939277,1.2795005683611511,1.3048527694112377,0.22296750580812597,0.16870064738735907,0.10587179193614454,0.006540911764975846,0.010330193287346873,0.021150173576037448
MORPHOUSDT,370,744,1785542400000,1788217200000,OutOfSample,2.0610158762057993,0.014721541972898567,25.737131434282865,0.03354319792112245,0,0.9821234070571524,48.655913978494624,47.446236559139784,1.2505314881353202,0.9041277112477852,1.105722867924179,6.247414149772456,-6.549324600900539,10,6,46.02960969044415,-0.021614029040962678,49333.60704301077,22322.605,73804.51814844835,117988.91024177425,47675.411965,189134.04370190518,-0.03888320736180066,0.8599876375732873,0.2417619382317682,2.4240627977614344,0.5115777001439518,3.508389554638217,1.0008027963213575,4.945346893116519,2.807892658438467,6.423480167399992,8.759892887822296,10.163064243068579,0.808635380899627,0.8533068875878875,0.8863560953667053,1.2430490256776459,1.257502851706936,1.273040070501301,0.20726946025779192,0.10924733649016549,0.08375920490741494,0.04277119710895847,0.03879549638685368,0.05102463547306614
LINKUSDT,16,744,1785542400000,1788217200000,Sample,1.6724414212861214,0.003279296904482591,38.39667603568373,0.04597616984190703,0.017675662972492852,0.69927699284521,51.20967741935484,48.252688172043015,0.9625132578105839,0.7821055446632422,0.7897623329514757,5.147594752186584,-5.492136984114304,11,7,51.00942126514132,0.03229600052082063,103073.05837365585,64783.665,131369.7936975496,1070802.0772869876,607552.3562500001,1490792.028309083,0.08984582400152992,0.8771226488554548,0.278735018361147,1.6382966012482072,0.564383686285235,2.206029234693741,1.157847622490589,3.3242124201370937,3.7100796145100463,6.1376134015482835,10.733758669182146,9.406756398986762,0.6202504990193269,0.6560885443793701,0.7007235134098776,0.9698024335823794,0.9813132255572453,1.0084690620962211,0.18770059132960762,0.11997415764977237,0.12311173275462164,0.04821572059866759,0.05132559298937764,0.06395396691455522
ONGUSDT,17,744,1785542400000,1788217200000,Sample,1.2586000000000033,0.017980000000000048,109.28101503759397,0.2060432760051025,-0.022655047420426913,4.851949015504567,47.8494623655914,50.403225806451616,3.3702617823246794,1.786261856862236,6.428325912202498,80.82639401285971,-33.126753486034914,8,13,49.52893674293405,0.05504369490149439,3658187.1223118277,1074384,7682167.476428298,383574.32993299747,61217.017024999994,1052381.8119878967,0.3632367256509254,0.7835081032032679,1.2104339409023175,11.868898146536797,2.6918086000555452,19.800056965202206,4.695347986904702,23.909529657561816,14.91190213793398,35.053455575300255,39.821007304747845,48.929006870955995,2.6759350018465904,3.3722588796105684,4.036717009619383,3.4314521229352586,3.5628565863695307,3.6495991946175446,0.21225882550417083,0.12828394387579728,0.0794549258212074,0.20238840733064503,0.2038884657096747,0.23759415592569763
MSTRBUSDT,421,744,1785542400000,1788217200000,OutOfSample,1.2046467261945655,0.003170122963669909,40.34975474514822,0.050801039932605915,0.01043375054982453,0.8083621273053341,50.67204301075269,47.983870967741936,0.9631897924980767,0.6528206381332645,1.0007306702187226,6.053119209388506,-3.7231646899864947,8,8,51.41318977119784,0.12268792595559308,1761.2514032258068,666.9105,4897.045778941072,202073.26194115612,72607.41153499999,601946.3946714561,0.17284497884485536,0.683299394271948,0.3018676565764395,2.129859519023805,0.5874460230117097,3.065447739477638,1.1916837698390061,4.549024554401394,3.7784057385333822,7.863249957655486,9.729202370628578,12.633575497574594,0.6992838984232818,0.7752175423227001,0.8151834020863017,0.9684903823002461,0.9884209611574367,0.999618865494379,0.2309621993634769,0.1452969938830689,0.12003907710254665,0.04940442375102775,0.05250888381785592,0.05911273496468764
ZENUSDT,64,744,1785542400000,1788217200000,Sample,1.0768324804883163,0.003589441601627721,44.43306885078064,0.05580835471878126,0.024366484755180946,1.065388905558698,50.806451612903224,47.043010752688176,1.3061723376155618,0.9111153978144257,1.3522410090196928,7.343919162757128,-9.803589569928882,8,6,52.75908479138627,0.004324898349270093,19719.542661290314,9252.005000000001,34951.437078379706,97231.10353634409,40619.4358,187949.69839861782,0.023221582836120025,0.9000622531651181,0.34011548260280794,2.695153458803037,0.6424793108112754,3.565540541095112,1.1834054686186413,4.9158890159143365,3.2275516722896627,10.609664060266711,8.485217036500941,15.59047778574667,0.8477531475585222,0.8719547693033147,0.9467851705609969,1.2959290184558008,1.2728229425163817,1.2897421753504046,0.20045180516054661,0.11979493137987408,0.08864151914003159,0.048408165504859726,0.044038499989598266,0.048257187739583624
CRCLBUSDT,412,744,1785542400000,1788217200000,OutOfSample,0.9445948222780676,0.0018891896445561351,54.12070084360805,0.06404193323279549,0.03314273333860655,0.9024861846746295,53.09139784946236,45.026881720430104,1.0715934980437252,0.7179960675141785,1.1373242579849203,4.7903503733486525,-4.852480276667022,12,7,47.51009421265142,0.06622758976480168,5543.384663978496,2338.77,9142.422317862474,431084.84391693556,173432.595,695848.0001787399,0.1614240855674457,0.8512706004163226,0.375977301481508,2.2123126371755726,0.710606324222014,3.0069640553104557,1.360645339133942,4.08181907204176,4.284846180792102,6.447992664440323,11.62830969862653,7.838309761800599,0.8036182593631896,0.8877201957889279,0.918365701124913,1.0774787778780035,1.10400984871865,1.1007290157361564,0.2429121192286498,0.14052868459407833,0.11626544939126084,0.056065083651593434,0.05846078436665375,0.07008914668004913
ATOMUSDT,29,744,1785542400000,1788217200000,Sample,0.928753739074089,0.011609421738426112,19.512195121951216,0.026788054197557188,0,0.6716360928361156,47.31182795698925,45.96774193548387,0.9211034223683414,0.7460156842904055,0.6720516068683429,4.581551618814903,-5.669199298655755,8,6,43.203230148048455,-0.044606309264064156,56927.53509408607,36649.985,64822.18205302727,83517.61021966401,52860.92571,98803.39272391306,0.06181097636109017,0.8375933372137992,0.15759323054425603,1.617521544985446,0.31485790363955585,2.2464943739250627,0.6458685630843509,3.1667355310740586,1.8915020099343134,5.3262656260830195,4.14842201498583,5.793235060910724,0.6123232300191717,0.6571905557854306,0.6841127993969308,0.9295059973758492,0.938689583488074,0.9419644638810989,0.20967268841693726,0.1328758587498157,0.07790712950767363,0.026797337753399993,0.027172514843520373,0.023323916550839287
ZROUSDT,258,744,1785542400000,1788217200000,OutOfSample,0.3595999999999995,0.017979999999999975,38.91891891891892,0.05332312304569563,0,1.2482405317729908,48.11827956989247,43.81720430107527,1.722288391220931,1.2734371633406203,1.548354704800574,10.849056603773583,-5.009276437847871,9,6,42.664872139973085,0.04346920515056488,206098.001895161,98643.005,423026.7108806816,213063.80288138424,82261.626235,498099.3991440316,0.29250061543525835,0.8064513089950784,0.3198073784822737,3.347592750707191,0.6353634906473449,4.341967180196329,1.323619650333248,6.169351908338549,4.738444100972641,11.746745253786328,13.443417507141056,20.502673084666352,1.0710809056231616,1.1300601053504529,1.1750704228815618,1.7307586753127644,1.7483852663072248,1.759451672151583,0.2011663536109442,0.1444420165714577,0.10999045790365614,0.05513327563202737,0.06643769310898831,0.08293635332534102
NEOUSDT,3,744,1785542400000,1788217200000,Sample,0.2854040668351565,0.00570808133670313,9.37834941050375,0.01945541562554811,0,0.6978044076622054,47.043010752688176,47.31182795698925,0.9201032613498852,0.6534168739170538,0.8440553770449527,3.43007915567282,-5.457746478873225,9,7,51.54777927321669,-0.12947356822635644,10537.31872311827,5534.02,19780.3081675664,21081.491369220403,10138.934605,41404.49698272944,0.03481258877643185,0.7895039213997729,0.08505596145778303,1.615192060402344,0.1756806760161298,2.330313966625102,0.3942409797990791,3.5677657747792,1.5909728655195163,8.21598749301367,5.2802339680585755,14.740833741459054,0.6192588030441422,0.6555035453701008,0.6896717802083071,0.9259330607898036,0.9424447397641428,0.9571573981966882,0.19786438724952554,0.13842078859089804,0.1320888669722217,0.016158284862629328,0.022707843869989794,0.03180641495059409
CRVUSDT,72,744,1785542400000,1788217200000,Sample,0.17980000000000174,0.017980000000000173,62.608277189605374,0.07095491756215022,0.04312347813156489,1.0699603034628309,50.67204301075269,47.715053763440864,1.4757589010489611,1.173422017129261,1.2036855697572053,6.736474694589892,-8.217993079584767,8,6,49.79811574697174,-0.0908980584550578,665780.8455645168,379003.9,1138643.4710414468,187441.0060766396,98648.34,348722.69209780544,0.16086718693612415,0.806134388371652,0.4105920601859269,2.5631052440321533,0.7798621903818812,3.6604346274483714,1.5559076342219138,5.44183627351788,5.056340924586704,11.762927316922292,14.156348865727217,16.265125915497478,0.9474864190241441,1.0032849987145618,1.1000007626182102,1.4809675331975358,1.5128235746262912,1.5994935153921623,0.21451815606756647,0.14312122153761084,0.1234863289743496,0.06370331734004037,0.06963837816491744,0.08510285824898799
QTUMUSDT,5,744,1785542400000,1788217200000,Sample,0.17980000000000085,0.017980000000000086,27.639751552795012,0.042173642438899706,0,0.6757274931262298,42.60752688172043,40.99462365591398,0.8906789152736405,0.6155740810913162,0.9239637881706694,4.430379746835447,-4.78781284004353,8,6,39.300134589502015,-0.0777382864261344,15206.98749999998,6056.450000000001,42470.452629889085,11482.64981922043,4362.336000000001,32584.485695602543,0.1500182470704683,0.7606585752398051,0.1979721983041649,1.7379183816319863,0.3974242887116206,2.3438674264267965,0.8296091799889395,3.4342094496951376,2.7767816804719345,7.2060907266736125,8.32872786057948,11.415205563564829,0.6042160602111954,0.6421906200221316,0.6837759375086663,0.8962653111206162,0.9126329585890612,0.9423057913229614,0.19347812028117736,0.11512102948918701,0.09912272079356688,0.034425767052008366,0.038503945612470614,0.049509623896233895
STXUSDT,44,744,1785542400000,1788217200000,Sample,0.17980000000000085,0.017980000000000086,82.49818445896881,0.08778217134382484,0,1.1869302095411682,47.8494623655914,46.236559139784944,1.5458982802990153,0.9491059865480236,1.4784161753192901,6.872136609745934,-5.290773939658942,8,8,46.837146702557206,-0.0213613592940232,398965.90161290276,155825.7,656887.7766865187,84969.73676266128,21852.688035,161299.06517795546,0.1438868668996575,0.8379455869339673,0.5391412353475867,3.1306531770338246,1.0856797990447575,4.579718341252016,2.231319572081141,7.312210614028688,8.09093732657327,20.950121797861847,26.756795123029875,43.730700931401,0.9450848737108746,0.9880627321992034,1.0543548971531647,1.5591615002511563,1.5739373513162551,1.5863573133354139,0.20742345196772108,0.1611318523362534,0.16013618815707645,0.09214713953720986,0.1110465669069766,0.16159995497409793
METUSDT,385,744,1785542400000,1788217200000,OutOfSample,0.17979999999999996,0.017979999999999996,9.715242881072017,0.026378048190465773,-0.04665379035112249,1.1580523081448413,46.10215053763441,50.134408602150536,1.5198501108955553,1.2174025253899663,1.2635187153360863,8.799999999999988,-5.904365904365901,7,7,46.29878869448183,-0.010811339071238345,193760.58440860215,87897.75,496925.68512288964,39126.62444439519,16249.822745,108315.78389703424,0.21928587927567772,0.6547752597783516,0.12576114103340205,2.9539025329366106,0.2577524000869094,4.134368726129999,0.49829160681470924,5.470663233429338,2.504094587009141,10.871953451997648,8.183240719749612,17.840671253360867,1.0254716834599125,1.0788989045631066,1.1503093380316134,1.5223921009769885,1.5393359129241837,1.5873482239355408,0.1985037697714106,0.11270419046854416,0.08186976548743952,0.02121030971849327,0.034801418692820135,0.05097130543300398
AVAXUSDT,89,744,1785542400000,1788217200000,OutOfSample,0.1227367528367156,0.00111578866215196,13.227927363807135,0.0189029762000592,0,0.6855981714217768,49.46236559139785,49.05913978494624,0.916739947251953,0.701803133828313,0.8710518799386784,4.252696456086284,-6.56633086539629,8,7,50.06729475100941,0.013105608016539004,87808.91439516131,51761.915,110710.02038107668,612938.2665971778,362010.551955,796885.192251315,-0.059286021577678226,0.8754588246175025,0.11117335831141699,1.675463605173333,0.22495569915270952,2.292808082715287,0.4855707772891332,3.277536566919213,1.479410235464335,6.161724393625076,3.8598508498246478,8.562869865146682,0.6145411907397941,0.6471715787145582,0.6799910099246211,0.9253670240886352,0.928211014103022,0.9434130053829705,0.2109899365905139,0.1101520770949103,0.07686677738473459,0.01987152089926841,0.020776856700142586,0.021640340810744764
APTUSDT,191,744,1785542400000,1788217200000,OutOfSample,0.05521301482701779,0.005521301482701779,-3.590664272890487,-0.00030730958282209904,0,0.7554117415239823,43.68279569892473,43.27956989247312,1.0893296201814173,0.8710801393728231,0.8872964496928264,3.505843071786314,-7.365439093484411,10,6,39.703903095558545,-0.0632634679521951,300564.4571102149,206306.09,370333.24769463396,174649.78992752684,115632.29543,229169.63427946024,-0.18859982932979422,0.8589517089706314,-0.029507711696411764,1.8313828373126182,-0.07119832987568936,2.5282630456003936,-0.1376655394418507,3.7832500928272976,-0.2655229609330066,7.629577830369395,-0.419190635285736,11.300559943636316,0.666132684380457,0.6931630080255698,0.7335176669346651,1.092606361702269,1.1032040388241446,1.1263644197801699,0.21413087922875565,0.15739791300114378,0.11229878748606782,-0.0062537159018796005,-0.003187132812064394,-0.0026985075641633815
ASTERUSDT,371,744,1785542400000,1788217200000,OutOfSample,0.026019923857868,0.0026019923857868,16.805324459234615,0.021734885012427884,0,0.7441011045186767,40.456989247311824,36.693548387096776,0.9215767015551376,0.5000000000000004,1.0652865360335164,5.15463917525772,-8.367071524966255,7,6,33.24360699865411,0.011868539457357278,445520.0608064515,177621.015,907060.9712961016,300504.82527091407,109906.356625,633235.3824256716,-0.23830942406904063,0.8730843545128129,0.1418684922081984,1.7249550184112203,0.2751684607395583,2.155466508166084,0.5521802562311353,3.1379548067287635,1.7122530843064518,4.747135553433289,4.661472082170171,6.655599016182229,0.5473719931484383,0.5884344109098469,0.6526628824697719,0.9316795998698314,0.9484504681717459,0.9750210868217051,0.14652813794238212,0.07711916760034063,0.059631749553471475,0.022773940530060256,0.023797013914648703,0.027329995751503473
ADAUSDT,6,744,1785542400000,1788217200000,Sample,0,0,17.041420118343197,0.022053597985065516,0,0.9136044552997692,47.31182795698925,48.924731182795696,1.2487625339718844,0.9764060418195406,1.0470877012327022,5.352480417754571,-8.425196850393702,6,6,50.74024226110363,-0.07805910801400702,5651557.692473116,3595226.55,7047027.130372086,1142379.0288535627,697748.701505,1544907.9177988074,-0.06027232810434384,0.9209088672478293,0.1495967355467174,2.1473688440332936,0.27789250210652483,2.9464648729357923,0.5308494788919579,4.4514662101745515,1.3653730793086134,9.388234361210342,3.4179019185335457,14.163774348677443,0.7882628522464284,0.82855888524128,0.8719162470691618,1.2543069264466609,1.2529725455967748,1.2534563407070851,0.19311010173262005,0.14583206864881712,0.11494572162626351,0.02179589368808044,0.018878001760039773,0.01975266111609989
IOTAUSDT,9,744,1785542400000,1788217200000,Sample,0,0,24.22360248447206,0.03931212432110593,0,0.8640943688204314,40.053763440860216,39.784946236559136,1.1475723305199752,0.8995522468576306,0.9248077220377299,4.956268221574344,-5.725971370143143,7,6,35.26244952893675,-0.0665141766632166,595802.6599462365,371459.5,820873.7946610636,22835.493028360233,13748.08035,33496.20428309546,0.04280559213204086,0.7575454868272558,0.2021447445697947,2.055473879054796,0.39214904959120006,2.908442244296196,0.8054758104852145,4.685966337925108,2.4763626864196673,10.692054254256217,7.7459274279222115,17.523191412929066,0.7690319412776593,0.8119380550088277,0.8560930429754519,1.1549668717838482,1.1573849646560181,1.1683090453318217,0.20567625401124584,0.13549873589634848,0.10745609771655233,0.033127742383607876,0.03483453030979986,0.04528743362754862
XLMUSDT,10,744,1785542400000,1788217200000,Sample,0,0,3.0813953488372237,0.0014520151602610818,0,0.7209050529858222,46.236559139784944,48.252688172043015,0.9600870136677574,0.7001935145087284,0.8899924505280175,3.237198351971751,-6.378132118451031,8,6,46.70255720053836,-0.03717058674300592,2888650.6559139783,1595353.5,4466079.879602688,525830.7306158603,272858.04480000003,895165.0783645995,-0.18862651168634653,0.9221046740345861,0.043889659612062336,1.7737464788448243,0.08304080691722843,2.4592466728306612,0.1719760834560954,3.7591350204383454,0.6575693124624133,8.223929410791953,3.089685445979424,12.327573632073078,0.6081085492795695,0.6413528699247795,0.6971421768350512,0.9687441080540982,0.9845549901775504,1.014560288895627,0.2006397250161648,0.12230805830178684,0.09953758727705767,0.007015986983618844,0.009065449007814384,0.017666084041326333
TRXUSDT,12,744,1785542400000,1788217200000,Sample,0,0,1.8371096142069776,0.0030668144549249403,0,0.16918687744955743,44.48924731182796,43.68279569892473,0.21365732445090035,0.17457086144650213,0.1674582695547576,0.8734939759036019,-1.086645696311131,8,9,36.74293405114401,0.010725244235265328,3631720.844220431,2527271.55,3677176.220244272,1218786.6919116531,847655.061575,1253360.8771142387,-0.04891732525229675,0.9275511067136376,0.016662647332537046,0.4231997226749354,0.03116774107376559,0.5635596791282423,0.07354354400150188,0.8170589082702906,0.3467650972601267,1.4174505842996319,0.9529987173856931,1.697112780661673,0.15369605669868044,0.16157924170209545,0.16489704300377409,0.21345810626285214,0.2147044701918618,0.21357958879661418,0.2131841045848415,0.14238359740411102,0.08290885953444789,0.002955881422267861,0.005105050677327763,0.00562864017346439
USDCUSDT,15,744,1785542400000,1788217200000,OutOfSample,0,0,-0.0609481940350709,-0.00015435377506583484,0,0.005004109424107382,44.623655913978496,45.69892473118279,0.008061903422870952,0.0069944743652529,0.005191732341014207,0.0249922524017416,-0.02498800575724487,6,8,45.49125168236878,0.0014955179707905524,79000209.27016129,58227141,64065601.558556005,79031793.15973021,58264109.045385,64076603.61300127,-0.05257726123241273,0.6519171875382085,-0.0005464482577321866,0.011763386514986474,-0.0010515903062004756,0.015024181112068944,-0.002113063275498875,0.01526587297968811,-0.008710002892793047,0.02377715011969897,-0.021802289697277957,0.03799812421275738,0.004611942105010538,0.00496672265869774,0.005136336440793243,0.008093211092734262,0.008230571976464162,0.008244472822453436,0.14511451578913445,0.06919828671982844,0.05240119179568641,-0.00008660576969427827,-0.00012328386115171262,-0.00013938533044750666
ZILUSDT,19,744,1785542400000,1788217200000,Sample,0,0,-2.59887005649716,0.01241080044207196,-0.01803101334294445,0.7034554758179066,47.043010752688176,50,1.037167323807226,0.8731810241451267,0.7475056561312656,2.6152787336544967,-3.752093802345048,8,7,49.12516823687753,-0.09156905841353279,4620932.903494624,2957459.5,7063408.569567935,11845.236123951865,7381.239128200001,18823.101406596925,-0.1296629188546339,0.653250683180684,-0.016882900343172635,1.7214420399036527,-0.028182946098736956,2.5010439767957013,-0.01939221647916669,3.5685310563808295,0.18575868235044957,7.299461580184545,1.4380916203710985,11.660254329404617,0.666540618622142,0.6956732763316428,0.7091732030795437,1.03298779819054,1.0359311874192092,1.0464742431445173,0.19672436822800438,0.12363288322409687,0.10104187941825266,-0.0005888366698406081,0.002814286435923205,0.008129439324608936
ZRXUSDT,20,744,1785542400000,1788217200000,Sample,0,0,19.298245614035103,0.03273999201790287,0,0.6951159695907109,44.354838709677416,43.54838709677419,0.8259103960540277,0.6184294263789796,0.7795907447772901,3.4021871202916123,-3.3235581622678403,9,6,40.5114401076716,-0.07931336395531646,56993.74731182796,30437,80256.61763014166,5130.619973521496,2589.29825,7587.561287502712,0.06395855948539242,0.7943780396858541,0.16032695055780155,1.6646173424242765,0.3267582814754118,2.322362984338356,0.7017948500543195,3.6316523181483005,2.481473332141147,8.495340961120183,6.965543532105909,13.73462534505891,0.62485675125177,0.6488367396458645,0.6798704585708814,0.8291779685782983,0.834315694338429,0.8435808894357218,0.188979272413627,0.12432861722108475,0.10824189623938452,0.029138759423134163,0.03528393224180527,0.04228603873947525
FETUSDT,21,744,1785542400000,1788217200000,OutOfSample,0,0,9.019886363636353,0.016273652287769485,0,0.9515549959446472,48.655913978494624,46.50537634408602,1.3388168296361391,1.0511497042377478,1.0919402192797527,6.86015831134564,-8.145294441386906,9,11,46.02960969044415,-0.06290126909835883,2599030.6091397833,1965788.9,2654543.96250348,385116.84312829276,276758.98454499996,426294.48665526137,-0.11324878712401937,0.8430768105001654,0.08978214339664142,2.3168143691594976,0.16924222098877448,3.339548259606774,0.3761531122718911,5.327255230537574,1.2485640275427674,11.016044838585465,4.646470139475817,17.123139406662542,0.834303938057915,0.8779030387079823,0.9227826955854128,1.3492349898452491,1.3620638010569812,1.3795868054123217,0.2228828037462263,0.14298550760554957,0.09962793547345297,0.015176483760418144,0.018371757334394338,0.025922179620181084
IOSTUSDT,24,744,1785542400000,1788217200000,OutOfSample,0,0,-5.065359477124187,-0.008965206406313278,0,0.6777897689147362,41.66666666666667,42.60752688172043,0.8841068839396975,0.6861063464837031,0.8435273177565477,3.785488958990526,-6.8554396423248924,8,7,41.184387617765815,-0.040496452263516794,14596402.936827958,7286333,37578315.090582855,8665.182215661293,4247.728679,23756.998798733966,-0.04170322729449081,0.7464867418291588,-0.0335446384243555,1.5357120888651516,-0.06507842612650923,2.0009679441395956,-0.11528544314864828,2.7782772782861453,-0.23388015980525786,4.840333084654846,-0.5635780807606978,6.7094034524560335,0.6138513743462685,0.6623381728382233,0.7177583346494459,0.8894460117440118,0.9027471798944371,0.9282414181529549,0.18057733426250838,0.10274223248516488,0.07527174852296577,-0.004768140924548215,-0.002689037790640719,-0.002706069331075151
CELRUSDT,25,744,1785542400000,1788217200000,Sample,0,0,45.88826114249844,0.05571694930308027,0,0.9314319112010178,47.446236559139784,49.596774193548384,1.4131916564186382,1.1910370154556087,0.8345169313266743,5.238299699441827,-4.088586030664384,8,6,51.95154777927322,-0.04096735257632906,7514119.124462363,5896082.1,5247949.176354897,15054.95467721361,11630.33234425,10559.053754888091,0.08667328165348223,0.6688983886594743,0.3367076356326047,2.287383401814314,0.6786814166425471,3.050413454507735,1.4045000918596398,3.750936309065241,4.440064803811413,5.445665842500011,11.050477684566543,6.836987134734733,0.8808807699233926,0.9176828589121658,0.9313507021861535,1.4259227138390616,1.4346049967437664,1.446946550699538,0.1952723431896382,0.11414234050709898,0.09116938092611664,0.05837110037976717,0.062458452974319345,0.06670518617636519
THETAUSDT,27,744,1785542400000,1788217200000,Sample,0,0,33.88756927949328,0.047633933309615684,0,0.7749160496008581,48.252688172043015,47.17741935483871,1.048048294663218,0.7826683061241277,0.9113455071541304,4.331140350877187,-3.5079051383399187,9,6,49.93270524899058,-0.03138586557071588,140653.85295698929,82127.3,185210.51299632958,22245.29769768817,12220.584179999998,30842.803331978208,0.15406143532402014,0.7352865230531367,0.25703318787952467,1.9453946201190417,0.5140389282304595,2.8313443962718865,1.0826471571690939,4.386437158711547,3.747814626587227,9.68625979810311,10.052638920602725,14.820497641835997,0.7110283204056028,0.7479212913450043,0.7864596928296336,1.0583114092538988,1.0756929419528167,1.1043868541086053,0.19861226061610546,0.14292615586530985,0.115528753838004,0.04471123190097787,0.05258132391267233,0.0603401098269868
ENJUSDT,28,744,1785542400000,1788217200000,Sample,0,0,-2.8152260111022898,0.004109967373750378,-0.03945552772799515,0.711884159666776,45.43010752688172,50.94086021505376,0.9705758980309952,0.7621133689321273,0.7816745187459144,4.302788844621505,-5.071967100753948,8,6,48.99057873485868,-0.10448620285813164,705580.4158602151,367297.4,1006440.3234503448,18152.318651802416,9231.98254,26260.912131375197,0.03739178187114082,0.695687208523198,-0.012230121265927043,1.6424070337498509,-0.025357700252739906,2.2245095935204757,-0.033731937727455745,3.1824984984580107,0.14347884668524438,5.755559205711651,1.2219181160384225,8.723173594526866,0.6429651540019139,0.6849940483083267,0.7061999963957708,0.9795782770997967,0.9908650028025955,0.9954744161717286,0.20268026503318773,0.1113587705084718,0.08289679006626545,-0.0016430260708017164,0.0027808808762007013,0.007748228927011224
TFUELUSDT,30,744,1785542400000,1788217200000,Sample,0,0,23.129251700680275,0.044684657688650604,0,0.6452501947330357,46.236559139784944,41.935483870967744,1.0364118392139305,0.8219178082191803,1.2097043944691086,2.6900584795321554,-3.551609322974482,10,5,38.76177658142665,-0.042195164493072014,608621.4032258064,312441.5,1260683.1372980012,5036.271917674726,2458.24656,11061.635993084277,-0.06700192472668173,0.8655357463117438,0.17830263113595732,1.4487725484430292,0.3399107211803143,1.886145279434291,0.6858710048932684,2.6549842434765187,2.450096400144921,5.508396592495931,6.509751236715393,9.064420189716275,0.6017324223221673,0.6216189944800666,0.6352713603948206,1.0416479800887697,1.0516760475584261,1.0577627539714487,0.17910456267579913,0.10828260318666219,0.09087406787457464,0.02810329754082188,0.034160260456674404,0.03997353983773094
ONEUSDT,31,744,1785542400000,1788217200000,Sample,0,0,-36.63934426229508,-0.041012574016678655,0,2.124667547564001,37.634408602150536,36.693548387096776,2.2525588026367283,1.600000000000004,2.9898033370810913,22.916666666666668,-23.93162393162394,8,5,32.5706594885599,-0.08649574404244606,55048586.94287636,16882204.55,189221271.93740243,45442.85172395349,13990.4543457,159416.1804721976,-0.2635762728494008,0.8913856591438984,-0.310841489926213,3.4445262610554286,-0.6073898329723765,5.058754739987468,-1.2256489714435026,6.953856833016136,-3.8352136956922993,12.454813423646728,-10.632080085906669,18.796068407557485,1.417584865442738,1.6496346756895017,2.015299828057886,2.284835814650007,2.358041831930365,2.5387711767204686,0.14532258550577593,0.07850140686718479,0.0707373708166394,-0.05116368546220102,-0.05343149153829173,-0.06178536765091916
ALGOUSDT,32,744,1785542400000,1788217200000,Sample,0,0,8.491761723700876,0.00971810421407541,0,0.736564318261082,46.37096774193548,41.263440860215056,1.0088199382397707,0.8505467800729032,0.761552755801325,3.5750766087844768,-7.190795781399814,8,5,41.4535666218035,-0.07016286437879568,889881.9919354839,578767,1005184.4888733494,77681.40610174733,49875.401,90910.27747896416,-0.1633561825769682,0.7947187953195339,0.07601272796497241,1.7497329028921176,0.14406120987644036,2.4291662395629627,0.2998048959507507,3.6662066366687047,0.6825839540791481,7.354189461079221,1.2502343339982678,10.967533538668285,0.6635162172281714,0.6961698238937214,0.7181345868332693,1.015845779133015,1.0188412773988471,1.002525228907666,0.2149479972655219,0.14073444230307464,0.11903331842757822,0.012150946920762124,0.011009017603067103,0.005573142623353142
DOGEUSDT,33,744,1785542400000,1788217200000,Sample,0,0,18.47561847561845,0.025912401453280432,0.014301040408117832,0.7196218227137344,51.20967741935484,46.774193548387096,0.8713913894767862,0.5620816210195116,0.9783807521773337,4.956501831501833,-6.781037458126084,7,6,53.29744279946165,-0.013716357400286101,24935397.43951613,13192109,37654367.52306085,2049389.6931652958,1003369.1731100001,3372363.2823843653,-0.09026270508477935,0.9386177968384216,0.15278721633751371,1.6512081861094274,0.30647962125738615,2.345989523770152,0.6337912001078579,3.5459246768674757,2.305464023346946,8.24277211967452,7.029237655169146,12.93898585121049,0.5599732525643291,0.5993883302350352,0.6695049837901139,0.8798124794487198,0.8909903417328324,0.9170989476603919,0.18520371531160013,0.11082627434054344,0.09447281289048501,0.02603625463501018,0.03226788326290316,0.04208205072779449
DUSKUSDT,34,744,1785542400000,1788217200000,Sample,0,0,17.565217391304323,0.003922813216404509,0,1.1450220418498052,44.48924731182796,49.32795698924731,1.5908725168561773,1.2858313986731793,1.1500387070158757,5.555555555555564,-8.747044917257671,10,7,48.04845222072679,-0.07963017922580343,325854.18951612903,209049,433302.55280469736,22445.17739247312,14507.68765,31212.60058209793,0.005453564254203465,0.7639538372282655,0.17030220781660416,2.7042978016899335,0.32608932088074355,3.7144555561950843,0.6362653036798898,4.959226879242901,1.7487437139344149,7.906537245420469,5.284429973072358,9.929896806938148,1.0642942832733224,1.1234126919103895,1.1917291847256821,1.5997067539088454,1.6126855340718977,1.668244353911525,0.19750931191992857,0.10282514671228274,0.06188430745361478,0.02601367184705537,0.02424097988433414,0.03068608760960861
ANKRUSDT,35,744,1785542400000,1788217200000,Sample,0,0,15.04424778761062,0.024440121122579036,0,0.6038158800844675,36.424731182795696,34.67741935483871,0.8367773955297655,0.589970501474915,1.1243881010435681,2.9850746268656576,-4.534606205250598,8,4,30.82099596231494,-0.15839430979591956,2131330.2298387107,904745.95,10566590.384127513,7895.782570772853,3302.087574,38123.89662275266,-0.043855695628812225,0.8788971586541607,0.12068273765669887,1.2855333968639981,0.2417947765946935,1.7508607711888788,0.521283962434859,2.5767230725940387,1.8702021906547548,5.694685655451687,5.12541696926311,9.215274255767921,0.5599482957649636,0.584901330540161,0.6143530094089511,0.8431207601707134,0.8494767621064467,0.8721154727768569,0.17779313187372986,0.11882847651694609,0.09959932273248445,0.021472166547552497,0.026267734697205898,0.03130395341018741
WINUSDT,36,744,1785542400000,1788217200000,Sample,0,0,14.295925661186581,0.01586801151795571,0.033412132232118856,0.7489924142229298,53.62903225806451,42.876344086021504,1.0269899913425151,0.8318349966733203,0.7958967197028601,4.688503532434178,-6.519742883379232,10,8,47.10632570659489,-0.1279288238958229,256652747.49865592,145566139.5,488519935.04198575,8048.525621453048,4599.22995238,15133.47097419301,-0.3377070778324983,0.8060966471445876,0.11765120785213957,1.7099578000182845,0.22576046243768408,2.3794889737067493,0.42426533904549424,3.3372628831391724,1.4025880240440647,5.473587082256787,3.9834666006537316,7.486650665423398,0.661731334619633,0.688084974679729,0.6586217553370028,1.0258028349801622,1.012868099462321,0.9841945739477589,0.21128408866681375,0.11738601461741982,0.08732179816447856,0.01788867956644306,0.020500146892490134,0.02342563285209722
MTLUSDT,37,744,1785542400000,1788217200000,Sample,0,0,12.796208530805675,0.02090598545187473,0,0.6506063251737274,30.913978494623656,27.419354838709676,0.9340246338880185,0.6942673682746476,2.2266199707866097,4.278074866310164,-4.048582995951421,7,4,22.207267833109018,-0.1015008481189722,22656.11545698924,6533.1,125089.68955066412,4868.663441801073,1376.037,26518.23562378806,0.009929355931360155,0.9447016938282894,0.10044374575385057,1.5010782904587945,0.2032777346261655,2.170287569422341,0.4690852307930503,3.4535809220942912,1.7218814893324856,8.004916523506502,4.688833515370451,13.170384481998095,0.6369589752684284,0.676013079125194,0.7268908570018362,0.9417942636377062,0.9475387345279679,0.9695928527224627,0.21658949436908873,0.14257921027310835,0.11126794315364569,0.019280629109114877,0.02450339522280961,0.029168398615665326
CVCUSDT,38,744,1785542400000,1788217200000,Sample,0,0,4.361702127659561,-0.00248677610040853,0,0.6566283714711254,45.564516129032256,48.655913978494624,0.8721622879516954,0.6724573237366809,0.7819962914375728,3.471074380165301,-4.202077431539196,9,7,47.10632570659489,-0.07038056783609074,316247.82123655913,146714.5,913536.281880054,5901.06506073925,2720.93368,16992.453082558368,0.03886884799674502,0.724091459635104,0.04953753644133426,1.5011828555244597,0.10294001760966924,2.1701934553229463,0.23113527809555395,3.3339322134770213,1.0474540333633202,6.772164475991907,3.1320978952702783,9.191762515681019,0.6113682195152248,0.637184419731718,0.6399286572411316,0.8775621228421443,0.87924452580403,0.867228067554683,0.23006845239446452,0.14510497212514173,0.09251412607055144,0.009703678554334532,0.014960797892510447,0.01995572525836305
CHZUSDT,39,744,1785542400000,1788217200000,Sample,0,0,2.6315789473684292,0.0066460995707968065,0,0.7042120003405516,45.96774193548387,46.10215053763441,0.9773968315359143,0.8003813364129042,0.7473177517079717,2.9476787030213654,-5.1923076923076925,8,5,45.356662180349936,-0.03171227934888831,3819333.63172043,2726259,4325434.889150942,50886.43013645166,35665.728950000004,60382.10813171373,-0.13656809140082785,0.7478301812275121,0.03422084657638054,1.714208234856778,0.06577951777018314,2.370091227677731,0.1712001042286575,3.360435798205265,0.8462035670678835,6.517943278329816,2.7776633764889085,9.257047768239161,0.6527931678415185,0.6836808994053564,0.7172112002597338,0.9847519940456114,0.9953167215801493,1.0110843134956422,0.19626422046437364,0.11174025385204218,0.08228171378024768,0.006511909469305112,0.012280307673882012,0.01688881636118952
BANDUSDT,40,744,1785542400000,1788217200000,Sample,0,0,18.618421052631582,0.027362268224323433,0,1.0098009861976238,46.50537634408602,48.924731182795696,1.1342960060255107,0.843257224123644,1.2602254703291929,7.230851633636842,-9.654827413706846,10,8,51.14401076716016,-0.21026988123026544,55947.1264784947,19045.75,219233.19117716773,9857.328428064518,3100.71168,42286.62906740531,0.15059363669789105,0.8230884595363516,0.14772788209871054,2.081433680044391,0.25396895159617333,2.7077533502265827,0.4707414947719851,3.7852684608357228,1.804530632148983,7.627832432526398,4.226898009462019,10.637020237162334,0.8463825183340139,0.8808861873042718,0.8936307701997988,1.1170697873169542,1.0708869989660796,1.0389945265300364,0.20046560161407415,0.1459265789171228,0.09538584454567164,0.019302415910019056,0.025736178050880857,0.02593249008583812
XTZUSDT,41,744,1785542400000,1788217200000,Sample,0,0,5.610724925521349,0.008033182539795045,0,0.6626376043550638,48.52150537634409,47.983870967741936,0.9474675740585747,0.7210977261054367,1.1834500741275278,2.801724137931025,-5.696202531645579,9,6,50.74024226110363,-0.08625771260391225,79938.21048387086,41228.75,164977.2981424602,17292.47785985214,8562.749500000002,36827.93053467536,-0.06144692201155259,0.8811089033140631,0.05468582987627344,1.5306545724479579,0.10556149120544274,2.0841690462434395,0.2320443386185109,2.890623708526531,0.9505501631495619,5.497659604991984,3.5211337247761065,8.574676631536832,0.6116706737925515,0.6418213359795415,0.6623557558305443,0.9590049535466262,0.9764431229659007,0.991982406408109,0.16913816592717137,0.09857862969831797,0.07388659487288504,0.00940288706920058,0.013707481359363175,0.021460853933557077
RVNUSDT,42,744,1785542400000,1788217200000,Sample,0,0,-18.904109589041095,-0.006959356847077784,0,1.3460912535818168,35.752688172043015,38.575268817204304,1.3596972846437063,1.0033444816053538,1.955626289945919,20.072992700729934,-16.857142857142865,7,6,30.955585464333783,-0.14518538947790935,7351413.188844082,2671126,21902271.59677385,22302.932467696228,8568.261163,65593.85127619308,-0.1941401683079978,0.9035065126698394,-0.12371716048482906,2.793652839617236,-0.2427821746395353,3.9231598626342,-0.4489933437240199,5.736019019736528,-1.2211409337404022,11.055789085244005,-2.1274409291381264,16.768873016853703,0.9554393523355914,1.1485340405671751,1.3620465678856912,1.3702452762416064,1.4063405187017688,1.4965613070803196,0.21177164859828299,0.14385850434908548,0.12322635442612898,-0.01881584874161561,-0.01685227663719745,-0.011998943171901633
HBARUSDT,43,744,1785542400000,1788217200000,Sample,0,0,6.278868360277157,0.011317573384939135,-0.006406970784210739,0.6512862739001307,47.983870967741936,50,0.7932142853468447,0.5926121255803712,0.7609833301987211,4.024169184290029,-8.107794168893019,6,6,48.18304172274562,-0.138157142088573,3789034.125,1814939.5,6259921.525735015,283482.35412971757,128399.6205,489217.4542510645,-0.21858823506964525,0.8555909565120056,0.05242870726463443,1.3346192454660366,0.10065068899631428,1.747657167265162,0.22374304401828862,2.5936745101459837,0.8824044727913944,5.531970432638427,3.4563831379651777,9.929993527371336,0.5248283971986155,0.56310025714733,0.6132847380599232,0.7943524187789487,0.8052102655629578,0.8220759680118553,0.19530774399661616,0.12193751874712921,0.10227443399141795,0.00905941853623467,0.01252718293552032,0.020179750433273264
KAVAUSDT,45,744,1785542400000,1788217200000,Sample,0,0,13.244873341375163,0.019667987484083688,0,0.49845358137005946,48.924731182795696,47.715053763440864,0.7372782698926142,0.5271258879679903,1.2053567096576592,2.3362445414847195,-4.623541887592777,7,6,54.643337819650064,-0.18116781385450664,579915.5944892465,269399.35,1233657.3666697196,24768.502217581972,11620.2200565,52227.507413231615,-0.06546895081809895,0.8125622203698097,0.1110399912236948,1.0024829879909363,0.21588250789972777,1.2796780321628107,0.4480800174185943,1.7963429098602333,1.431457116413718,2.9138705922100816,3.7900155384976415,4.649242965379319,0.44625058161094644,0.47371104112408974,0.4844257617423152,0.7347245260191646,0.7381435840729441,0.7395415911934549,0.1288196218913908,0.07520766758460223,0.06478997033272992,0.01843463074345324,0.01973567986322912,0.022580187055019102
ARPAUSDT,46,744,1785542400000,1788217200000,Sample,0,0,17.279411764705888,0.023697000257652926,0,0.6056642281779694,46.10215053763441,41.80107526881721,0.7661747479152822,0.5910165484633636,0.6679825606434634,3.5516093229744623,-5.15361744301288,5,6,41.184387617765815,-0.16578327863767706,1095228.831317204,588453.75,2280783.074523716,9881.078956766129,5298.910123,21267.140299253722,-0.1386796313877617,0.6418171925151085,0.13712826083081486,1.2931718386987814,0.26767122229848783,1.6505291445018804,0.5469119417042156,2.115052256250732,1.6895001124207099,3.4935646823518485,4.03249853341897,4.840813703994074,0.57718586449263,0.6027290102469073,0.63639804094857,0.7733735676225829,0.7720456183385703,0.7808719549284432,0.16085631666408423,0.09413180088519806,0.07030953499823983,0.022666789975264175,0.023519149717233772,0.02429357094168106
IOTXUSDT,47,744,1785542400000,1788217200000,Sample,0,0,29.054054054054035,0.07752188137056405,0,2.096059419752971,44.89247311827957,40.725806451612904,1.7059730267049946,1.1379495509870332,2.698222798375901,41.17647058823529,-13.178294573643413,10,6,39.300134589502015,-0.04068540794722482,9091996.168010753,2820915,37657773.896162175,27210.05683638436,7296.31244,138481.05628663074,0.4996800251285919,0.9142639714962165,0.29664931452606186,4.430101271906026,0.5668526668920874,5.837016960106773,1.19501759923701,8.16800303951786,3.3813229072825313,10.827401217074602,8.75503274833183,11.935436745518896,1.3333328412156722,1.5751849869789667,1.9139369852328727,1.7300848544024319,1.7710107519938711,1.8859584768148776,0.17579225557673833,0.09611440067340556,0.0600698797119967,0.049022594946031776,0.04671916158728319,0.05181001823777094
RLCUSDT,48,744,1785542400000,1788217200000,Sample,0,0,8.624376336421946,0.0219675635246648,0.03148822759535942,0.7806791111522815,50.134408602150536,47.8494623655914,1.0206741037779106,0.8293028953125734,0.7875315691112657,4.639940608760212,-4.922355698798706,9,8,50.87483176312247,-0.09484259045883839,29591.151344086058,17234.45,62546.32333983563,8553.410437486556,5018.878350000001,18576.99328930157,-0.027786191827724058,0.689021509571414,0.0886574215753489,1.8374976482006777,0.1969980250811169,2.5030499720999364,0.44599885639320697,3.132782565180761,1.819815905518313,4.719902884884877,4.975338509157262,6.466077234652948,0.7349542336333397,0.7734568299413999,0.8059817698989789,1.0193263737636877,1.0185848484488906,1.0242334544417382,0.1908322625380174,0.09722138630145218,0.06567191970466359,0.018791183766100006,0.02623178312893039,0.031182321894007745
EURUSDT,51,744,1785542400000,1788217200000,Sample,0,0,0.7106950944704371,0.0013383458724271302,0,0.1307019971878091,41.12903225806452,41.53225806451613,0.08070018592693563,0.05132153538939098,0.27594982400925344,1.018175698418041,-3.052614162806101,7,9,36.0699865410498,0.11851968494738774,411292.19704301126,237295,720278.3865332882,478264.4950018146,274294.47549999994,836432.688257254,-0.10508814836114096,0.28049603458233924,0.005961622389568595,0.2742324158855244,0.01156477566886515,0.35308663133549,0.020984013103301145,0.429800210658044,0.049913057179629954,0.5495572618218739,0.21199422496532977,0.8462325845364589,0.059892812499513184,0.08007726743862607,0.1061279582254725,0.08202766122423998,0.08463673432102094,0.08810033861303775,0.25128933877052767,0.15616662355991826,0.10305139553218944,0.0008747538214325216,0.0006171035184012042,0.0012142872018206894
OGNUSDT,52,744,1785542400000,1788217200000,Sample,0,0,22.503328894806927,0.03940253120999497,0,0.7358648558025782,49.193548387096776,47.043010752688176,1.055069142532268,0.757577754059557,1.1551545522286617,4.256631708821714,-4.954034729315621,7,5,50.47106325706595,-0.07474391778127096,1586836.564516129,682078.5,4836504.790038519,26829.382039139793,11118.41575,80869.0143510829,0.11570479188684094,0.8421750565967351,0.1749963966870509,1.6204547506190803,0.33796872771118647,2.125944218798964,0.648572567558023,2.7639628728711596,2.1955229975724238,4.452393317700047,5.2879700410625965,6.110716497850105,0.6616823367438143,0.6940116303991983,0.7197007278272175,1.0530543943880855,1.0472308609298857,1.0428889373645318,0.17158074276837582,0.09327280756393977,0.07072450703567892,0.02671187526485827,0.030766696769916804,0.03215540929452527
LSKUSDT,53,744,1785542400000,1788217200000,Sample,0,0,38.79781420765027,0.07835595634167944,0.10515816850076379,1.5164669906229187,50.806451612903224,41.53225806451613,1.4885992759869267,0.9597523219814235,2.1870876707717777,18.395061728395056,-18.76267748478701,6,7,43.741588156123825,-0.016743117159558358,185356.0771505376,57170.55,628601.0016173404,16519.45372670699,4703.135955,59834.49003672177,0.12935373447463056,0.905676449541733,0.31253594747661045,2.9922757298192852,0.6063356311328937,3.506030732885523,1.2464295383957986,4.29559323682009,3.890520302574606,5.002919681262772,9.270945882153704,7.4066082232452315,1.072289528388868,1.2484742679099492,1.4627996359043482,1.509884226849514,1.5480334041499397,1.5610516854501846,0.18256678663941253,0.09857850221232949,0.07795633662328338,0.050914222351351505,0.05424411766155511,0.05600858001800696
MBLUSDT,55,744,1785542400000,1788217200000,Sample,0,0,-1.0574018126888296,-0.0017161886590434908,0,0.9545575851845688,39.784946236559136,43.95161290322581,1.1013645997287944,0.7704160246533065,1.5494370473279513,10.518053375196233,-7.1428571428571495,6,5,36.87752355316285,-0.16566569968920952,25200573.89650538,15667259.5,52332899.93036167,16255.415025026876,9794.174519,35537.05008021679,0.15736720600843965,0.9448496319466702,-0.00386518102108493,1.6192736731518853,-0.0235801988297634,2.1117430974306126,-0.02596789547775637,3.028492251170754,0.11010505920498369,5.7603325415226765,0.8740210116273149,8.550264995601214,0.6845454012070604,0.7894328754760874,0.9031799002507687,1.0930935195143272,1.0885009508244472,1.1077090942252121,0.17389794373499426,0.10442787843010755,0.09069753651286444,-0.0012024541552419206,0.0016890883004589134,0.005415954335245219
COTIUSDT,56,744,1785542400000,1788217200000,Sample,0,0,-18.7037037037037,-0.0016708508480299375,-0.16434397450439564,2.8365606198362228,42.74193548387097,54.704301075268816,3.37652352757633,2.410875004843591,3.4877086066447363,37.28155339805825,-13.095238095238104,10,12,49.52893674293405,-0.07785812948902854,14689779.40188172,7825646.5,21466641.33156229,185953.44914966394,93406.06448,286998.28017969936,0.42201708275839006,0.9185256666282533,-0.023271035989061214,5.8109869498761695,-0.0064078433013431335,7.5676677465174915,-0.05785260375468778,9.339186796951552,0.5167775535443843,12.18901464858435,-0.5369179405703322,16.674645782872542,2.2412946814423513,2.576246946067344,2.845047187927466,3.3601998013484757,3.376404900472817,3.358911519375622,0.18914046197518164,0.09218993621136928,0.05938769817306443,-0.0030211585509411776,0.006291043541537607,-0.001982391022567578
CTSIUSDT,58,744,1785542400000,1788217200000,Sample,0,0,16.18198874296437,0.036401248622079385,0,1.5437368381341208,47.17741935483871,49.73118279569893,1.527659934062886,0.9177974326576248,2.1548061713427806,21.06360792492179,-6.278669724770655,6,8,50.06729475100941,0.1577384958594221,1171999.2392473118,275265.5,3976730.0102538993,34342.0809920027,6920.203005,133717.6489393138,0.29421241343126203,0.8696030903165111,0.22552067860559394,5.084932445894829,0.47391469927298874,7.677952847042123,0.9288953012481943,9.9600101687368,2.451436523843006,12.129515380936093,3.554958071608065,11.252039093909078,1.076661617517211,1.2822190766872967,1.3975079786027649,1.5553163120546212,1.6115045404346036,1.6677410326509903,0.17682793452654974,0.09265113864326853,0.05676642093508902,0.039535916133863695,0.034096849660916334,0.024839023897023017
HIVEUSDT,59,744,1785542400000,1788217200000,Sample,0,0,1.6431924882629012,0.01710675676789046,0,0.6148448435129373,40.053763440860216,36.55913978494624,0.8006950304207029,0.6976744186046551,0.6538391473238293,3.846153846153856,-4.255319148936175,7,5,32.97442799461642,-0.13371161157487807,179974.7258064516,103246.5,330279.2313488091,7560.887104838711,4212.5761999999995,14291.359294397447,-0.0801486710572786,0.7849192025360707,0.0188020208238464,1.317999962039683,0.02628914591014802,1.817370368657521,0.0631011781784434,2.5941861001115654,0.2891742166343975,5.107785003606559,0.9851020117735259,6.9384951361012925,0.5620321660845138,0.5957056518439968,0.6268069235839523,0.8035963888503244,0.8110423442382593,0.8200869559791605,0.1724680486013925,0.09959124269909034,0.07637382947718616,0.0022112790655403657,0.00401193446234836,0.0062189672362397705
CHRUSDT,60,744,1785542400000,1788217200000,Sample,0,0,17.133956386292827,0.04417430387343031,0,0.7767804142637791,47.446236559139784,46.37096774193548,1.134088130658222,0.8580600649768522,0.8983360890457947,4.506295559973493,-4.066543438077639,8,6,44.414535666218036,0.016744781228948912,608067.6303763441,346642.5,832052.5390965977,8790.645949099457,4714.17512,12665.5108437718,-0.03187017965482459,0.7487545826989103,0.13043346459249625,1.8774315497751273,0.25325765778466214,2.673886680937953,0.5833247644753845,3.8740982724573505,1.8360966517571293,6.207612687610085,4.870755824234895,8.181347896782544,0.7418518631938257,0.7683654420928984,0.7938494009431254,1.135065853758774,1.138216784094672,1.1552235197161875,0.21810967997996009,0.1164767630541904,0.07776423501369134,0.023584553765462007,0.02640638334407678,0.029452744987775854
KNCUSDT,61,744,1785542400000,1788217200000,Sample,0,0,9.990393852065328,0.014559510420028425,0,0.5699642320547764,46.63978494623656,40.18817204301075,0.6761537440357824,0.490196078431373,0.680418939395822,2.4875621890547284,-4.057279236276855,7,5,41.049798115746974,-0.14143070837639882,52834.705107526905,25167,126375.93248197451,5959.485031612902,2689.837805,15379.24233287058,-0.05135383638083025,0.7250479963896626,0.08216028586628743,1.4028598838486672,0.1690041546129136,2.034750143214878,0.35706040848753756,2.916315656692061,1.5289164034159985,5.056733611506313,3.7556493235931194,7.3084025003901925,0.512067433229893,0.531981104514958,0.5351070707692414,0.6812361627342426,0.6772506495042507,0.654812213579013,0.2035839507390234,0.11340095429151179,0.08577116666721599,0.014801783485249314,0.021361815372114217,0.022965813955620463
SCUSDT,63,744,1785542400000,1788217200000,Sample,0,0,17.058823529411747,0.05167914145211054,0,1.9126823867718585,41.39784946236559,38.03763440860215,1.3629634075398873,0.8040209126243382,3.1839681196734064,42.553191489361694,-8.618331053351575,7,6,32.43606998654105,-0.16632693307030602,29417544.961021505,5952361,127056820.89022323,19243.320918224457,3082.9347465,93463.77699255012,0.357420920534577,0.9152379109858182,0.1848933450489602,3.269393281536055,0.34845657117661455,3.6478269345983123,0.7229196212625371,5.48989282243708,2.8236231699040824,12.60614635042582,8.721821008569258,20.247981591671966,0.9439544461210568,1.160318955010901,1.5524080019040525,1.3788026511977143,1.4074010055162076,1.474155931068405,0.19277733052954452,0.130833264901289,0.11322165638845198,0.029523114469186523,0.0390849743198391,0.05324553913803059
SNXUSDT,65,744,1785542400000,1788217200000,Sample,0,0,-2.7699530516431925,-0.006641569176650102,0,0.7202280857946473,36.155913978494624,39.6505376344086,1.073378932738165,0.9435985851080211,0.7891557379503015,4.105839416058385,-5.403257846642819,7,6,33.78196500672948,-0.04069493178267566,113568.46088709673,68281.75,148056.7691037881,24718.29904893815,14321.976900000001,33295.16122408973,-0.0752512062693026,0.7731560884252148,-0.012867942011761009,1.705063200448683,-0.04485975217379011,2.323600014061523,-0.07633094088680226,3.48870215263418,-0.0542126189424104,6.7013885642114515,1.1355753555770898,10.222045839237246,0.688096721308437,0.7116824529050195,0.7378182753529969,1.0752721180723803,1.0732636338935413,1.0861540322011196,0.1689775250194881,0.10590920909202882,0.08971265729016292,-0.0040688194520366525,-0.00028162065288073093,0.006506552772901768
VTHOUSDT,66,744,1785542400000,1788217200000,Sample,0,0,19.701492537313435,0.027582769924620495,0,0.6720657189512377,38.17204301075269,34.40860215053764,0.895506714712944,0.6259796238244497,0.754199723818712,3.836317135549868,-4.292929292929288,6,6,28.398384925975773,0.01683408927590904,20090599.02688172,8092061.5,37757792.55444715,7512.833459900537,2780.117808,14931.287974507017,-0.012807820719210038,0.7902676194635109,0.148746840030133,1.6006697752104597,0.29136508877404743,2.189713427774268,0.6433364530340394,3.2616818849876155,2.263896847644495,6.246236529567134,5.675322197769973,9.974816537850952,0.5962791919824011,0.6223501447557089,0.624868020067462,0.8958900448323804,0.8990806646627736,0.8797848063718215,0.21662482041315828,0.14026811122354044,0.11658843123166254,0.026325133738358753,0.03230354784952091,0.03511501595481125
MANAUSDT,69,744,1785542400000,1788217200000,Sample,0,0,8.814589665653493,0.006214816154232521,0,0.6434761614519552,43.54838709677419,43.01075268817204,0.8482708848318975,0.6680029700920306,0.7176108807446892,4.7554347826087,-5.925925925925924,7,7,40.915208613728126,-0.13470864319225648,166363.55913978495,90271,319911.47498359915,11884.25262405915,6092.5244999999995,24214.41434410814,-0.011405917532363124,0.8024094690072828,0.06966141791095122,1.4312499473804738,0.1421904482059229,1.9834487035908002,0.29886153248202363,2.950595090478627,1.2161128795607237,5.761870899520312,3.4387234140298664,8.805411817639694,0.5697539206459977,0.5882276578478549,0.6161642337010904,0.8502451530264052,0.843838697723021,0.8443422169752022,0.1721332074065973,0.09594150162123538,0.0849668489715437,0.012153373298978412,0.017756840491484936,0.02055018312322872
DOTUSDT,75,744,1785542400000,1788217200000,OutOfSample,0,0,10.817941952506583,0.015143116274783904,0,0.6799563670363699,45.16129032258064,43.68279569892473,0.9653733408112496,0.776197935494237,0.724449183671949,2.765957446808513,-5.299313052011771,8,6,40.242261103633915,0.008509716375795437,227741.06958333362,156559.015,283897.6119762674,192143.05282353514,129262.517955,259079.62437752154,-0.17891174788766392,0.8526629150057141,0.0902885943843354,1.749448306081805,0.17065812803534194,2.3859760110194927,0.3135747155028212,3.617211001154809,0.8855020676359201,7.389206369472602,2.0003797769074607,10.674937223226896,0.6080228809660455,0.6314576179529778,0.6568141175188205,0.9690625940602974,0.9707535766807606,0.9751784532438441,0.22228509991193476,0.13710454339190714,0.10572974682810214,0.013015252050344366,0.012646267130161707,0.010388302029685886
FILUSDT,93,744,1785542400000,1788217200000,OutOfSample,0,0,-4.532102391942927,-0.0035307596939530166,0.029135436788788684,0.7804149627188842,52.82258064516129,45.83333333333333,1.0479962901569524,0.7914401439426992,0.9574634985325883,3.596127247579533,-7.429977733505204,8,7,50.20188425302826,0.05518761412204133,337842.1242338713,186063.64500000002,507515.66862477135,240815.54774559799,129944.804966,372498.35968335444,-0.21596687698493583,0.7947658848190009,-0.026991166443788787,1.9371843315547472,-0.06718990590747376,2.6362728017335546,-0.1087594005657677,3.8717344733859718,-0.29486703188805563,7.574182090687431,-0.07192207802972338,9.357255463685318,0.6860581297039889,0.7350916706726032,0.7894867455685334,1.053234570039743,1.0679992980194901,1.0964411432141754,0.20280752160568408,0.11784581051323183,0.08272802405180815,-0.004927599611584492,-0.0036037280605556348,-0.0017077126036302087
ICPUSDT,126,744,1785542400000,1788217200000,OutOfSample,0,0,15.480769230769242,0.02229837041285125,0,0.7607134764049023,49.05913978494624,46.90860215053764,1.06203468638269,0.8571430515063616,0.9272121691586908,3.6506469500924092,-8.444940476190489,7,8,49.66352624495289,-0.11592100092623168,82984.96010752684,53067.29,104100.65289100222,192374.18418381724,122821.74646,248586.40855636084,-0.09937088373173235,0.8503148838937543,0.13240088834767963,1.672449613788838,0.26404981370432357,2.2783627092408443,0.5502819982056023,3.098259622983317,1.8399295629487664,4.218542168571134,4.535904670695105,4.299293301874982,0.6754238624729406,0.7184737621243119,0.7795341792370465,1.0725080808638288,1.0861504546920797,1.1241280538172767,0.18559023337993258,0.08884155685980363,0.061505308004044384,0.02273083555087016,0.026175797758548346,0.026610929723809733
MINAUSDT,137,744,1785542400000,1788217200000,OutOfSample,0,0,63.658536585365866,0.07186330389002113,0,1.017698004455183,40.86021505376344,39.247311827956985,1.2191926109967082,0.7585347142309209,1.3484861608675565,5.772811918063326,-8.40197693574959,6,5,33.51278600269179,-0.17892092533449794,557719.0544354838,206982.65,1456635.5373365486,30894.50821618278,8601.44672,85927.09665295709,0.014836694857421654,0.8451605342041105,0.41973301055232376,2.145540051303625,0.8114083601548061,3.0315478723776628,1.6268474486108955,4.561350815513208,5.442657429959923,10.411413081764941,15.123646676989798,20.558743697852965,0.8273455050327397,0.8848937076219722,0.9110018871911824,1.2216289414573398,1.2335455129524127,1.2277707629134733,0.17733357940039035,0.11696597172584208,0.11847201341988578,0.06686598970485444,0.07536892168197487,0.09050049872313921
RAYUSDT,138,744,1785542400000,1788217200000,OutOfSample,0,0,31.849768365320983,0.041487210498110313,0.028410022507412393,0.8022357666864911,51.075268817204304,47.31182795698925,1.0005540693075565,0.7147434040927749,0.921526204753696,7.127964555642439,-5.302064746367572,6,7,50.33647375504711,0.011261090149164321,42606.98131720427,21874.55,72730.25260518464,31177.63405509406,14827.24224,57455.36841585021,0.09531867966454634,0.8110189208211784,0.24416666231995937,1.8767385747542433,0.4763577111377307,2.423236164552286,0.9358303339913425,3.245904033765148,3.008027557432451,5.881717427246817,8.368053888843509,9.941891172358797,0.6837398114950173,0.7074096276606028,0.7383596227499973,1.0036184775865558,1.0096760977981185,1.0126327279387721,0.16484105144618558,0.10126449896849758,0.09113955752654194,0.03885211643410603,0.04160096993725815,0.049887544070177536
ARBUSDT,205,744,1785542400000,1788217200000,OutOfSample,0,0,39.54081632653062,0.05105929721683149,0,0.9159641314188354,47.446236559139784,43.54838709677419,1.1649094893437781,0.8980148711855136,0.9834254360274126,7.297605473204108,-7.38688827331486,10,8,41.722745625841185,0.05700920318913031,2453169.406451613,1475876.2000000002,3989805.244433477,218033.6495515994,122059.467285,396077.1223131699,0.097563362236102,0.8034661100489869,0.24740728113305308,2.5249485180028275,0.3667146287933218,3.2965043181872895,0.5596595432761311,4.459225850942877,1.474173785796167,9.651284430578077,4.676042392236247,15.713220432921169,0.7484009468059624,0.7780748468511502,0.820121757297617,1.142230890440525,1.1435843866885846,1.1660036581043762,0.20131844343250702,0.1434160039452767,0.10764805548204368,0.021340891789849648,0.01845985180318555,0.025661808282802512
SUIUSDT,208,744,1785542400000,1788217200000,OutOfSample,0,0,6.3176367358876995,0.010945103713505534,0.0145804514168118,0.8451434450370633,51.075268817204304,48.252688172043015,1.0578139654482746,0.7235891378358905,1.087031988807756,5.9724170172977935,-9.921560313758746,9,6,54.37415881561238,-0.10950258004097764,1818951.7139784952,846263.25,2499710.6362730786,1383223.0245497995,581671.9665099999,2031145.4461736314,-0.19971074402180936,0.9189414469280744,0.06576832861061557,1.9114354906321473,0.12695769183714106,2.6665144224925603,0.2679907785220523,3.9978648219144297,1.0173153828216768,7.960654774103135,3.332129386951103,10.700517235166211,0.6735730063289677,0.7167224659188485,0.786198006410824,1.066716985112908,1.0785415545377786,1.1057555603659097,0.1905352947298708,0.11105896702489233,0.07453190455234147,0.010886589116150586,0.014460678443943723,0.019183989896323316
PEPEUSDT,209,744,1785542400000,1788217200000,OutOfSample,0,0,27.24014336917562,-0.01651128636438622,0,0.9788781604509105,33.87096774193548,43.54838709677419,1.4973942200391286,1.1183607104144113,1.2049590053919725,7.38255033557047,-6.077348066298343,8,7,32.16689098250337,-0.04707931012875417,325529328319.4382,152589352510,463724580611.63983,1151174.8716604516,448429.258884,1813407.422571157,0.07817211171458385,0.9307890396603448,0.22921663309114343,2.373241650568296,0.4711301690822638,3.592468829466857,0.973206276618903,6.0389904385094315,3.4840975701384775,15.169092805826988,10.777542047007882,24.772805019065537,0.8274939739041207,0.8574818639390194,0.9253716754905553,1.5054844810796788,1.5126713494273474,1.5486592778082187,0.19698572476070797,0.1460538266543533,0.12775263876970389,0.040903627397955014,0.048501707535773805,0.06452526559097903
WLDUSDT,215,744,1785542400000,1788217200000,OutOfSample,0,0,21.518987341772156,0.03072077641279925,0,1.089299979196807,48.79032258064516,49.46236559139785,1.5978716319459203,1.3528394231258511,1.187578969876379,6.790266512166858,-9.524842699067042,7,7,52.35531628532974,-0.05789895373967908,1964415.3268817198,1476942.65,2263660.5692358785,713392.1059406854,517354.77657,909551.1318528154,-0.16838450205509614,0.8897382033387312,0.17818804150489817,2.61952927487858,0.33064263542141903,3.528675453686662,0.6891874538733112,4.946393987090172,2.1706559775053367,7.9062178248342665,6.754143835506678,8.779909889782907,0.9941713790482859,1.0555075952494133,1.1073698943295847,1.6093719325543474,1.6307095813268109,1.6662809867719048,0.1947723208941617,0.1046367195430334,0.06359674217390558,0.027834740179050604,0.030585680853717972,0.03886941100579548
FDUSDUSDT,216,744,1785542400000,1788217200000,OutOfSample,0,0,0.050095180843601206,-0.0016418027289343885,0,0.013824348742800462,24.462365591397848,38.306451612903224,0.021402943981482157,0.02002603384399499,0.017935544890974903,0.09016229212582769,-0.10009008107296576,4,6,20.995962314939433,-0.13957107922162618,766603.9126344086,329018.5,1279103.6068447896,765535.2742397849,328393.36485,1277696.450751074,0.2027757355444981,0.8259161394625091,0.0002876510411415978,0.02292435815395565,0.000784133262407712,0.028861730600724,0.002066077896605197,0.03759269695899971,0.006643220132028951,0.0447837770431709,0.021365991427323348,0.050162572589371554,0.011945451445458192,0.012493751436221365,0.013062789443974335,0.021431646546791618,0.021653090235397673,0.02178131582169952,0.1229847525281501,0.04583141368982197,0.02734086020387579,0.0000896547793196801,0.00009472468725719714,0.00013025311567541403
BLURUSDT,225,744,1785542400000,1788217200000,OutOfSample,0,0,8.402777777777782,0.02548430727778171,0,0.7621501190282556,47.31182795698925,46.10215053763441,0.9889303416467492,0.7816383441830193,0.8552181774438012,4.299754299754295,-4.819976771196289,6,5,48.18304172274562,-0.10247028748119354,751816.212096774,412761.85,1718030.3110350466,11131.610304434147,5942.2483185,25614.754714161638,0.03497942655119645,0.6449241662017233,0.08510061394116442,1.7557699110680802,0.1797019422547425,2.361240902993742,0.4134381028756554,3.3419736265441276,1.7142147206778802,6.912119064830264,5.423256067208686,11.598740508669456,0.6999149083642505,0.7241816647708793,0.7512432561223982,0.9957258352654303,0.9954052754742708,1.001872050980616,0.1626787994856991,0.09727382947053696,0.08227194580156856,0.017157411818631632,0.023876489987508093,0.03302670211733937
JUPUSDT,234,744,1785542400000,1788217200000,OutOfSample,0,0,16.69274908711529,0.020458987926412823,0,0.9342164929621752,46.774193548387096,48.79032258064516,1.2107141348462123,0.88634210587121,1.0373581657494266,5.073494547178751,-6.919642857142863,12,8,47.64468371467026,-0.04710109256436631,415461.11720430106,284744.44999999995,469471.9678519671,83616.62009826608,54070.602705,101813.37087341677,-0.008378877049473085,0.8066353621877267,0.1332605306385165,2.2248468185752035,0.23340596726108884,3.095872383060237,0.4023786867645721,4.148142843279175,1.4394677565473601,7.918680054684503,5.198993504267152,13.85146664080796,0.7947839362975944,0.8278913825136957,0.8525382827494302,1.2118005765843418,1.2196460991222995,1.2110851417574664,0.19214147655838193,0.12281167681507207,0.11423111350234454,0.016486442404482004,0.019070637554663573,0.031671175765945955
ETHFIUSDT,246,744,1785542400000,1788217200000,OutOfSample,0,0,36.86246072032875,0.051342688021218275,0,1.2050941158652209,49.46236559139785,49.32795698924731,1.6550328645799695,1.3064543316877857,1.2276718636968575,7.873268829444124,-7.006878899376091,8,11,49.79811574697174,-0.005622972397495909,353881.0010752688,228593.25,380772.6249861786,178196.0772015188,106719.4715,213908.88129070617,0.06558506993654735,0.8465166321948249,0.2955415796792686,2.8430085265574783,0.5641422076806325,3.7734572445246335,1.16044504739768,5.377792011712005,3.783328397791877,10.393368776186763,12.812661229607468,15.605445276178138,1.0920876701982074,1.1509846383701638,1.2207944007092422,1.6685881543710157,1.69400900787577,1.7430255264277712,0.19547319111365724,0.1374022721161349,0.10531564896469703,0.04773628379550611,0.052716754598789176,0.07578527142447429
ENAUSDT,247,744,1785542400000,1788217200000,OutOfSample,0,0,86.40897755610972,0.09459396475242855,0,1.390622959483596,47.17741935483871,46.774193548387096,1.8607544785268364,1.404216562024653,1.5780631550825575,9.307737056428165,-10.058541777541246,16,7,45.8950201884253,0.014561596961045541,10505279.088306436,5171575.83,17143274.406251356,1434561.6752062154,509857.39777000004,2689484.6702169306,0.07043329608179126,0.8416875247841659,0.5664364693811363,3.5688611891096844,1.148108016399629,5.282360630680007,2.4422682767848323,9.102034772490436,8.423153561941021,22.60581115942271,21.850938391304428,36.5286670761736,1.1372497758265325,1.1988715455479984,1.216344689036589,1.877141785199689,1.883776425632388,1.8482662996954433,0.22281822680266758,0.15102824761084319,0.13058633459195396,0.10063761333661027,0.11811917039534961,0.13363074937390915
SAGAUSDT,250,744,1785542400000,1788217200000,OutOfSample,0,0,21.422797089733226,0.04639900136474725,0,1.6017511594633709,48.252688172043015,49.05913978494624,1.710268967184422,1.283476495123747,1.8303338050584763,20.322043309272605,-19.3354868481772,7,7,51.41318977119784,-0.15590217128810457,4838621.672983869,2468215.8,11078483.711204242,73070.05468424458,35183.549327500004,197253.30978358263,-0.041254658956767006,0.8793506415152801,0.2027967998183328,3.2463680700398205,0.409036968844879,4.749723471217203,0.8337324260386914,6.359157608330298,2.2228294509905435,8.014393979308263,4.5731973862220725,11.81553882603485,1.1892381028817893,1.3328367822449867,1.5684689792858768,1.7311669330526798,1.7503290682267267,1.8168832356573856,0.19060539384695904,0.09940158575260608,0.07120316468105677,0.03513308147663578,0.03094771892714625,0.027623300824137782
REZUSDT,252,744,1785542400000,1788217200000,OutOfSample,0,0,12.035603715170273,0.021413380575998904,0,0.8791831397735683,49.32795698924731,48.38709677419355,1.1993726001513425,0.9588064217671333,0.9584854343557108,4.340731070496093,-8.559373116335154,7,5,51.81695827725438,-0.09340042037530805,5931259.285215052,3072909.15,11535964.116748927,16980.55641973442,8442.543770200002,33333.47689904997,-0.04440918502360615,0.7137662195331447,0.11055576067293643,1.9685787186076171,0.22181014155496584,2.6234193063697413,0.45153783551406845,3.5364233493018564,1.3373940158772741,6.498178282072292,4.633259990143002,8.064756361977006,0.7869586141302319,0.8230671421426417,0.8884393935374589,1.2100254850670875,1.2073367447314882,1.2286170537425087,0.18838359844493976,0.11222296794998353,0.07300810313324195,0.01888877173143935,0.018264945739090918,0.02769345824626451
POLUSDT,264,744,1785542400000,1788217200000,OutOfSample,0,0,26.691834451901553,0.03785869219078033,0.026592287932425032,1.0023471101269021,52.1505376344086,46.236559139784944,1.2280251371360074,0.7597473213573822,1.3720107458767414,6.065193258653751,-4.883584096831141,10,8,48.85598923283984,-0.011652489896990938,2926104.400403224,1562067.15,4259828.211292256,281780.15101147036,131044.42511400001,448125.56526091555,0.12431127411256326,0.8516571041488973,0.22337928755202227,2.656312123866995,0.44222400895094655,4.007097002014585,0.9868210676371055,5.94204832609362,4.005122345295525,11.237668263016348,12.865946383776613,19.014771775938772,0.7658302995463665,0.8356081797509024,0.8884479465908085,1.2309154584670199,1.2438511890908885,1.272423213956303,0.2163200954510905,0.16206556499964156,0.1196667847368171,0.03994423793377301,0.05641265003628559,0.07716255238017972
THEUSDT,280,744,1785542400000,1788217200000,OutOfSample,0,0,34.80769230769229,0.044255593711903025,0,1.2734652468547305,46.10215053763441,43.95161290322581,1.5953616285784173,1.1513157894736885,1.665814704671032,10.781250000000005,-7.196401799100448,8,5,44.414535666218036,-0.10426919177816336,484524.713306452,155483.1,1276207.9056638326,31602.147269314515,9590.617914999999,87848.66278858321,0.1734541839907954,0.879911357045107,0.275291090780454,2.5923600034416414,0.5613727903039983,3.445092772363485,1.1308959211597174,4.890395875123441,3.5953548378113105,8.518087240301721,9.654486110590451,10.295398078422508,1.0438138323054773,1.1322074052792614,1.2910309387328907,1.6032363665955054,1.6405776948445,1.7434713798898112,0.15747093483914465,0.10532993649988918,0.07575714952971484,0.04737932394179089,0.0503604408765783,0.05723725368851958
PENGUUSDT,287,744,1785542400000,1788217200000,OutOfSample,0,0,43.64922671931555,0.056088111475744815,0.013254320113888428,1.0590586670103377,50.134408602150536,48.52150537634409,1.4493378810705344,1.0759590699329966,1.304640686530063,5.967078189300413,-6.057007125890726,9,6,50.47106325706595,-0.017039048229410103,50666125.90860215,27684234,68471243.40651643,409084.2833539858,193853.65727,619977.3048073347,0.05766607603283282,0.8772823310931609,0.3334692769581824,2.7148686074640387,0.6828720034484418,3.881996604190931,1.414735259216023,5.670150249088079,4.912737860050042,12.378860177402693,15.103194798298453,22.876739585920088,0.9231791004360198,0.9747263262226311,1.0441265445018562,1.462706999071829,1.4861143072444154,1.525426420339826,0.19968456663585255,0.1335047209765287,0.10963868100921982,0.0590549362581462,0.0682182357806046,0.09031515788062323
TUTUSDT,312,744,1785542400000,1788217200000,OutOfSample,0,0,87.75510204081634,0.20507443978358322,-0.06843368985017421,4.908623075110727,48.924731182795696,50.67204301075269,6.9606060693926475,4.998040846261356,6.813526190354108,23.8215355510011,-17.922360624017415,13,12,49.25975773889636,-0.062381715020820086,26820247.971774194,17614056,27540874.530626696,1642226.3594317334,716917.680625,2955152.2458668523,0.09196504825863366,0.8097211110893233,1.335423247422962,13.068127042436965,3.077353561184539,22.057050231422316,8.045252537599533,43.09642813282665,39.048089204774385,129.68837957888238,94.73429293905612,230.83585338171218,4.309316796451218,4.774732398782431,5.291256228846869,7.094211187394789,7.386093188261927,7.911569152427567,0.2739744718729323,0.190142549847798,0.12043172196510077,0.32242605569713456,0.5801501216636876,0.5950940839283896
ONDOUSDT,317,744,1785542400000,1788217200000,OutOfSample,0,0,-11.279159189951294,-0.012614054067400193,0,0.8127616470332335,48.79032258064516,49.32795698924731,1.1928078493639789,0.9632100381999033,0.9976966276277814,3.6575875486381326,-7.839433293978751,12,6,49.25975773889636,-0.02317637706631282,1276756.1577956988,831105.55,1511565.1595686304,465852.68302216445,293814.55585999996,579898.1253558182,-0.18629207291129637,0.8888361050070982,-0.07775896755132922,1.945239361343534,-0.15371640046240953,2.671839811104911,-0.29601337676596556,3.74994558006103,-0.7523080415713206,5.728552609827834,-0.46125562644518214,9.599661448438209,0.7272503186296242,0.7577715606470553,0.7928781866635572,1.2008525873882478,1.2098833729763552,1.2250972544698213,0.19662715856152202,0.10206043910692313,0.08929294196693181,-0.012507060706885996,-0.010335729079288827,-0.0033698361360033706
USD1USDT,332,744,1785542400000,1788217200000,OutOfSample,0,0,-0.022999080036800734,0.000014941915264686269,0,0.005572022315045486,44.48924731182796,43.27956989247312,0.009628946296428808,0.00800048002880973,0.006356545116291852,0.025007502250672446,-0.020003400578096072,8,9,39.83849259757739,-0.05755076707104287,6809122.162634409,4569777,8197071.423555526,6808761.392676707,4570371.796770001,8195362.499219531,0.05054440115128039,0.5564824842650135,-0.00017148422442686025,0.011156792492516663,-0.00020798233345769012,0.014564628125027007,-0.0004680241452303175,0.01725053455564983,-0.002341450208001864,0.022519223716303757,-0.011320133162346709,0.0273043286464248,0.005195284852460816,0.0054212461654303615,0.005427864040625281,0.00964665878172423,0.009736382413700072,0.009655741193922936,0.15431397758919527,0.07245292156390283,0.04241420634808818,-0.00001705642394018395,-0.000032850876550648796,-0.00006609375025596443
SOPHUSDT,335,744,1785542400000,1788217200000,OutOfSample,0,0,0.749999999999984,0.009093119407176792,0,0.9349871156861187,39.784946236559136,41.66666666666667,1.2691983292914628,1.0000000000000027,1.2887020460952154,5.0561797752809,-5.365853658536588,6,9,34.99327052489905,0.001261464911217949,4729602.758064516,1713644,13060567.756074658,17873.94456452958,6346.950385,50928.83479249341,-0.0510087467955788,0.8859595766625782,0.02630767115625009,2.21617079672979,0.040176991927026354,2.9012363870381237,0.10677469900842479,3.96846560176614,0.2946051101347993,6.800807675056837,-0.26029099037357395,7.360272524331901,0.8460664046520006,0.8973641271215995,0.9534473953818209,1.2758244119843283,1.280068054085329,1.297377215620314,0.1999262995383822,0.11992252359982397,0.05419522167493954,0.004182413469016689,0.004818108627851225,-0.0015780924013165092
SAHARAUSDT,340,744,1785542400000,1788217200000,OutOfSample,0,0,8.087291399229791,0.026839497101379818,0,0.8322592217001592,46.90860215053764,44.48924731182796,1.1680853949816767,0.9638554216867495,0.9235492983187193,3.536585365853641,-7.5451647183847035,7,10,46.433378196500676,-0.10991773279821443,4336587.418010753,2940978,6201485.30398841,35593.40734889789,24064.893395,52381.56447806028,-0.11512094084192845,0.8425818448879936,0.07888420310514363,1.9269625282992138,0.13980279197159534,2.5731717951282755,0.2981696112461368,3.5803283641406014,0.9033729193265891,6.428486790013754,1.1896463545870488,7.7695463755741825,0.7791321764133449,0.7989139566092863,0.8093678247225012,1.1688830765627771,1.1610171546794767,1.1437576143779373,0.17887771689845128,0.11328498454393847,0.07195490040962246,0.012101561660975093,0.012440244672323419,0.007626791567710039
WLFIUSDT,351,744,1785542400000,1788217200000,OutOfSample,0,0,4.744525547445244,0.005480418083208131,0,0.8120859711293863,40.053763440860216,40.59139784946236,1.1281268678636542,0.8620689655172421,1.2025188829841007,5.648854961832053,-8.658008658008667,7,5,36.47375504710632,-0.06805048056332579,5016641.917069892,2623718.2,12569953.754618123,295538.1205092205,150594.85822,792642.9856795361,-0.2180773217223786,0.9139942657093599,0.0597801213500966,1.5765725714704828,0.11632403180627134,1.938287414325876,0.21866822114864873,2.5341638274797127,0.6017939443180318,4.499319650103629,2.3686273226748717,6.968822150861483,0.6961892917994553,0.7560139499852243,0.8162161133081001,1.1426772250713682,1.1637653733693432,1.199917426986127,0.1576521391684045,0.10743322918830939,0.07370650711115773,0.009388969164222116,0.007690238564085227,0.013524481185336192
HOLOUSDT,356,744,1785542400000,1788217200000,OutOfSample,0,0,-4.041916167664661,0.010668421046657163,0,1.5434066366474093,45.026881720430104,46.774193548387096,1.8479527548488126,1.3856886840757778,1.7376689392631808,16.034271725826198,-9.497206703910607,8,8,43.337819650067296,-0.019168917979821745,1260040.9353494619,499668.8,2951151.373193934,91972.99804282251,32282.4582,249492.71619543975,-0.03357969621894562,0.8454726742281778,0.03718628764315762,3.8433626290317084,0.04984361563247475,5.283495317006168,0.12818874672902827,6.939296981649974,0.45854677609672057,10.724402155036135,0.8057941564809847,15.034900734693412,1.252326274473216,1.4002382280984682,1.588396852126618,1.8559045473958156,1.8922418281045954,1.9778179904395432,0.21197496339401348,0.10829850441088128,0.06531728816457945,0.0048225527357577186,0.007044767917239464,0.004908281475309483
PUMPUSDT,357,744,1785542400000,1788217200000,OutOfSample,0,0,112.45229007633588,0.11291410156331905,0.03467426807417724,1.491924004423826,50.403225806451616,48.52150537634409,2.386421927335863,2.033209315144008,1.4887356754756071,7.019589552238807,-4.792468977321357,7,8,51.81695827725438,-0.07832292394384277,308387153.2311828,227447872,284155295.36738104,1161627.1766738761,702556.6415735,1323996.1293128128,0.0949976833728904,0.8462269484216506,0.6396712330141875,3.3404815024732772,1.262249343390248,4.705532679177671,2.6481283077403783,7.342300659251697,9.665513652122758,16.0107942810344,26.281073749537192,26.114477370099824,1.4007053665701088,1.4518131149457434,1.491367964849203,2.4000962948702007,2.4273064685850976,2.4657832198631575,0.20739201557343623,0.12306796183473853,0.112459685396659,0.10873950886030866,0.13598610300971933,0.15832003317448834
XPLUSDT,364,744,1785542400000,1788217200000,OutOfSample,0,0,14.24098025867937,0.023512292650061776,0.03917731476152398,1.12431716255586,51.88172043010753,47.58064516129033,1.583614156907068,1.219130506461561,1.321831588191264,8.745720510426386,-9.958081043316259,8,8,47.7792732166891,-0.03829282411002892,17208720.65416667,3182851.3499999996,79490053.26250164,1480207.1229909412,268892.173302,6930581.976319626,0.09072313404123662,0.20435087685657782,0.13552705566161002,2.769556322697638,0.2593639278171971,3.777637142768989,0.5928015178786747,5.5040761465018155,1.797728145291787,9.77218679194362,5.095119921164354,13.973319499218112,0.9704344232733255,1.0269275910800737,1.0829800931160949,1.588891987992439,1.6025779894288732,1.6288858975638076,0.19835433506696698,0.1032275165178453,0.06838556947046315,0.024582121499262387,0.025785902079753186,0.028578943875400765
UUSDT,391,744,1785542400000,1788217200000,OutOfSample,0,0,-0.079952028782726,-0.0005373078365726447,0,0.007997073477913338,23.521505376344088,28.225806451612907,0.015106964458240795,0.010005002501260631,0.006577605366318125,0.020016012810245995,-0.020010005002510153,4,5,12.78600269179004,0.024844604748148688,922025.9610215054,628199.5,948294.0941542507,921980.7969961008,628106.08165,948163.068920999,-0.08254298719197732,0.6289143875140694,-0.0006766641086047507,0.01206611514462754,-0.0013375890305117322,0.01440365766630898,-0.002664949096085118,0.017329586215983205,-0.010456353371745422,0.026065564960444997,-0.024069933547133993,0.03910004933601969,0.007848476629337662,0.007861009203425976,0.007848002132015261,0.01513353871799414,0.015180329719099177,0.015379771492723055,0.09981612344293378,0.05501455433712164,0.04071087789473664,-0.00010805169261285769,-0.00014589839502233062,-0.00015111333458486668
RLUSDUSDT,394,744,1785542400000,1788217200000,OutOfSample,0,0,-0.04995004995004271,-0.00021447520002728225,0,0.009222263824190413,26.747311827956988,29.03225806451613,0.01736629769617482,0.019978024173429226,0.007453673882665059,0.0299970002999667,-0.039964032370861824,4,4,18.977119784656796,-0.09218269772251797,2416648.0416666665,1099144,3264757.297028875,2418199.550656453,1099968.0611999999,3266692.9321156186,-0.011429784734167546,0.47238258045265147,-0.0006487554379124126,0.015329857149069271,-0.0012540990382579698,0.01889172789283238,-0.002551998341232419,0.018033869751852914,-0.007565066868064203,0.02602059807969845,-0.01952527166353208,0.04110470246554952,0.00922443156389467,0.009452592003464825,0.00942958721422691,0.017414410006186768,0.01759914843972083,0.017563796413812394,0.09125433076656084,0.043768388885325825,0.03240170712414354,-0.00010638960727746772,-0.00010275613418906008,-0.00011878276028621977
CHIPUSDT,406,744,1785542400000,1788217200000,OutOfSample,0,0,53.13362238864803,0.0799768608303717,0.03341745859808461,1.7333078181228312,50.403225806451616,48.52150537634409,2.2831962565708355,1.6874927294582902,1.9921437427167694,7.96921549155908,-10.745381184964966,9,7,50.06729475100941,-0.08781409558630375,5150612.676075269,2424699.5,8574297.760688895,163407.4216770699,68559.849,286191.9836325347,0.002710752831395282,0.7813467186493901,0.4077887027888265,3.7084729337286344,0.8131943255881829,4.808170110981161,1.6968223203175088,6.908668991596418,5.775438786575038,11.88547232303473,13.945541590088272,16.68301045272121,1.5412646339995284,1.646473083893442,1.6965271165132854,2.313039849719397,2.3548854078890744,2.3655172858646387,0.17616584915221975,0.09807158813698094,0.08299490218625373,0.07043642757137146,0.0803332545133863,0.08737085625658561
AEROUSDT,449,744,1785542400000,1788217200000,OutOfSample,0,0,12.619047619047619,0.0233558613643152,-0.022954293741198076,0.8487500914111094,47.715053763440864,51.075268817204304,1.0695798749448204,0.8532175315484327,0.8819279535070612,6.028157842554032,-5.380186619019259,9,8,50.20188425302826,-0.07780770631828254,155706.57970430094,91652.8,219884.3696817416,73240.2916155645,40185.437955,112354.60968875885,0.1802625030809546,0.806628595789318,0.12288362074129539,2.009725907184895,0.25508757988196895,2.9113306767626836,0.5859058919240768,4.590963701859745,2.2725130667940774,7.455012630368259,6.450217675985142,11.36687762473695,0.7357389591642419,0.7773312848335975,0.8134830495130976,1.0755973603653215,1.0818628776699026,1.0846464784273675,0.20955627570337362,0.13786186617909418,0.09610190122866635,0.023867599671079133,0.033157572684550954,0.039245998648549635
BNBUSDT,2,744,1785542400000,1788217200000,OutOfSample,-0.017129862467172297,-0.00003172196753180055,17.45001783560667,0.02223171838834826,0.005884600725504226,0.4014733472796108,50.94086021505376,48.924731182795696,0.5125417886464911,0.38471856489471634,0.43895672020990617,3.5088993824918235,-3.5921285051887795,9,9,49.12516823687753,-0.029943334845650055,5420.480005376347,3632.3095,6276.623296053122,3520551.6343183513,2264955.877405,4270483.65036988,0.06405013163497188,0.8777833577591512,0.1334874706745027,0.9318806507071364,0.271977036788231,1.2605562229834164,0.5756643355862668,1.892757334168848,1.8827475677193226,3.9651079234689024,5.187456201430964,6.056322158391541,0.3349837892875657,0.3555251164757753,0.382870633368624,0.5149449470911198,0.5197339350625821,0.5285415100268518,0.21479359044379645,0.12377792705536277,0.11026088115097957,0.02389093659233722,0.026577173557389668,0.030788258575061307
NEARUSDT,92,744,1785542400000,1788217200000,OutOfSample,-0.060666223090151794,-0.002022207436338393,15.713425647200484,0.024963053187898588,0,0.8595307392456882,49.193548387096776,45.96774193548387,1.2280917397109,0.99812889748164,1.0040223955396383,3.844071467244177,-7.6127819548872235,11,7,44.68371467025572,-0.09807597151684831,546278.5170698931,365842.65,701963.0782766624,989730.3525979838,629067.9246,1374835.4444752487,-0.18774873883448456,0.9033736072492851,0.12009404663846861,1.998626532678164,0.22956653621850903,2.6994864183558933,0.4333592680514688,3.7759799369608134,1.1190791736782206,6.34885620390541,3.3615169555183697,9.699737309065405,0.7548311380685345,0.7849550019338898,0.8355334536922386,1.2298648561346117,1.234395399049299,1.263878977836165,0.20428020702673438,0.09299871562729851,0.06669392458356557,0.01778036778790238,0.015872774231471005,0.017892660940383075
XRPUSDT,7,744,1785542400000,1788217200000,Sample,-0.08529875666074481,-0.008529875666074481,29.790236101965938,0.03885255282269858,0.009608467172378876,0.8886747265896677,50.403225806451616,48.38709677419355,0.9757141308283568,0.5881491417842016,1.2094107102615346,6.4977554591797855,-8.106807794082274,9,7,50.6056527590848,-0.06116530800468945,5289681.226344084,2530895.05,7951498.790877461,6984726.418944767,2847120.2221700004,11657745.744729685,0.003547402943425601,0.9514420915659579,0.23514887992037678,2.1135467532627437,0.4699503067551215,3.0537630894818104,0.9701451638838504,5.003339967972303,3.4594351274483834,12.848644092203187,10.546476060071782,21.32268422883164,0.6344541987732367,0.6882707227758285,0.7938177485060303,0.9881196807817579,1.007369742015674,1.0469561364822046,0.19847467230135266,0.13111207523277774,0.1334330313468644,0.04001845328157512,0.04828241091468184,0.06261262884697111
TRUMPUSDT,294,744,1785542400000,1788217200000,OutOfSample,-0.15924542743538672,-0.0017693936381709635,70.00700770847934,0.08335477056336815,0,1.848721197181259,47.17741935483871,47.446236559139784,1.9390432076316204,1.0193681095380183,2.6365229573594777,24.08925318761384,-7.771260997067456,7,7,45.76043068640646,0.2986910158041047,587051.9464475813,138327.8785,1290466.3470381156,1404401.030994581,205019.938662,3663038.7457609605,0.20726564583281026,0.9375649400213011,0.5802113627161555,5.954509683203617,1.1210131181790093,7.887654937123682,2.1955325295921493,10.597843081518896,7.880823521992048,20.410819621827223,20.35131055635281,31.46997004775945,1.2152603707329728,1.3766426095941167,1.5580825426682756,1.961851218125042,1.994553464629221,1.9946276651106936,0.19315542161424717,0.12365191020099389,0.10137044235199365,0.090771540651881,0.10764048185364927,0.12427373348288613
NVDABUSDT,413,744,1785542400000,1788217200000,OutOfSample,-0.38973517562196713,-0.0005489227825661509,10.592603743288675,0.01479218625803934,0.013800255101107491,0.3818386859233724,53.2258064516129,45.295698924731184,0.4041131626477673,0.2575285670566625,0.4611226592554232,3.927062063725728,-2.5355252159375907,7,8,50.6056527590848,-0.07118358281251676,355.166178763441,143.04250000000002,715.5731678025169,77195.79785108865,31200.141765000004,155221.5268711407,0.23773051973721998,0.8244404190432284,0.08431789413637125,0.9073331509559883,0.16660216250450438,1.308075824573586,0.33368940699738125,1.99596754864587,0.9700768388565217,3.617759401515238,1.2263577270186705,4.793986995004991,0.3123978030068747,0.355335343830925,0.34770230217228776,0.40647141823541866,0.4163520571450867,0.39750012610729357,0.2620797044362972,0.17916171205412018,0.10295885548287717,0.013867204869010547,0.013831646528396828,0.008414421778948923
PAXGUSDT,78,744,1785542400000,1788217200000,OutOfSample,-0.4454246266268,-0.000627358629051831,9.998418401893971,0.013052415132235066,0.0030567357533494233,0.21842455139588177,51.47849462365591,48.11827956989247,0.27797086608715244,0.23624555466406508,0.23621936942117083,1.5414448093994897,-1.1614457725953873,9,7,49.25975773889636,0.05224413014428884,133.13118521505368,81.7923,172.07844899569892,587784.6592017751,360232.53797049995,762039.7183628045,0.055966981138675466,0.6798328942807397,0.07844853815090573,0.5825660996060413,0.15552428003144442,0.8514664608813184,0.31715016597137546,1.259079524263734,1.0466618885535182,2.406470255690201,2.774781111925281,3.4918600888181617,0.1918769975822806,0.21595880587156582,0.22091747964544445,0.2813987576248801,0.289762841941229,0.2895902397307479,0.23703805459978058,0.17715341113269673,0.1424689913481708,0.013192107814617106,0.01446815275164053,0.017128458159063224
UNIUSDT,87,744,1785542400000,1788217200000,OutOfSample,-0.6445915026535254,-0.004297276684356836,21.561338289962826,0.02917375381376429,0.03082614056719759,1.0065917303719387,52.41935483870967,46.10215053763441,1.4417707479048198,1.209382856951372,1.0114663097074252,5.011441647597261,-6.739032112166441,8,7,50.74024226110363,-0.0020213865805673273,217402.46669354825,138099.71,261584.5232799857,904249.4081563444,550347.0189200001,1118082.3554791587,-0.11898043611561451,0.8236952340608642,0.1947495897022522,2.4600949417325566,0.4138115861505038,3.512660352685039,0.8670010463180253,5.120056997829225,2.3493996201602685,9.946225272881582,5.523110422084226,18.154691616194164,0.9065006409686361,0.9448833955655935,0.9803254436415614,1.4413875033880172,1.4264679145630557,1.4164328600808538,0.22406190559857894,0.15007862308727102,0.13056021762646944,0.0363196394968084,0.033402981948344956,0.032616941845040895
GRAMUSDT,427,744,1785542400000,1788217200000,OutOfSample,-0.7951502031049242,-0.015903004062098484,-1.4214641080312784,-0.002060884018561403,0,0.69932185809038,45.43010752688172,46.774193548387096,0.8777677667383041,0.6637171751231151,0.8057963574354972,6.559877955758969,-7.284299858557283,6,7,46.837146702557206,-0.20722498202005415,212519.6156048387,134437.89,313839.39639311604,297165.2153893951,182884.23345999996,443463.5788052476,0.12373041878005533,0.8860483270972095,0.0009556621696560491,1.3633087927214071,-0.019108752580123116,1.7502524192927584,-0.06770790885318845,2.3905196710265932,-0.26292638165348087,4.1881790601453295,0.2913665228536748,6.273043074370689,0.5637434246664556,0.6305620549435086,0.6243759653757566,0.8670417920983835,0.8784220689113914,0.8749797496592551,0.1884293107286776,0.0973408632133428,0.0706299403436017,-0.003143747843990242,-0.003896818630852042,0.0005343373145610674
XAUTUSDT,404,744,1785542400000,1788217200000,OutOfSample,-0.8260042193576344,-0.0010197582955032522,9.976881989238006,0.013041649556293139,0.002233667397665226,0.21362109816362052,52.016129032258064,47.31182795698925,0.26574788013669665,0.22573572051353497,0.23344087428905438,1.514086932561815,-1.162151928931443,8,8,51.41318977119784,0.04576696349278671,215.74927204301054,122.51275,277.75497759737885,944943.4656256036,538235.151208,1220637.4148189672,0.07824217750592094,0.6900871501342499,0.07803201976035658,0.5664199038690736,0.1547058665159539,0.8320483832571187,0.31532036325960594,1.2372610894127896,1.0540721004770406,2.391170027912873,2.8023740462600792,3.4586693936594384,0.18724395961439452,0.2108705377570924,0.2154426839150992,0.2691106878864547,0.2773925965013182,0.27738358917021266,0.22632544288590908,0.18202840996968084,0.14633915162317213,0.013118413351688986,0.014578182130115013,0.017330435571782234
SPCXBUSDT,416,744,1785542400000,1788217200000,OutOfSample,-1.058746592083142,-0.0015802187941539433,32.316061220726546,0.040885950595688746,-0.003423719528893079,0.8341330395200738,48.79032258064516,50,0.8722953121695359,0.507763701092405,1.1018688877562826,5.872698729841601,-6.701603938383356,7,8,51.00942126514132,0.07541335391093718,8356.742830645158,2718.4905,18147.18593996404,1067140.5568924875,351148.238175,2236309.4414283466,0.14412923227580898,0.8382520092331263,0.24357728869415535,1.9932736541812828,0.483392019588267,2.8157477536363023,0.9671108112672038,4.220406251171319,2.9728571604747476,6.742530160827329,6.99476806672242,11.169375063572241,0.6937800038822692,0.7964375799480669,0.8092360283508495,0.8860479844438709,0.9265272926167454,0.9186698830709981,0.21561080962116858,0.1308144341965331,0.10251711452258477,0.03997737448982585,0.04183617454918398,0.042112707655848014
TAOUSDT,251,744,1785542400000,1788217200000,OutOfSample,-1.3859942816413302,-0.0028285597584516943,18.518518518518512,0.02700747157646736,0.04867641379571504,0.7902861137351732,50.53763440860215,46.37096774193548,1.1616641420408937,0.9100101112234638,0.8931366741896272,6.173380035026267,-5.865695792880259,10,9,48.99057873485868,0.018132692048871645,3068.1193900537614,1882.9222,3592.9570931575363,676673.8453186833,383207.45531,844500.3953821859,0.008927609720278404,0.8756325422333184,0.14399828572810774,1.871213264077073,0.2866314729605886,2.6433394854735033,0.6156536991817999,3.788928367239377,2.251652383279731,5.838131784720691,6.459560378293435,8.744505767562776,0.7005919210813252,0.7450484970056905,0.7846351797708446,1.1675659429917093,1.1837799081272418,1.1967440486626977,0.20280507586333857,0.10264624547762366,0.07717789816604315,0.025455877775549987,0.03169858623672283,0.03968421765244857
QQQBUSDT,426,744,1785542400000,1788217200000,OutOfSample,-1.790808112335525,-0.002984680187225875,4.469151633491664,0.003710452868045289,0.00416160028240733,0.16223675390110656,51.88172043010753,47.58064516129033,0.21072034181702762,0.16787528190509632,0.16158146639219154,0.9963293130571615,-0.7534626038781239,9,8,48.99057873485868,-0.07217651194654362,196.63409408602115,118.518,249.13289014594676,140536.27072897844,85069.89339000001,177592.36822599525,-0.01966950564788648,0.47362586880412333,0.03552585719732894,0.3891919526525485,0.06963031402666706,0.5656780693887156,0.14408241059993104,0.8647679662226382,0.4149320502115992,1.6207232025524565,0.434063073738456,2.26806409867623,0.14733741315988796,0.1605322024888045,0.16156843738074875,0.21271049444569157,0.2150922593527143,0.21179052407569285,0.23468687547020686,0.14700411336039793,0.10082900559646973,0.005980940956249687,0.005948034571970305,0.002546287620196609
BCHUSDT,49,744,1785542400000,1788217200000,Sample,-2.1195238795901137,-0.002077964587833445,18.220946915351497,0.026580967659038494,0,0.7407914506719524,48.924731182795696,45.295698924731184,0.8955516677854475,0.6044670183801992,0.9241811957717933,5.079764903442495,-5.576083305340936,7,7,45.08748317631225,0.11012849484519031,1616.3753279569898,519.2864999999999,3993.84449220365,394311.23129811796,114886.94245,942389.4956633856,0.014968263590424724,0.6403614932749817,0.15371352710526223,2.170866991039232,0.317260303384983,3.434866710031815,0.6871060686823461,5.622894948553263,2.219546777700873,11.065143739095598,6.952443296732891,16.743180225344272,0.5766214059186927,0.6225115638286303,0.6889520822496176,0.9011713589946435,0.9112187591335743,0.9331292771100318,0.1840650853643854,0.13275501900787,0.12205501960008555,0.02874585844166328,0.03136505680686357,0.041252160288158805
SNDKBUSDT,414,744,1785542400000,1788217200000,OutOfSample,-2.7366554408728145,-0.0035540979751594996,27.481569246972093,0.039278151543369826,0.0018576006439009873,1.0941014940661278,50.134408602150536,49.865591397849464,1.2855872506860362,0.9124738390457223,1.3517110464176647,9.20365581746558,-7.123557984213715,6,8,51.00942126514132,-0.028706623793108788,1038.168062768817,358.0852,1977.5047888947192,1480289.2211931874,524439.0841975,2745810.8092842028,0.0973401871720295,0.8249727910453502,0.22512250051799376,2.600071333819774,0.430725697645446,3.629446453877467,0.8434362484531912,5.361492026926176,2.5297420006117766,10.244583689491744,5.911089824358148,17.20928558179324,0.8938918545486244,1.0330220215892798,1.078764614057429,1.2873088179839964,1.3136896099648334,1.2877822133001822,0.24070638689962912,0.17247058793081177,0.12944931168508012,0.034898414309275455,0.03508912383039433,0.03274210805485504
ETCUSDT,13,744,1785542400000,1788217200000,Sample,-2.914877561018076,-0.010051301934545091,9.473684210526322,0.007936569062352215,0,0.6777903558366742,42.204301075268816,42.473118279569896,0.9120230379275005,0.6441223832528187,0.9035597118942668,5.149700598802392,-4.844290657439446,13,5,39.97308209959623,0.06467120726692234,12162.60802419356,6114.395,26410.415875108676,89574.3835979839,41368.41344999999,217718.699159818,-0.08390262299288795,0.8661653934236783,0.0897674066470791,1.943661550878023,0.18293178399536184,2.7214150072448224,0.3883310081378851,4.026959194959917,1.5439133470515718,8.660188691845338,5.223617035354409,13.448973596312713,0.5690109165249041,0.6022019371926506,0.6512740161135873,0.917397676404935,0.9277322787591474,0.9535382047934489,0.1922479042412969,0.12403807379256915,0.11241095463670711,0.015905222647706108,0.021575852077280626,0.03151775048535329
SOXLBUSDT,435,744,1785542400000,1788217200000,OutOfSample,-6.357173248228543,-0.010090751187664355,0.08859750155045809,0.005164443044404056,0.020775655551065073,1.367632657025957,51.61290322580645,47.446236559139784,1.5757716606520427,1.1808770691072883,1.5302209091052714,8.153588694682036,-9.581237052382365,14,8,45.8950201884253,-0.11211363126189837,2311.490240591398,809.8865000000001,4354.886616659931,293179.0658738841,105035.56237,544668.3924573432,-0.002328008760442354,0.619853142569947,0.045194849169128824,2.9991958098410545,0.08025789488734826,4.203108227455417,0.16224966073812186,6.093751149297857,-0.031894607494944764,8.832700922914547,-1.6789275059313478,12.954383492351285,1.1811119525922682,1.3078717336569707,1.3141794191195786,1.5934602567579406,1.6219630824507154,1.5654670213764905,0.2289492472346908,0.1223938291751326,0.07650262068871132,0.007046464542941789,-0.002184407104043932,-0.009676505765718806