field,value,numericValue,count,winners,losers,winnerRate,meanNetProfit,medianNetProfit,meanPosition,minPosition,maxPosition,markets
apiPosition,478,478,1,1,0,1,19.093584879365956,19.093584879365956,478,478,478,ZECUSDT
apiPosition,913,913,1,1,0,1,10.855240665586129,10.855240665586129,913,913,913,YFIUSDT
apiPosition,834,834,1,1,0,1,8.681159349790141,8.681159349790141,834,834,834,COMPUSDT
apiPosition,12,12,1,1,0,1,5.414565649921552,5.414565649921552,12,12,12,BTCUSDT
apiPosition,883,883,1,1,0,1,5.315004369275451,5.315004369275451,883,883,883,DCRUSDT
apiPosition,1093,1093,1,1,0,1,4.23979032319625,4.23979032319625,1093,1093,1093,AAVEUSDT
apiPosition,780,780,1,1,0,1,4.087759926981848,4.087759926981848,780,780,780,SOLUSDT
apiPosition,191,191,1,1,0,1,3.923765538256096,3.923765538256096,191,191,191,LTCUSDT
apiPosition,13,13,1,1,0,1,3.237304214147783,3.237304214147783,13,13,13,ETHUSDT
apiPosition,491,491,1,1,0,1,2.744131462295859,2.744131462295859,491,491,491,DASHUSDT
apiPosition,1114,1114,1,1,0,1,2.111644872167153,2.111644872167153,1114,1114,1114,INJUSDT
apiPosition,3323,3323,1,1,0,1,2.0610158762057993,2.0610158762057993,3323,3323,3323,MORPHOUSDT
apiPosition,432,432,1,1,0,1,1.6724414212861214,1.6724414212861214,432,432,432,LINKUSDT
apiPosition,465,465,1,1,0,1,1.2586000000000033,1.2586000000000033,465,465,465,ONGUSDT
apiPosition,3606,3606,1,1,0,1,1.2046467261945655,1.2046467261945655,3606,3606,3606,MSTRBUSDT
apiPosition,843,843,1,1,0,1,1.0768324804883163,1.0768324804883163,843,843,843,ZENUSDT
apiPosition,3593,3593,1,1,0,1,0.9445948222780676,0.9445948222780676,3593,3593,3593,CRCLBUSDT
apiPosition,503,503,1,1,0,1,0.928753739074089,0.928753739074089,503,503,503,ATOMUSDT
apiPosition,2671,2671,1,1,0,1,0.3595999999999995,0.3595999999999995,2671,2671,2671,ZROUSDT
apiPosition,142,142,1,1,0,1,0.2854040668351565,0.2854040668351565,142,142,142,NEOUSDT
apiPosition,940,940,1,1,0,1,0.17980000000000174,0.17980000000000174,940,940,940,CRVUSDT
apiPosition,280,280,1,1,0,1,0.17980000000000085,0.17980000000000085,280,280,280,QTUMUSDT
apiPosition,640,640,1,1,0,1,0.17980000000000085,0.17980000000000085,640,640,640,STXUSDT
apiPosition,3392,3392,1,1,0,1,0.17979999999999996,0.17979999999999996,3392,3392,3392,METUSDT
apiPosition,1053,1053,1,1,0,1,0.1227367528367156,0.1227367528367156,1053,1053,1053,AVAXUSDT
apiPosition,2109,2109,1,1,0,1,0.05521301482701779,0.05521301482701779,2109,2109,2109,APTUSDT
apiPosition,3328,3328,1,1,0,1,0.026019923857868,0.026019923857868,3328,3328,3328,ASTERUSDT
apiPosition,297,297,1,0,1,0,0,0,297,297,297,ADAUSDT
apiPosition,542,542,1,0,1,0,0,0,542,542,542,ALGOUSDT
apiPosition,570,570,1,0,1,0,0,0,570,570,570,ANKRUSDT
apiPosition,649,649,1,0,1,0,0,0,649,649,649,ARPAUSDT
apiPosition,613,613,1,0,1,0,0,0,613,613,613,BANDUSDT
apiPosition,485,485,1,0,1,0,0,0,485,485,485,CELRUSDT
apiPosition,795,795,1,0,1,0,0,0,795,795,795,CHRUSDT
apiPosition,610,610,1,0,1,0,0,0,610,610,610,CHZUSDT
apiPosition,753,753,1,0,1,0,0,0,753,753,753,COTIUSDT
apiPosition,787,787,1,0,1,0,0,0,787,787,787,CTSIUSDT
apiPosition,605,605,1,0,1,0,0,0,605,605,605,CVCUSDT
apiPosition,559,559,1,0,1,0,0,0,559,559,559,DOGEUSDT
apiPosition,564,564,1,0,1,0,0,0,564,564,564,DUSKUSDT
apiPosition,496,496,1,0,1,0,0,0,496,496,496,ENJUSDT
apiPosition,695,695,1,0,1,0,0,0,695,695,695,EURUSDT
apiPosition,628,628,1,0,1,0,0,0,628,628,628,HBARUSDT
apiPosition,792,792,1,0,1,0,0,0,792,792,792,HIVEUSDT
apiPosition,334,334,1,0,1,0,0,0,334,334,334,IOTAUSDT
apiPosition,652,652,1,0,1,0,0,0,652,652,652,IOTXUSDT
apiPosition,643,643,1,0,1,0,0,0,643,643,643,KAVAUSDT
apiPosition,813,813,1,0,1,0,0,0,813,813,813,KNCUSDT
apiPosition,719,719,1,0,1,0,0,0,719,719,719,LSKUSDT
apiPosition,903,903,1,0,1,0,0,0,903,903,903,MANAUSDT
apiPosition,750,750,1,0,1,0,0,0,750,750,750,MBLUSDT
apiPosition,589,589,1,0,1,0,0,0,589,589,589,MTLUSDT
apiPosition,698,698,1,0,1,0,0,0,698,698,698,OGNUSDT
apiPosition,526,526,1,0,1,0,0,0,526,526,526,ONEUSDT
apiPosition,653,653,1,0,1,0,0,0,653,653,653,RLCUSDT
apiPosition,624,624,1,0,1,0,0,0,624,624,624,RVNUSDT
apiPosition,842,842,1,0,1,0,0,0,842,842,842,SCUSDT
apiPosition,850,850,1,0,1,0,0,0,850,850,850,SNXUSDT
apiPosition,520,520,1,0,1,0,0,0,520,520,520,TFUELUSDT
apiPosition,495,495,1,0,1,0,0,0,495,495,495,THETAUSDT
apiPosition,351,351,1,0,1,0,0,0,351,351,351,TRXUSDT
apiPosition,859,859,1,0,1,0,0,0,859,859,859,VTHOUSDT
apiPosition,578,578,1,0,1,0,0,0,578,578,578,WINUSDT
apiPosition,335,335,1,0,1,0,0,0,335,335,335,XLMUSDT
apiPosition,622,622,1,0,1,0,0,0,622,622,622,XTZUSDT
apiPosition,468,468,1,0,1,0,0,0,468,468,468,ZILUSDT
apiPosition,470,470,1,0,1,0,0,0,470,470,470,ZRXUSDT
apiPosition,3647,3647,1,0,1,0,0,0,3647,3647,3647,AEROUSDT
apiPosition,2168,2168,1,0,1,0,0,0,2168,2168,2168,ARBUSDT
apiPosition,2365,2365,1,0,1,0,0,0,2365,2365,2365,BLURUSDT
apiPosition,3565,3565,1,0,1,0,0,0,3565,3565,3565,CHIPUSDT
apiPosition,955,955,1,0,1,0,0,0,955,955,955,DOTUSDT
apiPosition,2557,2557,1,0,1,0,0,0,2557,2557,2557,ENAUSDT
apiPosition,2541,2541,1,0,1,0,0,0,2541,2541,2541,ETHFIUSDT
apiPosition,2260,2260,1,0,1,0,0,0,2260,2260,2260,FDUSDUSDT
apiPosition,473,473,1,0,1,0,0,0,473,473,473,FETUSDT
apiPosition,1106,1106,1,0,1,0,0,0,1106,1106,1106,FILUSDT
apiPosition,3252,3252,1,0,1,0,0,0,3252,3252,3252,HOLOUSDT
apiPosition,1425,1425,1,0,1,0,0,0,1425,1425,1425,ICPUSDT
apiPosition,482,482,1,0,1,0,0,0,482,482,482,IOSTUSDT
apiPosition,2454,2454,1,0,1,0,0,0,2454,2454,2454,JUPUSDT
apiPosition,3691,3691,1,0,1,0,0,0,3691,3691,3691,MARSCOINUSDT
apiPosition,1564,1564,1,0,1,0,0,0,1564,1564,1564,MINAUSDT
apiPosition,3045,3045,1,0,1,0,0,0,3045,3045,3045,ONDOUSDT
apiPosition,2861,2861,1,0,1,0,0,0,2861,2861,2861,PENGUUSDT
apiPosition,2211,2211,1,0,1,0,0,0,2211,2211,2211,PEPEUSDT
apiPosition,2734,2734,1,0,1,0,0,0,2734,2734,2734,POLUSDT
apiPosition,3257,3257,1,0,1,0,0,0,3257,3257,3257,PUMPUSDT
apiPosition,1567,1567,1,0,1,0,0,0,1567,1567,1567,RAYUSDT
apiPosition,2614,2614,1,0,1,0,0,0,2614,2614,2614,REZUSDT
apiPosition,3481,3481,1,0,1,0,0,0,3481,3481,3481,RLUSDUSDT
apiPosition,2577,2577,1,0,1,0,0,0,2577,2577,2577,SAGAUSDT
apiPosition,3155,3155,1,0,1,0,0,0,3155,3155,3155,SAHARAUSDT
apiPosition,3123,3123,1,0,1,0,0,0,3123,3123,3123,SOPHUSDT
apiPosition,2203,2203,1,0,1,0,0,0,2203,2203,2203,SUIUSDT
apiPosition,2802,2802,1,0,1,0,0,0,2802,2802,2802,THEUSDT
apiPosition,3021,3021,1,0,1,0,0,0,3021,3021,3021,TUTUSDT
apiPosition,3111,3111,1,0,1,0,0,0,3111,3111,3111,USD1USDT
apiPosition,423,423,1,0,1,0,0,0,423,423,423,USDCUSDT
apiPosition,3471,3471,1,0,1,0,0,0,3471,3471,3471,UUSDT
apiPosition,2256,2256,1,0,1,0,0,0,2256,2256,2256,WLDUSDT
apiPosition,3227,3227,1,0,1,0,0,0,3227,3227,3227,WLFIUSDT
apiPosition,3290,3290,1,0,1,0,0,0,3290,3290,3290,XPLUSDT
apiPosition,3697,3697,1,0,1,0,0,0,3697,3697,3697,牛来USDT
apiPosition,99,99,1,0,1,0,-0.017129862467172297,-0.017129862467172297,99,99,99,BNBUSDT
apiPosition,1098,1098,1,0,1,0,-0.060666223090151794,-0.060666223090151794,1098,1098,1098,NEARUSDT
apiPosition,307,307,1,0,1,0,-0.08529875666074481,-0.08529875666074481,307,307,307,XRPUSDT
apiPosition,2909,2909,1,0,1,0,-0.15924542743538672,-0.15924542743538672,2909,2909,2909,TRUMPUSDT
apiPosition,3594,3594,1,0,1,0,-0.38973517562196713,-0.38973517562196713,3594,3594,3594,NVDABUSDT
apiPosition,969,969,1,0,1,0,-0.4454246266268,-0.4454246266268,969,969,969,PAXGUSDT
apiPosition,1043,1043,1,0,1,0,-0.6445915026535254,-0.6445915026535254,1043,1043,1043,UNIUSDT
apiPosition,3624,3624,1,0,1,0,-0.7951502031049242,-0.7951502031049242,3624,3624,3624,GRAMUSDT
apiPosition,3545,3545,1,0,1,0,-0.8260042193576344,-0.8260042193576344,3545,3545,3545,XAUTUSDT
apiPosition,3597,3597,1,0,1,0,-1.058746592083142,-1.058746592083142,3597,3597,3597,SPCXBUSDT
apiPosition,2588,2588,1,0,1,0,-1.3859942816413302,-1.3859942816413302,2588,2588,2588,TAOUSDT
apiPosition,3618,3618,1,0,1,0,-1.790808112335525,-1.790808112335525,3618,3618,3618,QQQBUSDT
apiPosition,662,662,1,0,1,0,-2.1195238795901137,-2.1195238795901137,662,662,662,BCHUSDT
apiPosition,3595,3595,1,0,1,0,-2.7366554408728145,-2.7366554408728145,3595,3595,3595,SNDKBUSDT
apiPosition,352,352,1,0,1,0,-2.914877561018076,-2.914877561018076,352,352,352,ETCUSDT
apiPosition,3633,3633,1,0,1,0,-6.357173248228543,-6.357173248228543,3633,3633,3633,SOXLBUSDT
symbol,ZECUSDT,,1,1,0,1,19.093584879365956,19.093584879365956,478,478,478,ZECUSDT
symbol,YFIUSDT,,1,1,0,1,10.855240665586129,10.855240665586129,913,913,913,YFIUSDT
symbol,COMPUSDT,,1,1,0,1,8.681159349790141,8.681159349790141,834,834,834,COMPUSDT
symbol,BTCUSDT,,1,1,0,1,5.414565649921552,5.414565649921552,12,12,12,BTCUSDT
symbol,DCRUSDT,,1,1,0,1,5.315004369275451,5.315004369275451,883,883,883,DCRUSDT
symbol,AAVEUSDT,,1,1,0,1,4.23979032319625,4.23979032319625,1093,1093,1093,AAVEUSDT
symbol,SOLUSDT,,1,1,0,1,4.087759926981848,4.087759926981848,780,780,780,SOLUSDT
symbol,LTCUSDT,,1,1,0,1,3.923765538256096,3.923765538256096,191,191,191,LTCUSDT
symbol,ETHUSDT,,1,1,0,1,3.237304214147783,3.237304214147783,13,13,13,ETHUSDT
symbol,DASHUSDT,,1,1,0,1,2.744131462295859,2.744131462295859,491,491,491,DASHUSDT
symbol,INJUSDT,,1,1,0,1,2.111644872167153,2.111644872167153,1114,1114,1114,INJUSDT
symbol,MORPHOUSDT,,1,1,0,1,2.0610158762057993,2.0610158762057993,3323,3323,3323,MORPHOUSDT
symbol,LINKUSDT,,1,1,0,1,1.6724414212861214,1.6724414212861214,432,432,432,LINKUSDT
symbol,ONGUSDT,,1,1,0,1,1.2586000000000033,1.2586000000000033,465,465,465,ONGUSDT
symbol,MSTRBUSDT,,1,1,0,1,1.2046467261945655,1.2046467261945655,3606,3606,3606,MSTRBUSDT
symbol,ZENUSDT,,1,1,0,1,1.0768324804883163,1.0768324804883163,843,843,843,ZENUSDT
symbol,CRCLBUSDT,,1,1,0,1,0.9445948222780676,0.9445948222780676,3593,3593,3593,CRCLBUSDT
symbol,ATOMUSDT,,1,1,0,1,0.928753739074089,0.928753739074089,503,503,503,ATOMUSDT
symbol,ZROUSDT,,1,1,0,1,0.3595999999999995,0.3595999999999995,2671,2671,2671,ZROUSDT
symbol,NEOUSDT,,1,1,0,1,0.2854040668351565,0.2854040668351565,142,142,142,NEOUSDT
symbol,CRVUSDT,,1,1,0,1,0.17980000000000174,0.17980000000000174,940,940,940,CRVUSDT
symbol,QTUMUSDT,,1,1,0,1,0.17980000000000085,0.17980000000000085,280,280,280,QTUMUSDT
symbol,STXUSDT,,1,1,0,1,0.17980000000000085,0.17980000000000085,640,640,640,STXUSDT
symbol,METUSDT,,1,1,0,1,0.17979999999999996,0.17979999999999996,3392,3392,3392,METUSDT
symbol,AVAXUSDT,,1,1,0,1,0.1227367528367156,0.1227367528367156,1053,1053,1053,AVAXUSDT
symbol,APTUSDT,,1,1,0,1,0.05521301482701779,0.05521301482701779,2109,2109,2109,APTUSDT
symbol,ASTERUSDT,,1,1,0,1,0.026019923857868,0.026019923857868,3328,3328,3328,ASTERUSDT
symbol,ADAUSDT,,1,0,1,0,0,0,297,297,297,ADAUSDT
symbol,ALGOUSDT,,1,0,1,0,0,0,542,542,542,ALGOUSDT
symbol,ANKRUSDT,,1,0,1,0,0,0,570,570,570,ANKRUSDT
symbol,ARPAUSDT,,1,0,1,0,0,0,649,649,649,ARPAUSDT
symbol,BANDUSDT,,1,0,1,0,0,0,613,613,613,BANDUSDT
symbol,CELRUSDT,,1,0,1,0,0,0,485,485,485,CELRUSDT
symbol,CHRUSDT,,1,0,1,0,0,0,795,795,795,CHRUSDT
symbol,CHZUSDT,,1,0,1,0,0,0,610,610,610,CHZUSDT
symbol,COTIUSDT,,1,0,1,0,0,0,753,753,753,COTIUSDT
symbol,CTSIUSDT,,1,0,1,0,0,0,787,787,787,CTSIUSDT
symbol,CVCUSDT,,1,0,1,0,0,0,605,605,605,CVCUSDT
symbol,DOGEUSDT,,1,0,1,0,0,0,559,559,559,DOGEUSDT
symbol,DUSKUSDT,,1,0,1,0,0,0,564,564,564,DUSKUSDT
symbol,ENJUSDT,,1,0,1,0,0,0,496,496,496,ENJUSDT
symbol,EURUSDT,,1,0,1,0,0,0,695,695,695,EURUSDT
symbol,HBARUSDT,,1,0,1,0,0,0,628,628,628,HBARUSDT
symbol,HIVEUSDT,,1,0,1,0,0,0,792,792,792,HIVEUSDT
symbol,IOTAUSDT,,1,0,1,0,0,0,334,334,334,IOTAUSDT
symbol,IOTXUSDT,,1,0,1,0,0,0,652,652,652,IOTXUSDT
symbol,KAVAUSDT,,1,0,1,0,0,0,643,643,643,KAVAUSDT
symbol,KNCUSDT,,1,0,1,0,0,0,813,813,813,KNCUSDT
symbol,LSKUSDT,,1,0,1,0,0,0,719,719,719,LSKUSDT
symbol,MANAUSDT,,1,0,1,0,0,0,903,903,903,MANAUSDT
symbol,MBLUSDT,,1,0,1,0,0,0,750,750,750,MBLUSDT
symbol,MTLUSDT,,1,0,1,0,0,0,589,589,589,MTLUSDT
symbol,OGNUSDT,,1,0,1,0,0,0,698,698,698,OGNUSDT
symbol,ONEUSDT,,1,0,1,0,0,0,526,526,526,ONEUSDT
symbol,RLCUSDT,,1,0,1,0,0,0,653,653,653,RLCUSDT
symbol,RVNUSDT,,1,0,1,0,0,0,624,624,624,RVNUSDT
symbol,SCUSDT,,1,0,1,0,0,0,842,842,842,SCUSDT
symbol,SNXUSDT,,1,0,1,0,0,0,850,850,850,SNXUSDT
symbol,TFUELUSDT,,1,0,1,0,0,0,520,520,520,TFUELUSDT
symbol,THETAUSDT,,1,0,1,0,0,0,495,495,495,THETAUSDT
symbol,TRXUSDT,,1,0,1,0,0,0,351,351,351,TRXUSDT
symbol,VTHOUSDT,,1,0,1,0,0,0,859,859,859,VTHOUSDT
symbol,WINUSDT,,1,0,1,0,0,0,578,578,578,WINUSDT
symbol,XLMUSDT,,1,0,1,0,0,0,335,335,335,XLMUSDT
symbol,XTZUSDT,,1,0,1,0,0,0,622,622,622,XTZUSDT
symbol,ZILUSDT,,1,0,1,0,0,0,468,468,468,ZILUSDT
symbol,ZRXUSDT,,1,0,1,0,0,0,470,470,470,ZRXUSDT
symbol,AEROUSDT,,1,0,1,0,0,0,3647,3647,3647,AEROUSDT
symbol,ARBUSDT,,1,0,1,0,0,0,2168,2168,2168,ARBUSDT
symbol,BLURUSDT,,1,0,1,0,0,0,2365,2365,2365,BLURUSDT
symbol,CHIPUSDT,,1,0,1,0,0,0,3565,3565,3565,CHIPUSDT
symbol,DOTUSDT,,1,0,1,0,0,0,955,955,955,DOTUSDT
symbol,ENAUSDT,,1,0,1,0,0,0,2557,2557,2557,ENAUSDT
symbol,ETHFIUSDT,,1,0,1,0,0,0,2541,2541,2541,ETHFIUSDT
symbol,FDUSDUSDT,,1,0,1,0,0,0,2260,2260,2260,FDUSDUSDT
symbol,FETUSDT,,1,0,1,0,0,0,473,473,473,FETUSDT
symbol,FILUSDT,,1,0,1,0,0,0,1106,1106,1106,FILUSDT
symbol,HOLOUSDT,,1,0,1,0,0,0,3252,3252,3252,HOLOUSDT
symbol,ICPUSDT,,1,0,1,0,0,0,1425,1425,1425,ICPUSDT
symbol,IOSTUSDT,,1,0,1,0,0,0,482,482,482,IOSTUSDT
symbol,JUPUSDT,,1,0,1,0,0,0,2454,2454,2454,JUPUSDT
symbol,MARSCOINUSDT,,1,0,1,0,0,0,3691,3691,3691,MARSCOINUSDT
symbol,MINAUSDT,,1,0,1,0,0,0,1564,1564,1564,MINAUSDT
symbol,ONDOUSDT,,1,0,1,0,0,0,3045,3045,3045,ONDOUSDT
symbol,PENGUUSDT,,1,0,1,0,0,0,2861,2861,2861,PENGUUSDT
symbol,PEPEUSDT,,1,0,1,0,0,0,2211,2211,2211,PEPEUSDT
symbol,POLUSDT,,1,0,1,0,0,0,2734,2734,2734,POLUSDT
symbol,PUMPUSDT,,1,0,1,0,0,0,3257,3257,3257,PUMPUSDT
symbol,RAYUSDT,,1,0,1,0,0,0,1567,1567,1567,RAYUSDT
symbol,REZUSDT,,1,0,1,0,0,0,2614,2614,2614,REZUSDT
symbol,RLUSDUSDT,,1,0,1,0,0,0,3481,3481,3481,RLUSDUSDT
symbol,SAGAUSDT,,1,0,1,0,0,0,2577,2577,2577,SAGAUSDT
symbol,SAHARAUSDT,,1,0,1,0,0,0,3155,3155,3155,SAHARAUSDT
symbol,SOPHUSDT,,1,0,1,0,0,0,3123,3123,3123,SOPHUSDT
symbol,SUIUSDT,,1,0,1,0,0,0,2203,2203,2203,SUIUSDT
symbol,THEUSDT,,1,0,1,0,0,0,2802,2802,2802,THEUSDT
symbol,TUTUSDT,,1,0,1,0,0,0,3021,3021,3021,TUTUSDT
symbol,USD1USDT,,1,0,1,0,0,0,3111,3111,3111,USD1USDT
symbol,USDCUSDT,,1,0,1,0,0,0,423,423,423,USDCUSDT
symbol,UUSDT,,1,0,1,0,0,0,3471,3471,3471,UUSDT
symbol,WLDUSDT,,1,0,1,0,0,0,2256,2256,2256,WLDUSDT
symbol,WLFIUSDT,,1,0,1,0,0,0,3227,3227,3227,WLFIUSDT
symbol,XPLUSDT,,1,0,1,0,0,0,3290,3290,3290,XPLUSDT
symbol,牛来USDT,,1,0,1,0,0,0,3697,3697,3697,牛来USDT
symbol,BNBUSDT,,1,0,1,0,-0.017129862467172297,-0.017129862467172297,99,99,99,BNBUSDT
symbol,NEARUSDT,,1,0,1,0,-0.060666223090151794,-0.060666223090151794,1098,1098,1098,NEARUSDT
symbol,XRPUSDT,,1,0,1,0,-0.08529875666074481,-0.08529875666074481,307,307,307,XRPUSDT
symbol,TRUMPUSDT,,1,0,1,0,-0.15924542743538672,-0.15924542743538672,2909,2909,2909,TRUMPUSDT
symbol,NVDABUSDT,,1,0,1,0,-0.38973517562196713,-0.38973517562196713,3594,3594,3594,NVDABUSDT
symbol,PAXGUSDT,,1,0,1,0,-0.4454246266268,-0.4454246266268,969,969,969,PAXGUSDT
symbol,UNIUSDT,,1,0,1,0,-0.6445915026535254,-0.6445915026535254,1043,1043,1043,UNIUSDT
symbol,GRAMUSDT,,1,0,1,0,-0.7951502031049242,-0.7951502031049242,3624,3624,3624,GRAMUSDT
symbol,XAUTUSDT,,1,0,1,0,-0.8260042193576344,-0.8260042193576344,3545,3545,3545,XAUTUSDT
symbol,SPCXBUSDT,,1,0,1,0,-1.058746592083142,-1.058746592083142,3597,3597,3597,SPCXBUSDT
symbol,TAOUSDT,,1,0,1,0,-1.3859942816413302,-1.3859942816413302,2588,2588,2588,TAOUSDT
symbol,QQQBUSDT,,1,0,1,0,-1.790808112335525,-1.790808112335525,3618,3618,3618,QQQBUSDT
symbol,BCHUSDT,,1,0,1,0,-2.1195238795901137,-2.1195238795901137,662,662,662,BCHUSDT
symbol,SNDKBUSDT,,1,0,1,0,-2.7366554408728145,-2.7366554408728145,3595,3595,3595,SNDKBUSDT
symbol,ETCUSDT,,1,0,1,0,-2.914877561018076,-2.914877561018076,352,352,352,ETCUSDT
symbol,SOXLBUSDT,,1,0,1,0,-6.357173248228543,-6.357173248228543,3633,3633,3633,SOXLBUSDT
baseAsset,ZEC,,1,1,0,1,19.093584879365956,19.093584879365956,478,478,478,ZECUSDT
baseAsset,YFI,,1,1,0,1,10.855240665586129,10.855240665586129,913,913,913,YFIUSDT
baseAsset,COMP,,1,1,0,1,8.681159349790141,8.681159349790141,834,834,834,COMPUSDT
baseAsset,BTC,,1,1,0,1,5.414565649921552,5.414565649921552,12,12,12,BTCUSDT
baseAsset,DCR,,1,1,0,1,5.315004369275451,5.315004369275451,883,883,883,DCRUSDT
baseAsset,AAVE,,1,1,0,1,4.23979032319625,4.23979032319625,1093,1093,1093,AAVEUSDT
baseAsset,SOL,,1,1,0,1,4.087759926981848,4.087759926981848,780,780,780,SOLUSDT
baseAsset,LTC,,1,1,0,1,3.923765538256096,3.923765538256096,191,191,191,LTCUSDT
baseAsset,ETH,,1,1,0,1,3.237304214147783,3.237304214147783,13,13,13,ETHUSDT
baseAsset,DASH,,1,1,0,1,2.744131462295859,2.744131462295859,491,491,491,DASHUSDT
baseAsset,INJ,,1,1,0,1,2.111644872167153,2.111644872167153,1114,1114,1114,INJUSDT
baseAsset,MORPHO,,1,1,0,1,2.0610158762057993,2.0610158762057993,3323,3323,3323,MORPHOUSDT
baseAsset,LINK,,1,1,0,1,1.6724414212861214,1.6724414212861214,432,432,432,LINKUSDT
baseAsset,ONG,,1,1,0,1,1.2586000000000033,1.2586000000000033,465,465,465,ONGUSDT
baseAsset,MSTRB,,1,1,0,1,1.2046467261945655,1.2046467261945655,3606,3606,3606,MSTRBUSDT
baseAsset,ZEN,,1,1,0,1,1.0768324804883163,1.0768324804883163,843,843,843,ZENUSDT
baseAsset,CRCLB,,1,1,0,1,0.9445948222780676,0.9445948222780676,3593,3593,3593,CRCLBUSDT
baseAsset,ATOM,,1,1,0,1,0.928753739074089,0.928753739074089,503,503,503,ATOMUSDT
baseAsset,ZRO,,1,1,0,1,0.3595999999999995,0.3595999999999995,2671,2671,2671,ZROUSDT
baseAsset,NEO,,1,1,0,1,0.2854040668351565,0.2854040668351565,142,142,142,NEOUSDT
baseAsset,CRV,,1,1,0,1,0.17980000000000174,0.17980000000000174,940,940,940,CRVUSDT
baseAsset,QTUM,,1,1,0,1,0.17980000000000085,0.17980000000000085,280,280,280,QTUMUSDT
baseAsset,STX,,1,1,0,1,0.17980000000000085,0.17980000000000085,640,640,640,STXUSDT
baseAsset,MET,,1,1,0,1,0.17979999999999996,0.17979999999999996,3392,3392,3392,METUSDT
baseAsset,AVAX,,1,1,0,1,0.1227367528367156,0.1227367528367156,1053,1053,1053,AVAXUSDT
baseAsset,APT,,1,1,0,1,0.05521301482701779,0.05521301482701779,2109,2109,2109,APTUSDT
baseAsset,ASTER,,1,1,0,1,0.026019923857868,0.026019923857868,3328,3328,3328,ASTERUSDT
baseAsset,ADA,,1,0,1,0,0,0,297,297,297,ADAUSDT
baseAsset,ALGO,,1,0,1,0,0,0,542,542,542,ALGOUSDT
baseAsset,ANKR,,1,0,1,0,0,0,570,570,570,ANKRUSDT
baseAsset,ARPA,,1,0,1,0,0,0,649,649,649,ARPAUSDT
baseAsset,BAND,,1,0,1,0,0,0,613,613,613,BANDUSDT
baseAsset,CELR,,1,0,1,0,0,0,485,485,485,CELRUSDT
baseAsset,CHR,,1,0,1,0,0,0,795,795,795,CHRUSDT
baseAsset,CHZ,,1,0,1,0,0,0,610,610,610,CHZUSDT
baseAsset,COTI,,1,0,1,0,0,0,753,753,753,COTIUSDT
baseAsset,CTSI,,1,0,1,0,0,0,787,787,787,CTSIUSDT
baseAsset,CVC,,1,0,1,0,0,0,605,605,605,CVCUSDT
baseAsset,DOGE,,1,0,1,0,0,0,559,559,559,DOGEUSDT
baseAsset,DUSK,,1,0,1,0,0,0,564,564,564,DUSKUSDT
baseAsset,ENJ,,1,0,1,0,0,0,496,496,496,ENJUSDT
baseAsset,EUR,,1,0,1,0,0,0,695,695,695,EURUSDT
baseAsset,HBAR,,1,0,1,0,0,0,628,628,628,HBARUSDT
baseAsset,HIVE,,1,0,1,0,0,0,792,792,792,HIVEUSDT
baseAsset,IOTA,,1,0,1,0,0,0,334,334,334,IOTAUSDT
baseAsset,IOTX,,1,0,1,0,0,0,652,652,652,IOTXUSDT
baseAsset,KAVA,,1,0,1,0,0,0,643,643,643,KAVAUSDT
baseAsset,KNC,,1,0,1,0,0,0,813,813,813,KNCUSDT
baseAsset,LSK,,1,0,1,0,0,0,719,719,719,LSKUSDT
baseAsset,MANA,,1,0,1,0,0,0,903,903,903,MANAUSDT
baseAsset,MBL,,1,0,1,0,0,0,750,750,750,MBLUSDT
baseAsset,MTL,,1,0,1,0,0,0,589,589,589,MTLUSDT
baseAsset,OGN,,1,0,1,0,0,0,698,698,698,OGNUSDT
baseAsset,ONE,,1,0,1,0,0,0,526,526,526,ONEUSDT
baseAsset,RLC,,1,0,1,0,0,0,653,653,653,RLCUSDT
baseAsset,RVN,,1,0,1,0,0,0,624,624,624,RVNUSDT
baseAsset,SC,,1,0,1,0,0,0,842,842,842,SCUSDT
baseAsset,SNX,,1,0,1,0,0,0,850,850,850,SNXUSDT
baseAsset,TFUEL,,1,0,1,0,0,0,520,520,520,TFUELUSDT
baseAsset,THETA,,1,0,1,0,0,0,495,495,495,THETAUSDT
baseAsset,TRX,,1,0,1,0,0,0,351,351,351,TRXUSDT
baseAsset,VTHO,,1,0,1,0,0,0,859,859,859,VTHOUSDT
baseAsset,WIN,,1,0,1,0,0,0,578,578,578,WINUSDT
baseAsset,XLM,,1,0,1,0,0,0,335,335,335,XLMUSDT
baseAsset,XTZ,,1,0,1,0,0,0,622,622,622,XTZUSDT
baseAsset,ZIL,,1,0,1,0,0,0,468,468,468,ZILUSDT
baseAsset,ZRX,,1,0,1,0,0,0,470,470,470,ZRXUSDT
baseAsset,AERO,,1,0,1,0,0,0,3647,3647,3647,AEROUSDT
baseAsset,ARB,,1,0,1,0,0,0,2168,2168,2168,ARBUSDT
baseAsset,BLUR,,1,0,1,0,0,0,2365,2365,2365,BLURUSDT
baseAsset,CHIP,,1,0,1,0,0,0,3565,3565,3565,CHIPUSDT
baseAsset,DOT,,1,0,1,0,0,0,955,955,955,DOTUSDT
baseAsset,ENA,,1,0,1,0,0,0,2557,2557,2557,ENAUSDT
baseAsset,ETHFI,,1,0,1,0,0,0,2541,2541,2541,ETHFIUSDT
baseAsset,FDUSD,,1,0,1,0,0,0,2260,2260,2260,FDUSDUSDT
baseAsset,FET,,1,0,1,0,0,0,473,473,473,FETUSDT
baseAsset,FIL,,1,0,1,0,0,0,1106,1106,1106,FILUSDT
baseAsset,HOLO,,1,0,1,0,0,0,3252,3252,3252,HOLOUSDT
baseAsset,ICP,,1,0,1,0,0,0,1425,1425,1425,ICPUSDT
baseAsset,IOST,,1,0,1,0,0,0,482,482,482,IOSTUSDT
baseAsset,JUP,,1,0,1,0,0,0,2454,2454,2454,JUPUSDT
baseAsset,MARSCOIN,,1,0,1,0,0,0,3691,3691,3691,MARSCOINUSDT
baseAsset,MINA,,1,0,1,0,0,0,1564,1564,1564,MINAUSDT
baseAsset,ONDO,,1,0,1,0,0,0,3045,3045,3045,ONDOUSDT
baseAsset,PENGU,,1,0,1,0,0,0,2861,2861,2861,PENGUUSDT
baseAsset,PEPE,,1,0,1,0,0,0,2211,2211,2211,PEPEUSDT
baseAsset,POL,,1,0,1,0,0,0,2734,2734,2734,POLUSDT
baseAsset,PUMP,,1,0,1,0,0,0,3257,3257,3257,PUMPUSDT
baseAsset,RAY,,1,0,1,0,0,0,1567,1567,1567,RAYUSDT
baseAsset,REZ,,1,0,1,0,0,0,2614,2614,2614,REZUSDT
baseAsset,RLUSD,,1,0,1,0,0,0,3481,3481,3481,RLUSDUSDT
baseAsset,SAGA,,1,0,1,0,0,0,2577,2577,2577,SAGAUSDT
baseAsset,SAHARA,,1,0,1,0,0,0,3155,3155,3155,SAHARAUSDT
baseAsset,SOPH,,1,0,1,0,0,0,3123,3123,3123,SOPHUSDT
baseAsset,SUI,,1,0,1,0,0,0,2203,2203,2203,SUIUSDT
baseAsset,THE,,1,0,1,0,0,0,2802,2802,2802,THEUSDT
baseAsset,TUT,,1,0,1,0,0,0,3021,3021,3021,TUTUSDT
baseAsset,USD1,,1,0,1,0,0,0,3111,3111,3111,USD1USDT
baseAsset,USDC,,1,0,1,0,0,0,423,423,423,USDCUSDT
baseAsset,U,,1,0,1,0,0,0,3471,3471,3471,UUSDT
baseAsset,WLD,,1,0,1,0,0,0,2256,2256,2256,WLDUSDT
baseAsset,WLFI,,1,0,1,0,0,0,3227,3227,3227,WLFIUSDT
baseAsset,XPL,,1,0,1,0,0,0,3290,3290,3290,XPLUSDT
baseAsset,牛来,,1,0,1,0,0,0,3697,3697,3697,牛来USDT
baseAsset,BNB,,1,0,1,0,-0.017129862467172297,-0.017129862467172297,99,99,99,BNBUSDT
baseAsset,NEAR,,1,0,1,0,-0.060666223090151794,-0.060666223090151794,1098,1098,1098,NEARUSDT
baseAsset,XRP,,1,0,1,0,-0.08529875666074481,-0.08529875666074481,307,307,307,XRPUSDT
baseAsset,TRUMP,,1,0,1,0,-0.15924542743538672,-0.15924542743538672,2909,2909,2909,TRUMPUSDT
baseAsset,NVDAB,,1,0,1,0,-0.38973517562196713,-0.38973517562196713,3594,3594,3594,NVDABUSDT
baseAsset,PAXG,,1,0,1,0,-0.4454246266268,-0.4454246266268,969,969,969,PAXGUSDT
baseAsset,UNI,,1,0,1,0,-0.6445915026535254,-0.6445915026535254,1043,1043,1043,UNIUSDT
baseAsset,GRAM,,1,0,1,0,-0.7951502031049242,-0.7951502031049242,3624,3624,3624,GRAMUSDT
baseAsset,XAUT,,1,0,1,0,-0.8260042193576344,-0.8260042193576344,3545,3545,3545,XAUTUSDT
baseAsset,SPCXB,,1,0,1,0,-1.058746592083142,-1.058746592083142,3597,3597,3597,SPCXBUSDT
baseAsset,TAO,,1,0,1,0,-1.3859942816413302,-1.3859942816413302,2588,2588,2588,TAOUSDT
baseAsset,QQQB,,1,0,1,0,-1.790808112335525,-1.790808112335525,3618,3618,3618,QQQBUSDT
baseAsset,BCH,,1,0,1,0,-2.1195238795901137,-2.1195238795901137,662,662,662,BCHUSDT
baseAsset,SNDKB,,1,0,1,0,-2.7366554408728145,-2.7366554408728145,3595,3595,3595,SNDKBUSDT
baseAsset,ETC,,1,0,1,0,-2.914877561018076,-2.914877561018076,352,352,352,ETCUSDT
baseAsset,SOXLB,,1,0,1,0,-6.357173248228543,-6.357173248228543,3633,3633,3633,SOXLBUSDT
filters.MARKET_LOT_SIZE.maxQty,891.47963333,891.47963333,1,1,0,1,19.093584879365956,19.093584879365956,478,478,478,ZECUSDT
filters.MARKET_LOT_SIZE.maxQty,3.54216537,3.54216537,1,1,0,1,10.855240665586129,10.855240665586129,913,913,913,YFIUSDT
filters.MARKET_LOT_SIZE.maxQty,1603.21988333,1603.21988333,1,1,0,1,8.681159349790141,8.681159349790141,834,834,834,COMPUSDT
filters.MARKET_LOT_SIZE.maxQty,129.73847458,129.73847458,1,1,0,1,5.414565649921552,5.414565649921552,12,12,12,BTCUSDT
filters.MARKET_LOT_SIZE.maxQty,494.2534,494.2534,1,1,0,1,5.315004369275451,5.315004369275451,883,883,883,DCRUSDT
filters.MARKET_LOT_SIZE.maxQty,1471.16899583,1471.16899583,1,1,0,1,4.23979032319625,4.23979032319625,1093,1093,1093,AAVEUSDT
filters.MARKET_LOT_SIZE.maxQty,89933.73975416,89933.73975416,1,1,0,1,4.087759926981848,4.087759926981848,780,780,780,SOLUSDT
filters.MARKET_LOT_SIZE.maxQty,8160.48570416,8160.48570416,1,1,0,1,3.923765538256096,3.923765538256096,191,191,191,LTCUSDT
filters.MARKET_LOT_SIZE.maxQty,2086.9197425,2086.9197425,1,1,0,1,3.237304214147783,3.237304214147783,13,13,13,ETHUSDT
filters.MARKET_LOT_SIZE.maxQty,3052.61434166,3052.61434166,1,1,0,1,2.744131462295859,2.744131462295859,491,491,491,DASHUSDT
filters.MARKET_LOT_SIZE.maxQty,27482.746625,27482.746625,1,1,0,1,2.111644872167153,2.111644872167153,1114,1114,1114,INJUSDT
filters.MARKET_LOT_SIZE.maxQty,127949.58345833,127949.58345833,1,1,0,1,2.0610158762057993,2.0610158762057993,3323,3323,3323,MORPHOUSDT
filters.MARKET_LOT_SIZE.maxQty,25266.21833333,25266.21833333,1,1,0,1,1.6724414212861214,1.6724414212861214,432,432,432,LINKUSDT
filters.MARKET_LOT_SIZE.maxQty,169284.525,169284.525,1,1,0,1,1.2586000000000033,1.2586000000000033,465,465,465,ONGUSDT
filters.MARKET_LOT_SIZE.maxQty,2690.66514583,2690.66514583,1,1,0,1,1.2046467261945655,1.2046467261945655,3606,3606,3606,MSTRBUSDT
filters.MARKET_LOT_SIZE.maxQty,8680.394625,8680.394625,1,1,0,1,1.0768324804883163,1.0768324804883163,843,843,843,ZENUSDT
filters.MARKET_LOT_SIZE.maxQty,3769.94733333,3769.94733333,1,1,0,1,0.9445948222780676,0.9445948222780676,3593,3593,3593,CRCLBUSDT
filters.MARKET_LOT_SIZE.maxQty,50498.7915,50498.7915,1,1,0,1,0.928753739074089,0.928753739074089,503,503,503,ATOMUSDT
filters.MARKET_LOT_SIZE.maxQty,101277.79366666,101277.79366666,1,1,0,1,0.3595999999999995,0.3595999999999995,2671,2671,2671,ZROUSDT
filters.MARKET_LOT_SIZE.maxQty,5739.0735,5739.0735,1,1,0,1,0.2854040668351565,0.2854040668351565,142,142,142,NEOUSDT
filters.MARKET_LOT_SIZE.maxQty,261695.69916666,261695.69916666,1,1,0,1,0.17980000000000174,0.17980000000000174,940,940,940,CRVUSDT
filters.MARKET_LOT_SIZE.maxQty,8393.29708333,8393.29708333,1,1,0,1,0.17980000000000085,0.17980000000000085,280,280,280,QTUMUSDT
filters.MARKET_LOT_SIZE.maxQty,195570.34375,195570.34375,1,1,0,1,0.17980000000000085,0.17980000000000085,640,640,640,STXUSDT
filters.MARKET_LOT_SIZE.maxQty,126904.29375,126904.29375,1,1,0,1,0.17979999999999996,0.17979999999999996,3392,3392,3392,METUSDT
filters.MARKET_LOT_SIZE.maxQty,37791.25608333,37791.25608333,1,1,0,1,0.1227367528367156,0.1227367528367156,1053,1053,1053,AVAXUSDT
filters.MARKET_LOT_SIZE.maxQty,297994.16591666,297994.16591666,1,1,0,1,0.05521301482701779,0.05521301482701779,2109,2109,2109,APTUSDT
filters.MARKET_LOT_SIZE.maxQty,382518.37504166,382518.37504166,1,1,0,1,0.026019923857868,0.026019923857868,3328,3328,3328,ASTERUSDT
filters.MARKET_LOT_SIZE.maxQty,1801748.79708333,1801748.79708333,1,0,1,0,0,0,297,297,297,ADAUSDT
filters.MARKET_LOT_SIZE.maxQty,878957.675,878957.675,1,0,1,0,0,0,542,542,542,ALGOUSDT
filters.MARKET_LOT_SIZE.maxQty,5485703.49875,5485703.49875,1,0,1,0,0,0,570,570,570,ANKRUSDT
filters.MARKET_LOT_SIZE.maxQty,941692.50791666,941692.50791666,1,0,1,0,0,0,649,649,649,ARPAUSDT
filters.MARKET_LOT_SIZE.maxQty,33315.68666666,33315.68666666,1,0,1,0,0,0,613,613,613,BANDUSDT
filters.MARKET_LOT_SIZE.maxQty,355191.22083333,355191.22083333,1,0,1,0,0,0,485,485,485,CELRUSDT
filters.MARKET_LOT_SIZE.maxQty,380551.675,380551.675,1,0,1,0,0,0,795,795,795,CHRUSDT
filters.MARKET_LOT_SIZE.maxQty,2387819.47916666,2387819.47916666,1,0,1,0,0,0,610,610,610,CHZUSDT
filters.MARKET_LOT_SIZE.maxQty,1603453.49583333,1603453.49583333,1,0,1,0,0,0,753,753,753,COTIUSDT
filters.MARKET_LOT_SIZE.maxQty,334772.08333333,334772.08333333,1,0,1,0,0,0,787,787,787,CTSIUSDT
filters.MARKET_LOT_SIZE.maxQty,115047.10416666,115047.10416666,1,0,1,0,0,0,605,605,605,CVCUSDT
filters.MARKET_LOT_SIZE.maxQty,22777918.92083333,22777918.92083333,1,0,1,0,0,0,559,559,559,DOGEUSDT
filters.MARKET_LOT_SIZE.maxQty,121464.8625,121464.8625,1,0,1,0,0,0,564,564,564,DUSKUSDT
filters.MARKET_LOT_SIZE.maxQty,501274.00458333,501274.00458333,1,0,1,0,0,0,496,496,496,ENJUSDT
filters.MARKET_LOT_SIZE.maxQty,265417.15541666,265417.15541666,1,0,1,0,0,0,695,695,695,EURUSDT
filters.MARKET_LOT_SIZE.maxQty,3138594.5,3138594.5,1,0,1,0,0,0,628,628,628,HBARUSDT
filters.MARKET_LOT_SIZE.maxQty,192442.675,192442.675,1,0,1,0,0,0,792,792,792,HIVEUSDT
filters.MARKET_LOT_SIZE.maxQty,1370446.05833333,1370446.05833333,1,0,1,0,0,0,334,334,334,IOTAUSDT
filters.MARKET_LOT_SIZE.maxQty,3277268.05833333,3277268.05833333,1,0,1,0,0,0,652,652,652,IOTXUSDT
filters.MARKET_LOT_SIZE.maxQty,258531.34916666,258531.34916666,1,0,1,0,0,0,643,643,643,KAVAUSDT
filters.MARKET_LOT_SIZE.maxQty,78328.50625,78328.50625,1,0,1,0,0,0,813,813,813,KNCUSDT
filters.MARKET_LOT_SIZE.maxQty,23983.77333333,23983.77333333,1,0,1,0,0,0,719,719,719,LSKUSDT
filters.MARKET_LOT_SIZE.maxQty,631192.53333333,631192.53333333,1,0,1,0,0,0,903,903,903,MANAUSDT
filters.MARKET_LOT_SIZE.maxQty,13716591.84166666,13716591.84166666,1,0,1,0,0,0,750,750,750,MBLUSDT
filters.MARKET_LOT_SIZE.maxQty,58653.70791666,58653.70791666,1,0,1,0,0,0,589,589,589,MTLUSDT
filters.MARKET_LOT_SIZE.maxQty,469128.28333333,469128.28333333,1,0,1,0,0,0,698,698,698,OGNUSDT
filters.MARKET_LOT_SIZE.maxQty,14793143.78458333,14793143.78458333,1,0,1,0,0,0,526,526,526,ONEUSDT
filters.MARKET_LOT_SIZE.maxQty,31791.385,31791.385,1,0,1,0,0,0,653,653,653,RLCUSDT
filters.MARKET_LOT_SIZE.maxQty,9222449,9222449,1,0,1,0,0,0,624,624,624,RVNUSDT
filters.MARKET_LOT_SIZE.maxQty,6154429.71666666,6154429.71666666,1,0,1,0,0,0,842,842,842,SCUSDT
filters.MARKET_LOT_SIZE.maxQty,83960.44708333,83960.44708333,1,0,1,0,0,0,850,850,850,SNXUSDT
filters.MARKET_LOT_SIZE.maxQty,1280914.6625,1280914.6625,1,0,1,0,0,0,520,520,520,TFUELUSDT
filters.MARKET_LOT_SIZE.maxQty,113506.04083333,113506.04083333,1,0,1,0,0,0,495,495,495,THETAUSDT
filters.MARKET_LOT_SIZE.maxQty,3924330.53291666,3924330.53291666,1,0,1,0,0,0,351,351,351,TRXUSDT
filters.MARKET_LOT_SIZE.maxQty,29452044.67083333,29452044.67083333,1,0,1,0,0,0,859,859,859,VTHOUSDT
filters.MARKET_LOT_SIZE.maxQty,282911439.0208333,282911439.0208333,1,0,1,0,0,0,578,578,578,WINUSDT
filters.MARKET_LOT_SIZE.maxQty,1392055.09583333,1392055.09583333,1,0,1,0,0,0,335,335,335,XLMUSDT
filters.MARKET_LOT_SIZE.maxQty,260467.48875,260467.48875,1,0,1,0,0,0,622,622,622,XTZUSDT
filters.MARKET_LOT_SIZE.maxQty,2403508.95333333,2403508.95333333,1,0,1,0,0,0,468,468,468,ZILUSDT
filters.MARKET_LOT_SIZE.maxQty,128459.26666666,128459.26666666,1,0,1,0,0,0,470,470,470,ZRXUSDT
filters.MARKET_LOT_SIZE.maxQty,118466.08,118466.08,1,0,1,0,0,0,3647,3647,3647,AEROUSDT
filters.MARKET_LOT_SIZE.maxQty,1352258.59916666,1352258.59916666,1,0,1,0,0,0,2168,2168,2168,ARBUSDT
filters.MARKET_LOT_SIZE.maxQty,982147.21708333,982147.21708333,1,0,1,0,0,0,2365,2365,2365,BLURUSDT
filters.MARKET_LOT_SIZE.maxQty,2178799.9375,2178799.9375,1,0,1,0,0,0,3565,3565,3565,CHIPUSDT
filters.MARKET_LOT_SIZE.maxQty,145021.94395833,145021.94395833,1,0,1,0,0,0,955,955,955,DOTUSDT
filters.MARKET_LOT_SIZE.maxQty,2944581.88329166,2944581.88329166,1,0,1,0,0,0,2557,2557,2557,ENAUSDT
filters.MARKET_LOT_SIZE.maxQty,171531.45875,171531.45875,1,0,1,0,0,0,2541,2541,2541,ETHFIUSDT
filters.MARKET_LOT_SIZE.maxQty,2122900.1375,2122900.1375,1,0,1,0,0,0,2260,2260,2260,FDUSDUSDT
filters.MARKET_LOT_SIZE.maxQty,984601.575,984601.575,1,0,1,0,0,0,473,473,473,FETUSDT
filters.MARKET_LOT_SIZE.maxQty,188611.95083333,188611.95083333,1,0,1,0,0,0,1106,1106,1106,FILUSDT
filters.MARKET_LOT_SIZE.maxQty,1443245.59125,1443245.59125,1,0,1,0,0,0,3252,3252,3252,HOLOUSDT
filters.MARKET_LOT_SIZE.maxQty,41028.31633333,41028.31633333,1,0,1,0,0,0,1425,1425,1425,ICPUSDT
filters.MARKET_LOT_SIZE.maxQty,29592260.1125,29592260.1125,1,0,1,0,0,0,482,482,482,IOSTUSDT
filters.MARKET_LOT_SIZE.maxQty,308913.31333333,308913.31333333,1,0,1,0,0,0,2454,2454,2454,JUPUSDT
filters.MARKET_LOT_SIZE.maxQty,609890.56666666,609890.56666666,1,0,1,0,0,0,3691,3691,3691,MARSCOINUSDT
filters.MARKET_LOT_SIZE.maxQty,167978.98166666,167978.98166666,1,0,1,0,0,0,1564,1564,1564,MINAUSDT
filters.MARKET_LOT_SIZE.maxQty,606831.59375,606831.59375,1,0,1,0,0,0,3045,3045,3045,ONDOUSDT
filters.MARKET_LOT_SIZE.maxQty,19121064.67083333,19121064.67083333,1,0,1,0,0,0,2861,2861,2861,PENGUUSDT
filters.MARKET_LOT_SIZE.maxQty,92233720368,92233720368,1,0,1,0,0,0,2211,2211,2211,PEPEUSDT
filters.MARKET_LOT_SIZE.maxQty,612977.73291666,612977.73291666,1,0,1,0,0,0,2734,2734,2734,POLUSDT
filters.MARKET_LOT_SIZE.maxQty,42915400.85,42915400.85,1,0,1,0,0,0,3257,3257,3257,PUMPUSDT
filters.MARKET_LOT_SIZE.maxQty,39811.05041666,39811.05041666,1,0,1,0,0,0,1567,1567,1567,RAYUSDT
filters.MARKET_LOT_SIZE.maxQty,8042213.79583333,8042213.79583333,1,0,1,0,0,0,2614,2614,2614,REZUSDT
filters.MARKET_LOT_SIZE.maxQty,13417816.85,13417816.85,1,0,1,0,0,0,3481,3481,3481,RLUSDUSDT
filters.MARKET_LOT_SIZE.maxQty,326886.5825,326886.5825,1,0,1,0,0,0,2577,2577,2577,SAGAUSDT
filters.MARKET_LOT_SIZE.maxQty,4987331.30833333,4987331.30833333,1,0,1,0,0,0,3155,3155,3155,SAHARAUSDT
filters.MARKET_LOT_SIZE.maxQty,15527821.8875,15527821.8875,1,0,1,0,0,0,3123,3123,3123,SOPHUSDT
filters.MARKET_LOT_SIZE.maxQty,355117.73083333,355117.73083333,1,0,1,0,0,0,2203,2203,2203,SUIUSDT
filters.MARKET_LOT_SIZE.maxQty,507284.94416666,507284.94416666,1,0,1,0,0,0,2802,2802,2802,THEUSDT
filters.MARKET_LOT_SIZE.maxQty,1631791.95416666,1631791.95416666,1,0,1,0,0,0,3021,3021,3021,TUTUSDT
filters.MARKET_LOT_SIZE.maxQty,7699886.775,7699886.775,1,0,1,0,0,0,3111,3111,3111,USD1USDT
filters.MARKET_LOT_SIZE.maxQty,18723315.74166666,18723315.74166666,1,0,1,0,0,0,423,423,423,USDCUSDT
filters.MARKET_LOT_SIZE.maxQty,8102884.94166666,8102884.94166666,1,0,1,0,0,0,3471,3471,3471,UUSDT
filters.MARKET_LOT_SIZE.maxQty,646466.10125,646466.10125,1,0,1,0,0,0,2256,2256,2256,WLDUSDT
filters.MARKET_LOT_SIZE.maxQty,4131572.88,4131572.88,1,0,1,0,0,0,3227,3227,3227,WLFIUSDT
filters.MARKET_LOT_SIZE.maxQty,3153378.59583333,3153378.59583333,1,0,1,0,0,0,3290,3290,3290,XPLUSDT
filters.MARKET_LOT_SIZE.maxQty,215653.79166666,215653.79166666,1,0,1,0,0,0,3697,3697,3697,牛来USDT
filters.MARKET_LOT_SIZE.maxQty,5896.4756125,5896.4756125,1,0,1,0,-0.017129862467172297,-0.017129862467172297,99,99,99,BNBUSDT
filters.MARKET_LOT_SIZE.maxQty,178221.71125,178221.71125,1,0,1,0,-0.060666223090151794,-0.060666223090151794,1098,1098,1098,NEARUSDT
filters.MARKET_LOT_SIZE.maxQty,1638940.25833333,1638940.25833333,1,0,1,0,-0.08529875666074481,-0.08529875666074481,307,307,307,XRPUSDT
filters.MARKET_LOT_SIZE.maxQty,81936.5370375,81936.5370375,1,0,1,0,-0.15924542743538672,-0.15924542743538672,2909,2909,2909,TRUMPUSDT
filters.MARKET_LOT_SIZE.maxQty,1359.1888875,1359.1888875,1,0,1,0,-0.38973517562196713,-0.38973517562196713,3594,3594,3594,NVDABUSDT
filters.MARKET_LOT_SIZE.maxQty,529.48323958,529.48323958,1,0,1,0,-0.4454246266268,-0.4454246266268,969,969,969,PAXGUSDT
filters.MARKET_LOT_SIZE.maxQty,34407.48575,34407.48575,1,0,1,0,-0.6445915026535254,-0.6445915026535254,1043,1043,1043,UNIUSDT
filters.MARKET_LOT_SIZE.maxQty,130079.04725,130079.04725,1,0,1,0,-0.7951502031049242,-0.7951502031049242,3624,3624,3624,GRAMUSDT
filters.MARKET_LOT_SIZE.maxQty,387.55649958,387.55649958,1,0,1,0,-0.8260042193576344,-0.8260042193576344,3545,3545,3545,XAUTUSDT
filters.MARKET_LOT_SIZE.maxQty,3641.828775,3641.828775,1,0,1,0,-1.058746592083142,-1.058746592083142,3597,3597,3597,SPCXBUSDT
filters.MARKET_LOT_SIZE.maxQty,1449.28611583,1449.28611583,1,0,1,0,-1.3859942816413302,-1.3859942816413302,2588,2588,2588,TAOUSDT
filters.MARKET_LOT_SIZE.maxQty,686.70663333,686.70663333,1,0,1,0,-1.790808112335525,-1.790808112335525,3618,3618,3618,QQQBUSDT
filters.MARKET_LOT_SIZE.maxQty,2348.16953333,2348.16953333,1,0,1,0,-2.1195238795901137,-2.1195238795901137,662,662,662,BCHUSDT
filters.MARKET_LOT_SIZE.maxQty,248.21347916,248.21347916,1,0,1,0,-2.7366554408728145,-2.7366554408728145,3595,3595,3595,SNDKBUSDT
filters.MARKET_LOT_SIZE.maxQty,11108.75075,11108.75075,1,0,1,0,-2.914877561018076,-2.914877561018076,352,352,352,ETCUSDT
filters.MARKET_LOT_SIZE.maxQty,1464.33430416,1464.33430416,1,0,1,0,-6.357173248228543,-6.357173248228543,3633,3633,3633,SOXLBUSDT
permissionSets,"[[""SPOT"",""MARGIN"",""TRD_GRP_015"",""TRD_GRP_016"",""TRD_GRP_017"",""TRD_GRP_018"",""TRD_GRP_019"",""TRD_GRP_021"",""TRD_GRP_022"",""TRD_GRP_023"",""TRD_GRP_024"",""TRD_GRP_025"",""TRD_GRP_049"",""TRD_GRP_050"",""TRD_GRP_051"",""TRD_GRP_052"",""TRD_GRP_053"",""TRD_GRP_054"",""TRD_GRP_055"",""TRD_GRP_056"",""TRD_GRP_057"",""TRD_GRP_058"",""TRD_GRP_059"",""TRD_GRP_060"",""TRD_GRP_061"",""TRD_GRP_062"",""TRD_GRP_063"",""TRD_GRP_064"",""TRD_GRP_065"",""TRD_GRP_066"",""TRD_GRP_067"",""TRD_GRP_068"",""TRD_GRP_069"",""TRD_GRP_070"",""TRD_GRP_071"",""TRD_GRP_072"",""TRD_GRP_073"",""TRD_GRP_074"",""TRD_GRP_075"",""TRD_GRP_076"",""TRD_GRP_077"",""TRD_GRP_078"",""TRD_GRP_079"",""TRD_GRP_080"",""TRD_GRP_081"",""TRD_GRP_082"",""TRD_GRP_083"",""TRD_GRP_084"",""TRD_GRP_085"",""TRD_GRP_086"",""TRD_GRP_087"",""TRD_GRP_088"",""TRD_GRP_089"",""TRD_GRP_090"",""TRD_GRP_091"",""TRD_GRP_092"",""TRD_GRP_093"",""TRD_GRP_094"",""TRD_GRP_095"",""TRD_GRP_096"",""TRD_GRP_097"",""TRD_GRP_098"",""TRD_GRP_099"",""TRD_GRP_100"",""TRD_GRP_101"",""TRD_GRP_102"",""TRD_GRP_103"",""TRD_GRP_104"",""TRD_GRP_105"",""TRD_GRP_106"",""TRD_GRP_107"",""TRD_GRP_108"",""TRD_GRP_109"",""TRD_GRP_110"",""TRD_GRP_111"",""TRD_GRP_112"",""TRD_GRP_113"",""TRD_GRP_114"",""TRD_GRP_115"",""TRD_GRP_116"",""TRD_GRP_117"",""TRD_GRP_118"",""TRD_GRP_119"",""TRD_GRP_120"",""TRD_GRP_121"",""TRD_GRP_122"",""TRD_GRP_123"",""TRD_GRP_124"",""TRD_GRP_125"",""TRD_GRP_126"",""TRD_GRP_127"",""TRD_GRP_128"",""TRD_GRP_129"",""TRD_GRP_130"",""TRD_GRP_131"",""TRD_GRP_132"",""TRD_GRP_133"",""TRD_GRP_134"",""TRD_GRP_135"",""TRD_GRP_136"",""TRD_GRP_137"",""TRD_GRP_138"",""TRD_GRP_139"",""TRD_GRP_140"",""TRD_GRP_141"",""TRD_GRP_142"",""TRD_GRP_143"",""TRD_GRP_144"",""TRD_GRP_145"",""TRD_GRP_146"",""TRD_GRP_147"",""TRD_GRP_148"",""TRD_GRP_149"",""TRD_GRP_150"",""TRD_GRP_151"",""TRD_GRP_152"",""TRD_GRP_153"",""TRD_GRP_154"",""TRD_GRP_155"",""TRD_GRP_156"",""TRD_GRP_157"",""TRD_GRP_158"",""TRD_GRP_159"",""TRD_GRP_160"",""TRD_GRP_161"",""TRD_GRP_162"",""TRD_GRP_163"",""TRD_GRP_164"",""TRD_GRP_165"",""TRD_GRP_166"",""TRD_GRP_167"",""TRD_GRP_168"",""TRD_GRP_169"",""TRD_GRP_170"",""TRD_GRP_171"",""TRD_GRP_172"",""TRD_GRP_173"",""TRD_GRP_174"",""TRD_GRP_175"",""TRD_GRP_176"",""TRD_GRP_177"",""TRD_GRP_178"",""TRD_GRP_179"",""TRD_GRP_180"",""TRD_GRP_181"",""TRD_GRP_182"",""TRD_GRP_183"",""TRD_GRP_184"",""TRD_GRP_185"",""TRD_GRP_186"",""TRD_GRP_187"",""TRD_GRP_188"",""TRD_GRP_189"",""TRD_GRP_190"",""TRD_GRP_191"",""TRD_GRP_192"",""TRD_GRP_193"",""TRD_GRP_194"",""TRD_GRP_195"",""TRD_GRP_196"",""TRD_GRP_197"",""TRD_GRP_198"",""TRD_GRP_199"",""TRD_GRP_200"",""TRD_GRP_201"",""TRD_GRP_202"",""TRD_GRP_203"",""TRD_GRP_204"",""TRD_GRP_205"",""TRD_GRP_206"",""TRD_GRP_207"",""TRD_GRP_208"",""TRD_GRP_209"",""TRD_GRP_210"",""TRD_GRP_211"",""TRD_GRP_212"",""TRD_GRP_213"",""TRD_GRP_214"",""TRD_GRP_215"",""TRD_GRP_216"",""TRD_GRP_217"",""TRD_GRP_218"",""TRD_GRP_219"",""TRD_GRP_220"",""TRD_GRP_221"",""TRD_GRP_222"",""TRD_GRP_223"",""TRD_GRP_224"",""TRD_GRP_225"",""TRD_GRP_226"",""TRD_GRP_227"",""TRD_GRP_228"",""TRD_GRP_229"",""TRD_GRP_230"",""TRD_GRP_231"",""TRD_GRP_232"",""TRD_GRP_233"",""TRD_GRP_234"",""TRD_GRP_235"",""TRD_GRP_236"",""TRD_GRP_237"",""TRD_GRP_238"",""TRD_GRP_239"",""TRD_GRP_240"",""TRD_GRP_242"",""TRD_GRP_244"",""TRD_GRP_245"",""TRD_GRP_246"",""TRD_GRP_247"",""TRD_GRP_248"",""TRD_GRP_249"",""TRD_GRP_250"",""TRD_GRP_251"",""TRD_GRP_252"",""TRD_GRP_253"",""TRD_GRP_256"",""TRD_GRP_258""]]",,1,1,0,1,19.093584879365956,19.093584879365956,478,478,478,ZECUSDT
permissionSets,"[[""SPOT"",""MARGIN"",""TRD_GRP_004"",""TRD_GRP_005"",""TRD_GRP_006"",""TRD_GRP_015"",""TRD_GRP_016"",""TRD_GRP_017"",""TRD_GRP_018"",""TRD_GRP_019"",""TRD_GRP_020"",""TRD_GRP_021"",""TRD_GRP_022"",""TRD_GRP_023"",""TRD_GRP_024"",""TRD_GRP_025"",""TRD_GRP_049"",""TRD_GRP_050"",""TRD_GRP_051"",""TRD_GRP_052"",""TRD_GRP_053"",""TRD_GRP_054"",""TRD_GRP_055"",""TRD_GRP_056"",""TRD_GRP_057"",""TRD_GRP_058"",""TRD_GRP_059"",""TRD_GRP_060"",""TRD_GRP_061"",""TRD_GRP_062"",""TRD_GRP_063"",""TRD_GRP_064"",""TRD_GRP_065"",""TRD_GRP_066"",""TRD_GRP_067"",""TRD_GRP_068"",""TRD_GRP_069"",""TRD_GRP_070"",""TRD_GRP_071"",""TRD_GRP_072"",""TRD_GRP_073"",""TRD_GRP_074"",""TRD_GRP_075"",""TRD_GRP_076"",""TRD_GRP_077"",""TRD_GRP_078"",""TRD_GRP_079"",""TRD_GRP_080"",""TRD_GRP_081"",""TRD_GRP_082"",""TRD_GRP_083"",""TRD_GRP_084"",""TRD_GRP_085"",""TRD_GRP_086"",""TRD_GRP_087"",""TRD_GRP_088"",""TRD_GRP_089"",""TRD_GRP_090"",""TRD_GRP_091"",""TRD_GRP_092"",""TRD_GRP_093"",""TRD_GRP_094"",""TRD_GRP_095"",""TRD_GRP_096"",""TRD_GRP_097"",""TRD_GRP_098"",""TRD_GRP_099"",""TRD_GRP_100"",""TRD_GRP_101"",""TRD_GRP_102"",""TRD_GRP_103"",""TRD_GRP_104"",""TRD_GRP_105"",""TRD_GRP_106"",""TRD_GRP_107"",""TRD_GRP_108"",""TRD_GRP_109"",""TRD_GRP_110"",""TRD_GRP_111"",""TRD_GRP_112"",""TRD_GRP_113"",""TRD_GRP_114"",""TRD_GRP_115"",""TRD_GRP_116"",""TRD_GRP_117"",""TRD_GRP_118"",""TRD_GRP_119"",""TRD_GRP_120"",""TRD_GRP_121"",""TRD_GRP_122"",""TRD_GRP_123"",""TRD_GRP_124"",""TRD_GRP_125"",""TRD_GRP_126"",""TRD_GRP_127"",""TRD_GRP_128"",""TRD_GRP_129"",""TRD_GRP_130"",""TRD_GRP_131"",""TRD_GRP_132"",""TRD_GRP_133"",""TRD_GRP_134"",""TRD_GRP_135"",""TRD_GRP_136"",""TRD_GRP_137"",""TRD_GRP_138"",""TRD_GRP_139"",""TRD_GRP_140"",""TRD_GRP_141"",""TRD_GRP_142"",""TRD_GRP_143"",""TRD_GRP_144"",""TRD_GRP_145"",""TRD_GRP_146"",""TRD_GRP_147"",""TRD_GRP_148"",""TRD_GRP_149"",""TRD_GRP_150"",""TRD_GRP_151"",""TRD_GRP_152"",""TRD_GRP_153"",""TRD_GRP_154"",""TRD_GRP_155"",""TRD_GRP_156"",""TRD_GRP_157"",""TRD_GRP_158"",""TRD_GRP_159"",""TRD_GRP_160"",""TRD_GRP_161"",""TRD_GRP_162"",""TRD_GRP_163"",""TRD_GRP_164"",""TRD_GRP_165"",""TRD_GRP_166"",""TRD_GRP_167"",""TRD_GRP_168"",""TRD_GRP_169"",""TRD_GRP_170"",""TRD_GRP_171"",""TRD_GRP_172"",""TRD_GRP_173"",""TRD_GRP_174"",""TRD_GRP_175"",""TRD_GRP_176"",""TRD_GRP_177"",""TRD_GRP_178"",""TRD_GRP_179"",""TRD_GRP_180"",""TRD_GRP_181"",""TRD_GRP_182"",""TRD_GRP_183"",""TRD_GRP_184"",""TRD_GRP_185"",""TRD_GRP_186"",""TRD_GRP_187"",""TRD_GRP_188"",""TRD_GRP_189"",""TRD_GRP_190"",""TRD_GRP_191"",""TRD_GRP_192"",""TRD_GRP_193"",""TRD_GRP_194"",""TRD_GRP_195"",""TRD_GRP_196"",""TRD_GRP_197"",""TRD_GRP_198"",""TRD_GRP_199"",""TRD_GRP_200"",""TRD_GRP_201"",""TRD_GRP_202"",""TRD_GRP_203"",""TRD_GRP_204"",""TRD_GRP_205"",""TRD_GRP_206"",""TRD_GRP_207"",""TRD_GRP_208"",""TRD_GRP_209"",""TRD_GRP_210"",""TRD_GRP_211"",""TRD_GRP_212"",""TRD_GRP_213"",""TRD_GRP_214"",""TRD_GRP_215"",""TRD_GRP_216"",""TRD_GRP_217"",""TRD_GRP_218"",""TRD_GRP_219"",""TRD_GRP_220"",""TRD_GRP_221"",""TRD_GRP_222"",""TRD_GRP_223"",""TRD_GRP_224"",""TRD_GRP_225"",""TRD_GRP_226"",""TRD_GRP_227"",""TRD_GRP_228"",""TRD_GRP_229"",""TRD_GRP_230"",""TRD_GRP_231"",""TRD_GRP_232"",""TRD_GRP_233"",""TRD_GRP_234"",""TRD_GRP_235"",""TRD_GRP_236"",""TRD_GRP_237"",""TRD_GRP_238"",""TRD_GRP_239"",""TRD_GRP_240"",""TRD_GRP_242"",""TRD_GRP_243"",""TRD_GRP_244"",""TRD_GRP_245"",""TRD_GRP_246"",""TRD_GRP_247"",""TRD_GRP_248"",""TRD_GRP_249"",""TRD_GRP_250"",""TRD_GRP_251"",""TRD_GRP_252"",""TRD_GRP_253"",""TRD_GRP_256"",""TRD_GRP_258"",""TRD_GRP_259""]]",,1,1,0,1,5.414565649921552,5.414565649921552,12,12,12,BTCUSDT
permissionSets,"[[""SPOT"",""MARGIN"",""TRD_GRP_015"",""TRD_GRP_016"",""TRD_GRP_017"",""TRD_GRP_018"",""TRD_GRP_019"",""TRD_GRP_020"",""TRD_GRP_021"",""TRD_GRP_022"",""TRD_GRP_023"",""TRD_GRP_024"",""TRD_GRP_025"",""TRD_GRP_049"",""TRD_GRP_050"",""TRD_GRP_051"",""TRD_GRP_052"",""TRD_GRP_053"",""TRD_GRP_054"",""TRD_GRP_055"",""TRD_GRP_056"",""TRD_GRP_057"",""TRD_GRP_058"",""TRD_GRP_059"",""TRD_GRP_060"",""TRD_GRP_061"",""TRD_GRP_062"",""TRD_GRP_063"",""TRD_GRP_064"",""TRD_GRP_065"",""TRD_GRP_066"",""TRD_GRP_067"",""TRD_GRP_068"",""TRD_GRP_069"",""TRD_GRP_070"",""TRD_GRP_071"",""TRD_GRP_072"",""TRD_GRP_073"",""TRD_GRP_074"",""TRD_GRP_075"",""TRD_GRP_076"",""TRD_GRP_077"",""TRD_GRP_078"",""TRD_GRP_079"",""TRD_GRP_080"",""TRD_GRP_081"",""TRD_GRP_082"",""TRD_GRP_083"",""TRD_GRP_084"",""TRD_GRP_085"",""TRD_GRP_086"",""TRD_GRP_087"",""TRD_GRP_088"",""TRD_GRP_089"",""TRD_GRP_090"",""TRD_GRP_091"",""TRD_GRP_092"",""TRD_GRP_093"",""TRD_GRP_094"",""TRD_GRP_095"",""TRD_GRP_096"",""TRD_GRP_097"",""TRD_GRP_098"",""TRD_GRP_099"",""TRD_GRP_100"",""TRD_GRP_101"",""TRD_GRP_102"",""TRD_GRP_103"",""TRD_GRP_104"",""TRD_GRP_105"",""TRD_GRP_106"",""TRD_GRP_107"",""TRD_GRP_108"",""TRD_GRP_109"",""TRD_GRP_110"",""TRD_GRP_111"",""TRD_GRP_112"",""TRD_GRP_113"",""TRD_GRP_114"",""TRD_GRP_115"",""TRD_GRP_116"",""TRD_GRP_117"",""TRD_GRP_118"",""TRD_GRP_119"",""TRD_GRP_120"",""TRD_GRP_121"",""TRD_GRP_122"",""TRD_GRP_123"",""TRD_GRP_124"",""TRD_GRP_125"",""TRD_GRP_126"",""TRD_GRP_127"",""TRD_GRP_128"",""TRD_GRP_129"",""TRD_GRP_130"",""TRD_GRP_131"",""TRD_GRP_132"",""TRD_GRP_133"",""TRD_GRP_134"",""TRD_GRP_135"",""TRD_GRP_136"",""TRD_GRP_137"",""TRD_GRP_138"",""TRD_GRP_139"",""TRD_GRP_140"",""TRD_GRP_141"",""TRD_GRP_142"",""TRD_GRP_143"",""TRD_GRP_144"",""TRD_GRP_145"",""TRD_GRP_146"",""TRD_GRP_147"",""TRD_GRP_148"",""TRD_GRP_149"",""TRD_GRP_150"",""TRD_GRP_151"",""TRD_GRP_152"",""TRD_GRP_153"",""TRD_GRP_154"",""TRD_GRP_155"",""TRD_GRP_156"",""TRD_GRP_157"",""TRD_GRP_158"",""TRD_GRP_159"",""TRD_GRP_160"",""TRD_GRP_161"",""TRD_GRP_162"",""TRD_GRP_163"",""TRD_GRP_164"",""TRD_GRP_165"",""TRD_GRP_166"",""TRD_GRP_167"",""TRD_GRP_168"",""TRD_GRP_169"",""TRD_GRP_170"",""TRD_GRP_171"",""TRD_GRP_172"",""TRD_GRP_173"",""TRD_GRP_174"",""TRD_GRP_175"",""TRD_GRP_176"",""TRD_GRP_177"",""TRD_GRP_178"",""TRD_GRP_179"",""TRD_GRP_180"",""TRD_GRP_181"",""TRD_GRP_182"",""TRD_GRP_183"",""TRD_GRP_184"",""TRD_GRP_185"",""TRD_GRP_186"",""TRD_GRP_187"",""TRD_GRP_188"",""TRD_GRP_189"",""TRD_GRP_190"",""TRD_GRP_191"",""TRD_GRP_192"",""TRD_GRP_193"",""TRD_GRP_194"",""TRD_GRP_195"",""TRD_GRP_196"",""TRD_GRP_197"",""TRD_GRP_198"",""TRD_GRP_199"",""TRD_GRP_200"",""TRD_GRP_201"",""TRD_GRP_202"",""TRD_GRP_203"",""TRD_GRP_204"",""TRD_GRP_205"",""TRD_GRP_206"",""TRD_GRP_207"",""TRD_GRP_208"",""TRD_GRP_209"",""TRD_GRP_210"",""TRD_GRP_211"",""TRD_GRP_212"",""TRD_GRP_213"",""TRD_GRP_214"",""TRD_GRP_215"",""TRD_GRP_216"",""TRD_GRP_217"",""TRD_GRP_218"",""TRD_GRP_219"",""TRD_GRP_220"",""TRD_GRP_221"",""TRD_GRP_222"",""TRD_GRP_223"",""TRD_GRP_224"",""TRD_GRP_225"",""TRD_GRP_226"",""TRD_GRP_227"",""TRD_GRP_228"",""TRD_GRP_229"",""TRD_GRP_230"",""TRD_GRP_231"",""TRD_GRP_232"",""TRD_GRP_233"",""TRD_GRP_234"",""TRD_GRP_235"",""TRD_GRP_236"",""TRD_GRP_237"",""TRD_GRP_238"",""TRD_GRP_239"",""TRD_GRP_240"",""TRD_GRP_242"",""TRD_GRP_244"",""TRD_GRP_245"",""TRD_GRP_246"",""TRD_GRP_247"",""TRD_GRP_248"",""TRD_GRP_249"",""TRD_GRP_250"",""TRD_GRP_251"",""TRD_GRP_252"",""TRD_GRP_253"",""TRD_GRP_256"",""TRD_GRP_258""]]",,2,2,0,1,4.029567915785655,4.029567915785655,687,491,883,DCRUSDT|DASHUSDT
permissionSets,"[[""SPOT"",""MARGIN"",""TRD_GRP_004"",""TRD_GRP_015"",""TRD_GRP_016"",""TRD_GRP_017"",""TRD_GRP_018"",""TRD_GRP_019"",""TRD_GRP_020"",""TRD_GRP_021"",""TRD_GRP_022"",""TRD_GRP_023"",""TRD_GRP_024"",""TRD_GRP_025"",""TRD_GRP_049"",""TRD_GRP_050"",""TRD_GRP_051"",""TRD_GRP_052"",""TRD_GRP_053"",""TRD_GRP_054"",""TRD_GRP_055"",""TRD_GRP_056"",""TRD_GRP_057"",""TRD_GRP_058"",""TRD_GRP_059"",""TRD_GRP_060"",""TRD_GRP_061"",""TRD_GRP_062"",""TRD_GRP_063"",""TRD_GRP_064"",""TRD_GRP_065"",""TRD_GRP_066"",""TRD_GRP_067"",""TRD_GRP_068"",""TRD_GRP_069"",""TRD_GRP_070"",""TRD_GRP_071"",""TRD_GRP_072"",""TRD_GRP_073"",""TRD_GRP_074"",""TRD_GRP_075"",""TRD_GRP_076"",""TRD_GRP_077"",""TRD_GRP_078"",""TRD_GRP_079"",""TRD_GRP_080"",""TRD_GRP_081"",""TRD_GRP_082"",""TRD_GRP_083"",""TRD_GRP_084"",""TRD_GRP_085"",""TRD_GRP_086"",""TRD_GRP_087"",""TRD_GRP_088"",""TRD_GRP_089"",""TRD_GRP_090"",""TRD_GRP_091"",""TRD_GRP_092"",""TRD_GRP_093"",""TRD_GRP_094"",""TRD_GRP_095"",""TRD_GRP_096"",""TRD_GRP_097"",""TRD_GRP_098"",""TRD_GRP_099"",""TRD_GRP_100"",""TRD_GRP_101"",""TRD_GRP_102"",""TRD_GRP_103"",""TRD_GRP_104"",""TRD_GRP_105"",""TRD_GRP_106"",""TRD_GRP_107"",""TRD_GRP_108"",""TRD_GRP_109"",""TRD_GRP_110"",""TRD_GRP_111"",""TRD_GRP_112"",""TRD_GRP_113"",""TRD_GRP_114"",""TRD_GRP_115"",""TRD_GRP_116"",""TRD_GRP_117"",""TRD_GRP_118"",""TRD_GRP_119"",""TRD_GRP_120"",""TRD_GRP_121"",""TRD_GRP_122"",""TRD_GRP_123"",""TRD_GRP_124"",""TRD_GRP_125"",""TRD_GRP_126"",""TRD_GRP_127"",""TRD_GRP_128"",""TRD_GRP_129"",""TRD_GRP_130"",""TRD_GRP_131"",""TRD_GRP_132"",""TRD_GRP_133"",""TRD_GRP_134"",""TRD_GRP_135"",""TRD_GRP_136"",""TRD_GRP_137"",""TRD_GRP_138"",""TRD_GRP_139"",""TRD_GRP_140"",""TRD_GRP_141"",""TRD_GRP_142"",""TRD_GRP_143"",""TRD_GRP_144"",""TRD_GRP_145"",""TRD_GRP_146"",""TRD_GRP_147"",""TRD_GRP_148"",""TRD_GRP_149"",""TRD_GRP_150"",""TRD_GRP_151"",""TRD_GRP_152"",""TRD_GRP_153"",""TRD_GRP_154"",""TRD_GRP_155"",""TRD_GRP_156"",""TRD_GRP_157"",""TRD_GRP_158"",""TRD_GRP_159"",""TRD_GRP_160"",""TRD_GRP_161"",""TRD_GRP_162"",""TRD_GRP_163"",""TRD_GRP_164"",""TRD_GRP_165"",""TRD_GRP_166"",""TRD_GRP_167"",""TRD_GRP_168"",""TRD_GRP_169"",""TRD_GRP_170"",""TRD_GRP_171"",""TRD_GRP_172"",""TRD_GRP_173"",""TRD_GRP_174"",""TRD_GRP_175"",""TRD_GRP_176"",""TRD_GRP_177"",""TRD_GRP_178"",""TRD_GRP_179"",""TRD_GRP_180"",""TRD_GRP_181"",""TRD_GRP_182"",""TRD_GRP_183"",""TRD_GRP_184"",""TRD_GRP_185"",""TRD_GRP_186"",""TRD_GRP_187"",""TRD_GRP_188"",""TRD_GRP_189"",""TRD_GRP_190"",""TRD_GRP_191"",""TRD_GRP_192"",""TRD_GRP_193"",""TRD_GRP_194"",""TRD_GRP_195"",""TRD_GRP_196"",""TRD_GRP_197"",""TRD_GRP_198"",""TRD_GRP_199"",""TRD_GRP_200"",""TRD_GRP_201"",""TRD_GRP_202"",""TRD_GRP_203"",""TRD_GRP_204"",""TRD_GRP_205"",""TRD_GRP_206"",""TRD_GRP_207"",""TRD_GRP_208"",""TRD_GRP_209"",""TRD_GRP_210"",""TRD_GRP_211"",""TRD_GRP_212"",""TRD_GRP_213"",""TRD_GRP_214"",""TRD_GRP_215"",""TRD_GRP_216"",""TRD_GRP_217"",""TRD_GRP_218"",""TRD_GRP_219"",""TRD_GRP_220"",""TRD_GRP_221"",""TRD_GRP_222"",""TRD_GRP_223"",""TRD_GRP_224"",""TRD_GRP_225"",""TRD_GRP_226"",""TRD_GRP_227"",""TRD_GRP_228"",""TRD_GRP_229"",""TRD_GRP_230"",""TRD_GRP_231"",""TRD_GRP_232"",""TRD_GRP_233"",""TRD_GRP_234"",""TRD_GRP_235"",""TRD_GRP_236"",""TRD_GRP_237"",""TRD_GRP_238"",""TRD_GRP_239"",""TRD_GRP_240"",""TRD_GRP_242"",""TRD_GRP_243"",""TRD_GRP_244"",""TRD_GRP_245"",""TRD_GRP_246"",""TRD_GRP_247"",""TRD_GRP_248"",""TRD_GRP_249"",""TRD_GRP_250"",""TRD_GRP_251"",""TRD_GRP_252"",""TRD_GRP_253"",""TRD_GRP_256"",""TRD_GRP_258""]]",,1,1,0,1,1.0768324804883163,1.0768324804883163,843,843,843,ZENUSDT
permissionSets,"[[""SPOT"",""MARGIN"",""TRD_GRP_004"",""TRD_GRP_005"",""TRD_GRP_006"",""TRD_GRP_015"",""TRD_GRP_016"",""TRD_GRP_017"",""TRD_GRP_018"",""TRD_GRP_019"",""TRD_GRP_020"",""TRD_GRP_021"",""TRD_GRP_022"",""TRD_GRP_023"",""TRD_GRP_024"",""TRD_GRP_025"",""TRD_GRP_049"",""TRD_GRP_050"",""TRD_GRP_051"",""TRD_GRP_052"",""TRD_GRP_053"",""TRD_GRP_054"",""TRD_GRP_055"",""TRD_GRP_056"",""TRD_GRP_057"",""TRD_GRP_058"",""TRD_GRP_059"",""TRD_GRP_060"",""TRD_GRP_061"",""TRD_GRP_062"",""TRD_GRP_063"",""TRD_GRP_064"",""TRD_GRP_065"",""TRD_GRP_066"",""TRD_GRP_067"",""TRD_GRP_068"",""TRD_GRP_069"",""TRD_GRP_070"",""TRD_GRP_071"",""TRD_GRP_072"",""TRD_GRP_073"",""TRD_GRP_074"",""TRD_GRP_075"",""TRD_GRP_076"",""TRD_GRP_077"",""TRD_GRP_078"",""TRD_GRP_079"",""TRD_GRP_080"",""TRD_GRP_081"",""TRD_GRP_082"",""TRD_GRP_083"",""TRD_GRP_084"",""TRD_GRP_085"",""TRD_GRP_086"",""TRD_GRP_087"",""TRD_GRP_088"",""TRD_GRP_089"",""TRD_GRP_090"",""TRD_GRP_091"",""TRD_GRP_092"",""TRD_GRP_093"",""TRD_GRP_094"",""TRD_GRP_095"",""TRD_GRP_096"",""TRD_GRP_097"",""TRD_GRP_098"",""TRD_GRP_099"",""TRD_GRP_100"",""TRD_GRP_101"",""TRD_GRP_102"",""TRD_GRP_103"",""TRD_GRP_104"",""TRD_GRP_105"",""TRD_GRP_106"",""TRD_GRP_107"",""TRD_GRP_108"",""TRD_GRP_109"",""TRD_GRP_110"",""TRD_GRP_111"",""TRD_GRP_112"",""TRD_GRP_113"",""TRD_GRP_114"",""TRD_GRP_115"",""TRD_GRP_116"",""TRD_GRP_117"",""TRD_GRP_118"",""TRD_GRP_119"",""TRD_GRP_120"",""TRD_GRP_121"",""TRD_GRP_122"",""TRD_GRP_123"",""TRD_GRP_124"",""TRD_GRP_125"",""TRD_GRP_126"",""TRD_GRP_127"",""TRD_GRP_128"",""TRD_GRP_129"",""TRD_GRP_130"",""TRD_GRP_131"",""TRD_GRP_132"",""TRD_GRP_133"",""TRD_GRP_134"",""TRD_GRP_135"",""TRD_GRP_136"",""TRD_GRP_137"",""TRD_GRP_138"",""TRD_GRP_139"",""TRD_GRP_140"",""TRD_GRP_141"",""TRD_GRP_142"",""TRD_GRP_143"",""TRD_GRP_144"",""TRD_GRP_145"",""TRD_GRP_146"",""TRD_GRP_147"",""TRD_GRP_148"",""TRD_GRP_149"",""TRD_GRP_150"",""TRD_GRP_151"",""TRD_GRP_152"",""TRD_GRP_153"",""TRD_GRP_154"",""TRD_GRP_155"",""TRD_GRP_156"",""TRD_GRP_157"",""TRD_GRP_158"",""TRD_GRP_159"",""TRD_GRP_160"",""TRD_GRP_161"",""TRD_GRP_162"",""TRD_GRP_163"",""TRD_GRP_164"",""TRD_GRP_165"",""TRD_GRP_166"",""TRD_GRP_167"",""TRD_GRP_168"",""TRD_GRP_169"",""TRD_GRP_170"",""TRD_GRP_171"",""TRD_GRP_172"",""TRD_GRP_173"",""TRD_GRP_174"",""TRD_GRP_175"",""TRD_GRP_176"",""TRD_GRP_177"",""TRD_GRP_178"",""TRD_GRP_179"",""TRD_GRP_180"",""TRD_GRP_181"",""TRD_GRP_182"",""TRD_GRP_183"",""TRD_GRP_184"",""TRD_GRP_185"",""TRD_GRP_186"",""TRD_GRP_187"",""TRD_GRP_188"",""TRD_GRP_189"",""TRD_GRP_190"",""TRD_GRP_191"",""TRD_GRP_192"",""TRD_GRP_193"",""TRD_GRP_194"",""TRD_GRP_195"",""TRD_GRP_196"",""TRD_GRP_197"",""TRD_GRP_198"",""TRD_GRP_199"",""TRD_GRP_200"",""TRD_GRP_201"",""TRD_GRP_202"",""TRD_GRP_203"",""TRD_GRP_204"",""TRD_GRP_205"",""TRD_GRP_206"",""TRD_GRP_207"",""TRD_GRP_208"",""TRD_GRP_209"",""TRD_GRP_210"",""TRD_GRP_211"",""TRD_GRP_212"",""TRD_GRP_213"",""TRD_GRP_214"",""TRD_GRP_215"",""TRD_GRP_216"",""TRD_GRP_217"",""TRD_GRP_218"",""TRD_GRP_219"",""TRD_GRP_220"",""TRD_GRP_221"",""TRD_GRP_222"",""TRD_GRP_223"",""TRD_GRP_224"",""TRD_GRP_225"",""TRD_GRP_226"",""TRD_GRP_227"",""TRD_GRP_228"",""TRD_GRP_229"",""TRD_GRP_230"",""TRD_GRP_231"",""TRD_GRP_232"",""TRD_GRP_233"",""TRD_GRP_234"",""TRD_GRP_235"",""TRD_GRP_236"",""TRD_GRP_237"",""TRD_GRP_238"",""TRD_GRP_239"",""TRD_GRP_240"",""TRD_GRP_242"",""TRD_GRP_243"",""TRD_GRP_244"",""TRD_GRP_245"",""TRD_GRP_246"",""TRD_GRP_247"",""TRD_GRP_248"",""TRD_GRP_249"",""TRD_GRP_250"",""TRD_GRP_251"",""TRD_GRP_252"",""TRD_GRP_253"",""TRD_GRP_256"",""TRD_GRP_258""]]",,59,12,47,0.2033898305084746,0.5730186001024196,0,863.0169491525423,13,2734,YFIUSDT|COMPUSDT|SOLUSDT|LTCUSDT|ETHUSDT|LINKUSDT|ATOMUSDT|CRVUSDT|ADAUSDT|ALGOUSDT|ANKRUSDT|ARPAUSDT|BANDUSDT|CELRUSDT|CHRUSDT|CHZUSDT|COTIUSDT|CTSIUSDT|CVCUSDT|DOGEUSDT|ENJUSDT|HBARUSDT|IOTAUSDT|KNCUSDT|MANAUSDT|MBLUSDT|MTLUSDT|OGNUSDT|SNXUSDT|TRXUSDT|WINUSDT|XLMUSDT|XTZUSDT|ZILUSDT|ZRXUSDT|XRPUSDT|BCHUSDT|ETCUSDT|AAVEUSDT|INJUSDT|AVAXUSDT|APTUSDT|ARBUSDT|DOTUSDT|FDUSDUSDT|FETUSDT|FILUSDT|ICPUSDT|IOSTUSDT|PEPEUSDT|POLUSDT|RAYUSDT|SUIUSDT|USDCUSDT|WLDUSDT|BNBUSDT|NEARUSDT|PAXGUSDT|UNIUSDT
permissionSets,"[[""SPOT"",""MARGIN"",""TRD_GRP_004"",""TRD_GRP_006"",""TRD_GRP_015"",""TRD_GRP_016"",""TRD_GRP_017"",""TRD_GRP_018"",""TRD_GRP_019"",""TRD_GRP_020"",""TRD_GRP_021"",""TRD_GRP_022"",""TRD_GRP_023"",""TRD_GRP_024"",""TRD_GRP_025"",""TRD_GRP_049"",""TRD_GRP_050"",""TRD_GRP_051"",""TRD_GRP_052"",""TRD_GRP_053"",""TRD_GRP_054"",""TRD_GRP_055"",""TRD_GRP_056"",""TRD_GRP_057"",""TRD_GRP_058"",""TRD_GRP_059"",""TRD_GRP_060"",""TRD_GRP_061"",""TRD_GRP_062"",""TRD_GRP_063"",""TRD_GRP_064"",""TRD_GRP_065"",""TRD_GRP_066"",""TRD_GRP_067"",""TRD_GRP_068"",""TRD_GRP_069"",""TRD_GRP_070"",""TRD_GRP_071"",""TRD_GRP_072"",""TRD_GRP_073"",""TRD_GRP_074"",""TRD_GRP_075"",""TRD_GRP_076"",""TRD_GRP_077"",""TRD_GRP_078"",""TRD_GRP_079"",""TRD_GRP_080"",""TRD_GRP_081"",""TRD_GRP_082"",""TRD_GRP_083"",""TRD_GRP_084"",""TRD_GRP_085"",""TRD_GRP_086"",""TRD_GRP_087"",""TRD_GRP_088"",""TRD_GRP_089"",""TRD_GRP_090"",""TRD_GRP_091"",""TRD_GRP_092"",""TRD_GRP_093"",""TRD_GRP_094"",""TRD_GRP_095"",""TRD_GRP_096"",""TRD_GRP_097"",""TRD_GRP_098"",""TRD_GRP_099"",""TRD_GRP_100"",""TRD_GRP_101"",""TRD_GRP_102"",""TRD_GRP_103"",""TRD_GRP_104"",""TRD_GRP_105"",""TRD_GRP_106"",""TRD_GRP_107"",""TRD_GRP_108"",""TRD_GRP_109"",""TRD_GRP_110"",""TRD_GRP_111"",""TRD_GRP_112"",""TRD_GRP_113"",""TRD_GRP_114"",""TRD_GRP_115"",""TRD_GRP_116"",""TRD_GRP_117"",""TRD_GRP_118"",""TRD_GRP_119"",""TRD_GRP_120"",""TRD_GRP_121"",""TRD_GRP_122"",""TRD_GRP_123"",""TRD_GRP_124"",""TRD_GRP_125"",""TRD_GRP_126"",""TRD_GRP_127"",""TRD_GRP_128"",""TRD_GRP_129"",""TRD_GRP_130"",""TRD_GRP_131"",""TRD_GRP_132"",""TRD_GRP_133"",""TRD_GRP_134"",""TRD_GRP_135"",""TRD_GRP_136"",""TRD_GRP_137"",""TRD_GRP_138"",""TRD_GRP_139"",""TRD_GRP_140"",""TRD_GRP_141"",""TRD_GRP_142"",""TRD_GRP_143"",""TRD_GRP_144"",""TRD_GRP_145"",""TRD_GRP_146"",""TRD_GRP_147"",""TRD_GRP_148"",""TRD_GRP_149"",""TRD_GRP_150"",""TRD_GRP_151"",""TRD_GRP_152"",""TRD_GRP_153"",""TRD_GRP_154"",""TRD_GRP_155"",""TRD_GRP_156"",""TRD_GRP_157"",""TRD_GRP_158"",""TRD_GRP_159"",""TRD_GRP_160"",""TRD_GRP_161"",""TRD_GRP_162"",""TRD_GRP_163"",""TRD_GRP_164"",""TRD_GRP_165"",""TRD_GRP_166"",""TRD_GRP_167"",""TRD_GRP_168"",""TRD_GRP_169"",""TRD_GRP_170"",""TRD_GRP_171"",""TRD_GRP_172"",""TRD_GRP_173"",""TRD_GRP_174"",""TRD_GRP_175"",""TRD_GRP_176"",""TRD_GRP_177"",""TRD_GRP_178"",""TRD_GRP_179"",""TRD_GRP_180"",""TRD_GRP_181"",""TRD_GRP_182"",""TRD_GRP_183"",""TRD_GRP_184"",""TRD_GRP_185"",""TRD_GRP_186"",""TRD_GRP_187"",""TRD_GRP_188"",""TRD_GRP_189"",""TRD_GRP_190"",""TRD_GRP_191"",""TRD_GRP_192"",""TRD_GRP_193"",""TRD_GRP_194"",""TRD_GRP_195"",""TRD_GRP_196"",""TRD_GRP_197"",""TRD_GRP_198"",""TRD_GRP_199"",""TRD_GRP_200"",""TRD_GRP_201"",""TRD_GRP_202"",""TRD_GRP_203"",""TRD_GRP_204"",""TRD_GRP_205"",""TRD_GRP_206"",""TRD_GRP_207"",""TRD_GRP_208"",""TRD_GRP_209"",""TRD_GRP_210"",""TRD_GRP_211"",""TRD_GRP_212"",""TRD_GRP_213"",""TRD_GRP_214"",""TRD_GRP_215"",""TRD_GRP_216"",""TRD_GRP_217"",""TRD_GRP_218"",""TRD_GRP_219"",""TRD_GRP_220"",""TRD_GRP_221"",""TRD_GRP_222"",""TRD_GRP_223"",""TRD_GRP_224"",""TRD_GRP_225"",""TRD_GRP_226"",""TRD_GRP_227"",""TRD_GRP_228"",""TRD_GRP_229"",""TRD_GRP_230"",""TRD_GRP_231"",""TRD_GRP_232"",""TRD_GRP_233"",""TRD_GRP_234"",""TRD_GRP_235"",""TRD_GRP_236"",""TRD_GRP_237"",""TRD_GRP_238"",""TRD_GRP_239"",""TRD_GRP_240"",""TRD_GRP_242"",""TRD_GRP_243"",""TRD_GRP_244"",""TRD_GRP_245"",""TRD_GRP_246"",""TRD_GRP_247"",""TRD_GRP_248"",""TRD_GRP_249"",""TRD_GRP_250"",""TRD_GRP_251"",""TRD_GRP_252"",""TRD_GRP_253"",""TRD_GRP_256"",""TRD_GRP_258""]]",,14,4,10,0.2857142857142857,0.13597171905965438,0,650.7857142857143,142,1564,ONGUSDT|NEOUSDT|QTUMUSDT|STXUSDT|HIVEUSDT|KAVAUSDT|LSKUSDT|ONEUSDT|RVNUSDT|SCUSDT|TFUELUSDT|THETAUSDT|VTHOUSDT|MINAUSDT
permissionSets,"[[""SPOT"",""MARGIN"",""TRD_GRP_004"",""TRD_GRP_005"",""TRD_GRP_006"",""TRD_GRP_016"",""TRD_GRP_017"",""TRD_GRP_018"",""TRD_GRP_019"",""TRD_GRP_020"",""TRD_GRP_021"",""TRD_GRP_022"",""TRD_GRP_023"",""TRD_GRP_024"",""TRD_GRP_025"",""TRD_GRP_049"",""TRD_GRP_050"",""TRD_GRP_051"",""TRD_GRP_052"",""TRD_GRP_053"",""TRD_GRP_054"",""TRD_GRP_055"",""TRD_GRP_056"",""TRD_GRP_057"",""TRD_GRP_058"",""TRD_GRP_059"",""TRD_GRP_060"",""TRD_GRP_061"",""TRD_GRP_062"",""TRD_GRP_063"",""TRD_GRP_064"",""TRD_GRP_065"",""TRD_GRP_066"",""TRD_GRP_067"",""TRD_GRP_068"",""TRD_GRP_069"",""TRD_GRP_070"",""TRD_GRP_071"",""TRD_GRP_072"",""TRD_GRP_073"",""TRD_GRP_074"",""TRD_GRP_075"",""TRD_GRP_076"",""TRD_GRP_077"",""TRD_GRP_078"",""TRD_GRP_079"",""TRD_GRP_080"",""TRD_GRP_081"",""TRD_GRP_082"",""TRD_GRP_083"",""TRD_GRP_084"",""TRD_GRP_085"",""TRD_GRP_086"",""TRD_GRP_087"",""TRD_GRP_088"",""TRD_GRP_089"",""TRD_GRP_090"",""TRD_GRP_091"",""TRD_GRP_092"",""TRD_GRP_093"",""TRD_GRP_094"",""TRD_GRP_095"",""TRD_GRP_096"",""TRD_GRP_097"",""TRD_GRP_098"",""TRD_GRP_099"",""TRD_GRP_100"",""TRD_GRP_101"",""TRD_GRP_102"",""TRD_GRP_103"",""TRD_GRP_104"",""TRD_GRP_105"",""TRD_GRP_106"",""TRD_GRP_107"",""TRD_GRP_108"",""TRD_GRP_109"",""TRD_GRP_110"",""TRD_GRP_111"",""TRD_GRP_112"",""TRD_GRP_113"",""TRD_GRP_114"",""TRD_GRP_115"",""TRD_GRP_116"",""TRD_GRP_117"",""TRD_GRP_118"",""TRD_GRP_119"",""TRD_GRP_120"",""TRD_GRP_121"",""TRD_GRP_122"",""TRD_GRP_123"",""TRD_GRP_124"",""TRD_GRP_125"",""TRD_GRP_126"",""TRD_GRP_127"",""TRD_GRP_128"",""TRD_GRP_129"",""TRD_GRP_130"",""TRD_GRP_131"",""TRD_GRP_132"",""TRD_GRP_133"",""TRD_GRP_134"",""TRD_GRP_135"",""TRD_GRP_136"",""TRD_GRP_137"",""TRD_GRP_138"",""TRD_GRP_139"",""TRD_GRP_140"",""TRD_GRP_141"",""TRD_GRP_142"",""TRD_GRP_143"",""TRD_GRP_144"",""TRD_GRP_145"",""TRD_GRP_146"",""TRD_GRP_147"",""TRD_GRP_148"",""TRD_GRP_149"",""TRD_GRP_150"",""TRD_GRP_151"",""TRD_GRP_152"",""TRD_GRP_153"",""TRD_GRP_154"",""TRD_GRP_155"",""TRD_GRP_156"",""TRD_GRP_157"",""TRD_GRP_158"",""TRD_GRP_159"",""TRD_GRP_160"",""TRD_GRP_161"",""TRD_GRP_162"",""TRD_GRP_163"",""TRD_GRP_164"",""TRD_GRP_165"",""TRD_GRP_166"",""TRD_GRP_167"",""TRD_GRP_168"",""TRD_GRP_169"",""TRD_GRP_170"",""TRD_GRP_171"",""TRD_GRP_172"",""TRD_GRP_173"",""TRD_GRP_174"",""TRD_GRP_175"",""TRD_GRP_176"",""TRD_GRP_177"",""TRD_GRP_178"",""TRD_GRP_179"",""TRD_GRP_180"",""TRD_GRP_181"",""TRD_GRP_182"",""TRD_GRP_183"",""TRD_GRP_184"",""TRD_GRP_185"",""TRD_GRP_186"",""TRD_GRP_187"",""TRD_GRP_188"",""TRD_GRP_189"",""TRD_GRP_190"",""TRD_GRP_191"",""TRD_GRP_192"",""TRD_GRP_193"",""TRD_GRP_194"",""TRD_GRP_195"",""TRD_GRP_196"",""TRD_GRP_197"",""TRD_GRP_198"",""TRD_GRP_199"",""TRD_GRP_200"",""TRD_GRP_201"",""TRD_GRP_202"",""TRD_GRP_203"",""TRD_GRP_204"",""TRD_GRP_205"",""TRD_GRP_206"",""TRD_GRP_207"",""TRD_GRP_208"",""TRD_GRP_209"",""TRD_GRP_210"",""TRD_GRP_211"",""TRD_GRP_212"",""TRD_GRP_213"",""TRD_GRP_214"",""TRD_GRP_215"",""TRD_GRP_216"",""TRD_GRP_217"",""TRD_GRP_218"",""TRD_GRP_219"",""TRD_GRP_220"",""TRD_GRP_221"",""TRD_GRP_222"",""TRD_GRP_223"",""TRD_GRP_224"",""TRD_GRP_225"",""TRD_GRP_226"",""TRD_GRP_227"",""TRD_GRP_228"",""TRD_GRP_229"",""TRD_GRP_230"",""TRD_GRP_231"",""TRD_GRP_232"",""TRD_GRP_233"",""TRD_GRP_234"",""TRD_GRP_235"",""TRD_GRP_236"",""TRD_GRP_237"",""TRD_GRP_238"",""TRD_GRP_239"",""TRD_GRP_240"",""TRD_GRP_242"",""TRD_GRP_243"",""TRD_GRP_244"",""TRD_GRP_245"",""TRD_GRP_246"",""TRD_GRP_247"",""TRD_GRP_248"",""TRD_GRP_249"",""TRD_GRP_250"",""TRD_GRP_251"",""TRD_GRP_252"",""TRD_GRP_253"",""TRD_GRP_256"",""TRD_GRP_258""]]",,19,3,16,0.15789473684210525,0.04744189952562892,0,2901.9473684210525,2365,3328,MORPHOUSDT|ZROUSDT|ASTERUSDT|BLURUSDT|ENAUSDT|ETHFIUSDT|HOLOUSDT|JUPUSDT|ONDOUSDT|PENGUUSDT|PUMPUSDT|REZUSDT|SAGAUSDT|SAHARAUSDT|SOPHUSDT|WLFIUSDT|XPLUSDT|TRUMPUSDT|TAOUSDT
permissionSets,"[[""SPOT"",""MARGIN"",""TRD_GRP_004"",""TRD_GRP_005"",""TRD_GRP_015"",""TRD_GRP_016"",""TRD_GRP_017"",""TRD_GRP_018"",""TRD_GRP_019"",""TRD_GRP_020"",""TRD_GRP_021"",""TRD_GRP_022"",""TRD_GRP_023"",""TRD_GRP_024"",""TRD_GRP_025"",""TRD_GRP_049"",""TRD_GRP_050"",""TRD_GRP_051"",""TRD_GRP_052"",""TRD_GRP_053"",""TRD_GRP_054"",""TRD_GRP_055"",""TRD_GRP_056"",""TRD_GRP_057"",""TRD_GRP_058"",""TRD_GRP_059"",""TRD_GRP_060"",""TRD_GRP_061"",""TRD_GRP_062"",""TRD_GRP_063"",""TRD_GRP_064"",""TRD_GRP_065"",""TRD_GRP_066"",""TRD_GRP_067"",""TRD_GRP_068"",""TRD_GRP_069"",""TRD_GRP_070"",""TRD_GRP_071"",""TRD_GRP_072"",""TRD_GRP_073"",""TRD_GRP_074"",""TRD_GRP_075"",""TRD_GRP_076"",""TRD_GRP_077"",""TRD_GRP_078"",""TRD_GRP_079"",""TRD_GRP_080"",""TRD_GRP_081"",""TRD_GRP_082"",""TRD_GRP_083"",""TRD_GRP_084"",""TRD_GRP_085"",""TRD_GRP_086"",""TRD_GRP_087"",""TRD_GRP_088"",""TRD_GRP_089"",""TRD_GRP_090"",""TRD_GRP_091"",""TRD_GRP_092"",""TRD_GRP_093"",""TRD_GRP_094"",""TRD_GRP_095"",""TRD_GRP_096"",""TRD_GRP_097"",""TRD_GRP_098"",""TRD_GRP_099"",""TRD_GRP_100"",""TRD_GRP_101"",""TRD_GRP_102"",""TRD_GRP_103"",""TRD_GRP_104"",""TRD_GRP_105"",""TRD_GRP_106"",""TRD_GRP_107"",""TRD_GRP_108"",""TRD_GRP_109"",""TRD_GRP_110"",""TRD_GRP_111"",""TRD_GRP_112"",""TRD_GRP_113"",""TRD_GRP_114"",""TRD_GRP_115"",""TRD_GRP_116"",""TRD_GRP_117"",""TRD_GRP_118"",""TRD_GRP_119"",""TRD_GRP_120"",""TRD_GRP_121"",""TRD_GRP_122"",""TRD_GRP_123"",""TRD_GRP_124"",""TRD_GRP_125"",""TRD_GRP_126"",""TRD_GRP_127"",""TRD_GRP_128"",""TRD_GRP_129"",""TRD_GRP_130"",""TRD_GRP_131"",""TRD_GRP_132"",""TRD_GRP_133"",""TRD_GRP_134"",""TRD_GRP_135"",""TRD_GRP_136"",""TRD_GRP_137"",""TRD_GRP_138"",""TRD_GRP_139"",""TRD_GRP_140"",""TRD_GRP_141"",""TRD_GRP_142"",""TRD_GRP_143"",""TRD_GRP_144"",""TRD_GRP_145"",""TRD_GRP_146"",""TRD_GRP_147"",""TRD_GRP_148"",""TRD_GRP_149"",""TRD_GRP_150"",""TRD_GRP_151"",""TRD_GRP_152"",""TRD_GRP_153"",""TRD_GRP_154"",""TRD_GRP_155"",""TRD_GRP_156"",""TRD_GRP_157"",""TRD_GRP_158"",""TRD_GRP_159"",""TRD_GRP_160"",""TRD_GRP_161"",""TRD_GRP_162"",""TRD_GRP_163"",""TRD_GRP_164"",""TRD_GRP_165"",""TRD_GRP_166"",""TRD_GRP_167"",""TRD_GRP_168"",""TRD_GRP_169"",""TRD_GRP_170"",""TRD_GRP_171"",""TRD_GRP_172"",""TRD_GRP_173"",""TRD_GRP_174"",""TRD_GRP_175"",""TRD_GRP_176"",""TRD_GRP_177"",""TRD_GRP_178"",""TRD_GRP_179"",""TRD_GRP_180"",""TRD_GRP_181"",""TRD_GRP_182"",""TRD_GRP_183"",""TRD_GRP_184"",""TRD_GRP_185"",""TRD_GRP_186"",""TRD_GRP_187"",""TRD_GRP_188"",""TRD_GRP_189"",""TRD_GRP_190"",""TRD_GRP_191"",""TRD_GRP_192"",""TRD_GRP_193"",""TRD_GRP_194"",""TRD_GRP_195"",""TRD_GRP_196"",""TRD_GRP_197"",""TRD_GRP_198"",""TRD_GRP_199"",""TRD_GRP_200"",""TRD_GRP_201"",""TRD_GRP_202"",""TRD_GRP_203"",""TRD_GRP_204"",""TRD_GRP_205"",""TRD_GRP_206"",""TRD_GRP_207"",""TRD_GRP_208"",""TRD_GRP_209"",""TRD_GRP_210"",""TRD_GRP_211"",""TRD_GRP_212"",""TRD_GRP_213"",""TRD_GRP_214"",""TRD_GRP_215"",""TRD_GRP_216"",""TRD_GRP_217"",""TRD_GRP_218"",""TRD_GRP_219"",""TRD_GRP_220"",""TRD_GRP_221"",""TRD_GRP_222"",""TRD_GRP_223"",""TRD_GRP_224"",""TRD_GRP_225"",""TRD_GRP_226"",""TRD_GRP_227"",""TRD_GRP_228"",""TRD_GRP_229"",""TRD_GRP_230"",""TRD_GRP_231"",""TRD_GRP_232"",""TRD_GRP_233"",""TRD_GRP_234"",""TRD_GRP_235"",""TRD_GRP_236"",""TRD_GRP_237"",""TRD_GRP_238"",""TRD_GRP_239"",""TRD_GRP_240"",""TRD_GRP_242"",""TRD_GRP_243"",""TRD_GRP_244"",""TRD_GRP_245"",""TRD_GRP_246"",""TRD_GRP_247"",""TRD_GRP_248"",""TRD_GRP_249"",""TRD_GRP_250"",""TRD_GRP_251"",""TRD_GRP_252"",""TRD_GRP_253"",""TRD_GRP_256"",""TRD_GRP_258""]]",,2,0,2,0,0,0,608.5,564,653,DUSKUSDT|RLCUSDT
permissionSets,"[[""SPOT"",""TRD_GRP_015"",""TRD_GRP_016"",""TRD_GRP_017"",""TRD_GRP_018"",""TRD_GRP_019"",""TRD_GRP_020"",""TRD_GRP_021"",""TRD_GRP_022"",""TRD_GRP_023"",""TRD_GRP_024"",""TRD_GRP_025"",""TRD_GRP_049"",""TRD_GRP_050"",""TRD_GRP_051"",""TRD_GRP_052"",""TRD_GRP_053"",""TRD_GRP_054"",""TRD_GRP_055"",""TRD_GRP_056"",""TRD_GRP_057"",""TRD_GRP_058"",""TRD_GRP_059"",""TRD_GRP_060"",""TRD_GRP_061"",""TRD_GRP_062"",""TRD_GRP_063"",""TRD_GRP_064"",""TRD_GRP_065"",""TRD_GRP_066"",""TRD_GRP_067"",""TRD_GRP_068"",""TRD_GRP_069"",""TRD_GRP_070"",""TRD_GRP_071"",""TRD_GRP_072"",""TRD_GRP_073"",""TRD_GRP_074"",""TRD_GRP_075"",""TRD_GRP_076"",""TRD_GRP_077"",""TRD_GRP_078"",""TRD_GRP_079"",""TRD_GRP_080"",""TRD_GRP_081"",""TRD_GRP_082"",""TRD_GRP_083"",""TRD_GRP_084"",""TRD_GRP_085"",""TRD_GRP_086"",""TRD_GRP_087"",""TRD_GRP_088"",""TRD_GRP_089"",""TRD_GRP_090"",""TRD_GRP_091"",""TRD_GRP_092"",""TRD_GRP_093"",""TRD_GRP_094"",""TRD_GRP_095"",""TRD_GRP_096"",""TRD_GRP_097"",""TRD_GRP_098"",""TRD_GRP_099"",""TRD_GRP_100"",""TRD_GRP_101"",""TRD_GRP_102"",""TRD_GRP_103"",""TRD_GRP_104"",""TRD_GRP_105"",""TRD_GRP_106"",""TRD_GRP_107"",""TRD_GRP_108"",""TRD_GRP_109"",""TRD_GRP_110"",""TRD_GRP_111"",""TRD_GRP_112"",""TRD_GRP_113"",""TRD_GRP_114"",""TRD_GRP_115"",""TRD_GRP_116"",""TRD_GRP_117"",""TRD_GRP_118"",""TRD_GRP_119"",""TRD_GRP_120"",""TRD_GRP_121"",""TRD_GRP_122"",""TRD_GRP_123"",""TRD_GRP_124"",""TRD_GRP_125"",""TRD_GRP_126"",""TRD_GRP_127"",""TRD_GRP_128"",""TRD_GRP_129"",""TRD_GRP_130"",""TRD_GRP_131"",""TRD_GRP_132"",""TRD_GRP_133"",""TRD_GRP_134"",""TRD_GRP_135"",""TRD_GRP_136"",""TRD_GRP_137"",""TRD_GRP_138"",""TRD_GRP_139"",""TRD_GRP_140"",""TRD_GRP_141"",""TRD_GRP_142"",""TRD_GRP_143"",""TRD_GRP_144"",""TRD_GRP_145"",""TRD_GRP_146"",""TRD_GRP_147"",""TRD_GRP_148"",""TRD_GRP_149"",""TRD_GRP_150"",""TRD_GRP_151"",""TRD_GRP_152"",""TRD_GRP_153"",""TRD_GRP_154"",""TRD_GRP_155"",""TRD_GRP_156"",""TRD_GRP_157"",""TRD_GRP_158"",""TRD_GRP_159"",""TRD_GRP_160"",""TRD_GRP_161"",""TRD_GRP_162"",""TRD_GRP_163"",""TRD_GRP_164"",""TRD_GRP_165"",""TRD_GRP_166"",""TRD_GRP_167"",""TRD_GRP_168"",""TRD_GRP_169"",""TRD_GRP_170"",""TRD_GRP_171"",""TRD_GRP_172"",""TRD_GRP_173"",""TRD_GRP_174"",""TRD_GRP_175"",""TRD_GRP_176"",""TRD_GRP_177"",""TRD_GRP_178"",""TRD_GRP_179"",""TRD_GRP_180"",""TRD_GRP_181"",""TRD_GRP_182"",""TRD_GRP_183"",""TRD_GRP_184"",""TRD_GRP_185"",""TRD_GRP_186"",""TRD_GRP_187"",""TRD_GRP_188"",""TRD_GRP_189"",""TRD_GRP_190"",""TRD_GRP_191"",""TRD_GRP_192"",""TRD_GRP_193"",""TRD_GRP_194"",""TRD_GRP_195"",""TRD_GRP_196"",""TRD_GRP_197"",""TRD_GRP_198"",""TRD_GRP_199"",""TRD_GRP_200"",""TRD_GRP_201"",""TRD_GRP_202"",""TRD_GRP_203"",""TRD_GRP_204"",""TRD_GRP_205"",""TRD_GRP_206"",""TRD_GRP_207"",""TRD_GRP_208"",""TRD_GRP_209"",""TRD_GRP_210"",""TRD_GRP_211"",""TRD_GRP_212"",""TRD_GRP_213"",""TRD_GRP_214"",""TRD_GRP_215"",""TRD_GRP_216"",""TRD_GRP_217"",""TRD_GRP_218"",""TRD_GRP_219"",""TRD_GRP_220"",""TRD_GRP_221"",""TRD_GRP_222"",""TRD_GRP_223"",""TRD_GRP_224"",""TRD_GRP_225"",""TRD_GRP_226"",""TRD_GRP_227"",""TRD_GRP_228"",""TRD_GRP_229"",""TRD_GRP_230"",""TRD_GRP_231"",""TRD_GRP_232"",""TRD_GRP_233"",""TRD_GRP_234"",""TRD_GRP_235"",""TRD_GRP_236"",""TRD_GRP_237"",""TRD_GRP_238"",""TRD_GRP_239"",""TRD_GRP_240"",""TRD_GRP_242"",""TRD_GRP_245"",""TRD_GRP_246"",""TRD_GRP_247"",""TRD_GRP_248"",""TRD_GRP_249"",""TRD_GRP_250"",""TRD_GRP_251"",""TRD_GRP_252"",""TRD_GRP_253"",""TRD_GRP_256"",""TRD_GRP_258"",""MARGIN_001""]]",,1,0,1,0,0,0,695,695,695,EURUSDT
permissionSets,"[[""SPOT"",""TRD_GRP_004"",""TRD_GRP_005"",""TRD_GRP_006"",""TRD_GRP_015"",""TRD_GRP_016"",""TRD_GRP_017"",""TRD_GRP_018"",""TRD_GRP_019"",""TRD_GRP_020"",""TRD_GRP_021"",""TRD_GRP_022"",""TRD_GRP_023"",""TRD_GRP_024"",""TRD_GRP_025"",""TRD_GRP_049"",""TRD_GRP_050"",""TRD_GRP_051"",""TRD_GRP_052"",""TRD_GRP_053"",""TRD_GRP_054"",""TRD_GRP_055"",""TRD_GRP_056"",""TRD_GRP_057"",""TRD_GRP_058"",""TRD_GRP_059"",""TRD_GRP_060"",""TRD_GRP_061"",""TRD_GRP_062"",""TRD_GRP_063"",""TRD_GRP_064"",""TRD_GRP_065"",""TRD_GRP_066"",""TRD_GRP_067"",""TRD_GRP_068"",""TRD_GRP_069"",""TRD_GRP_070"",""TRD_GRP_071"",""TRD_GRP_072"",""TRD_GRP_073"",""TRD_GRP_074"",""TRD_GRP_075"",""TRD_GRP_076"",""TRD_GRP_077"",""TRD_GRP_078"",""TRD_GRP_079"",""TRD_GRP_080"",""TRD_GRP_081"",""TRD_GRP_082"",""TRD_GRP_083"",""TRD_GRP_084"",""TRD_GRP_085"",""TRD_GRP_086"",""TRD_GRP_087"",""TRD_GRP_088"",""TRD_GRP_089"",""TRD_GRP_090"",""TRD_GRP_091"",""TRD_GRP_092"",""TRD_GRP_093"",""TRD_GRP_094"",""TRD_GRP_095"",""TRD_GRP_096"",""TRD_GRP_097"",""TRD_GRP_098"",""TRD_GRP_099"",""TRD_GRP_100"",""TRD_GRP_101"",""TRD_GRP_102"",""TRD_GRP_103"",""TRD_GRP_104"",""TRD_GRP_105"",""TRD_GRP_106"",""TRD_GRP_107"",""TRD_GRP_108"",""TRD_GRP_109"",""TRD_GRP_110"",""TRD_GRP_111"",""TRD_GRP_112"",""TRD_GRP_113"",""TRD_GRP_114"",""TRD_GRP_115"",""TRD_GRP_116"",""TRD_GRP_117"",""TRD_GRP_118"",""TRD_GRP_119"",""TRD_GRP_120"",""TRD_GRP_121"",""TRD_GRP_122"",""TRD_GRP_123"",""TRD_GRP_124"",""TRD_GRP_125"",""TRD_GRP_126"",""TRD_GRP_127"",""TRD_GRP_128"",""TRD_GRP_129"",""TRD_GRP_130"",""TRD_GRP_131"",""TRD_GRP_132"",""TRD_GRP_133"",""TRD_GRP_134"",""TRD_GRP_135"",""TRD_GRP_136"",""TRD_GRP_137"",""TRD_GRP_138"",""TRD_GRP_139"",""TRD_GRP_140"",""TRD_GRP_141"",""TRD_GRP_142"",""TRD_GRP_143"",""TRD_GRP_144"",""TRD_GRP_145"",""TRD_GRP_146"",""TRD_GRP_147"",""TRD_GRP_148"",""TRD_GRP_149"",""TRD_GRP_150"",""TRD_GRP_151"",""TRD_GRP_152"",""TRD_GRP_153"",""TRD_GRP_154"",""TRD_GRP_155"",""TRD_GRP_156"",""TRD_GRP_157"",""TRD_GRP_158"",""TRD_GRP_159"",""TRD_GRP_160"",""TRD_GRP_161"",""TRD_GRP_162"",""TRD_GRP_163"",""TRD_GRP_164"",""TRD_GRP_165"",""TRD_GRP_166"",""TRD_GRP_167"",""TRD_GRP_168"",""TRD_GRP_169"",""TRD_GRP_170"",""TRD_GRP_171"",""TRD_GRP_172"",""TRD_GRP_173"",""TRD_GRP_174"",""TRD_GRP_175"",""TRD_GRP_176"",""TRD_GRP_177"",""TRD_GRP_178"",""TRD_GRP_179"",""TRD_GRP_180"",""TRD_GRP_181"",""TRD_GRP_182"",""TRD_GRP_183"",""TRD_GRP_184"",""TRD_GRP_185"",""TRD_GRP_186"",""TRD_GRP_187"",""TRD_GRP_188"",""TRD_GRP_189"",""TRD_GRP_190"",""TRD_GRP_191"",""TRD_GRP_192"",""TRD_GRP_193"",""TRD_GRP_194"",""TRD_GRP_195"",""TRD_GRP_196"",""TRD_GRP_197"",""TRD_GRP_198"",""TRD_GRP_199"",""TRD_GRP_200"",""TRD_GRP_201"",""TRD_GRP_202"",""TRD_GRP_203"",""TRD_GRP_204"",""TRD_GRP_205"",""TRD_GRP_206"",""TRD_GRP_207"",""TRD_GRP_208"",""TRD_GRP_209"",""TRD_GRP_210"",""TRD_GRP_211"",""TRD_GRP_212"",""TRD_GRP_213"",""TRD_GRP_214"",""TRD_GRP_215"",""TRD_GRP_216"",""TRD_GRP_217"",""TRD_GRP_218"",""TRD_GRP_219"",""TRD_GRP_220"",""TRD_GRP_221"",""TRD_GRP_222"",""TRD_GRP_223"",""TRD_GRP_224"",""TRD_GRP_225"",""TRD_GRP_226"",""TRD_GRP_227"",""TRD_GRP_228"",""TRD_GRP_229"",""TRD_GRP_230"",""TRD_GRP_231"",""TRD_GRP_232"",""TRD_GRP_233"",""TRD_GRP_234"",""TRD_GRP_235"",""TRD_GRP_236"",""TRD_GRP_237"",""TRD_GRP_238"",""TRD_GRP_239"",""TRD_GRP_240"",""TRD_GRP_242"",""TRD_GRP_243"",""TRD_GRP_244"",""TRD_GRP_245"",""TRD_GRP_246"",""TRD_GRP_247"",""TRD_GRP_248"",""TRD_GRP_249"",""TRD_GRP_250"",""TRD_GRP_251"",""TRD_GRP_252"",""TRD_GRP_253"",""TRD_GRP_256"",""TRD_GRP_258""]]",,1,0,1,0,0,0,652,652,652,IOTXUSDT
permissionSets,"[[""SPOT"",""TRD_GRP_004"",""TRD_GRP_005"",""TRD_GRP_006"",""TRD_GRP_016"",""TRD_GRP_017"",""TRD_GRP_018"",""TRD_GRP_019"",""TRD_GRP_020"",""TRD_GRP_021"",""TRD_GRP_022"",""TRD_GRP_023"",""TRD_GRP_024"",""TRD_GRP_025"",""TRD_GRP_049"",""TRD_GRP_050"",""TRD_GRP_051"",""TRD_GRP_052"",""TRD_GRP_053"",""TRD_GRP_054"",""TRD_GRP_055"",""TRD_GRP_056"",""TRD_GRP_057"",""TRD_GRP_058"",""TRD_GRP_059"",""TRD_GRP_060"",""TRD_GRP_061"",""TRD_GRP_062"",""TRD_GRP_063"",""TRD_GRP_064"",""TRD_GRP_065"",""TRD_GRP_066"",""TRD_GRP_067"",""TRD_GRP_068"",""TRD_GRP_069"",""TRD_GRP_070"",""TRD_GRP_071"",""TRD_GRP_072"",""TRD_GRP_073"",""TRD_GRP_074"",""TRD_GRP_075"",""TRD_GRP_076"",""TRD_GRP_077"",""TRD_GRP_078"",""TRD_GRP_079"",""TRD_GRP_080"",""TRD_GRP_081"",""TRD_GRP_082"",""TRD_GRP_083"",""TRD_GRP_084"",""TRD_GRP_085"",""TRD_GRP_086"",""TRD_GRP_087"",""TRD_GRP_088"",""TRD_GRP_089"",""TRD_GRP_090"",""TRD_GRP_091"",""TRD_GRP_092"",""TRD_GRP_093"",""TRD_GRP_094"",""TRD_GRP_095"",""TRD_GRP_096"",""TRD_GRP_097"",""TRD_GRP_098"",""TRD_GRP_099"",""TRD_GRP_100"",""TRD_GRP_101"",""TRD_GRP_102"",""TRD_GRP_103"",""TRD_GRP_104"",""TRD_GRP_105"",""TRD_GRP_106"",""TRD_GRP_107"",""TRD_GRP_108"",""TRD_GRP_109"",""TRD_GRP_110"",""TRD_GRP_111"",""TRD_GRP_112"",""TRD_GRP_113"",""TRD_GRP_114"",""TRD_GRP_115"",""TRD_GRP_116"",""TRD_GRP_117"",""TRD_GRP_118"",""TRD_GRP_119"",""TRD_GRP_120"",""TRD_GRP_121"",""TRD_GRP_122"",""TRD_GRP_123"",""TRD_GRP_124"",""TRD_GRP_125"",""TRD_GRP_126"",""TRD_GRP_127"",""TRD_GRP_128"",""TRD_GRP_129"",""TRD_GRP_130"",""TRD_GRP_131"",""TRD_GRP_132"",""TRD_GRP_133"",""TRD_GRP_134"",""TRD_GRP_135"",""TRD_GRP_136"",""TRD_GRP_137"",""TRD_GRP_138"",""TRD_GRP_139"",""TRD_GRP_140"",""TRD_GRP_141"",""TRD_GRP_142"",""TRD_GRP_143"",""TRD_GRP_144"",""TRD_GRP_145"",""TRD_GRP_146"",""TRD_GRP_147"",""TRD_GRP_148"",""TRD_GRP_149"",""TRD_GRP_150"",""TRD_GRP_151"",""TRD_GRP_152"",""TRD_GRP_153"",""TRD_GRP_154"",""TRD_GRP_155"",""TRD_GRP_156"",""TRD_GRP_157"",""TRD_GRP_158"",""TRD_GRP_159"",""TRD_GRP_160"",""TRD_GRP_161"",""TRD_GRP_162"",""TRD_GRP_163"",""TRD_GRP_164"",""TRD_GRP_165"",""TRD_GRP_166"",""TRD_GRP_167"",""TRD_GRP_168"",""TRD_GRP_169"",""TRD_GRP_170"",""TRD_GRP_171"",""TRD_GRP_172"",""TRD_GRP_173"",""TRD_GRP_174"",""TRD_GRP_175"",""TRD_GRP_176"",""TRD_GRP_177"",""TRD_GRP_178"",""TRD_GRP_179"",""TRD_GRP_180"",""TRD_GRP_181"",""TRD_GRP_182"",""TRD_GRP_183"",""TRD_GRP_184"",""TRD_GRP_185"",""TRD_GRP_186"",""TRD_GRP_187"",""TRD_GRP_188"",""TRD_GRP_189"",""TRD_GRP_190"",""TRD_GRP_191"",""TRD_GRP_192"",""TRD_GRP_193"",""TRD_GRP_194"",""TRD_GRP_195"",""TRD_GRP_196"",""TRD_GRP_197"",""TRD_GRP_198"",""TRD_GRP_199"",""TRD_GRP_200"",""TRD_GRP_201"",""TRD_GRP_202"",""TRD_GRP_203"",""TRD_GRP_204"",""TRD_GRP_205"",""TRD_GRP_206"",""TRD_GRP_207"",""TRD_GRP_208"",""TRD_GRP_209"",""TRD_GRP_210"",""TRD_GRP_211"",""TRD_GRP_212"",""TRD_GRP_213"",""TRD_GRP_214"",""TRD_GRP_215"",""TRD_GRP_216"",""TRD_GRP_217"",""TRD_GRP_218"",""TRD_GRP_219"",""TRD_GRP_220"",""TRD_GRP_221"",""TRD_GRP_222"",""TRD_GRP_223"",""TRD_GRP_224"",""TRD_GRP_225"",""TRD_GRP_226"",""TRD_GRP_227"",""TRD_GRP_228"",""TRD_GRP_229"",""TRD_GRP_230"",""TRD_GRP_231"",""TRD_GRP_232"",""TRD_GRP_233"",""TRD_GRP_234"",""TRD_GRP_235"",""TRD_GRP_236"",""TRD_GRP_237"",""TRD_GRP_238"",""TRD_GRP_239"",""TRD_GRP_240"",""TRD_GRP_242"",""TRD_GRP_243"",""TRD_GRP_244"",""TRD_GRP_245"",""TRD_GRP_246"",""TRD_GRP_247"",""TRD_GRP_248"",""TRD_GRP_249"",""TRD_GRP_250"",""TRD_GRP_251"",""TRD_GRP_252"",""TRD_GRP_253"",""TRD_GRP_256"",""TRD_GRP_258""]]",,1,0,1,0,0,0,2802,2802,2802,THEUSDT
permissionSets,"[[""SPOT"",""MARGIN"",""TRD_GRP_004"",""TRD_GRP_006"",""TRD_GRP_016"",""TRD_GRP_017"",""TRD_GRP_018"",""TRD_GRP_019"",""TRD_GRP_020"",""TRD_GRP_021"",""TRD_GRP_022"",""TRD_GRP_023"",""TRD_GRP_024"",""TRD_GRP_025"",""TRD_GRP_049"",""TRD_GRP_050"",""TRD_GRP_051"",""TRD_GRP_052"",""TRD_GRP_053"",""TRD_GRP_054"",""TRD_GRP_055"",""TRD_GRP_056"",""TRD_GRP_057"",""TRD_GRP_058"",""TRD_GRP_059"",""TRD_GRP_060"",""TRD_GRP_061"",""TRD_GRP_062"",""TRD_GRP_063"",""TRD_GRP_064"",""TRD_GRP_065"",""TRD_GRP_066"",""TRD_GRP_067"",""TRD_GRP_068"",""TRD_GRP_069"",""TRD_GRP_070"",""TRD_GRP_071"",""TRD_GRP_072"",""TRD_GRP_073"",""TRD_GRP_074"",""TRD_GRP_075"",""TRD_GRP_076"",""TRD_GRP_077"",""TRD_GRP_078"",""TRD_GRP_079"",""TRD_GRP_080"",""TRD_GRP_081"",""TRD_GRP_082"",""TRD_GRP_083"",""TRD_GRP_084"",""TRD_GRP_085"",""TRD_GRP_086"",""TRD_GRP_087"",""TRD_GRP_088"",""TRD_GRP_089"",""TRD_GRP_090"",""TRD_GRP_091"",""TRD_GRP_092"",""TRD_GRP_093"",""TRD_GRP_094"",""TRD_GRP_095"",""TRD_GRP_096"",""TRD_GRP_097"",""TRD_GRP_098"",""TRD_GRP_099"",""TRD_GRP_100"",""TRD_GRP_101"",""TRD_GRP_102"",""TRD_GRP_103"",""TRD_GRP_104"",""TRD_GRP_105"",""TRD_GRP_106"",""TRD_GRP_107"",""TRD_GRP_108"",""TRD_GRP_109"",""TRD_GRP_110"",""TRD_GRP_111"",""TRD_GRP_112"",""TRD_GRP_113"",""TRD_GRP_114"",""TRD_GRP_115"",""TRD_GRP_116"",""TRD_GRP_117"",""TRD_GRP_118"",""TRD_GRP_119"",""TRD_GRP_120"",""TRD_GRP_121"",""TRD_GRP_122"",""TRD_GRP_123"",""TRD_GRP_124"",""TRD_GRP_125"",""TRD_GRP_126"",""TRD_GRP_127"",""TRD_GRP_128"",""TRD_GRP_129"",""TRD_GRP_130"",""TRD_GRP_131"",""TRD_GRP_132"",""TRD_GRP_133"",""TRD_GRP_134"",""TRD_GRP_135"",""TRD_GRP_136"",""TRD_GRP_137"",""TRD_GRP_138"",""TRD_GRP_139"",""TRD_GRP_140"",""TRD_GRP_141"",""TRD_GRP_142"",""TRD_GRP_143"",""TRD_GRP_144"",""TRD_GRP_145"",""TRD_GRP_146"",""TRD_GRP_147"",""TRD_GRP_148"",""TRD_GRP_149"",""TRD_GRP_150"",""TRD_GRP_151"",""TRD_GRP_152"",""TRD_GRP_153"",""TRD_GRP_154"",""TRD_GRP_155"",""TRD_GRP_156"",""TRD_GRP_157"",""TRD_GRP_158"",""TRD_GRP_159"",""TRD_GRP_160"",""TRD_GRP_161"",""TRD_GRP_162"",""TRD_GRP_163"",""TRD_GRP_164"",""TRD_GRP_165"",""TRD_GRP_166"",""TRD_GRP_167"",""TRD_GRP_168"",""TRD_GRP_169"",""TRD_GRP_170"",""TRD_GRP_171"",""TRD_GRP_172"",""TRD_GRP_173"",""TRD_GRP_174"",""TRD_GRP_175"",""TRD_GRP_176"",""TRD_GRP_177"",""TRD_GRP_178"",""TRD_GRP_179"",""TRD_GRP_180"",""TRD_GRP_181"",""TRD_GRP_182"",""TRD_GRP_183"",""TRD_GRP_184"",""TRD_GRP_185"",""TRD_GRP_186"",""TRD_GRP_187"",""TRD_GRP_188"",""TRD_GRP_189"",""TRD_GRP_190"",""TRD_GRP_191"",""TRD_GRP_192"",""TRD_GRP_193"",""TRD_GRP_194"",""TRD_GRP_195"",""TRD_GRP_196"",""TRD_GRP_197"",""TRD_GRP_198"",""TRD_GRP_199"",""TRD_GRP_200"",""TRD_GRP_201"",""TRD_GRP_202"",""TRD_GRP_203"",""TRD_GRP_204"",""TRD_GRP_205"",""TRD_GRP_206"",""TRD_GRP_207"",""TRD_GRP_208"",""TRD_GRP_209"",""TRD_GRP_210"",""TRD_GRP_211"",""TRD_GRP_212"",""TRD_GRP_213"",""TRD_GRP_214"",""TRD_GRP_215"",""TRD_GRP_216"",""TRD_GRP_217"",""TRD_GRP_218"",""TRD_GRP_219"",""TRD_GRP_220"",""TRD_GRP_221"",""TRD_GRP_222"",""TRD_GRP_223"",""TRD_GRP_224"",""TRD_GRP_225"",""TRD_GRP_226"",""TRD_GRP_227"",""TRD_GRP_228"",""TRD_GRP_229"",""TRD_GRP_230"",""TRD_GRP_231"",""TRD_GRP_232"",""TRD_GRP_233"",""TRD_GRP_234"",""TRD_GRP_235"",""TRD_GRP_236"",""TRD_GRP_237"",""TRD_GRP_238"",""TRD_GRP_239"",""TRD_GRP_240"",""TRD_GRP_242"",""TRD_GRP_243"",""TRD_GRP_244"",""TRD_GRP_245"",""TRD_GRP_246"",""TRD_GRP_247"",""TRD_GRP_248"",""TRD_GRP_249"",""TRD_GRP_250"",""TRD_GRP_251"",""TRD_GRP_252"",""TRD_GRP_253"",""TRD_GRP_256"",""TRD_GRP_258""]]",,2,0,2,0,0,0,3066,3021,3111,TUTUSDT|USD1USDT
permissionSets,"[[""SPOT"",""MARGIN"",""TRD_GRP_006"",""TRD_GRP_016"",""TRD_GRP_017"",""TRD_GRP_018"",""TRD_GRP_019"",""TRD_GRP_020"",""TRD_GRP_021"",""TRD_GRP_022"",""TRD_GRP_023"",""TRD_GRP_024"",""TRD_GRP_025"",""TRD_GRP_049"",""TRD_GRP_050"",""TRD_GRP_051"",""TRD_GRP_052"",""TRD_GRP_053"",""TRD_GRP_054"",""TRD_GRP_055"",""TRD_GRP_056"",""TRD_GRP_057"",""TRD_GRP_058"",""TRD_GRP_059"",""TRD_GRP_060"",""TRD_GRP_061"",""TRD_GRP_062"",""TRD_GRP_063"",""TRD_GRP_064"",""TRD_GRP_065"",""TRD_GRP_066"",""TRD_GRP_067"",""TRD_GRP_068"",""TRD_GRP_069"",""TRD_GRP_070"",""TRD_GRP_071"",""TRD_GRP_072"",""TRD_GRP_073"",""TRD_GRP_074"",""TRD_GRP_075"",""TRD_GRP_076"",""TRD_GRP_077"",""TRD_GRP_078"",""TRD_GRP_079"",""TRD_GRP_080"",""TRD_GRP_081"",""TRD_GRP_082"",""TRD_GRP_083"",""TRD_GRP_084"",""TRD_GRP_085"",""TRD_GRP_086"",""TRD_GRP_087"",""TRD_GRP_088"",""TRD_GRP_089"",""TRD_GRP_090"",""TRD_GRP_091"",""TRD_GRP_092"",""TRD_GRP_093"",""TRD_GRP_094"",""TRD_GRP_095"",""TRD_GRP_096"",""TRD_GRP_097"",""TRD_GRP_098"",""TRD_GRP_099"",""TRD_GRP_100"",""TRD_GRP_101"",""TRD_GRP_102"",""TRD_GRP_103"",""TRD_GRP_104"",""TRD_GRP_105"",""TRD_GRP_106"",""TRD_GRP_107"",""TRD_GRP_108"",""TRD_GRP_109"",""TRD_GRP_110"",""TRD_GRP_111"",""TRD_GRP_112"",""TRD_GRP_113"",""TRD_GRP_114"",""TRD_GRP_115"",""TRD_GRP_116"",""TRD_GRP_117"",""TRD_GRP_118"",""TRD_GRP_119"",""TRD_GRP_120"",""TRD_GRP_121"",""TRD_GRP_122"",""TRD_GRP_123"",""TRD_GRP_124"",""TRD_GRP_125"",""TRD_GRP_126"",""TRD_GRP_127"",""TRD_GRP_128"",""TRD_GRP_129"",""TRD_GRP_130"",""TRD_GRP_131"",""TRD_GRP_132"",""TRD_GRP_133"",""TRD_GRP_134"",""TRD_GRP_135"",""TRD_GRP_136"",""TRD_GRP_137"",""TRD_GRP_138"",""TRD_GRP_139"",""TRD_GRP_140"",""TRD_GRP_141"",""TRD_GRP_142"",""TRD_GRP_143"",""TRD_GRP_144"",""TRD_GRP_145"",""TRD_GRP_146"",""TRD_GRP_147"",""TRD_GRP_148"",""TRD_GRP_149"",""TRD_GRP_150"",""TRD_GRP_151"",""TRD_GRP_152"",""TRD_GRP_153"",""TRD_GRP_154"",""TRD_GRP_155"",""TRD_GRP_156"",""TRD_GRP_157"",""TRD_GRP_158"",""TRD_GRP_159"",""TRD_GRP_160"",""TRD_GRP_161"",""TRD_GRP_162"",""TRD_GRP_163"",""TRD_GRP_164"",""TRD_GRP_165"",""TRD_GRP_166"",""TRD_GRP_167"",""TRD_GRP_168"",""TRD_GRP_169"",""TRD_GRP_170"",""TRD_GRP_171"",""TRD_GRP_172"",""TRD_GRP_173"",""TRD_GRP_174"",""TRD_GRP_175"",""TRD_GRP_176"",""TRD_GRP_177"",""TRD_GRP_178"",""TRD_GRP_179"",""TRD_GRP_180"",""TRD_GRP_181"",""TRD_GRP_182"",""TRD_GRP_183"",""TRD_GRP_184"",""TRD_GRP_185"",""TRD_GRP_186"",""TRD_GRP_187"",""TRD_GRP_188"",""TRD_GRP_189"",""TRD_GRP_190"",""TRD_GRP_191"",""TRD_GRP_192"",""TRD_GRP_193"",""TRD_GRP_194"",""TRD_GRP_195"",""TRD_GRP_196"",""TRD_GRP_197"",""TRD_GRP_198"",""TRD_GRP_199"",""TRD_GRP_200"",""TRD_GRP_201"",""TRD_GRP_202"",""TRD_GRP_203"",""TRD_GRP_204"",""TRD_GRP_205"",""TRD_GRP_206"",""TRD_GRP_207"",""TRD_GRP_208"",""TRD_GRP_209"",""TRD_GRP_210"",""TRD_GRP_211"",""TRD_GRP_212"",""TRD_GRP_213"",""TRD_GRP_214"",""TRD_GRP_215"",""TRD_GRP_216"",""TRD_GRP_217"",""TRD_GRP_218"",""TRD_GRP_219"",""TRD_GRP_220"",""TRD_GRP_221"",""TRD_GRP_222"",""TRD_GRP_223"",""TRD_GRP_224"",""TRD_GRP_225"",""TRD_GRP_226"",""TRD_GRP_227"",""TRD_GRP_228"",""TRD_GRP_229"",""TRD_GRP_230"",""TRD_GRP_231"",""TRD_GRP_232"",""TRD_GRP_233"",""TRD_GRP_234"",""TRD_GRP_235"",""TRD_GRP_236"",""TRD_GRP_237"",""TRD_GRP_238"",""TRD_GRP_239"",""TRD_GRP_240"",""TRD_GRP_242"",""TRD_GRP_245"",""TRD_GRP_246"",""TRD_GRP_247"",""TRD_GRP_248"",""TRD_GRP_249"",""TRD_GRP_250"",""TRD_GRP_251"",""TRD_GRP_252"",""TRD_GRP_253"",""TRD_GRP_256"",""TRD_GRP_258""]]",,1,0,1,0,0,0,3697,3697,3697,牛来USDT
permissionSets,"[[""SPOT"",""MARGIN"",""TRD_GRP_004"",""TRD_GRP_005"",""TRD_GRP_006"",""TRD_GRP_016"",""TRD_GRP_017"",""TRD_GRP_018"",""TRD_GRP_019"",""TRD_GRP_020"",""TRD_GRP_021"",""TRD_GRP_022"",""TRD_GRP_023"",""TRD_GRP_024"",""TRD_GRP_025"",""TRD_GRP_049"",""TRD_GRP_050"",""TRD_GRP_051"",""TRD_GRP_052"",""TRD_GRP_053"",""TRD_GRP_054"",""TRD_GRP_055"",""TRD_GRP_056"",""TRD_GRP_057"",""TRD_GRP_058"",""TRD_GRP_059"",""TRD_GRP_060"",""TRD_GRP_061"",""TRD_GRP_062"",""TRD_GRP_063"",""TRD_GRP_064"",""TRD_GRP_065"",""TRD_GRP_066"",""TRD_GRP_067"",""TRD_GRP_068"",""TRD_GRP_069"",""TRD_GRP_070"",""TRD_GRP_071"",""TRD_GRP_072"",""TRD_GRP_073"",""TRD_GRP_074"",""TRD_GRP_075"",""TRD_GRP_076"",""TRD_GRP_077"",""TRD_GRP_078"",""TRD_GRP_079"",""TRD_GRP_080"",""TRD_GRP_081"",""TRD_GRP_082"",""TRD_GRP_083"",""TRD_GRP_084"",""TRD_GRP_085"",""TRD_GRP_086"",""TRD_GRP_087"",""TRD_GRP_088"",""TRD_GRP_089"",""TRD_GRP_090"",""TRD_GRP_091"",""TRD_GRP_092"",""TRD_GRP_093"",""TRD_GRP_094"",""TRD_GRP_095"",""TRD_GRP_096"",""TRD_GRP_097"",""TRD_GRP_098"",""TRD_GRP_099"",""TRD_GRP_100"",""TRD_GRP_101"",""TRD_GRP_102"",""TRD_GRP_103"",""TRD_GRP_104"",""TRD_GRP_105"",""TRD_GRP_106"",""TRD_GRP_107"",""TRD_GRP_108"",""TRD_GRP_109"",""TRD_GRP_110"",""TRD_GRP_111"",""TRD_GRP_112"",""TRD_GRP_113"",""TRD_GRP_114"",""TRD_GRP_115"",""TRD_GRP_116"",""TRD_GRP_117"",""TRD_GRP_118"",""TRD_GRP_119"",""TRD_GRP_120"",""TRD_GRP_121"",""TRD_GRP_122"",""TRD_GRP_123"",""TRD_GRP_124"",""TRD_GRP_125"",""TRD_GRP_126"",""TRD_GRP_127"",""TRD_GRP_128"",""TRD_GRP_129"",""TRD_GRP_130"",""TRD_GRP_131"",""TRD_GRP_132"",""TRD_GRP_133"",""TRD_GRP_134"",""TRD_GRP_135"",""TRD_GRP_136"",""TRD_GRP_137"",""TRD_GRP_138"",""TRD_GRP_139"",""TRD_GRP_140"",""TRD_GRP_141"",""TRD_GRP_142"",""TRD_GRP_143"",""TRD_GRP_144"",""TRD_GRP_145"",""TRD_GRP_146"",""TRD_GRP_147"",""TRD_GRP_148"",""TRD_GRP_149"",""TRD_GRP_150"",""TRD_GRP_151"",""TRD_GRP_152"",""TRD_GRP_153"",""TRD_GRP_154"",""TRD_GRP_155"",""TRD_GRP_156"",""TRD_GRP_157"",""TRD_GRP_158"",""TRD_GRP_159"",""TRD_GRP_160"",""TRD_GRP_161"",""TRD_GRP_162"",""TRD_GRP_163"",""TRD_GRP_164"",""TRD_GRP_165"",""TRD_GRP_166"",""TRD_GRP_167"",""TRD_GRP_168"",""TRD_GRP_169"",""TRD_GRP_170"",""TRD_GRP_171"",""TRD_GRP_172"",""TRD_GRP_173"",""TRD_GRP_174"",""TRD_GRP_175"",""TRD_GRP_176"",""TRD_GRP_177"",""TRD_GRP_178"",""TRD_GRP_179"",""TRD_GRP_180"",""TRD_GRP_181"",""TRD_GRP_182"",""TRD_GRP_183"",""TRD_GRP_184"",""TRD_GRP_185"",""TRD_GRP_186"",""TRD_GRP_187"",""TRD_GRP_188"",""TRD_GRP_189"",""TRD_GRP_190"",""TRD_GRP_191"",""TRD_GRP_192"",""TRD_GRP_193"",""TRD_GRP_194"",""TRD_GRP_195"",""TRD_GRP_196"",""TRD_GRP_197"",""TRD_GRP_198"",""TRD_GRP_199"",""TRD_GRP_200"",""TRD_GRP_201"",""TRD_GRP_202"",""TRD_GRP_203"",""TRD_GRP_204"",""TRD_GRP_205"",""TRD_GRP_206"",""TRD_GRP_207"",""TRD_GRP_208"",""TRD_GRP_209"",""TRD_GRP_210"",""TRD_GRP_211"",""TRD_GRP_212"",""TRD_GRP_213"",""TRD_GRP_214"",""TRD_GRP_215"",""TRD_GRP_216"",""TRD_GRP_217"",""TRD_GRP_218"",""TRD_GRP_219"",""TRD_GRP_220"",""TRD_GRP_221"",""TRD_GRP_222"",""TRD_GRP_223"",""TRD_GRP_224"",""TRD_GRP_225"",""TRD_GRP_226"",""TRD_GRP_227"",""TRD_GRP_228"",""TRD_GRP_229"",""TRD_GRP_230"",""TRD_GRP_231"",""TRD_GRP_232"",""TRD_GRP_233"",""TRD_GRP_234"",""TRD_GRP_235"",""TRD_GRP_236"",""TRD_GRP_237"",""TRD_GRP_238"",""TRD_GRP_239"",""TRD_GRP_240"",""TRD_GRP_242"",""TRD_GRP_245"",""TRD_GRP_246"",""TRD_GRP_247"",""TRD_GRP_248"",""TRD_GRP_249"",""TRD_GRP_250"",""TRD_GRP_251"",""TRD_GRP_252"",""TRD_GRP_253"",""TRD_GRP_256"",""TRD_GRP_258""]]",,6,1,5,0.16666666666666666,-0.10255836718415405,0,3530,3392,3647,METUSDT|AEROUSDT|CHIPUSDT|RLUSDUSDT|UUSDT|GRAMUSDT
permissionSets,"[[""SPOT"",""MARGIN"",""TRD_GRP_004"",""TRD_GRP_006"",""TRD_GRP_016"",""TRD_GRP_017"",""TRD_GRP_018"",""TRD_GRP_019"",""TRD_GRP_020"",""TRD_GRP_021"",""TRD_GRP_022"",""TRD_GRP_023"",""TRD_GRP_024"",""TRD_GRP_025"",""TRD_GRP_049"",""TRD_GRP_050"",""TRD_GRP_051"",""TRD_GRP_052"",""TRD_GRP_053"",""TRD_GRP_054"",""TRD_GRP_055"",""TRD_GRP_056"",""TRD_GRP_057"",""TRD_GRP_058"",""TRD_GRP_059"",""TRD_GRP_060"",""TRD_GRP_061"",""TRD_GRP_062"",""TRD_GRP_063"",""TRD_GRP_064"",""TRD_GRP_065"",""TRD_GRP_066"",""TRD_GRP_067"",""TRD_GRP_068"",""TRD_GRP_069"",""TRD_GRP_070"",""TRD_GRP_071"",""TRD_GRP_072"",""TRD_GRP_073"",""TRD_GRP_074"",""TRD_GRP_075"",""TRD_GRP_076"",""TRD_GRP_077"",""TRD_GRP_078"",""TRD_GRP_079"",""TRD_GRP_080"",""TRD_GRP_081"",""TRD_GRP_082"",""TRD_GRP_083"",""TRD_GRP_084"",""TRD_GRP_085"",""TRD_GRP_086"",""TRD_GRP_087"",""TRD_GRP_088"",""TRD_GRP_089"",""TRD_GRP_090"",""TRD_GRP_091"",""TRD_GRP_092"",""TRD_GRP_093"",""TRD_GRP_094"",""TRD_GRP_095"",""TRD_GRP_096"",""TRD_GRP_097"",""TRD_GRP_098"",""TRD_GRP_099"",""TRD_GRP_100"",""TRD_GRP_101"",""TRD_GRP_102"",""TRD_GRP_103"",""TRD_GRP_104"",""TRD_GRP_105"",""TRD_GRP_106"",""TRD_GRP_107"",""TRD_GRP_108"",""TRD_GRP_109"",""TRD_GRP_110"",""TRD_GRP_111"",""TRD_GRP_112"",""TRD_GRP_113"",""TRD_GRP_114"",""TRD_GRP_115"",""TRD_GRP_116"",""TRD_GRP_117"",""TRD_GRP_118"",""TRD_GRP_119"",""TRD_GRP_120"",""TRD_GRP_121"",""TRD_GRP_122"",""TRD_GRP_123"",""TRD_GRP_124"",""TRD_GRP_125"",""TRD_GRP_126"",""TRD_GRP_127"",""TRD_GRP_128"",""TRD_GRP_129"",""TRD_GRP_130"",""TRD_GRP_131"",""TRD_GRP_132"",""TRD_GRP_133"",""TRD_GRP_134"",""TRD_GRP_135"",""TRD_GRP_136"",""TRD_GRP_137"",""TRD_GRP_138"",""TRD_GRP_139"",""TRD_GRP_140"",""TRD_GRP_141"",""TRD_GRP_142"",""TRD_GRP_143"",""TRD_GRP_144"",""TRD_GRP_145"",""TRD_GRP_146"",""TRD_GRP_147"",""TRD_GRP_148"",""TRD_GRP_149"",""TRD_GRP_150"",""TRD_GRP_151"",""TRD_GRP_152"",""TRD_GRP_153"",""TRD_GRP_154"",""TRD_GRP_155"",""TRD_GRP_156"",""TRD_GRP_157"",""TRD_GRP_158"",""TRD_GRP_159"",""TRD_GRP_160"",""TRD_GRP_161"",""TRD_GRP_162"",""TRD_GRP_163"",""TRD_GRP_164"",""TRD_GRP_165"",""TRD_GRP_166"",""TRD_GRP_167"",""TRD_GRP_168"",""TRD_GRP_169"",""TRD_GRP_170"",""TRD_GRP_171"",""TRD_GRP_172"",""TRD_GRP_173"",""TRD_GRP_174"",""TRD_GRP_175"",""TRD_GRP_176"",""TRD_GRP_177"",""TRD_GRP_178"",""TRD_GRP_179"",""TRD_GRP_180"",""TRD_GRP_181"",""TRD_GRP_182"",""TRD_GRP_183"",""TRD_GRP_184"",""TRD_GRP_185"",""TRD_GRP_186"",""TRD_GRP_187"",""TRD_GRP_188"",""TRD_GRP_189"",""TRD_GRP_190"",""TRD_GRP_191"",""TRD_GRP_192"",""TRD_GRP_193"",""TRD_GRP_194"",""TRD_GRP_195"",""TRD_GRP_196"",""TRD_GRP_197"",""TRD_GRP_198"",""TRD_GRP_199"",""TRD_GRP_200"",""TRD_GRP_201"",""TRD_GRP_202"",""TRD_GRP_203"",""TRD_GRP_204"",""TRD_GRP_205"",""TRD_GRP_206"",""TRD_GRP_207"",""TRD_GRP_208"",""TRD_GRP_209"",""TRD_GRP_210"",""TRD_GRP_211"",""TRD_GRP_212"",""TRD_GRP_213"",""TRD_GRP_214"",""TRD_GRP_215"",""TRD_GRP_216"",""TRD_GRP_217"",""TRD_GRP_218"",""TRD_GRP_219"",""TRD_GRP_220"",""TRD_GRP_221"",""TRD_GRP_222"",""TRD_GRP_223"",""TRD_GRP_224"",""TRD_GRP_225"",""TRD_GRP_226"",""TRD_GRP_227"",""TRD_GRP_228"",""TRD_GRP_229"",""TRD_GRP_230"",""TRD_GRP_231"",""TRD_GRP_232"",""TRD_GRP_233"",""TRD_GRP_234"",""TRD_GRP_235"",""TRD_GRP_236"",""TRD_GRP_237"",""TRD_GRP_238"",""TRD_GRP_239"",""TRD_GRP_240"",""TRD_GRP_242"",""TRD_GRP_245"",""TRD_GRP_246"",""TRD_GRP_247"",""TRD_GRP_248"",""TRD_GRP_249"",""TRD_GRP_250"",""TRD_GRP_251"",""TRD_GRP_252"",""TRD_GRP_253"",""TRD_GRP_256"",""TRD_GRP_258""]]",,2,0,2,0,-0.4130021096788172,-0.4130021096788172,3618,3545,3691,MARSCOINUSDT|XAUTUSDT
permissionSets,"[[""SPOT"",""MARGIN"",""TRD_GRP_004"",""TRD_GRP_005"",""TRD_GRP_006"",""TRD_GRP_017"",""TRD_GRP_018"",""TRD_GRP_019"",""TRD_GRP_020"",""TRD_GRP_021"",""TRD_GRP_022"",""TRD_GRP_023"",""TRD_GRP_049"",""TRD_GRP_050"",""TRD_GRP_051"",""TRD_GRP_052"",""TRD_GRP_053"",""TRD_GRP_054"",""TRD_GRP_055"",""TRD_GRP_056"",""TRD_GRP_057"",""TRD_GRP_058"",""TRD_GRP_059"",""TRD_GRP_060"",""TRD_GRP_061"",""TRD_GRP_062"",""TRD_GRP_063"",""TRD_GRP_064"",""TRD_GRP_065"",""TRD_GRP_066"",""TRD_GRP_067"",""TRD_GRP_068"",""TRD_GRP_070"",""TRD_GRP_071"",""TRD_GRP_072"",""TRD_GRP_073"",""TRD_GRP_074"",""TRD_GRP_075"",""TRD_GRP_076"",""TRD_GRP_077"",""TRD_GRP_078"",""TRD_GRP_079"",""TRD_GRP_081"",""TRD_GRP_082"",""TRD_GRP_083"",""TRD_GRP_084"",""TRD_GRP_085"",""TRD_GRP_086"",""TRD_GRP_087"",""TRD_GRP_088"",""TRD_GRP_089"",""TRD_GRP_090"",""TRD_GRP_091"",""TRD_GRP_092"",""TRD_GRP_093"",""TRD_GRP_094"",""TRD_GRP_095"",""TRD_GRP_096"",""TRD_GRP_097"",""TRD_GRP_098"",""TRD_GRP_099"",""TRD_GRP_100"",""TRD_GRP_101"",""TRD_GRP_102"",""TRD_GRP_103"",""TRD_GRP_104"",""TRD_GRP_105"",""TRD_GRP_106"",""TRD_GRP_107"",""TRD_GRP_108"",""TRD_GRP_109"",""TRD_GRP_110"",""TRD_GRP_111"",""TRD_GRP_112"",""TRD_GRP_113"",""TRD_GRP_114"",""TRD_GRP_115"",""TRD_GRP_116"",""TRD_GRP_117"",""TRD_GRP_118"",""TRD_GRP_119"",""TRD_GRP_120"",""TRD_GRP_121"",""TRD_GRP_122"",""TRD_GRP_123"",""TRD_GRP_124"",""TRD_GRP_125"",""TRD_GRP_126"",""TRD_GRP_127"",""TRD_GRP_128"",""TRD_GRP_129"",""TRD_GRP_130"",""TRD_GRP_131"",""TRD_GRP_132"",""TRD_GRP_133"",""TRD_GRP_134"",""TRD_GRP_135"",""TRD_GRP_136"",""TRD_GRP_137"",""TRD_GRP_138"",""TRD_GRP_139"",""TRD_GRP_140"",""TRD_GRP_141"",""TRD_GRP_142"",""TRD_GRP_143"",""TRD_GRP_144"",""TRD_GRP_145"",""TRD_GRP_146"",""TRD_GRP_147"",""TRD_GRP_148"",""TRD_GRP_149"",""TRD_GRP_150"",""TRD_GRP_151"",""TRD_GRP_152"",""TRD_GRP_153"",""TRD_GRP_154"",""TRD_GRP_155"",""TRD_GRP_156"",""TRD_GRP_157"",""TRD_GRP_158"",""TRD_GRP_159"",""TRD_GRP_160"",""TRD_GRP_161"",""TRD_GRP_162"",""TRD_GRP_163"",""TRD_GRP_164"",""TRD_GRP_165"",""TRD_GRP_166"",""TRD_GRP_167"",""TRD_GRP_168"",""TRD_GRP_169"",""TRD_GRP_170"",""TRD_GRP_171"",""TRD_GRP_173"",""TRD_GRP_175"",""TRD_GRP_176"",""TRD_GRP_177"",""TRD_GRP_178"",""TRD_GRP_179"",""TRD_GRP_181"",""TRD_GRP_182"",""TRD_GRP_183"",""TRD_GRP_184"",""TRD_GRP_185"",""TRD_GRP_186"",""TRD_GRP_187"",""TRD_GRP_189"",""TRD_GRP_190"",""TRD_GRP_191"",""TRD_GRP_192"",""TRD_GRP_193"",""TRD_GRP_194"",""TRD_GRP_195"",""TRD_GRP_196"",""TRD_GRP_197"",""TRD_GRP_198"",""TRD_GRP_199"",""TRD_GRP_200"",""TRD_GRP_201"",""TRD_GRP_202"",""TRD_GRP_203"",""TRD_GRP_204"",""TRD_GRP_205"",""TRD_GRP_206"",""TRD_GRP_208"",""TRD_GRP_209"",""TRD_GRP_210"",""TRD_GRP_211"",""TRD_GRP_212"",""TRD_GRP_213"",""TRD_GRP_214"",""TRD_GRP_215"",""TRD_GRP_216"",""TRD_GRP_217"",""TRD_GRP_218"",""TRD_GRP_219"",""TRD_GRP_220"",""TRD_GRP_221"",""TRD_GRP_222"",""TRD_GRP_223"",""TRD_GRP_224"",""TRD_GRP_225"",""TRD_GRP_226"",""TRD_GRP_227"",""TRD_GRP_228"",""TRD_GRP_229"",""TRD_GRP_230"",""TRD_GRP_231"",""TRD_GRP_232"",""TRD_GRP_233"",""TRD_GRP_234"",""TRD_GRP_235"",""TRD_GRP_236"",""TRD_GRP_237"",""TRD_GRP_240"",""TRD_GRP_242"",""TRD_GRP_245"",""TRD_GRP_246"",""TRD_GRP_247"",""TRD_GRP_248"",""TRD_GRP_249"",""TRD_GRP_250"",""TRD_GRP_251"",""TRD_GRP_252"",""TRD_GRP_253"",""TRD_GRP_256"",""TRD_GRP_261""]]",,7,2,5,0.2857142857142857,-1.454839574381337,-1.058746592083142,3605.1428571428573,3593,3633,MSTRBUSDT|CRCLBUSDT|NVDABUSDT|SPCXBUSDT|QQQBUSDT|SNDKBUSDT|SOXLBUSDT
filters.PRICE_FILTER.minPrice,1,1,1,1,0,1,10.855240665586129,10.855240665586129,913,913,913,YFIUSDT
filters.PRICE_FILTER.minPrice,0.01,0.01,20,11,9,0.55,2.1174876211545954,1.0746207742363165,1748.8,12,3633,ZECUSDT|COMPUSDT|BTCUSDT|DCRUSDT|SOLUSDT|LTCUSDT|ETHUSDT|DASHUSDT|ETCUSDT|AAVEUSDT|MSTRBUSDT|CRCLBUSDT|BNBUSDT|NVDABUSDT|PAXGUSDT|XAUTUSDT|SPCXBUSDT|QQQBUSDT|SNDKBUSDT|SOXLBUSDT
filters.PRICE_FILTER.minPrice,0.001,0.001,18,11,7,0.6111111111111112,0.40110048840523593,0.08897488383186669,1524.5,142,3624,LINKUSDT|ZENUSDT|ATOMUSDT|NEOUSDT|QTUMUSDT|MTLUSDT|INJUSDT|MORPHOUSDT|ZROUSDT|AVAXUSDT|APTUSDT|ASTERUSDT|DOTUSDT|ICPUSDT|NEARUSDT|TRUMPUSDT|UNIUSDT|GRAMUSDT
filters.PRICE_FILTER.minPrice,0.00001,0.00001,24,1,23,0.041666666666666664,0.0524416666666668,0,1538.7083333333333,465,3697,ONGUSDT|ANKRUSDT|ARPAUSDT|CHRUSDT|CHZUSDT|COTIUSDT|CTSIUSDT|CVCUSDT|DOGEUSDT|ENJUSDT|HBARUSDT|KAVAUSDT|OGNUSDT|RVNUSDT|TFUELUSDT|BLURUSDT|CHIPUSDT|POLUSDT|SAGAUSDT|SAHARAUSDT|SOPHUSDT|TUTUSDT|XPLUSDT|牛来USDT
filters.PRICE_FILTER.minPrice,0.0001,0.0001,36,3,33,0.08333333333333333,0.012613923426090492,0,1477.361111111111,297,3691,CRVUSDT|STXUSDT|ADAUSDT|ALGOUSDT|BANDUSDT|DUSKUSDT|HIVEUSDT|IOTAUSDT|KNCUSDT|LSKUSDT|MANAUSDT|RLCUSDT|SNXUSDT|THETAUSDT|TRXUSDT|XLMUSDT|XTZUSDT|ZRXUSDT|XRPUSDT|METUSDT|AEROUSDT|ARBUSDT|ENAUSDT|ETHFIUSDT|FETUSDT|FILUSDT|HOLOUSDT|JUPUSDT|MARSCOINUSDT|MINAUSDT|ONDOUSDT|RAYUSDT|SUIUSDT|THEUSDT|WLDUSDT|WLFIUSDT
filters.PRICE_FILTER.minPrice,0.000001,0.000001,11,0,11,0,0,0,1254.1818181818182,468,3257,CELRUSDT|IOTXUSDT|MBLUSDT|ONEUSDT|SCUSDT|VTHOUSDT|ZILUSDT|IOSTUSDT|PENGUUSDT|PUMPUSDT|REZUSDT
filters.PRICE_FILTER.minPrice,0.9,0.9,1,0,1,0,0,0,695,695,695,EURUSDT
filters.PRICE_FILTER.minPrice,1e-8,1e-8,2,0,2,0,0,0,1394.5,578,2211,WINUSDT|PEPEUSDT
filters.PRICE_FILTER.minPrice,0.8,0.8,5,0,5,0,0,0,2549.2,423,3481,FDUSDUSDT|RLUSDUSDT|USD1USDT|USDCUSDT|UUSDT
filters.PRICE_FILTER.minPrice,0.1,0.1,2,0,2,0,-1.7527590806157218,-1.7527590806157218,1625,662,2588,BCHUSDT|TAOUSDT
filters.PRICE_FILTER.tickSize,1,1,1,1,0,1,10.855240665586129,10.855240665586129,913,913,913,YFIUSDT
filters.PRICE_FILTER.tickSize,0.01,0.01,20,11,9,0.55,2.1174876211545954,1.0746207742363165,1748.8,12,3633,ZECUSDT|COMPUSDT|BTCUSDT|DCRUSDT|SOLUSDT|LTCUSDT|ETHUSDT|DASHUSDT|ETCUSDT|AAVEUSDT|MSTRBUSDT|CRCLBUSDT|BNBUSDT|NVDABUSDT|PAXGUSDT|XAUTUSDT|SPCXBUSDT|QQQBUSDT|SNDKBUSDT|SOXLBUSDT
filters.PRICE_FILTER.tickSize,0.001,0.001,18,11,7,0.6111111111111112,0.40110048840523593,0.08897488383186669,1524.5,142,3624,LINKUSDT|ZENUSDT|ATOMUSDT|NEOUSDT|QTUMUSDT|MTLUSDT|INJUSDT|MORPHOUSDT|ZROUSDT|AVAXUSDT|APTUSDT|ASTERUSDT|DOTUSDT|ICPUSDT|NEARUSDT|TRUMPUSDT|UNIUSDT|GRAMUSDT
filters.PRICE_FILTER.tickSize,0.00001,0.00001,26,1,25,0.038461538461538464,0.048407692307692436,0,1556.2692307692307,423,3697,ONGUSDT|ANKRUSDT|ARPAUSDT|CHRUSDT|CHZUSDT|COTIUSDT|CTSIUSDT|CVCUSDT|DOGEUSDT|ENJUSDT|HBARUSDT|KAVAUSDT|OGNUSDT|RVNUSDT|TFUELUSDT|BLURUSDT|CHIPUSDT|POLUSDT|SAGAUSDT|SAHARAUSDT|SOPHUSDT|TUTUSDT|USD1USDT|USDCUSDT|XPLUSDT|牛来USDT
filters.PRICE_FILTER.tickSize,0.0001,0.0001,40,3,37,0.075,0.011352531083481443,0,1577.3,297,3691,CRVUSDT|STXUSDT|ADAUSDT|ALGOUSDT|BANDUSDT|DUSKUSDT|EURUSDT|HIVEUSDT|IOTAUSDT|KNCUSDT|LSKUSDT|MANAUSDT|RLCUSDT|SNXUSDT|THETAUSDT|TRXUSDT|XLMUSDT|XTZUSDT|ZRXUSDT|XRPUSDT|METUSDT|AEROUSDT|ARBUSDT|ENAUSDT|ETHFIUSDT|FDUSDUSDT|FETUSDT|FILUSDT|HOLOUSDT|JUPUSDT|MARSCOINUSDT|MINAUSDT|ONDOUSDT|RAYUSDT|RLUSDUSDT|SUIUSDT|THEUSDT|UUSDT|WLDUSDT|WLFIUSDT
filters.PRICE_FILTER.tickSize,0.000001,0.000001,11,0,11,0,0,0,1254.1818181818182,468,3257,CELRUSDT|IOTXUSDT|MBLUSDT|ONEUSDT|SCUSDT|VTHOUSDT|ZILUSDT|IOSTUSDT|PENGUUSDT|PUMPUSDT|REZUSDT
filters.PRICE_FILTER.tickSize,1e-8,1e-8,2,0,2,0,0,0,1394.5,578,2211,WINUSDT|PEPEUSDT
filters.PRICE_FILTER.tickSize,0.1,0.1,2,0,2,0,-1.7527590806157218,-1.7527590806157218,1625,662,2588,BCHUSDT|TAOUSDT
filters.LOT_SIZE.minQty,0.00001,0.00001,2,2,0,1,8.13490315775384,8.13490315775384,462.5,12,913,YFIUSDT|BTCUSDT
filters.LOT_SIZE.minQty,0.001,0.001,15,8,7,0.5333333333333333,2.493165351839622,1.2046467261945655,1764.5333333333333,99,3633,ZECUSDT|COMPUSDT|DCRUSDT|SOLUSDT|LTCUSDT|DASHUSDT|BCHUSDT|AAVEUSDT|MSTRBUSDT|BNBUSDT|TRUMPUSDT|NVDABUSDT|SPCXBUSDT|QQQBUSDT|SOXLBUSDT
filters.LOT_SIZE.minQty,0.01,0.01,18,11,7,0.6111111111111112,0.29386876128220984,0.08897488383186669,1676.2777777777778,142,3624,LINKUSDT|ZENUSDT|ATOMUSDT|NEOUSDT|ETCUSDT|INJUSDT|MORPHOUSDT|CRCLBUSDT|ZROUSDT|AVAXUSDT|APTUSDT|ASTERUSDT|DOTUSDT|ENAUSDT|FILUSDT|ICPUSDT|UNIUSDT|GRAMUSDT
filters.LOT_SIZE.minQty,1,1,36,1,35,0.027777777777777776,0.0349611111111112,0,1448.861111111111,334,3697,ONGUSDT|ALGOUSDT|CHRUSDT|CHZUSDT|COTIUSDT|CTSIUSDT|CVCUSDT|DOGEUSDT|DUSKUSDT|HBARUSDT|HIVEUSDT|IOTAUSDT|IOTXUSDT|MANAUSDT|MBLUSDT|OGNUSDT|SCUSDT|TFUELUSDT|VTHOUSDT|WINUSDT|XLMUSDT|ZRXUSDT|CHIPUSDT|FDUSDUSDT|IOSTUSDT|PENGUUSDT|PEPEUSDT|PUMPUSDT|RLUSDUSDT|SAHARAUSDT|SOPHUSDT|TUTUSDT|USD1USDT|USDCUSDT|UUSDT|牛来USDT
filters.LOT_SIZE.minQty,0.1,0.1,44,4,40,0.09090909090909091,0.013028068642025154,0,1506.4772727272727,280,3691,CRVUSDT|QTUMUSDT|STXUSDT|ADAUSDT|ANKRUSDT|ARPAUSDT|BANDUSDT|CELRUSDT|ENJUSDT|EURUSDT|KAVAUSDT|KNCUSDT|LSKUSDT|MTLUSDT|ONEUSDT|RLCUSDT|RVNUSDT|SNXUSDT|THETAUSDT|TRXUSDT|XTZUSDT|ZILUSDT|XRPUSDT|METUSDT|AEROUSDT|ARBUSDT|BLURUSDT|ETHFIUSDT|FETUSDT|HOLOUSDT|JUPUSDT|MARSCOINUSDT|MINAUSDT|ONDOUSDT|POLUSDT|RAYUSDT|REZUSDT|SAGAUSDT|SUIUSDT|THEUSDT|WLDUSDT|WLFIUSDT|XPLUSDT|NEARUSDT
filters.LOT_SIZE.minQty,0.0001,0.0001,5,1,4,0.2,-0.4313548708701592,-0.8260042193576344,2142,13,3595,ETHUSDT|PAXGUSDT|XAUTUSDT|TAOUSDT|SNDKBUSDT
filters.LOT_SIZE.stepSize,0.00001,0.00001,2,2,0,1,8.13490315775384,8.13490315775384,462.5,12,913,YFIUSDT|BTCUSDT
filters.LOT_SIZE.stepSize,0.001,0.001,15,8,7,0.5333333333333333,2.493165351839622,1.2046467261945655,1764.5333333333333,99,3633,ZECUSDT|COMPUSDT|DCRUSDT|SOLUSDT|LTCUSDT|DASHUSDT|BCHUSDT|AAVEUSDT|MSTRBUSDT|BNBUSDT|TRUMPUSDT|NVDABUSDT|SPCXBUSDT|QQQBUSDT|SOXLBUSDT
filters.LOT_SIZE.stepSize,0.01,0.01,18,11,7,0.6111111111111112,0.29386876128220984,0.08897488383186669,1676.2777777777778,142,3624,LINKUSDT|ZENUSDT|ATOMUSDT|NEOUSDT|ETCUSDT|INJUSDT|MORPHOUSDT|CRCLBUSDT|ZROUSDT|AVAXUSDT|APTUSDT|ASTERUSDT|DOTUSDT|ENAUSDT|FILUSDT|ICPUSDT|UNIUSDT|GRAMUSDT
filters.LOT_SIZE.stepSize,1,1,36,1,35,0.027777777777777776,0.0349611111111112,0,1448.861111111111,334,3697,ONGUSDT|ALGOUSDT|CHRUSDT|CHZUSDT|COTIUSDT|CTSIUSDT|CVCUSDT|DOGEUSDT|DUSKUSDT|HBARUSDT|HIVEUSDT|IOTAUSDT|IOTXUSDT|MANAUSDT|MBLUSDT|OGNUSDT|SCUSDT|TFUELUSDT|VTHOUSDT|WINUSDT|XLMUSDT|ZRXUSDT|CHIPUSDT|FDUSDUSDT|IOSTUSDT|PENGUUSDT|PEPEUSDT|PUMPUSDT|RLUSDUSDT|SAHARAUSDT|SOPHUSDT|TUTUSDT|USD1USDT|USDCUSDT|UUSDT|牛来USDT
filters.LOT_SIZE.stepSize,0.1,0.1,44,4,40,0.09090909090909091,0.013028068642025154,0,1506.4772727272727,280,3691,CRVUSDT|QTUMUSDT|STXUSDT|ADAUSDT|ANKRUSDT|ARPAUSDT|BANDUSDT|CELRUSDT|ENJUSDT|EURUSDT|KAVAUSDT|KNCUSDT|LSKUSDT|MTLUSDT|ONEUSDT|RLCUSDT|RVNUSDT|SNXUSDT|THETAUSDT|TRXUSDT|XTZUSDT|ZILUSDT|XRPUSDT|METUSDT|AEROUSDT|ARBUSDT|BLURUSDT|ETHFIUSDT|FETUSDT|HOLOUSDT|JUPUSDT|MARSCOINUSDT|MINAUSDT|ONDOUSDT|POLUSDT|RAYUSDT|REZUSDT|SAGAUSDT|SUIUSDT|THEUSDT|WLDUSDT|WLFIUSDT|XPLUSDT|NEARUSDT
filters.LOT_SIZE.stepSize,0.0001,0.0001,5,1,4,0.2,-0.4313548708701592,-0.8260042193576344,2142,13,3595,ETHUSDT|PAXGUSDT|XAUTUSDT|TAOUSDT|SNDKBUSDT
filters.PRICE_FILTER.maxPrice,1000000,1000000,5,3,2,0.6,3.6471363367342056,3.237304214147783,1090.4,12,3545,YFIUSDT|BTCUSDT|ETHUSDT|PAXGUSDT|XAUTUSDT
filters.PRICE_FILTER.maxPrice,100000,100000,17,8,9,0.47058823529411764,1.950576704523227,0,1657.4705882352941,99,3633,ZECUSDT|COMPUSDT|DCRUSDT|LTCUSDT|DASHUSDT|ZENUSDT|ALGOUSDT|BCHUSDT|AAVEUSDT|MSTRBUSDT|ICPUSDT|BNBUSDT|NVDABUSDT|SPCXBUSDT|TAOUSDT|QQQBUSDT|SOXLBUSDT
filters.PRICE_FILTER.maxPrice,10000,10000,22,9,13,0.4090909090909091,0.3049510160768828,0,995.2727272727273,142,3593,SOLUSDT|LINKUSDT|ATOMUSDT|NEOUSDT|CRVUSDT|QTUMUSDT|BANDUSDT|CELRUSDT|KNCUSDT|SNXUSDT|THETAUSDT|XRPUSDT|ETCUSDT|INJUSDT|CRCLBUSDT|AVAXUSDT|DOTUSDT|FILUSDT|MINAUSDT|RAYUSDT|TRUMPUSDT|UNIUSDT
filters.PRICE_FILTER.maxPrice,1000,1000,55,7,48,0.12727272727272726,0.05934967979446568,0,1298.1818181818182,297,3624,ONGUSDT|STXUSDT|ADAUSDT|ANKRUSDT|ARPAUSDT|CHRUSDT|CHZUSDT|COTIUSDT|CTSIUSDT|CVCUSDT|DOGEUSDT|DUSKUSDT|ENJUSDT|HBARUSDT|HIVEUSDT|IOTAUSDT|IOTXUSDT|KAVAUSDT|LSKUSDT|MANAUSDT|MBLUSDT|MTLUSDT|OGNUSDT|ONEUSDT|RLCUSDT|RVNUSDT|SCUSDT|TFUELUSDT|TRXUSDT|VTHOUSDT|XLMUSDT|XTZUSDT|ZILUSDT|ZRXUSDT|MORPHOUSDT|ZROUSDT|METUSDT|APTUSDT|ASTERUSDT|ARBUSDT|BLURUSDT|ENAUSDT|ETHFIUSDT|FETUSDT|IOSTUSDT|JUPUSDT|PENGUUSDT|POLUSDT|REZUSDT|SAGAUSDT|SUIUSDT|THEUSDT|WLDUSDT|NEARUSDT|GRAMUSDT
filters.PRICE_FILTER.maxPrice,1.4,1.4,1,0,1,0,0,0,695,695,695,EURUSDT
filters.PRICE_FILTER.maxPrice,100,100,12,0,12,0,0,0,3127.25,578,3697,WINUSDT|AEROUSDT|CHIPUSDT|HOLOUSDT|MARSCOINUSDT|ONDOUSDT|PUMPUSDT|SAHARAUSDT|SOPHUSDT|WLFIUSDT|XPLUSDT|牛来USDT
filters.PRICE_FILTER.maxPrice,1.2,1.2,5,0,5,0,0,0,2549.2,423,3481,FDUSDUSDT|RLUSDUSDT|USD1USDT|USDCUSDT|UUSDT
filters.PRICE_FILTER.maxPrice,0.1,0.1,1,0,1,0,0,0,2211,2211,2211,PEPEUSDT
filters.PRICE_FILTER.maxPrice,10,10,1,0,1,0,0,0,3021,3021,3021,TUTUSDT
filters.PRICE_FILTER.maxPrice,999996,999996,1,0,1,0,-2.7366554408728145,-2.7366554408728145,3595,3595,3595,SNDKBUSDT
filters.LOT_SIZE.maxQty,9000,9000,5,3,2,0.6,3.6471363367342056,3.237304214147783,1090.4,12,3545,YFIUSDT|BTCUSDT|ETHUSDT|PAXGUSDT|XAUTUSDT
filters.LOT_SIZE.maxQty,90000,90000,18,11,7,0.6111111111111112,2.119566059201524,0.23260203341757868,626,142,1114,ZECUSDT|COMPUSDT|SOLUSDT|LTCUSDT|DASHUSDT|LINKUSDT|ATOMUSDT|NEOUSDT|QTUMUSDT|BANDUSDT|SNXUSDT|THETAUSDT|BCHUSDT|ETCUSDT|INJUSDT|AVAXUSDT|DOTUSDT|UNIUSDT
filters.LOT_SIZE.maxQty,900000,900000,19,5,14,0.2631578947368421,0.6311700572317209,0,649.3157894736842,99,1098,DCRUSDT|ONGUSDT|ZENUSDT|STXUSDT|ADAUSDT|ENJUSDT|HIVEUSDT|IOTAUSDT|KAVAUSDT|LSKUSDT|MANAUSDT|MTLUSDT|OGNUSDT|RLCUSDT|XTZUSDT|ZRXUSDT|AAVEUSDT|BNBUSDT|NEARUSDT
filters.LOT_SIZE.maxQty,92141578,92141578,22,5,17,0.22727272727272727,0.08574993689935274,0,2349.181818181818,652,3624,IOTXUSDT|MBLUSDT|SCUSDT|VTHOUSDT|MORPHOUSDT|ZROUSDT|METUSDT|APTUSDT|ASTERUSDT|ARBUSDT|BLURUSDT|ENAUSDT|ETHFIUSDT|JUPUSDT|PENGUUSDT|POLUSDT|REZUSDT|SAGAUSDT|SUIUSDT|THEUSDT|WLDUSDT|GRAMUSDT
filters.LOT_SIZE.maxQty,9222449,9222449,9,1,8,0.1111111111111111,0.07778340424243733,0,1434.2222222222222,307,3593,CELRUSDT|DUSKUSDT|KNCUSDT|XRPUSDT|CRCLBUSDT|FILUSDT|MINAUSDT|RAYUSDT|TRUMPUSDT
filters.LOT_SIZE.maxQty,9000000,9000000,17,0,17,0,0,0,572.6470588235294,335,795,ANKRUSDT|ARPAUSDT|CHRUSDT|CHZUSDT|COTIUSDT|CTSIUSDT|CVCUSDT|DOGEUSDT|HBARUSDT|ONEUSDT|RVNUSDT|TFUELUSDT|TRXUSDT|XLMUSDT|ZILUSDT|FETUSDT|IOSTUSDT
filters.LOT_SIZE.maxQty,6000000,6000000,1,0,1,0,0,0,695,695,695,EURUSDT
filters.LOT_SIZE.maxQty,913205152,913205152,12,0,12,0,0,0,3127.25,578,3697,WINUSDT|AEROUSDT|CHIPUSDT|HOLOUSDT|MARSCOINUSDT|ONDOUSDT|PUMPUSDT|SAHARAUSDT|SOPHUSDT|WLFIUSDT|XPLUSDT|牛来USDT
filters.LOT_SIZE.maxQty,10000000,10000000,5,0,5,0,0,0,2549.2,423,3481,FDUSDUSDT|RLUSDUSDT|USD1USDT|USDCUSDT|UUSDT
filters.LOT_SIZE.maxQty,92233720368,92233720368,1,0,1,0,0,0,2211,2211,2211,PEPEUSDT
filters.LOT_SIZE.maxQty,8080000000,8080000000,1,0,1,0,0,0,3021,3021,3021,TUTUSDT
filters.LOT_SIZE.maxQty,922327,922327,9,2,7,0.2222222222222222,-1.0664456315239934,-0.38973517562196713,2615.8888888888887,542,3633,CRVUSDT|ALGOUSDT|MSTRBUSDT|ICPUSDT|NVDABUSDT|SPCXBUSDT|TAOUSDT|QQQBUSDT|SOXLBUSDT
filters.LOT_SIZE.maxQty,92233,92233,1,0,1,0,-2.7366554408728145,-2.7366554408728145,3595,3595,3595,SNDKBUSDT
filters.PERCENT_PRICE_BY_SIDE.bidMultiplierDown,0.5,0.5,105,25,80,0.23809523809523808,0.6674980078927035,0,1366.942857142857,12,3697,ZECUSDT|YFIUSDT|COMPUSDT|BTCUSDT|DCRUSDT|SOLUSDT|LTCUSDT|ETHUSDT|DASHUSDT|LINKUSDT|ONGUSDT|ZENUSDT|ATOMUSDT|NEOUSDT|CRVUSDT|QTUMUSDT|STXUSDT|ADAUSDT|ALGOUSDT|ANKRUSDT|ARPAUSDT|BANDUSDT|CELRUSDT|CHRUSDT|CHZUSDT|COTIUSDT|CTSIUSDT|CVCUSDT|DOGEUSDT|DUSKUSDT|ENJUSDT|HBARUSDT|HIVEUSDT|IOTAUSDT|IOTXUSDT|KAVAUSDT|KNCUSDT|LSKUSDT|MANAUSDT|MBLUSDT|MTLUSDT|OGNUSDT|ONEUSDT|RLCUSDT|RVNUSDT|SCUSDT|SNXUSDT|TFUELUSDT|THETAUSDT|TRXUSDT|VTHOUSDT|WINUSDT|XLMUSDT|XTZUSDT|ZILUSDT|ZRXUSDT|XRPUSDT|BCHUSDT|ETCUSDT|AAVEUSDT|INJUSDT|MORPHOUSDT|ZROUSDT|METUSDT|AVAXUSDT|APTUSDT|ASTERUSDT|AEROUSDT|ARBUSDT|BLURUSDT|CHIPUSDT|DOTUSDT|ENAUSDT|ETHFIUSDT|FETUSDT|FILUSDT|HOLOUSDT|ICPUSDT|IOSTUSDT|JUPUSDT|MARSCOINUSDT|MINAUSDT|ONDOUSDT|PENGUUSDT|PEPEUSDT|POLUSDT|PUMPUSDT|RAYUSDT|REZUSDT|SAGAUSDT|SAHARAUSDT|SOPHUSDT|SUIUSDT|THEUSDT|TUTUSDT|WLDUSDT|WLFIUSDT|XPLUSDT|牛来USDT|BNBUSDT|NEARUSDT|TRUMPUSDT|UNIUSDT|GRAMUSDT|TAOUSDT
filters.PERCENT_PRICE_BY_SIDE.bidMultiplierDown,0.9,0.9,5,0,5,0,0,0,2549.2,423,3481,FDUSDUSDT|RLUSDUSDT|USD1USDT|USDCUSDT|UUSDT
filters.PERCENT_PRICE_BY_SIDE.bidMultiplierDown,0.8,0.8,10,2,8,0.2,-1.1455305866653793,-0.6357144229922171,3044.5,695,3633,EURUSDT|MSTRBUSDT|CRCLBUSDT|NVDABUSDT|PAXGUSDT|XAUTUSDT|SPCXBUSDT|QQQBUSDT|SNDKBUSDT|SOXLBUSDT
filters.PERCENT_PRICE_BY_SIDE.askMultiplierUp,2,2,105,25,80,0.23809523809523808,0.6674980078927035,0,1366.942857142857,12,3697,ZECUSDT|YFIUSDT|COMPUSDT|BTCUSDT|DCRUSDT|SOLUSDT|LTCUSDT|ETHUSDT|DASHUSDT|LINKUSDT|ONGUSDT|ZENUSDT|ATOMUSDT|NEOUSDT|CRVUSDT|QTUMUSDT|STXUSDT|ADAUSDT|ALGOUSDT|ANKRUSDT|ARPAUSDT|BANDUSDT|CELRUSDT|CHRUSDT|CHZUSDT|COTIUSDT|CTSIUSDT|CVCUSDT|DOGEUSDT|DUSKUSDT|ENJUSDT|HBARUSDT|HIVEUSDT|IOTAUSDT|IOTXUSDT|KAVAUSDT|KNCUSDT|LSKUSDT|MANAUSDT|MBLUSDT|MTLUSDT|OGNUSDT|ONEUSDT|RLCUSDT|RVNUSDT|SCUSDT|SNXUSDT|TFUELUSDT|THETAUSDT|TRXUSDT|VTHOUSDT|WINUSDT|XLMUSDT|XTZUSDT|ZILUSDT|ZRXUSDT|XRPUSDT|BCHUSDT|ETCUSDT|AAVEUSDT|INJUSDT|MORPHOUSDT|ZROUSDT|METUSDT|AVAXUSDT|APTUSDT|ASTERUSDT|AEROUSDT|ARBUSDT|BLURUSDT|CHIPUSDT|DOTUSDT|ENAUSDT|ETHFIUSDT|FETUSDT|FILUSDT|HOLOUSDT|ICPUSDT|IOSTUSDT|JUPUSDT|MARSCOINUSDT|MINAUSDT|ONDOUSDT|PENGUUSDT|PEPEUSDT|POLUSDT|PUMPUSDT|RAYUSDT|REZUSDT|SAGAUSDT|SAHARAUSDT|SOPHUSDT|SUIUSDT|THEUSDT|TUTUSDT|WLDUSDT|WLFIUSDT|XPLUSDT|牛来USDT|BNBUSDT|NEARUSDT|TRUMPUSDT|UNIUSDT|GRAMUSDT|TAOUSDT
filters.PERCENT_PRICE_BY_SIDE.askMultiplierUp,1.1,1.1,5,0,5,0,0,0,2549.2,423,3481,FDUSDUSDT|RLUSDUSDT|USD1USDT|USDCUSDT|UUSDT
filters.PERCENT_PRICE_BY_SIDE.askMultiplierUp,1.2,1.2,10,2,8,0.2,-1.1455305866653793,-0.6357144229922171,3044.5,695,3633,EURUSDT|MSTRBUSDT|CRCLBUSDT|NVDABUSDT|PAXGUSDT|XAUTUSDT|SPCXBUSDT|QQQBUSDT|SNDKBUSDT|SOXLBUSDT
filters.PERCENT_PRICE_BY_SIDE.bidMultiplierUp,1.2,1.2,105,25,80,0.23809523809523808,0.6674980078927035,0,1366.942857142857,12,3697,ZECUSDT|YFIUSDT|COMPUSDT|BTCUSDT|DCRUSDT|SOLUSDT|LTCUSDT|ETHUSDT|DASHUSDT|LINKUSDT|ONGUSDT|ZENUSDT|ATOMUSDT|NEOUSDT|CRVUSDT|QTUMUSDT|STXUSDT|ADAUSDT|ALGOUSDT|ANKRUSDT|ARPAUSDT|BANDUSDT|CELRUSDT|CHRUSDT|CHZUSDT|COTIUSDT|CTSIUSDT|CVCUSDT|DOGEUSDT|DUSKUSDT|ENJUSDT|HBARUSDT|HIVEUSDT|IOTAUSDT|IOTXUSDT|KAVAUSDT|KNCUSDT|LSKUSDT|MANAUSDT|MBLUSDT|MTLUSDT|OGNUSDT|ONEUSDT|RLCUSDT|RVNUSDT|SCUSDT|SNXUSDT|TFUELUSDT|THETAUSDT|TRXUSDT|VTHOUSDT|WINUSDT|XLMUSDT|XTZUSDT|ZILUSDT|ZRXUSDT|XRPUSDT|BCHUSDT|ETCUSDT|AAVEUSDT|INJUSDT|MORPHOUSDT|ZROUSDT|METUSDT|AVAXUSDT|APTUSDT|ASTERUSDT|AEROUSDT|ARBUSDT|BLURUSDT|CHIPUSDT|DOTUSDT|ENAUSDT|ETHFIUSDT|FETUSDT|FILUSDT|HOLOUSDT|ICPUSDT|IOSTUSDT|JUPUSDT|MARSCOINUSDT|MINAUSDT|ONDOUSDT|PENGUUSDT|PEPEUSDT|POLUSDT|PUMPUSDT|RAYUSDT|REZUSDT|SAGAUSDT|SAHARAUSDT|SOPHUSDT|SUIUSDT|THEUSDT|TUTUSDT|WLDUSDT|WLFIUSDT|XPLUSDT|牛来USDT|BNBUSDT|NEARUSDT|TRUMPUSDT|UNIUSDT|GRAMUSDT|TAOUSDT
filters.PERCENT_PRICE_BY_SIDE.bidMultiplierUp,1.1,1.1,15,2,13,0.13333333333333333,-0.7636870577769196,0,2879.4,423,3633,EURUSDT|MSTRBUSDT|CRCLBUSDT|FDUSDUSDT|RLUSDUSDT|USD1USDT|USDCUSDT|UUSDT|NVDABUSDT|PAXGUSDT|XAUTUSDT|SPCXBUSDT|QQQBUSDT|SNDKBUSDT|SOXLBUSDT
filters.PERCENT_PRICE_BY_SIDE.askMultiplierDown,0.8,0.8,105,25,80,0.23809523809523808,0.6674980078927035,0,1366.942857142857,12,3697,ZECUSDT|YFIUSDT|COMPUSDT|BTCUSDT|DCRUSDT|SOLUSDT|LTCUSDT|ETHUSDT|DASHUSDT|LINKUSDT|ONGUSDT|ZENUSDT|ATOMUSDT|NEOUSDT|CRVUSDT|QTUMUSDT|STXUSDT|ADAUSDT|ALGOUSDT|ANKRUSDT|ARPAUSDT|BANDUSDT|CELRUSDT|CHRUSDT|CHZUSDT|COTIUSDT|CTSIUSDT|CVCUSDT|DOGEUSDT|DUSKUSDT|ENJUSDT|HBARUSDT|HIVEUSDT|IOTAUSDT|IOTXUSDT|KAVAUSDT|KNCUSDT|LSKUSDT|MANAUSDT|MBLUSDT|MTLUSDT|OGNUSDT|ONEUSDT|RLCUSDT|RVNUSDT|SCUSDT|SNXUSDT|TFUELUSDT|THETAUSDT|TRXUSDT|VTHOUSDT|WINUSDT|XLMUSDT|XTZUSDT|ZILUSDT|ZRXUSDT|XRPUSDT|BCHUSDT|ETCUSDT|AAVEUSDT|INJUSDT|MORPHOUSDT|ZROUSDT|METUSDT|AVAXUSDT|APTUSDT|ASTERUSDT|AEROUSDT|ARBUSDT|BLURUSDT|CHIPUSDT|DOTUSDT|ENAUSDT|ETHFIUSDT|FETUSDT|FILUSDT|HOLOUSDT|ICPUSDT|IOSTUSDT|JUPUSDT|MARSCOINUSDT|MINAUSDT|ONDOUSDT|PENGUUSDT|PEPEUSDT|POLUSDT|PUMPUSDT|RAYUSDT|REZUSDT|SAGAUSDT|SAHARAUSDT|SOPHUSDT|SUIUSDT|THEUSDT|TUTUSDT|WLDUSDT|WLFIUSDT|XPLUSDT|牛来USDT|BNBUSDT|NEARUSDT|TRUMPUSDT|UNIUSDT|GRAMUSDT|TAOUSDT
filters.PERCENT_PRICE_BY_SIDE.askMultiplierDown,0.9,0.9,15,2,13,0.13333333333333333,-0.7636870577769196,0,2879.4,423,3633,EURUSDT|MSTRBUSDT|CRCLBUSDT|FDUSDUSDT|RLUSDUSDT|USD1USDT|USDCUSDT|UUSDT|NVDABUSDT|PAXGUSDT|XAUTUSDT|SPCXBUSDT|QQQBUSDT|SNDKBUSDT|SOXLBUSDT
filters.NOTIONAL.minNotional,5,5,113,27,86,0.23893805309734514,0.5202763751284555,0,1509.7610619469026,12,3691,ZECUSDT|YFIUSDT|COMPUSDT|BTCUSDT|DCRUSDT|SOLUSDT|LTCUSDT|ETHUSDT|DASHUSDT|LINKUSDT|ONGUSDT|ZENUSDT|ATOMUSDT|NEOUSDT|CRVUSDT|QTUMUSDT|STXUSDT|ADAUSDT|ALGOUSDT|ANKRUSDT|ARPAUSDT|BANDUSDT|CELRUSDT|CHRUSDT|CHZUSDT|COTIUSDT|CTSIUSDT|CVCUSDT|DUSKUSDT|ENJUSDT|EURUSDT|HBARUSDT|HIVEUSDT|IOTAUSDT|IOTXUSDT|KAVAUSDT|KNCUSDT|LSKUSDT|MANAUSDT|MBLUSDT|MTLUSDT|OGNUSDT|ONEUSDT|RLCUSDT|RVNUSDT|SCUSDT|SNXUSDT|TFUELUSDT|THETAUSDT|TRXUSDT|WINUSDT|XLMUSDT|XTZUSDT|ZILUSDT|ZRXUSDT|XRPUSDT|BCHUSDT|ETCUSDT|AAVEUSDT|INJUSDT|MORPHOUSDT|MSTRBUSDT|CRCLBUSDT|ZROUSDT|METUSDT|AVAXUSDT|APTUSDT|ASTERUSDT|AEROUSDT|ARBUSDT|BLURUSDT|CHIPUSDT|DOTUSDT|ENAUSDT|ETHFIUSDT|FDUSDUSDT|FETUSDT|FILUSDT|HOLOUSDT|ICPUSDT|IOSTUSDT|JUPUSDT|MARSCOINUSDT|MINAUSDT|ONDOUSDT|POLUSDT|PUMPUSDT|RAYUSDT|REZUSDT|RLUSDUSDT|SAGAUSDT|SAHARAUSDT|SOPHUSDT|SUIUSDT|THEUSDT|USD1USDT|USDCUSDT|UUSDT|WLDUSDT|WLFIUSDT|XPLUSDT|BNBUSDT|NEARUSDT|NVDABUSDT|PAXGUSDT|UNIUSDT|GRAMUSDT|XAUTUSDT|SPCXBUSDT|TAOUSDT|QQQBUSDT|SNDKBUSDT|SOXLBUSDT
filters.NOTIONAL.minNotional,1,1,7,0,7,0,-0.02274934677648382,0,2302.4285714285716,559,3697,DOGEUSDT|VTHOUSDT|PENGUUSDT|PEPEUSDT|TUTUSDT|牛来USDT|TRUMPUSDT
baseAssetPrecision,8,8,117,27,90,0.23076923076923078,0.5011280765989751,0,1521.5811965811965,12,3697,ZECUSDT|YFIUSDT|COMPUSDT|BTCUSDT|DCRUSDT|SOLUSDT|LTCUSDT|ETHUSDT|DASHUSDT|LINKUSDT|ONGUSDT|ZENUSDT|ATOMUSDT|NEOUSDT|CRVUSDT|QTUMUSDT|STXUSDT|ADAUSDT|ALGOUSDT|ANKRUSDT|ARPAUSDT|BANDUSDT|CELRUSDT|CHRUSDT|CHZUSDT|COTIUSDT|CTSIUSDT|CVCUSDT|DOGEUSDT|DUSKUSDT|ENJUSDT|EURUSDT|HBARUSDT|HIVEUSDT|IOTAUSDT|IOTXUSDT|KAVAUSDT|KNCUSDT|LSKUSDT|MANAUSDT|MBLUSDT|MTLUSDT|OGNUSDT|ONEUSDT|RLCUSDT|RVNUSDT|SCUSDT|SNXUSDT|TFUELUSDT|THETAUSDT|TRXUSDT|VTHOUSDT|WINUSDT|XLMUSDT|XTZUSDT|ZILUSDT|ZRXUSDT|XRPUSDT|BCHUSDT|ETCUSDT|AAVEUSDT|INJUSDT|MORPHOUSDT|MSTRBUSDT|CRCLBUSDT|ZROUSDT|METUSDT|AVAXUSDT|APTUSDT|ASTERUSDT|AEROUSDT|ARBUSDT|BLURUSDT|CHIPUSDT|DOTUSDT|ENAUSDT|ETHFIUSDT|FDUSDUSDT|FETUSDT|FILUSDT|HOLOUSDT|ICPUSDT|IOSTUSDT|JUPUSDT|MARSCOINUSDT|MINAUSDT|ONDOUSDT|PENGUUSDT|POLUSDT|RAYUSDT|REZUSDT|RLUSDUSDT|SAGAUSDT|SAHARAUSDT|SOPHUSDT|SUIUSDT|THEUSDT|TUTUSDT|USD1USDT|USDCUSDT|UUSDT|WLDUSDT|XPLUSDT|牛来USDT|BNBUSDT|NEARUSDT|TRUMPUSDT|NVDABUSDT|PAXGUSDT|UNIUSDT|GRAMUSDT|XAUTUSDT|SPCXBUSDT|TAOUSDT|QQQBUSDT|SNDKBUSDT|SOXLBUSDT
baseAssetPrecision,2,2,3,0,3,0,0,0,2898.3333333333335,2211,3257,PEPEUSDT|PUMPUSDT|WLFIUSDT
baseCommissionPrecision,8,8,117,27,90,0.23076923076923078,0.5011280765989751,0,1521.5811965811965,12,3697,ZECUSDT|YFIUSDT|COMPUSDT|BTCUSDT|DCRUSDT|SOLUSDT|LTCUSDT|ETHUSDT|DASHUSDT|LINKUSDT|ONGUSDT|ZENUSDT|ATOMUSDT|NEOUSDT|CRVUSDT|QTUMUSDT|STXUSDT|ADAUSDT|ALGOUSDT|ANKRUSDT|ARPAUSDT|BANDUSDT|CELRUSDT|CHRUSDT|CHZUSDT|COTIUSDT|CTSIUSDT|CVCUSDT|DOGEUSDT|DUSKUSDT|ENJUSDT|EURUSDT|HBARUSDT|HIVEUSDT|IOTAUSDT|IOTXUSDT|KAVAUSDT|KNCUSDT|LSKUSDT|MANAUSDT|MBLUSDT|MTLUSDT|OGNUSDT|ONEUSDT|RLCUSDT|RVNUSDT|SCUSDT|SNXUSDT|TFUELUSDT|THETAUSDT|TRXUSDT|VTHOUSDT|WINUSDT|XLMUSDT|XTZUSDT|ZILUSDT|ZRXUSDT|XRPUSDT|BCHUSDT|ETCUSDT|AAVEUSDT|INJUSDT|MORPHOUSDT|MSTRBUSDT|CRCLBUSDT|ZROUSDT|METUSDT|AVAXUSDT|APTUSDT|ASTERUSDT|AEROUSDT|ARBUSDT|BLURUSDT|CHIPUSDT|DOTUSDT|ENAUSDT|ETHFIUSDT|FDUSDUSDT|FETUSDT|FILUSDT|HOLOUSDT|ICPUSDT|IOSTUSDT|JUPUSDT|MARSCOINUSDT|MINAUSDT|ONDOUSDT|PENGUUSDT|POLUSDT|RAYUSDT|REZUSDT|RLUSDUSDT|SAGAUSDT|SAHARAUSDT|SOPHUSDT|SUIUSDT|THEUSDT|TUTUSDT|USD1USDT|USDCUSDT|UUSDT|WLDUSDT|XPLUSDT|牛来USDT|BNBUSDT|NEARUSDT|TRUMPUSDT|NVDABUSDT|PAXGUSDT|UNIUSDT|GRAMUSDT|XAUTUSDT|SPCXBUSDT|TAOUSDT|QQQBUSDT|SNDKBUSDT|SOXLBUSDT
baseCommissionPrecision,2,2,3,0,3,0,0,0,2898.3333333333335,2211,3257,PEPEUSDT|PUMPUSDT|WLFIUSDT
isMarginTradingAllowed,true,,117,27,90,0.23076923076923078,0.5011280765989751,0,1560.4358974358975,12,3697,ZECUSDT|YFIUSDT|COMPUSDT|BTCUSDT|DCRUSDT|SOLUSDT|LTCUSDT|ETHUSDT|DASHUSDT|LINKUSDT|ONGUSDT|ZENUSDT|ATOMUSDT|NEOUSDT|CRVUSDT|QTUMUSDT|STXUSDT|ADAUSDT|ALGOUSDT|ANKRUSDT|ARPAUSDT|BANDUSDT|CELRUSDT|CHRUSDT|CHZUSDT|COTIUSDT|CTSIUSDT|CVCUSDT|DOGEUSDT|DUSKUSDT|ENJUSDT|HBARUSDT|HIVEUSDT|IOTAUSDT|KAVAUSDT|KNCUSDT|LSKUSDT|MANAUSDT|MBLUSDT|MTLUSDT|OGNUSDT|ONEUSDT|RLCUSDT|RVNUSDT|SCUSDT|SNXUSDT|TFUELUSDT|THETAUSDT|TRXUSDT|VTHOUSDT|WINUSDT|XLMUSDT|XTZUSDT|ZILUSDT|ZRXUSDT|XRPUSDT|BCHUSDT|ETCUSDT|AAVEUSDT|INJUSDT|MORPHOUSDT|MSTRBUSDT|CRCLBUSDT|ZROUSDT|METUSDT|AVAXUSDT|APTUSDT|ASTERUSDT|AEROUSDT|ARBUSDT|BLURUSDT|CHIPUSDT|DOTUSDT|ENAUSDT|ETHFIUSDT|FDUSDUSDT|FETUSDT|FILUSDT|HOLOUSDT|ICPUSDT|IOSTUSDT|JUPUSDT|MARSCOINUSDT|MINAUSDT|ONDOUSDT|PENGUUSDT|PEPEUSDT|POLUSDT|PUMPUSDT|RAYUSDT|REZUSDT|RLUSDUSDT|SAGAUSDT|SAHARAUSDT|SOPHUSDT|SUIUSDT|TUTUSDT|USD1USDT|USDCUSDT|UUSDT|WLDUSDT|WLFIUSDT|XPLUSDT|牛来USDT|BNBUSDT|NEARUSDT|TRUMPUSDT|NVDABUSDT|PAXGUSDT|UNIUSDT|GRAMUSDT|XAUTUSDT|SPCXBUSDT|TAOUSDT|QQQBUSDT|SNDKBUSDT|SOXLBUSDT
isMarginTradingAllowed,false,,3,0,3,0,0,0,1383,652,2802,EURUSDT|IOTXUSDT|THEUSDT
