fingerprint,catalogueCount,strategyCount,apiPositionMin,apiPositionMax,apiPositionSpan,averageApiPosition,medianApiPosition,contiguousRunCount,largestContiguousRun,positiveCount,flatCount,negativeCount,positiveRate,flatRate,negativeRate,totalNetProfit,meanNetProfit,medianNetProfit,meanPositiveProfit,meanNegativeProfit,positiveNetProfit,negativeNetProfit,strategySymbols,apiPositionRuns
priceMin=0.00001|priceMax=1000|priceTick=0.00001|lotMin=1|lotMax=9000000|lotStep=1|basePrecision=8|quotePrecision=8|quoteAssetPrecision=8,32,8,519,3502,2983,1506.625,1063.5,31,2,0,8,0,0,1,0,0,0,0,,,0,0,TFUELUSDT|DOGEUSDT|CVCUSDT|CHZUSDT|HBARUSDT|COTIUSDT|CTSIUSDT|CHRUSDT,519-519|558-558|560-560|601-601|604-604|609-609|622-622|627-627|711-711|752-752|786-786|794-794|798-798|816-816|879-879|942-942|1185-1186|1262-1262|1264-1264|1276-1276|2051-2051|2194-2194|2291-2291|2792-2792|2805-2805|2818-2818|2820-2820|2981-2981|3212-3212|3395-3395|3502-3502
priceMin=0.0001|priceMax=1000|priceTick=0.0001|lotMin=0.1|lotMax=92141578|lotStep=0.1|basePrecision=8|quotePrecision=8|quoteAssetPrecision=8,180,7,990,3683,2693,2599.9055555555556,2603,135,3,1,6,0,0.14285714285714285,0.8571428571428571,0,0.17979999999999996,0.02568571428571428,0,0.17979999999999996,,0.17979999999999996,0,ARBUSDT|SUIUSDT|WLDUSDT|JUPUSDT|ETHFIUSDT|THEUSDT|METUSDT,990-990|1436-1437|1440-1440|1455-1455|1541-1541|1573-1574|1580-1581|1604-1604|1609-1610|1641-1641|1644-1644|1656-1656|1661-1661|1665-1665|1680-1680|1697-1697|1701-1701|1765-1765|1813-1814|1822-1823|1879-1879|1895-1896|1902-1903|1927-1927|1949-1949|1956-1956|1977-1978|1998-1998|2014-2014|2047-2047|2081-2081|2105-2106|2121-2121|2127-2128|2131-2132|2135-2135|2151-2151|2159-2159|2167-2167|2171-2171|2173-2173|2202-2203|2206-2206|2221-2221|2235-2235|2243-2243|2255-2255|2275-2275|2284-2284|2299-2299|2302-2302|2304-2304|2357-2357|2366-2366|2381-2382|2397-2397|2410-2410|2418-2418|2420-2420|2429-2431|2442-2442|2453-2454|2457-2457|2461-2461|2471-2471|2476-2476|2485-2485|2540-2540|2566-2566|2569-2569|2572-2573|2583-2583|2623-2623|2632-2632|2651-2651|2665-2665|2667-2667|2715-2715|2719-2720|2799-2799|2801-2801|2808-2808|2829-2829|2831-2831|2839-2839|2865-2865|2875-2875|2892-2893|2937-2937|2939-2939|2947-2948|2950-2950|2966-2966|2973-2974|2997-2998|3003-3003|3008-3008|3013-3013|3015-3016|3065-3066|3068-3068|3073-3073|3095-3095|3118-3118|3120-3121|3142-3142|3151-3151|3161-3162|3164-3164|3184-3186|3188-3188|3196-3197|3199-3199|3202-3202|3239-3240|3242-3242|3259-3260|3262-3264|3271-3273|3288-3288|3366-3367|3370-3371|3375-3376|3381-3382|3388-3389|3391-3392|3444-3444|3459-3460|3462-3463|3472-3472|3496-3496|3554-3554|3559-3560|3567-3567|3683-3683
priceMin=0.001|priceMax=10000|priceTick=0.001|lotMin=0.01|lotMax=90000|lotStep=0.01|basePrecision=8|quotePrecision=8|quoteAssetPrecision=8,67,7,141,3539,3398,1588.0746268656717,1310,52,3,5,1,1,0.7142857142857143,0.14285714285714285,0.14285714285714285,4.476389349545711,0.6394841927922444,0.2854040668351565,1.024196170439847,-0.6445915026535254,5.120980852199235,-0.6445915026535254,NEOUSDT|LINKUSDT|ATOMUSDT|DOTUSDT|UNIUSDT|AVAXUSDT|INJUSDT,141-141|431-432|434-435|488-488|502-503|635-635|724-724|727-727|908-908|915-915|953-954|979-979|1032-1032|1041-1042|1052-1052|1066-1066|1113-1113|1116-1116|1131-1131|1181-1181|1215-1215|1217-1218|1228-1228|1237-1237|1246-1246|1286-1286|1303-1303|1310-1311|1326-1328|1331-1331|1400-1401|1403-1405|1959-1959|1973-1973|2160-2160|2313-2314|2320-2320|2322-2322|2350-2350|2355-2355|2391-2391|2411-2413|2489-2489|2504-2504|2938-2938|3002-3002|3452-3452|3454-3454|3467-3467|3514-3514|3518-3518|3539-3539
priceMin=0.001|priceMax=1000|priceTick=0.001|lotMin=0.01|lotMax=92141578|lotStep=0.01|basePrecision=8|quotePrecision=8|quoteAssetPrecision=8,82,5,1104,3624,2520,2544.890243902439,2570,62,4,4,0,1,0.8,0,0.2,1.7066986117857603,0.34133972235715204,0.05521301482701779,0.6254622037226711,-0.7951502031049242,2.5018488148906846,-0.7951502031049242,APTUSDT|ZROUSDT|MORPHOUSDT|ASTERUSDT|GRAMUSDT,1104-1104|1214-1214|1534-1534|1692-1692|1694-1694|1754-1754|1756-1756|1783-1784|1789-1789|1905-1905|1919-1920|1939-1939|1941-1941|1964-1964|1967-1967|1969-1969|1974-1975|1984-1985|2008-2008|2017-2017|2019-2020|2034-2034|2056-2056|2108-2108|2113-2113|2119-2119|2145-2145|2177-2177|2179-2179|2280-2280|2282-2283|2344-2344|2354-2354|2451-2451|2549-2549|2591-2591|2600-2600|2638-2638|2660-2660|2670-2671|2677-2677|2690-2692|2694-2694|2697-2698|2705-2705|2815-2815|2827-2827|2838-2838|2840-2840|3210-3210|3279-3279|3322-3323|3325-3325|3327-3328|3335-3337|3340-3342|3448-3448|3494-3494|3549-3549|3579-3580|3618-3618|3621-3624
priceMin=0.01|priceMax=100000|priceTick=0.01|lotMin=0.001|lotMax=922327|lotStep=0.001|basePrecision=8|quotePrecision=8|quoteAssetPrecision=8,61,5,1551,3694,2143,3192.1639344262294,3626,30,15,1,0,4,0.2,0,0.8,-8.391816402074612,-1.6783632804149224,-1.058746592083142,1.2046467261945655,-2.3991157820672946,1.2046467261945655,-9.596463128269178,NVDABUSDT|SPCXBUSDT|MSTRBUSDT|QQQBUSDT|SOXLBUSDT,1551-1551|1569-1570|1597-1597|1607-1607|1622-1622|1635-1636|1811-1811|1897-1897|1976-1976|1996-1996|2033-2033|2295-2295|3036-3036|3201-3201|3591-3591|3593-3593|3595-3596|3602-3605|3613-3617|3625-3626|3628-3642|3644-3644|3655-3655|3659-3663|3667-3667|3673-3674|3679-3679|3685-3686|3688-3688|3694-3694
priceMin=0.0001|priceMax=1000|priceTick=0.0001|lotMin=0.1|lotMax=900000|lotStep=0.1|basePrecision=8|quotePrecision=8|quoteAssetPrecision=8,45,5,296,3501,3205,1240.1333333333334,1025,39,3,1,4,0,0.2,0.8,0,0.17980000000000085,0.03596000000000017,0,0.17980000000000085,,0.17980000000000085,0,ADAUSDT|XTZUSDT|STXUSDT|RLCUSDT|LSKUSDT,296-296|323-323|420-420|423-423|486-486|591-591|621-621|639-639|652-652|655-655|692-693|714-715|718-720|738-738|755-755|803-803|845-845|923-923|1025-1026|1120-1120|1125-1125|1151-1151|1154-1154|1173-1173|1222-1222|1287-1287|1290-1290|1306-1306|1346-1346|1360-1360|1375-1376|2310-2310|2433-2433|2603-2603|2816-2816|2825-2825|3394-3394|3447-3447|3501-3501
priceMin=0.000001|priceMax=1000|priceTick=0.000001|lotMin=1|lotMax=92141578|lotStep=1|basePrecision=8|quotePrecision=8|quoteAssetPrecision=8,42,5,452,3183,2731,1640.7619047619048,1632,37,3,0,5,0,0,1,0,0,0,0,,,0,0,IOTXUSDT|MBLUSDT|SCUSDT|VTHOUSDT|PENGUUSDT,452-452|466-466|598-600|603-603|651-651|672-672|749-749|810-810|841-841|858-858|1224-1224|1253-1254|1380-1380|1385-1385|1474-1474|1508-1508|1594-1594|1625-1625|1639-1639|1659-1659|1685-1685|1749-1749|1773-1774|1839-1840|2015-2015|2059-2059|2297-2297|2371-2371|2581-2581|2601-2601|2807-2807|2850-2850|2860-2860|2862-2862|2868-2868|3004-3004|3183-3183
priceMin=0.0001|priceMax=100|priceTick=0.0001|lotMin=0.1|lotMax=913205152|lotStep=0.1|basePrecision=8|quotePrecision=8|quoteAssetPrecision=8,88,4,1615,3691,2076,3159.6363636363635,3177,58,2,0,4,0,0,1,0,0,0,0,,,0,0,ONDOUSDT|HOLOUSDT|AEROUSDT|MARSCOINUSDT,1615-1616|2084-2085|2739-2739|2766-2767|2769-2769|2776-2776|2780-2781|2784-2784|2789-2789|2811-2811|2817-2817|2871-2871|2961-2962|2964-2964|2995-2995|3044-3045|3048-3049|3051-3051|3053-3054|3056-3056|3080-3081|3083-3083|3087-3088|3094-3094|3098-3099|3101-3101|3108-3108|3133-3133|3170-3171|3173-3173|3175-3176|3178-3178|3232-3233|3235-3235|3251-3252|3254-3254|3292-3292|3297-3297|3310-3310|3330-3331|3333-3333|3345-3346|3348-3348|3350-3351|3353-3353|3355-3356|3358-3358|3405-3406|3455-3456|3519-3520|3522-3523|3534-3535|3584-3585|3587-3588|3598-3599|3609-3610|3646-3647|3690-3691
priceMin=0.00001|priceMax=100|priceTick=0.00001|lotMin=1|lotMax=913205152|lotStep=1|basePrecision=8|quotePrecision=8|quoteAssetPrecision=8,71,4,1085,3697,2612,3193.211267605634,3249,46,4,0,4,0,0,1,0,0,0,0,,,0,0,SOPHUSDT|SAHARAUSDT|CHIPUSDT|牛来USDT,1085-1085|1618-1618|2091-2091|2153-2153|2308-2308|2331-2331|2878-2878|3026-3026|3028-3028|3035-3035|3039-3040|3042-3042|3062-3062|3075-3076|3078-3078|3089-3090|3104-3104|3111-3112|3114-3114|3122-3123|3125-3125|3135-3136|3138-3138|3154-3155|3157-3157|3191-3192|3194-3194|3249-3249|3269-3270|3312-3312|3314-3317|3319-3319|3473-3474|3482-3483|3491-3492|3498-3499|3508-3509|3511-3512|3530-3531|3541-3542|3552-3552|3564-3565|3569-3571|3581-3582|3607-3607|3696-3697
priceMin=0.0001|priceMax=1000|priceTick=0.0001|lotMin=1|lotMax=900000|lotStep=1|basePrecision=8|quotePrecision=8|quoteAssetPrecision=8,48,4,333,3283,2950,1165.375,983.5,37,3,0,4,0,0,1,0,0,0,0,,,0,0,IOTAUSDT|ZRXUSDT|HIVEUSDT|MANAUSDT,333-333|372-372|469-469|473-473|587-587|618-618|631-631|737-737|740-740|753-753|773-773|791-791|797-797|820-820|878-878|881-881|883-883|901-903|918-918|946-947|983-984|1046-1046|1061-1062|1082-1083|1142-1143|1166-1166|1256-1257|1274-1275|1289-1289|1292-1292|1302-1302|1336-1337|2162-2162|2378-2378|2845-2846|3001-3001|3283-3283
priceMin=0.0001|priceMax=10000|priceTick=0.0001|lotMin=0.1|lotMax=9222449|lotStep=0.1|basePrecision=8|quotePrecision=8|quoteAssetPrecision=8,44,4,306,3497,3191,2040.090909090909,1717.5,38,3,0,3,1,0,0.75,0.25,-0.08529875666074481,-0.021324689165186202,0,,-0.08529875666074481,0,-0.08529875666074481,XRPUSDT|KNCUSDT|MINAUSDT|RAYUSDT,306-306|413-413|419-419|812-812|1281-1281|1316-1316|1345-1345|1378-1378|1408-1408|1411-1413|1418-1418|1509-1510|1512-1512|1562-1563|1565-1566|1577-1577|1717-1718|1999-1999|2052-2052|2290-2290|2470-2470|2494-2494|2567-2567|2616-2616|2624-2624|2725-2725|2771-2771|2794-2794|2942-2942|2986-2986|2988-2988|3096-3096|3134-3134|3285-3285|3379-3379|3445-3445|3479-3479|3497-3497
priceMin=0.01|priceMax=100000|priceTick=0.01|lotMin=0.001|lotMax=90000|lotStep=0.001|basePrecision=8|quotePrecision=8|quoteAssetPrecision=8,19,4,190,3517,3327,1604.421052631579,832,18,2,4,0,0,1,0,0,34.44264122970805,8.610660307427013,6.302462444023119,8.610660307427013,,34.44264122970805,0,LTCUSDT|ZECUSDT|DASHUSDT|COMPUSDT,190-190|445-445|447-447|477-477|480-480|490-490|634-634|725-725|757-757|832-833|1362-1362|2309-2309|3169-3169|3374-3374|3451-3451|3477-3477|3515-3515|3517-3517
priceMin=0.00001|priceMax=1000|priceTick=0.00001|lotMin=0.1|lotMax=92141578|lotStep=0.1|basePrecision=8|quotePrecision=8|quoteAssetPrecision=8,101,3,605,3438,2833,2421.6237623762377,2578,85,6,0,3,0,0,1,0,0,0,0,,,0,0,BLURUSDT|SAGAUSDT|POLUSDT,605-605|1044-1044|1379-1379|1441-1441|1478-1478|1504-1504|1540-1540|1546-1547|1640-1640|1651-1651|1655-1655|1657-1657|1667-1667|1672-1672|1681-1681|1698-1698|1745-1745|1767-1767|1824-1824|1837-1838|1845-1845|1924-1924|1928-1928|1943-1944|1957-1957|1987-1987|2009-2009|2022-2022|2049-2049|2148-2148|2277-2277|2364-2364|2427-2427|2436-2436|2438-2438|2445-2445|2452-2452|2458-2458|2460-2460|2468-2468|2475-2475|2491-2491|2493-2493|2496-2496|2502-2502|2565-2565|2576-2576|2578-2578|2584-2584|2593-2593|2615-2615|2621-2621|2634-2634|2636-2636|2650-2650|2662-2663|2676-2676|2716-2716|2728-2729|2732-2733|2758-2758|2782-2782|2821-2821|2824-2824|2826-2826|2837-2837|2851-2851|2858-2858|2886-2891|2912-2913|2915-2915|2925-2926|2941-2941|2976-2976|2980-2980|2983-2983|2985-2985|3006-3006|3009-3009|3064-3064|3070-3071|3148-3149|3167-3167|3286-3287|3438-3438
priceMin=0.00001|priceMax=1000|priceTick=0.00001|lotMin=0.1|lotMax=9000000|lotStep=0.1|basePrecision=8|quotePrecision=8|quoteAssetPrecision=8,87,3,106,3181,3075,699.3218390804598,569,71,4,0,3,0,0,1,0,0,0,0,,,0,0,ANKRUSDT|RVNUSDT|ARPAUSDT,106-106|114-114|156-156|212-212|215-216|228-228|236-236|247-247|250-250|253-253|259-259|278-278|316-316|322-322|344-344|363-363|391-391|397-397|409-409|415-415|424-424|448-448|462-462|468-468|485-485|492-492|496-496|514-514|516-516|526-528|532-533|536-538|547-550|561-561|569-569|589-589|595-596|610-610|616-616|623-623|648-649|675-675|678-678|716-717|741-741|743-743|764-764|774-775|789-789|800-800|804-804|807-807|827-827|847-847|860-860|866-866|871-871|917-917|926-927|932-932|960-960|981-981|1059-1059|1117-1117|1160-1161|1169-1170|1293-1293|2010-2010|2125-2125|3160-3160|3181-3181
priceMin=0.01|priceMax=1000000|priceTick=0.01|lotMin=0.0001|lotMax=9000|lotStep=0.0001|basePrecision=8|quotePrecision=8|quoteAssetPrecision=8,18,3,12,3573,3561,2582.8888888888887,3465,16,3,1,0,2,0.3333333333333333,0,0.6666666666666666,1.9658753681633487,0.6552917893877829,-0.4454246266268,3.237304214147783,-0.6357144229922171,3.237304214147783,-1.2714288459844343,ETHUSDT|PAXGUSDT|XAUTUSDT,12-12|314-314|418-418|968-968|2088-2088|2154-2154|2266-2266|3060-3060|3440-3440|3490-3490|3495-3495|3506-3506|3516-3516|3544-3546|3557-3557|3573-3573
priceMin=0.01|priceMax=100000|priceTick=0.01|lotMin=0.001|lotMax=900000|lotStep=0.001|basePrecision=8|quotePrecision=8|quoteAssetPrecision=8,17,3,98,3537,3439,1754.0588235294117,1092,15,2,2,0,1,0.6666666666666666,0,0.3333333333333333,9.53766483000453,3.1792216100015103,4.23979032319625,4.777397346235851,-0.017129862467172297,9.554794692471702,-0.017129862467172297,BNBUSDT|DCRUSDT|AAVEUSDT,98-98|412-412|416-416|882-882|997-998|1038-1038|1091-1092|1145-1145|2257-2257|2706-2706|2721-2721|3439-3439|3485-3485|3505-3505|3537-3537
priceMin=0.8|priceMax=1.2|priceTick=0.0001|lotMin=1|lotMax=10000000|lotStep=1|basePrecision=8|quotePrecision=8|quoteAssetPrecision=8,14,3,332,3558,3226,2912.4285714285716,3307.5,12,2,0,3,0,0,1,0,0,0,0,,,0,0,FDUSDUSDT|UUSDT|RLUSDUSDT,332-332|1624-1624|2259-2259|2791-2791|3000-3000|3204-3204|3229-3229|3386-3386|3470-3471|3480-3481|3489-3489|3558-3558
priceMin=0.0001|priceMax=10000|priceTick=0.0001|lotMin=0.1|lotMax=90000|lotStep=0.1|basePrecision=8|quotePrecision=8|quoteAssetPrecision=8,5,3,494,3306,2812,1658.2,849,5,1,0,3,0,0,1,0,0,0,0,,,0,0,THETAUSDT|BANDUSDT|SNXUSDT,494-494|612-612|849-849|3030-3030|3306-3306
priceMin=0.001|priceMax=1000|priceTick=0.001|lotMin=0.1|lotMax=900000|lotStep=0.1|basePrecision=8|quotePrecision=8|quoteAssetPrecision=8,28,2,491,3527,3036,1374.2857142857142,1112.5,24,2,0,1,1,0,0.5,0.5,-0.060666223090151794,-0.030333111545075897,-0.030333111545075897,,-0.060666223090151794,0,-0.060666223090151794,MTLUSDT|NEARUSDT,491-491|493-493|588-588|650-650|728-728|739-739|825-825|861-861|898-898|934-935|1096-1097|1101-1101|1124-1124|1157-1157|1192-1192|1198-1198|1269-1270|1272-1272|1294-1294|1971-1971|2323-2323|2525-2525|3396-3396|3526-3527
priceMin=0.000001|priceMax=1000|priceTick=0.000001|lotMin=0.1|lotMax=9000000|lotStep=0.1|basePrecision=8|quotePrecision=8|quoteAssetPrecision=8,27,2,285,3037,2752,976.5185185185185,875,25,2,0,2,0,0,1,0,0,0,0,,,0,0,ZILUSDT|ONEUSDT,285-285|297-297|324-324|330-330|345-345|377-377|467-467|525-525|619-619|637-637|640-640|712-712|844-844|875-875|896-896|936-936|963-964|987-987|1023-1023|1056-1056|1094-1094|1122-1122|1366-1366|2822-2823|3037-3037
priceMin=0.0001|priceMax=1000|priceTick=0.0001|lotMin=0.1|lotMax=9000000|lotStep=0.1|basePrecision=8|quotePrecision=8|quoteAssetPrecision=8,15,2,350,3551,3201,1886.8,2318,15,1,0,2,0,0,1,0,0,0,0,,,0,0,TRXUSDT|FETUSDT,350-350|426-426|449-449|472-472|499-499|802-802|2178-2178|2318-2318|2337-2337|2414-2414|2532-2532|2958-2958|3488-3488|3528-3528|3551-3551
priceMin=0.00001|priceMax=1000|priceTick=0.00001|lotMin=1|lotMax=900000|lotStep=1|basePrecision=8|quotePrecision=8|quoteAssetPrecision=8,13,2,348,3180,2832,1354.7692307692307,1212,13,1,1,1,0,0.5,0.5,0,1.2586000000000033,0.6293000000000016,0.6293000000000016,1.2586000000000033,,1.2586000000000033,0,ONGUSDT|OGNUSDT,348-348|464-464|574-574|602-602|697-697|1075-1075|1212-1212|1238-1238|1335-1335|1384-1384|2524-2524|2979-2979|3180-3180
priceMin=0.00001|priceMax=1000|priceTick=0.00001|lotMin=0.1|lotMax=900000|lotStep=0.1|basePrecision=8|quotePrecision=8|quoteAssetPrecision=8,9,2,353,3561,3208,1372.2222222222222,931,8,2,0,2,0,0,1,0,0,0,0,,,0,0,ENJUSDT|KAVAUSDT,353-353|495-495|642-642|930-931|1121-1121|1232-1232|3085-3085|3561-3561
priceMin=0.8|priceMax=1.2|priceTick=0.00001|lotMin=1|lotMax=10000000|lotStep=1|basePrecision=8|quotePrecision=8|quoteAssetPrecision=8,5,2,422,3669,3247,2799.2,3397,4,2,0,2,0,0,1,0,0,0,0,,,0,0,USDCUSDT|USD1USDT,422-422|3110-3110|3397-3398|3669-3669
priceMin=0.01|priceMax=10000|priceTick=0.01|lotMin=0.01|lotMax=9222449|lotStep=0.01|basePrecision=8|quotePrecision=8|quoteAssetPrecision=8,75,1,1427,3695,2268,2735.2533333333336,2645,58,6,1,0,0,1,0,0,0.9445948222780676,0.9445948222780676,0.9445948222780676,0.9445948222780676,,0.9445948222780676,0,CRCLBUSDT,1427-1427|1467-1467|1486-1487|1529-1529|1631-1631|1670-1670|1683-1683|1740-1741|1755-1755|1790-1791|1795-1795|1803-1804|1826-1826|1828-1829|1841-1841|1951-1951|1972-1972|2045-2046|2115-2115|2137-2137|2227-2227|2250-2250|2269-2269|2327-2327|2343-2343|2377-2377|2440-2440|2500-2500|2596-2596|2598-2598|2605-2605|2645-2645|2695-2695|2932-2932|2957-2957|2991-2991|3061-3061|3086-3086|3128-3128|3326-3326|3329-3329|3465-3465|3592-3592|3620-3620|3627-3627|3643-3643|3645-3645|3649-3654|3656-3658|3664-3664|3666-3666|3668-3668|3671-3672|3675-3678|3680-3680|3687-3687|3692-3692|3695-3695
priceMin=0.0001|priceMax=1000|priceTick=0.0001|lotMin=0.01|lotMax=92141578|lotStep=0.01|basePrecision=8|quotePrecision=8|quoteAssetPrecision=8,59,1,957,3550,2593,2369.8474576271187,2434,47,2,0,1,0,0,1,0,0,0,0,,,0,0,ENAUSDT,957-958|1364-1364|1623-1623|1777-1778|1806-1806|1809-1810|1854-1855|1876-1877|1906-1906|1911-1912|1965-1966|2016-2016|2035-2035|2057-2057|2064-2064|2109-2109|2118-2118|2326-2326|2341-2341|2361-2361|2415-2415|2424-2424|2434-2434|2443-2443|2480-2480|2498-2499|2508-2509|2556-2556|2558-2558|2570-2570|2582-2582|2646-2646|2752-2753|2762-2762|2790-2790|2802-2802|2804-2804|2835-2835|2928-2929|2931-2931|2978-2978|3031-3031|3140-3140|3276-3277|3281-3281|3449-3449|3550-3550
priceMin=0.000001|priceMax=1000|priceTick=0.000001|lotMin=1|lotMax=9000000|lotStep=1|basePrecision=8|quotePrecision=8|quoteAssetPrecision=8,53,1,100,1140,1040,467.1698113207547,382,48,3,0,1,0,0,1,0,0,0,0,,,0,0,IOSTUSDT,100-100|109-109|117-117|123-123|129-129|132-132|150-150|167-167|170-170|177-177|199-199|202-202|210-210|223-223|231-231|262-262|268-268|274-274|282-282|292-293|305-305|309-309|327-327|341-341|371-371|382-382|385-385|411-411|481-481|520-522|553-553|570-572|585-585|628-628|656-656|676-676|695-695|721-721|762-762|799-799|857-857|864-864|940-940|944-944|1029-1029|1080-1080|1133-1133|1140-1140
priceMin=0.00001|priceMax=100|priceTick=0.00001|lotMin=0.1|lotMax=913205152|lotStep=0.1|basePrecision=8|quotePrecision=8|quoteAssetPrecision=8,49,1,1617,3612,1995,3091.408163265306,3105,31,3,0,1,0,0,1,0,0,0,0,,,0,0,XPLUSDT,1617-1617|2737-2737|2768-2768|2770-2770|2777-2777|2785-2785|2810-2810|2847-2848|2869-2869|2873-2873|2897-2898|2900-2901|2967-2969|2992-2993|3058-3059|3091-3092|3105-3106|3130-3131|3216-3217|3219-3219|3221-3222|3224-3224|3289-3290|3294-3295|3299-3300|3302-3302|3307-3308|3568-3568|3574-3575|3578-3578|3611-3612
priceMin=0.000001|priceMax=1000|priceTick=0.000001|lotMin=0.1|lotMax=92141578|lotStep=0.1|basePrecision=8|quotePrecision=8|quoteAssetPrecision=8,33,1,1259,2867,1608,1859.6666666666667,1696,33,1,0,1,0,0,1,0,0,0,0,,,0,0,REZUSDT,1259-1259|1295-1295|1381-1381|1390-1390|1435-1435|1439-1439|1442-1442|1542-1542|1561-1561|1564-1564|1572-1572|1579-1579|1583-1583|1642-1642|1663-1663|1679-1679|1696-1696|1768-1768|1880-1880|1926-1926|1950-1950|1955-1955|2029-2029|2063-2063|2122-2122|2205-2205|2222-2222|2246-2246|2305-2305|2613-2613|2640-2640|2856-2856|2867-2867
priceMin=0.0001|priceMax=1000|priceTick=0.0001|lotMin=1|lotMax=9000000|lotStep=1|basePrecision=8|quotePrecision=8|quoteAssetPrecision=8,31,1,334,3601,3267,1396.9032258064517,943,29,2,0,1,0,0,1,0,0,0,0,,,0,0,XLMUSDT,334-334|421-421|531-531|534-534|630-630|654-654|723-723|788-788|801-801|815-815|823-823|888-888|905-905|913-913|916-916|943-943|1115-1115|1148-1149|1174-1174|1207-1207|2048-2048|2062-2062|2208-2208|2321-2321|2388-2388|2401-2401|2444-2444|2819-2819|3600-3601
priceMin=0.001|priceMax=10000|priceTick=0.001|lotMin=0.1|lotMax=90000|lotStep=0.1|basePrecision=8|quotePrecision=8|quoteAssetPrecision=8,28,1,279,3231,2952,1500.75,1253.5,26,2,1,0,0,1,0,0,0.17980000000000085,0.17980000000000085,0.17980000000000085,0.17980000000000085,,0.17980000000000085,0,QTUMUSDT,279-279|674-674|848-848|877-877|989-989|1007-1007|1010-1010|1071-1071|1112-1112|1163-1164|1226-1226|1230-1230|1247-1247|1260-1260|1279-1279|1291-1291|1297-1298|1365-1365|2058-2058|2060-2060|2311-2311|2353-2353|2514-2514|2592-2592|3215-3215|3231-3231
priceMin=0.01|priceMax=1000000|priceTick=0.01|lotMin=0.00001|lotMax=9000|lotStep=0.00001|basePrecision=8|quotePrecision=8|quoteAssetPrecision=8,20,1,11,3556,3545,1694.8,1636.5,19,2,1,0,0,1,0,0,5.414565649921552,5.414565649921552,5.414565649921552,5.414565649921552,,5.414565649921552,0,BTCUSDT,11-11|312-312|405-405|417-417|614-614|689-689|821-821|886-886|919-919|1271-1271|2002-2002|2067-2067|2195-2195|2265-2265|2373-2373|2744-2744|3436-3437|3476-3476|3556-3556
priceMin=0.01|priceMax=10000|priceTick=0.01|lotMin=0.01|lotMax=90000|lotStep=0.01|basePrecision=8|quotePrecision=8|quoteAssetPrecision=8,20,1,351,3230,2879,1228.85,1003,18,2,0,0,1,0,0,1,-2.914877561018076,-2.914877561018076,-2.914877561018076,,-2.914877561018076,0,-2.914877561018076,ETCUSDT,351-351|506-506|636-636|726-726|780-780|814-814|949-950|972-972|975-975|1031-1031|1051-1051|1054-1054|1240-1241|1300-1300|1990-1990|2340-2340|2441-2441|3230-3230
priceMin=0.001|priceMax=10000|priceTick=0.001|lotMin=0.001|lotMax=9222449|lotStep=0.001|basePrecision=8|quotePrecision=8|quoteAssetPrecision=8,19,1,1780,3555,1775,2523.2631578947367,2685,14,2,0,0,1,0,0,1,-0.15924542743538672,-0.15924542743538672,-0.15924542743538672,,-0.15924542743538672,0,-0.15924542743538672,TRUMPUSDT,1780-1781|1831-1832|1834-1835|1992-1993|2150-2150|2685-2685|2908-2909|2934-2934|2940-2940|3034-3034|3182-3182|3214-3214|3553-3553|3555-3555
priceMin=0.001|priceMax=100000|priceTick=0.001|lotMin=0.01|lotMax=922327|lotStep=0.01|basePrecision=8|quotePrecision=8|quoteAssetPrecision=8,14,1,1423,2836,1413,2074.1428571428573,2185,13,2,0,1,0,0,1,0,0,0,0,,,0,0,ICPUSDT,1423-1424|1483-1483|1500-1500|1554-1554|1723-1723|2000-2000|2370-2370|2423-2423|2510-2510|2531-2531|2604-2604|2657-2657|2836-2836
priceMin=1e-8|priceMax=0.1|priceTick=1e-8|lotMin=1|lotMax=92233720368|lotStep=1|basePrecision=2|quotePrecision=8|quoteAssetPrecision=8,13,1,2210,3503,1293,2566.5384615384614,2512,10,4,0,1,0,0,1,0,0,0,0,,,0,0,PEPEUSDT,2210-2213|2215-2215|2501-2501|2512-2512|2523-2523|2551-2551|2606-2606|2639-2639|3469-3469|3503-3503
priceMin=0.1|priceMax=100000|priceTick=0.1|lotMin=0.001|lotMax=90000|lotStep=0.001|basePrecision=8|quotePrecision=8|quoteAssetPrecision=8,13,1,475,3525,3050,1452.4615384615386,1187,11,3,0,0,1,0,0,1,-2.1195238795901137,-2.1195238795901137,-2.1195238795901137,,-2.1195238795901137,0,-2.1195238795901137,BCHUSDT,475-475|661-663|665-665|756-756|1187-1187|1194-1194|1339-1339|1986-1986|2316-2316|3453-3453|3525-3525
priceMin=0.0001|priceMax=10000|priceTick=0.0001|lotMin=0.01|lotMax=9222449|lotStep=0.01|basePrecision=8|quotePrecision=8|quoteAssetPrecision=8,12,1,1105,2678,1573,2219.5,2407.5,10,2,0,1,0,0,1,0,0,0,0,,,0,0,FILUSDT,1105-1105|1793-1794|2012-2012|2306-2306|2351-2351|2464-2465|2482-2482|2530-2530|2654-2654|2678-2678
priceMin=0.01|priceMax=10000|priceTick=0.01|lotMin=0.001|lotMax=90000|lotStep=0.001|basePrecision=8|quotePrecision=8|quoteAssetPrecision=8,10,1,779,3507,2728,2357.2,2457,10,1,1,0,0,1,0,0,4.087759926981848,4.087759926981848,4.087759926981848,4.087759926981848,,4.087759926981848,0,SOLUSDT,779-779|976-976|1647-1647|2180-2180|2287-2287|2627-2627|2641-2641|3441-3441|3487-3487|3507-3507
priceMin=1e-8|priceMax=100|priceTick=1e-8|lotMin=1|lotMax=913205152|lotStep=1|basePrecision=8|quotePrecision=8|quoteAssetPrecision=8,8,1,575,3027,2452,1658.375,1627.5,7,2,0,1,0,0,1,0,0,0,0,,,0,0,WINUSDT,575-575|577-577|1382-1382|1627-1628|2123-2123|2328-2328|3027-3027
priceMin=0.01|priceMax=999996|priceTick=0.01|lotMin=0.0001|lotMax=92233|lotStep=0.0001|basePrecision=8|quotePrecision=8|quoteAssetPrecision=8,8,1,1621,3670,2049,2529.75,2057.5,7,2,0,0,1,0,0,1,-2.7366554408728145,-2.7366554408728145,-2.7366554408728145,,-2.7366554408728145,0,-2.7366554408728145,SNDKBUSDT,1621-1621|1786-1787|1867-1867|2248-2248|3594-3594|3665-3665|3670-3670
priceMin=0.0001|priceMax=10000|priceTick=0.0001|lotMin=0.1|lotMax=922327|lotStep=0.1|basePrecision=8|quotePrecision=8|quoteAssetPrecision=8,7,1,863,2635,1772,1203.142857142857,1005,5,2,1,0,0,1,0,0,0.17980000000000174,0.17980000000000174,0.17980000000000174,0.17980000000000174,,0.17980000000000174,0,CRVUSDT,863-863|938-939|1005-1006|1036-1036|2635-2635
priceMin=0.0001|priceMax=100000|priceTick=0.0001|lotMin=1|lotMax=922327|lotStep=1|basePrecision=8|quotePrecision=8|quoteAssetPrecision=8,7,1,541,2319,1778,1373,1493,6,2,0,1,0,0,1,0,0,0,0,,,0,0,ALGOUSDT,541-541|544-544|1492-1493|1498-1498|1724-1724|2319-2319
priceMin=0.0001|priceMax=1000|priceTick=0.0001|lotMin=1|lotMax=9222449|lotStep=1|basePrecision=8|quotePrecision=8|quoteAssetPrecision=8,5,1,563,1244,681,975.2,1177,5,1,0,1,0,0,1,0,0,0,0,,,0,0,DUSKUSDT,563-563|658-658|1177-1177|1234-1234|1244-1244
priceMin=0.9|priceMax=1.4|priceTick=0.0001|lotMin=0.1|lotMax=6000000|lotStep=0.1|basePrecision=8|quotePrecision=8|quoteAssetPrecision=8,5,1,694,2982,2288,2259.2,2534,5,1,0,1,0,0,1,0,0,0,0,,,0,0,EURUSDT,694-694|2374-2374|2534-2534|2712-2712|2982-2982
priceMin=0.0001|priceMax=100|priceTick=0.0001|lotMin=0.1|lotMax=913205152|lotStep=0.1|basePrecision=2|quotePrecision=8|quoteAssetPrecision=8,5,1,3226,3540,314,3323.6,3238,4,2,0,1,0,0,1,0,0,0,0,,,0,0,WLFIUSDT,3226-3227|3238-3238|3387-3387|3540-3540
priceMin=0.1|priceMax=100000|priceTick=0.1|lotMin=0.0001|lotMax=922327|lotStep=0.0001|basePrecision=8|quotePrecision=8|quoteAssetPrecision=8,5,1,2587,3538,951,3002.4,2795,4,2,0,0,1,0,0,1,-1.3859942816413302,-1.3859942816413302,-1.3859942816413302,,-1.3859942816413302,0,-1.3859942816413302,TAOUSDT,2587-2588|2795-2795|3504-3504|3538-3538
priceMin=0.001|priceMax=100000|priceTick=0.001|lotMin=0.01|lotMax=900000|lotStep=0.01|basePrecision=8|quotePrecision=8|quoteAssetPrecision=8,4,1,842,3038,2196,1964.75,1989.5,4,1,1,0,0,1,0,0,1.0768324804883163,1.0768324804883163,1.0768324804883163,1.0768324804883163,,1.0768324804883163,0,ZENUSDT,842-842|1002-1002|2977-2977|3038-3038
priceMin=1|priceMax=1000000|priceTick=1|lotMin=0.00001|lotMax=9000|lotStep=0.00001|basePrecision=8|quotePrecision=8|quoteAssetPrecision=8,3,1,911,1188,277,1003.6666666666666,912,2,2,1,0,0,1,0,0,10.855240665586129,10.855240665586129,10.855240665586129,10.855240665586129,,10.855240665586129,0,YFIUSDT,911-912|1188-1188
priceMin=0.000001|priceMax=100|priceTick=0.000001|lotMin=1|lotMax=913205152|lotStep=1|basePrecision=2|quotePrecision=8|quoteAssetPrecision=8,3,1,3256,3684,428,3399.3333333333335,3258,3,1,0,1,0,0,1,0,0,0,0,,,0,0,PUMPUSDT,3256-3256|3258-3258|3684-3684
priceMin=0.00001|priceMax=10|priceTick=0.00001|lotMin=1|lotMax=8080000000|lotStep=1|basePrecision=8|quotePrecision=8|quoteAssetPrecision=8,2,1,3020,3022,2,3021,3021,2,1,0,1,0,0,1,0,0,0,0,,,0,0,TUTUSDT,3020-3020|3022-3022
priceMin=0.000001|priceMax=10000|priceTick=0.000001|lotMin=0.1|lotMax=9222449|lotStep=0.1|basePrecision=8|quotePrecision=8|quoteAssetPrecision=8,1,1,484,484,0,484,484,1,1,0,1,0,0,1,0,0,0,0,,,0,0,CELRUSDT,484-484
priceMin=1e-8|priceMax=1000|priceTick=1e-8|lotMin=1|lotMax=90000000|lotStep=1|basePrecision=8|quotePrecision=8|quoteAssetPrecision=8,243,0,6,1383,1377,436.34567901234567,300,166,6,0,0,0,,,,0,,,,,0,0,,6-6|15-15|21-22|24-24|27-27|29-29|31-33|37-40|42-43|46-47|50-50|54-55|57-57|60-62|64-64|68-68|72-73|76-76|78-81|83-85|89-89|96-96|102-103|107-108|110-112|119-122|127-127|130-131|133-134|137-139|144-145|148-149|157-158|160-161|168-169|175-176|178-179|181-182|184-187|193-193|197-198|200-200|203-204|206-206|208-208|213-214|217-217|219-219|221-221|229-229|232-232|237-237|239-239|241-245|251-251|254-255|257-257|260-261|266-267|269-270|276-276|280-281|283-283|286-288|290-291|294-295|300-301|303-304|307-308|313-313|315-315|325-325|335-340|342-342|346-347|355-355|357-357|360-361|365-366|369-370|374-376|379-381|383-384|388-388|390-390|393-394|398-398|410-410|451-451|463-463|465-465|483-483|518-518|524-524|530-530|540-540|551-551|556-557|562-562|568-568|576-576|579-580|586-586|594-594|608-608|626-626|629-629|647-647|657-657|670-670|677-677|696-696|699-699|710-710|722-722|747-747|751-751|763-763|785-785|790-790|793-793|806-806|808-809|817-817|819-819|826-826|856-856|865-865|872-872|890-890|925-925|941-941|945-945|959-959|962-962|982-982|1043-1043|1045-1045|1060-1060|1074-1074|1081-1081|1114-1114|1132-1132|1141-1141|1150-1150|1159-1159|1168-1168|1176-1176|1184-1184|1195-1195|1210-1211|1233-1233|1242-1242|1252-1252|1255-1255|1273-1273|1301-1301|1307-1307|1312-1312|1322-1322|1340-1340|1351-1351|1354-1354|1357-1357|1367-1367|1383-1383
priceMin=0.0001|priceMax=1000|priceTick=0.0001|lotMin=1|lotMax=92141578|lotStep=1|basePrecision=8|quotePrecision=8|quoteAssetPrecision=8,72,0,700,3566,2866,2108.75,2088.5,63,3,0,0,0,,,,0,,,,,0,0,,700-700|1209-1209|1265-1265|1352-1353|1368-1369|1461-1462|1514-1514|1516-1516|1535-1536|1575-1575|1585-1585|1590-1590|1595-1596|1601-1601|1650-1650|1671-1671|1699-1699|1702-1702|1706-1706|1757-1758|1796-1796|1816-1816|1825-1825|1846-1846|1857-1857|1921-1921|1934-1934|2050-2050|2086-2087|2090-2090|2093-2093|2096-2096|2139-2139|2142-2142|2165-2165|2170-2170|2184-2184|2189-2189|2196-2196|2217-2217|2231-2231|2241-2241|2263-2263|2294-2294|2307-2307|2348-2348|2352-2352|2407-2409|2486-2486|2511-2511|2619-2619|2722-2722|2884-2884|2902-2902|3147-3147|3158-3158|3250-3250|3365-3365|3399-3399|3484-3484|3510-3510|3543-3543|3566-3566
priceMin=0.01|priceMax=10000|priceTick=0.01|lotMin=0.1|lotMax=9222449|lotStep=0.1|basePrecision=8|quotePrecision=8|quoteAssetPrecision=8,66,0,1304,3648,2344,2740.257575757576,2744.5,64,2,0,0,0,,,,0,,,,,0,0,,1304-1304|1361-1361|1485-1485|1707-1707|1725-1725|1761-1761|2076-2076|2156-2156|2172-2172|2186-2187|2207-2207|2209-2209|2223-2223|2225-2225|2261-2261|2301-2301|2359-2359|2383-2383|2505-2505|2543-2543|2546-2547|2574-2574|2594-2594|2607-2607|2618-2618|2648-2648|2675-2675|2680-2680|2703-2703|2718-2718|2730-2730|2759-2759|2772-2772|2775-2775|2874-2874|2877-2877|2882-2882|2965-2965|2975-2975|2999-2999|3069-3069|3102-3102|3119-3119|3165-3165|3174-3174|3189-3189|3200-3200|3236-3236|3261-3261|3266-3266|3274-3274|3334-3334|3349-3349|3354-3354|3359-3359|3373-3373|3384-3384|3393-3393|3458-3458|3524-3524|3586-3586|3589-3589|3597-3597|3648-3648
priceMin=0.00001|priceMax=1000|priceTick=0.00001|lotMin=1|lotMax=92141578|lotStep=1|basePrecision=8|quotePrecision=8|quoteAssetPrecision=8,64,0,818,3443,2625,2123.5625,2102,59,2,0,0,0,,,,0,,,,,0,0,,818-818|1048-1048|1158-1158|1317-1317|1329-1329|1515-1515|1559-1559|1576-1576|1584-1584|1589-1589|1626-1626|1634-1634|1645-1646|1675-1676|1708-1708|1711-1712|1750-1750|1760-1760|1797-1797|1868-1868|1873-1874|1933-1933|1960-1960|2038-2038|2065-2065|2089-2089|2097-2097|2101-2101|2103-2103|2141-2141|2149-2149|2157-2157|2169-2169|2174-2174|2176-2176|2183-2183|2197-2197|2200-2200|2218-2218|2230-2230|2254-2254|2296-2296|2356-2356|2368-2368|2405-2405|2447-2447|2449-2449|2456-2456|2682-2682|2849-2849|2904-2904|2906-2906|2987-2987|3063-3063|3205-3206|3208-3208|3211-3211|3385-3385|3443-3443
priceMin=0.001|priceMax=10000|priceTick=0.001|lotMin=0.1|lotMax=9222449|lotStep=0.1|basePrecision=8|quotePrecision=8|quoteAssetPrecision=8,62,0,811,3464,2653,2417.951612903226,2668.5,59,2,0,0,0,,,,0,,,,,0,0,,811-811|1305-1305|1344-1344|1443-1444|1464-1464|1469-1469|1471-1471|1479-1479|1495-1495|1505-1506|1511-1511|1588-1588|1603-1603|1606-1606|1700-1700|1746-1747|1762-1762|1812-1812|1815-1815|2061-2061|2365-2365|2390-2390|2392-2392|2400-2400|2462-2462|2548-2548|2579-2579|2664-2664|2673-2673|2731-2731|2740-2740|2765-2765|2773-2773|2800-2800|2832-2832|2841-2841|2844-2844|2866-2866|2872-2872|2899-2899|2910-2910|2951-2951|3010-3010|3055-3055|3074-3074|3084-3084|3097-3097|3109-3109|3141-3141|3152-3152|3243-3243|3293-3293|3298-3298|3311-3311|3369-3369|3378-3378|3390-3390|3461-3461|3464-3464
priceMin=1e-8|priceMax=1|priceTick=1e-8|lotMin=0.1|lotMax=46116860414|lotStep=0.1|basePrecision=8|quotePrecision=8|quoteAssetPrecision=8,55,0,2120,3521,1401,2806.181818181818,2864,52,3,0,0,0,,,,0,,,,,0,0,,2120-2120|2126-2126|2147-2147|2166-2166|2256-2256|2363-2363|2399-2399|2417-2417|2426-2426|2435-2435|2459-2459|2467-2467|2473-2473|2490-2490|2495-2495|2539-2539|2564-2564|2571-2571|2575-2575|2612-2612|2620-2620|2661-2661|2717-2717|2763-2763|2779-2779|2797-2797|2828-2828|2864-2864|2870-2870|2894-2896|2936-2936|2946-2946|2960-2960|2971-2972|3017-3017|3082-3082|3093-3093|3100-3100|3116-3116|3150-3150|3172-3172|3177-3177|3198-3198|3218-3218|3234-3234|3253-3253|3284-3284|3291-3291|3296-3296|3301-3301|3368-3368|3521-3521
priceMin=0.001|priceMax=1000|priceTick=0.001|lotMin=0.1|lotMax=92141578|lotStep=0.1|basePrecision=8|quotePrecision=8|quoteAssetPrecision=8,54,0,515,3576,3061,2461.925925925926,2470.5,51,2,0,0,0,,,,0,,,,,0,0,,515-515|1533-1533|1586-1586|1652-1652|1660-1660|1664-1664|1668-1669|1704-1704|1890-1890|1981-1981|2041-2041|2094-2095|2102-2102|2124-2124|2158-2158|2234-2234|2244-2245|2276-2276|2298-2298|2338-2338|2396-2396|2421-2421|2439-2439|2469-2469|2472-2472|2477-2477|2542-2542|2545-2545|2560-2560|2562-2562|2625-2625|2644-2644|2743-2743|2764-2764|2783-2783|2788-2788|2879-2879|2916-2916|2953-2953|2970-2970|2996-2996|3127-3127|3179-3179|3220-3220|3225-3225|3255-3255|3303-3303|3400-3400|3408-3408|3536-3536|3576-3576
priceMin=1e-8|priceMax=1000|priceTick=1e-8|lotMin=0.1|lotMax=90000000|lotStep=0.1|basePrecision=8|quotePrecision=8|quoteAssetPrecision=8,52,0,23,1409,1386,703.5769230769231,778,51,2,0,0,0,,,,0,,,,,0,0,,23-23|35-35|52-52|56-56|67-67|87-87|90-90|94-95|135-135|154-154|163-163|171-171|173-173|211-211|234-234|320-320|328-328|471-471|498-498|590-590|611-611|620-620|638-638|641-641|713-713|843-843|846-846|876-876|897-897|929-929|933-933|988-988|1004-1004|1024-1024|1063-1063|1070-1070|1095-1095|1119-1119|1123-1123|1190-1190|1221-1221|1231-1231|1258-1258|1268-1268|1278-1278|1280-1280|1283-1283|1319-1319|1373-1373|1396-1396|1409-1409
priceMin=1e-8|priceMax=1000|priceTick=1e-8|lotMin=1|lotMax=92141578|lotStep=1|basePrecision=8|quotePrecision=8|quoteAssetPrecision=8,51,0,143,2229,2086,1219.9607843137255,1490,40,4,0,0,0,,,,0,,,,,0,0,,143-143|146-146|159-159|192-192|209-209|263-264|275-275|289-289|354-354|356-356|359-359|364-364|367-368|373-373|450-450|552-552|671-671|748-748|1155-1155|1223-1223|1453-1453|1459-1459|1473-1473|1490-1490|1592-1593|1673-1673|1713-1714|1752-1752|1766-1766|1771-1772|1847-1847|1871-1872|1886-1888|1929-1932|2007-2007|2054-2054|2073-2073|2182-2182|2199-2199|2229-2229
priceMin=1e-8|priceMax=1000|priceTick=1e-8|lotMin=0.1|lotMax=92141578|lotStep=0.1|basePrecision=8|quotePrecision=8|quoteAssetPrecision=8,43,0,513,2727,2214,1836.2325581395348,1836,39,2,0,0,0,,,,0,,,,,0,0,,513-513|1434-1434|1438-1438|1477-1477|1488-1488|1507-1507|1543-1544|1560-1560|1571-1571|1578-1578|1582-1582|1643-1643|1658-1658|1662-1662|1666-1666|1678-1678|1695-1695|1769-1770|1820-1820|1836-1836|1870-1870|1878-1878|1889-1889|1893-1893|1925-1925|1946-1946|1954-1954|2003-2004|2024-2024|2040-2040|2104-2104|2130-2130|2152-2152|2204-2204|2233-2233|2247-2247|2274-2274|2303-2303|2726-2727
priceMin=0.0001|priceMax=1000|priceTick=0.0001|lotMin=0.01|lotMax=900000|lotStep=0.01|basePrecision=8|quotePrecision=8|quoteAssetPrecision=8,39,0,358,1334,976,587.4102564102565,542,23,4,0,0,0,,,,0,,,,,0,0,,358-358|407-408|414-414|428-430|433-433|436-438|453-453|455-458|509-511|542-543|545-546|564-566|573-573|582-582|592-592|624-624|742-742|744-745|873-874|880-880|914-914|1134-1134|1334-1334
priceMin=0.001|priceMax=1000|priceTick=0.001|lotMin=1|lotMax=92141578|lotStep=1|basePrecision=8|quotePrecision=8|quoteAssetPrecision=8,34,0,1206,3583,2377,2589.9411764705883,2642.5,34,1,0,0,0,,,,0,,,,,0,0,,1206-1206|1235-1235|1263-1263|1392-1392|1528-1528|1648-1648|1983-1983|2112-2112|2133-2133|2155-2155|2175-2175|2192-2192|2249-2249|2264-2264|2432-2432|2450-2450|2626-2626|2659-2659|2959-2959|2984-2984|3029-3029|3079-3079|3115-3115|3126-3126|3139-3139|3195-3195|3313-3313|3320-3320|3475-3475|3493-3493|3500-3500|3513-3513|3533-3533|3583-3583
priceMin=1e-7|priceMax=1|priceTick=1e-7|lotMin=0.1|lotMax=46116860414|lotStep=0.1|basePrecision=8|quotePrecision=8|quoteAssetPrecision=8,33,0,2419,3457,1038,3069.3333333333335,3132,33,1,0,0,0,,,,0,,,,,0,0,,2419-2419|2474-2474|2492-2492|2614-2614|2622-2622|2666-2666|2798-2798|2830-2830|2949-2949|2963-2963|2994-2994|3007-3007|3050-3050|3057-3057|3067-3067|3107-3107|3132-3132|3163-3163|3187-3187|3223-3223|3241-3241|3265-3265|3275-3275|3309-3309|3332-3332|3347-3347|3352-3352|3357-3357|3372-3372|3377-3377|3383-3383|3407-3407|3457-3457
priceMin=1e-7|priceMax=1000|priceTick=1e-7|lotMin=1|lotMax=90000000|lotStep=1|basePrecision=8|quotePrecision=8|quoteAssetPrecision=8,32,0,14,1267,1253,440.53125,231.5,30,2,0,0,0,,,,0,,,,,0,0,,14-14|17-17|28-28|51-51|63-63|69-69|77-77|86-86|97-97|113-113|128-128|162-162|207-207|220-220|222-222|230-230|233-233|273-273|326-326|459-459|554-555|559-559|584-584|839-840|1064-1064|1165-1165|1191-1191|1196-1196|1208-1208|1267-1267
priceMin=0.01|priceMax=100000|priceTick=0.01|lotMin=0.00001|lotMax=90000|lotStep=0.00001|basePrecision=8|quotePrecision=8|quoteAssetPrecision=8,29,0,125,1129,1004,620.551724137931,704,12,7,0,0,0,,,,0,,,,,0,0,,125-125|402-402|439-444|446-446|478-479|633-633|664-664|703-704|707-708|730-736|758-761|1129-1129
priceMin=0.001|priceMax=10000|priceTick=0.001|lotMin=0.01|lotMax=9222449|lotStep=0.01|basePrecision=8|quotePrecision=8|quoteAssetPrecision=8,29,0,1454,3562,2108,2236.310344827586,2138,27,2,0,0,0,,,,0,,,,,0,0,,1454-1454|1466-1466|1522-1523|1531-1531|1612-1612|1703-1703|1736-1737|1798-1798|1817-1817|1936-1936|1953-1953|2005-2005|2138-2138|2334-2334|2342-2342|2416-2416|2481-2481|2559-2559|2656-2656|2754-2754|2787-2787|2852-2852|2854-2854|3012-3012|3033-3033|3280-3280|3562-3562
priceMin=1e-7|priceMax=1000|priceTick=1e-7|lotMin=1|lotMax=9000000|lotStep=1|basePrecision=8|quotePrecision=8|quoteAssetPrecision=8,28,0,140,1288,1148,547.5714285714286,534,28,1,0,0,0,,,,0,,,,,0,0,,140-140|147-147|180-180|183-183|188-188|205-205|256-256|284-284|349-349|389-389|399-399|512-512|517-517|529-529|539-539|567-567|593-593|646-646|698-698|709-709|750-750|787-787|792-792|805-805|889-889|924-924|1067-1067|1288-1288
priceMin=0.000001|priceMax=1000|priceTick=0.000001|lotMin=0.01|lotMax=92141578|lotStep=0.01|basePrecision=8|quotePrecision=8|quoteAssetPrecision=8,26,0,13,2655,2642,1721.7692307692307,1896,26,1,0,0,0,,,,0,,,,,0,0,,13-13|45-45|74-74|1245-1245|1393-1393|1553-1553|1690-1690|1759-1759|1827-1827|1842-1842|1869-1869|1882-1882|1892-1892|1900-1900|1923-1923|1952-1952|1988-1988|2030-2030|2042-2042|2066-2066|2074-2074|2143-2143|2278-2278|2292-2292|2339-2339|2655-2655
priceMin=1e-8|priceMax=1000|priceTick=1e-8|lotMin=0.01|lotMax=92141578|lotStep=0.01|basePrecision=8|quotePrecision=8|quoteAssetPrecision=8,25,0,1520,2279,759,1867.16,1875,25,1,0,0,0,,,,0,,,,,0,0,,1520-1520|1552-1552|1689-1689|1693-1693|1753-1753|1775-1775|1788-1788|1792-1792|1805-1805|1808-1808|1850-1850|1853-1853|1875-1875|1904-1904|1910-1910|1913-1913|1917-1917|1942-1942|1963-1963|1968-1968|2018-2018|2021-2021|2036-2036|2055-2055|2279-2279
priceMin=1e-7|priceMax=1000|priceTick=1e-7|lotMin=0.1|lotMax=92141578|lotStep=0.1|basePrecision=8|quotePrecision=8|quoteAssetPrecision=8,24,0,5,3117,3112,1702.6666666666667,1916,23,2,0,0,0,,,,0,,,,,0,0,,5-5|7-7|53-53|155-155|1545-1545|1687-1687|1742-1742|1744-1744|1763-1763|1821-1821|1863-1863|1894-1894|1938-1938|1979-1979|1982-1982|2023-2023|2039-2039|2068-2069|2134-2134|2239-2239|2273-2273|2724-2724|3117-3117
priceMin=0.000001|priceMax=1000|priceTick=0.000001|lotMin=0.01|lotMax=90000000|lotStep=0.01|basePrecision=8|quotePrecision=8|quoteAssetPrecision=8,23,0,16,1118,1102,205.04347826086956,174,23,1,0,0,0,,,,0,,,,,0,0,,16-16|20-20|30-30|41-41|49-49|75-75|82-82|88-88|93-93|136-136|152-152|174-174|195-195|218-218|225-225|227-227|238-238|252-252|258-258|299-299|343-343|387-387|1118-1118
priceMin=1e-7|priceMax=1000|priceTick=1e-7|lotMin=0.01|lotMax=90000000|lotStep=0.01|basePrecision=8|quotePrecision=8|quoteAssetPrecision=8,23,0,18,1399,1381,688,680,23,1,0,0,0,,,,0,,,,,0,0,,18-18|44-44|48-48|59-59|92-92|151-151|224-224|226-226|298-298|386-386|501-501|680-680|1040-1040|1050-1050|1053-1053|1077-1077|1213-1213|1216-1216|1227-1227|1239-1239|1284-1284|1299-1299|1399-1399
priceMin=0.01|priceMax=100000|priceTick=0.01|lotMin=0.1|lotMax=922327|lotStep=0.1|basePrecision=8|quotePrecision=8|quoteAssetPrecision=8,23,0,884,2611,1727,1983.9130434782608,2271,18,3,0,0,0,,,,0,,,,,0,0,,884-885|899-900|1343-1343|1458-1458|1705-1705|1726-1726|2267-2268|2270-2272|2288-2288|2293-2293|2315-2315|2347-2347|2380-2380|2526-2526|2553-2553|2561-2561|2608-2608|2611-2611
priceMin=0.1|priceMax=100000|priceTick=0.1|lotMin=0.01|lotMax=922327|lotStep=0.01|basePrecision=8|quotePrecision=8|quoteAssetPrecision=8,23,0,1021,3344,2323,2359.913043478261,2335,22,2,0,0,0,,,,0,,,,,0,0,,1021-1021|1171-1171|1277-1277|1347-1347|2114-2114|2190-2190|2214-2214|2220-2220|2285-2286|2289-2289|2335-2335|2358-2358|2599-2599|2602-2602|2693-2693|2699-2699|2842-2842|2855-2855|3032-3032|3166-3166|3339-3339|3344-3344
priceMin=1e-8|priceMax=1|priceTick=1e-8|lotMin=1|lotMax=46116860414|lotStep=1|basePrecision=8|quotePrecision=8|quoteAssetPrecision=8,22,0,1084,3532,2448,2816.409090909091,3108,22,1,0,0,0,,,,0,,,,,0,0,,1084-1084|1537-1537|2163-2163|2372-2372|2389-2389|2404-2404|2446-2446|2905-2905|3041-3041|3077-3077|3103-3103|3113-3113|3124-3124|3137-3137|3145-3145|3156-3156|3193-3193|3207-3207|3248-3248|3267-3267|3318-3318|3532-3532
priceMin=0.0001|priceMax=10000|priceTick=0.0001|lotMin=1|lotMax=9222449|lotStep=1|basePrecision=8|quotePrecision=8|quoteAssetPrecision=8,19,0,1313,2863,1550,1833.5263157894738,1476,15,2,0,0,0,,,,0,,,,,0,0,,1313-1314|1330-1330|1355-1356|1358-1358|1468-1468|1472-1472|1475-1476|1800-1800|1997-1997|2232-2232|2367-2367|2369-2369|2402-2403|2487-2487|2863-2863
priceMin=1e-7|priceMax=1000|priceTick=1e-7|lotMin=0.01|lotMax=92141578|lotStep=0.01|basePrecision=8|quotePrecision=8|quoteAssetPrecision=8,19,0,1421,2595,1174,1850.9473684210527,1802,19,1,0,0,0,,,,0,,,,,0,0,,1421-1421|1481-1481|1602-1602|1720-1720|1734-1734|1738-1738|1743-1743|1776-1776|1782-1782|1802-1802|1864-1864|1899-1899|1918-1918|1922-1922|1958-1958|1995-1995|2072-2072|2146-2146|2595-2595
priceMin=0.01|priceMax=100000|priceTick=0.01|lotMin=0.01|lotMax=922327|lotStep=0.01|basePrecision=8|quotePrecision=8|quoteAssetPrecision=8,18,0,1315,2881,1566,2082.3333333333335,2101,17,2,0,0,0,,,,0,,,,,0,0,,1315-1315|1484-1484|1557-1558|1682-1682|1719-1719|1721-1721|1962-1962|2011-2011|2191-2191|2349-2349|2362-2362|2466-2466|2488-2488|2533-2533|2554-2554|2649-2649|2881-2881
priceMin=1e-8|priceMax=1|priceTick=1e-8|lotMin=0.01|lotMax=46116860414|lotStep=0.01|basePrecision=8|quotePrecision=8|quoteAssetPrecision=8,18,0,1614,3278,1664,2564.1666666666665,2541,18,1,0,0,0,,,,0,,,,,0,0,,1614-1614|2325-2325|2333-2333|2360-2360|2463-2463|2478-2478|2497-2497|2507-2507|2527-2527|2555-2555|2653-2653|2669-2669|2689-2689|2696-2696|2751-2751|2833-2833|2927-2927|3278-3278
priceMin=0.00001|priceMax=1000|priceTick=0.00001|lotMin=0.01|lotMax=92141578|lotStep=0.01|basePrecision=8|quotePrecision=8|quoteAssetPrecision=8,17,0,58,3305,3247,1857,1807,16,2,0,0,0,,,,0,,,,,0,0,,58-58|679-679|1394-1394|1422-1422|1521-1521|1722-1722|1735-1735|1739-1739|1807-1807|1914-1915|1945-1945|2479-2479|2503-2503|2597-2597|2834-2834|3305-3305
priceMin=1e-7|priceMax=1000|priceTick=1e-7|lotMin=0.1|lotMax=90000000|lotStep=0.1|basePrecision=8|quotePrecision=8|quoteAssetPrecision=8,16,0,4,1377,1373,611.9375,288.5,16,1,0,0,0,,,,0,,,,,0,0,,4-4|9-9|25-25|36-36|91-91|172-172|235-235|248-248|329-329|1156-1156|1162-1162|1197-1197|1225-1225|1229-1229|1296-1296|1377-1377
priceMin=0.1|priceMax=100000|priceTick=0.1|lotMin=0.001|lotMax=922327|lotStep=0.001|basePrecision=8|quotePrecision=8|quoteAssetPrecision=8,16,0,1494,3282,1788,2051.75,1916.5,16,1,0,0,0,,,,0,,,,,0,0,,1494-1494|1539-1539|1550-1550|1598-1598|1632-1632|1866-1866|1885-1885|1898-1898|1935-1935|1937-1937|2037-2037|2078-2078|2425-2425|2761-2761|2911-2911|3282-3282
priceMin=0.000001|priceMax=100|priceTick=0.000001|lotMin=1|lotMax=913205152|lotStep=1|basePrecision=8|quotePrecision=8|quoteAssetPrecision=8,16,0,2070,3364,1294,2743.3125,2908.5,11,2,0,0,0,,,,0,,,,,0,0,,2070-2071|2116-2116|2161-2161|2329-2330|2346-2346|2806-2806|3011-3011|3143-3144|3146-3146|3246-3247|3363-3364
priceMin=0.01|priceMax=10000|priceTick=0.01|lotMin=0.001|lotMax=9222449|lotStep=0.001|basePrecision=8|quotePrecision=8|quoteAssetPrecision=8,15,0,691,3563,2872,2363.4666666666667,2251,11,2,0,0,0,,,,0,,,,,0,0,,691-691|1526-1527|2082-2082|2099-2100|2181-2181|2251-2251|2517-2518|2687-2687|2989-2989|3360-3361|3563-3563
priceMin=1e-8|priceMax=1|priceTick=1e-8|lotMin=1|lotMax=36348600000|lotStep=1|basePrecision=2|quotePrecision=8|quoteAssetPrecision=8,15,0,2384,2778,394,2625,2707,12,2,0,0,0,,,,0,,,,,0,0,,2384-2385|2393-2394|2550-2550|2679-2679|2700-2700|2707-2708|2714-2714|2734-2734|2745-2745|2748-2748|2756-2756|2778-2778
priceMin=1e-8|priceMax=1000|priceTick=1e-8|lotMin=0.01|lotMax=90000000|lotStep=0.01|basePrecision=8|quotePrecision=8|quoteAssetPrecision=8,14,0,194,1402,1208,1048.4285714285713,1124,14,1,0,0,0,,,,0,,,,,0,0,,194-194|317-317|907-907|952-952|956-956|1103-1103|1111-1111|1137-1137|1285-1285|1309-1309|1325-1325|1332-1332|1348-1348|1402-1402
priceMin=0.000001|priceMax=1000|priceTick=0.000001|lotMin=0.001|lotMax=92141578|lotStep=0.001|basePrecision=8|quotePrecision=8|quoteAssetPrecision=8,13,0,8,2075,2067,1650.8461538461538,1859,13,1,0,0,0,,,,0,,,,,0,0,,8-8|1089-1089|1567-1567|1600-1600|1638-1638|1856-1856|1859-1859|1865-1865|1891-1891|1980-1980|2006-2006|2027-2027|2075-2075
priceMin=1e-8|priceMax=1000|priceTick=1e-8|lotMin=1|lotMax=9000000|lotStep=1|basePrecision=8|quotePrecision=8|quoteAssetPrecision=8,13,0,19,961,942,420.53846153846155,378,12,2,0,0,0,,,,0,,,,,0,0,,19-19|104-104|246-246|271-272|362-362|378-378|482-482|523-523|607-607|617-617|625-625|961-961
priceMin=1e-7|priceMax=1000|priceTick=1e-7|lotMin=1|lotMax=92141578|lotStep=1|basePrecision=8|quotePrecision=8|quoteAssetPrecision=8,13,0,105,2198,2093,1403.4615384615386,1674,12,2,0,0,0,,,,0,,,,,0,0,,105-105|201-201|583-583|1153-1153|1460-1460|1591-1591|1674-1674|1751-1751|1848-1849|1884-1884|1948-1948|2198-2198
priceMin=0.001|priceMax=10000|priceTick=0.001|lotMin=0.001|lotMax=90000|lotStep=0.001|basePrecision=8|quotePrecision=8|quoteAssetPrecision=8,13,0,425,1167,742,661.6923076923077,508,11,2,0,0,0,,,,0,,,,,0,0,,425-425|427-427|487-487|504-505|507-508|653-653|776-776|813-813|859-859|971-971|1167-1167
priceMin=1|priceMax=999996|priceTick=1|lotMin=0.001|lotMax=92233|lotStep=0.001|basePrecision=8|quotePrecision=8|quoteAssetPrecision=8,13,0,1532,3442,1910,2423.5384615384614,2312,13,1,0,0,0,,,,0,,,,,0,0,,1532-1532|1649-1649|1799-1799|2224-2224|2240-2240|2252-2252|2312-2312|2519-2519|2544-2544|2688-2688|2943-2943|3362-3362|3442-3442
priceMin=0.01|priceMax=10000|priceTick=0.01|lotMin=1|lotMax=9222449|lotStep=1|basePrecision=8|quotePrecision=8|quoteAssetPrecision=8,12,0,668,2903,2235,1853.0833333333333,2218.5,12,1,0,0,0,,,,0,,,,,0,0,,668-668|673-673|688-688|769-769|1587-1587|2201-2201|2236-2236|2260-2260|2674-2674|2702-2702|2876-2876|2903-2903
priceMin=0.001|priceMax=10000|priceTick=0.001|lotMin=1|lotMax=9222449|lotStep=1|basePrecision=8|quotePrecision=8|quoteAssetPrecision=8,11,0,1236,3268,2032,2570,2563,11,1,0,0,0,,,,0,,,,,0,0,,1236-1236|2237-2237|2317-2317|2324-2324|2483-2483|2563-2563|2683-2683|2907-2907|3043-3043|3209-3209|3268-3268
priceMin=1e-8|priceMax=1|priceTick=1e-8|lotMin=1|lotMax=46116860414|lotStep=1|basePrecision=2|quotePrecision=8|quoteAssetPrecision=8,11,0,1419,2513,1094,1802.7272727272727,1605,10,2,0,0,0,,,,0,,,,,0,0,,1419-1420|1425-1425|1452-1452|1556-1556|1605-1605|1677-1677|2031-2031|2345-2345|2387-2387|2513-2513
priceMin=0.01|priceMax=1000|priceTick=0.01|lotMin=0.1|lotMax=92141578|lotStep=0.1|basePrecision=8|quotePrecision=8|quoteAssetPrecision=8,10,0,686,3698,3012,2750.5,2841,10,1,0,0,0,,,,0,,,,,0,0,,686-686|2140-2140|2422-2422|2455-2455|2668-2668|3014-3014|3052-3052|3681-3681|3689-3689|3698-3698
priceMin=0.0001|priceMax=1000|priceTick=0.0001|lotMin=0.001|lotMax=92141578|lotStep=0.001|basePrecision=8|quotePrecision=8|quoteAssetPrecision=8,10,0,1525,2919,1394,2011.9,1684,9,2,0,0,0,,,,0,,,,,0,0,,1525-1525|1549-1549|1568-1568|1599-1599|1637-1637|1731-1731|1916-1916|2757-2757|2918-2919
priceMin=0.00001|priceMax=1000|priceTick=0.00001|lotMin=0.001|lotMax=9000000|lotStep=0.001|basePrecision=8|quotePrecision=8|quoteAssetPrecision=8,9,0,66,1090,1024,256.3333333333333,164,9,1,0,0,0,,,,0,,,,,0,0,,66-66|71-71|116-116|124-124|164-164|166-166|189-189|321-321|1090-1090
priceMin=0.000001|priceMax=1000|priceTick=0.000001|lotMin=0.001|lotMax=10000000|lotStep=0.001|basePrecision=8|quotePrecision=8|quoteAssetPrecision=8,9,0,115,1047,932,569.6666666666666,535,8,2,0,0,0,,,,0,,,,,0,0,,115-115|165-165|400-401|535-535|660-660|830-830|974-974|1047-1047
priceMin=1e-7|priceMax=1|priceTick=1e-7|lotMin=1|lotMax=36348600000|lotStep=1|basePrecision=2|quotePrecision=8|quoteAssetPrecision=8,9,0,2395,2883,488,2731.3333333333335,2747,9,1,0,0,0,,,,0,,,,,0,0,,2395-2395|2709-2709|2736-2736|2741-2741|2747-2747|2749-2749|2809-2809|2813-2813|2883-2883
priceMin=0.01|priceMax=100000|priceTick=0.01|lotMin=0.0001|lotMax=90000|lotStep=0.0001|basePrecision=8|quotePrecision=8|quoteAssetPrecision=8,8,0,406,2786,2380,1189.75,854.5,8,1,0,0,0,,,,0,,,,,0,0,,406-406|632-632|690-690|822-822|887-887|920-920|2375-2375|2786-2786
priceMin=1e-7|priceMax=1000|priceTick=1e-7|lotMin=0.001|lotMax=92141578|lotStep=0.001|basePrecision=8|quotePrecision=8|quoteAssetPrecision=8,8,0,1524,1994,470,1770.75,1781.5,8,1,0,0,0,,,,0,,,,,0,0,,1524-1524|1548-1548|1686-1686|1730-1730|1833-1833|1862-1862|1989-1989|1994-1994
priceMin=1|priceMax=999996|priceTick=1|lotMin=0.0001|lotMax=92233|lotStep=0.0001|basePrecision=8|quotePrecision=8|quoteAssetPrecision=8,8,0,2111,3608,1497,2956.375,2948,8,1,0,0,0,,,,0,,,,,0,0,,2111-2111|2520-2520|2589-2589|2944-2944|2952-2952|3321-3321|3606-3606|3608-3608
priceMin=0.00001|priceMax=1000|priceTick=0.00001|lotMin=0.01|lotMax=9000000|lotStep=0.01|basePrecision=8|quotePrecision=8|quoteAssetPrecision=8,7,0,196,1180,984,774,1039,7,1,0,0,0,,,,0,,,,,0,0,,196-196|352-352|500-500|1039-1039|1049-1049|1102-1102|1180-1180
priceMin=0.00001|priceMax=1000|priceTick=0.00001|lotMin=1|lotMax=9222449|lotStep=1|basePrecision=8|quotePrecision=8|quoteAssetPrecision=8,7,0,746,1324,578,1110.2857142857142,1175,7,1,0,0,0,,,,0,,,,,0,0,,746-746|891-891|1008-1008|1175-1175|1308-1308|1320-1320|1324-1324
priceMin=0.000001|priceMax=1000|priceTick=0.000001|lotMin=0.01|lotMax=9000000|lotStep=0.01|basePrecision=8|quotePrecision=8|quoteAssetPrecision=8,6,0,318,1136,818,930.5,1034,6,1,0,0,0,,,,0,,,,,0,0,,318-318|951-951|1003-1003|1065-1065|1110-1110|1136-1136
priceMin=0.000001|priceMax=1000|priceTick=0.000001|lotMin=1|lotMax=90000000|lotStep=1|basePrecision=8|quotePrecision=8|quoteAssetPrecision=8,6,0,460,1415,955,850.1666666666666,675.5,4,2,0,0,0,,,,0,,,,,0,0,,460-461|597-597|754-754|1414-1415
priceMin=0.000001|priceMax=10000|priceTick=0.000001|lotMin=1|lotMax=9222449|lotStep=1|basePrecision=8|quotePrecision=8|quoteAssetPrecision=8,6,0,1342,3380,2038,1903.8333333333333,1498,6,1,0,0,0,,,,0,,,,,0,0,,1342-1342|1463-1463|1497-1497|1499-1499|2242-2242|3380-3380
priceMin=0.00001|priceMax=10000|priceTick=0.00001|lotMin=0.01|lotMax=9222449|lotStep=0.01|basePrecision=8|quotePrecision=8|quoteAssetPrecision=8,6,0,1482,3304,1822,2236.8333333333335,2106,6,1,0,0,0,,,,0,,,,,0,0,,1482-1482|1611-1611|1684-1684|2528-2528|2812-2812|3304-3304
priceMin=0.000001|priceMax=1|priceTick=0.000001|lotMin=0.1|lotMax=46116860414|lotStep=0.1|basePrecision=8|quotePrecision=8|quoteAssetPrecision=8,6,0,2428,3072,644,2632.1666666666665,2559,6,1,0,0,0,,,,0,,,,,0,0,,2428-2428|2437-2437|2541-2541|2577-2577|2738-2738|3072-3072
priceMin=0.0001|priceMax=10000|priceTick=0.0001|lotMin=0.01|lotMax=900000|lotStep=0.01|basePrecision=8|quotePrecision=8|quoteAssetPrecision=8,5,0,99,906,807,357.6,311,5,1,0,0,0,,,,0,,,,,0,0,,99-99|153-153|311-311|319-319|906-906
priceMin=0.0001|priceMax=1000|priceTick=0.0001|lotMin=0.001|lotMax=900000|lotStep=0.001|basePrecision=8|quotePrecision=8|quoteAssetPrecision=8,5,0,191,659,468,457.8,476,5,1,0,0,0,,,,0,,,,,0,0,,191-191|474-474|476-476|489-489|659-659
priceMin=1e-7|priceMax=1000|priceTick=1e-7|lotMin=0.1|lotMax=9000000|lotStep=0.1|basePrecision=8|quotePrecision=8|quoteAssetPrecision=8,5,0,331,1055,724,656.2,497,5,1,0,0,0,,,,0,,,,,0,0,,331-331|470-470|497-497|928-928|1055-1055
priceMin=0.01|priceMax=1000000|priceTick=0.01|lotMin=0.000001|lotMax=9000|lotStep=0.000001|basePrecision=8|quotePrecision=8|quoteAssetPrecision=8,5,0,454,706,252,653.6,702,3,2,0,0,0,,,,0,,,,,0,0,,454-454|701-702|705-706
priceMin=1e-7|priceMax=100|priceTick=1e-7|lotMin=1|lotMax=913205152|lotStep=1|basePrecision=8|quotePrecision=8|quoteAssetPrecision=8,5,0,578,2044,1466,1506,1470,4,2,0,0,0,,,,0,,,,,0,0,,578-578|1395-1395|1470-1470|2043-2044
priceMin=34.5|priceMax=51.8|priceTick=0.01|lotMin=1|lotMax=92141578|lotStep=1|basePrecision=8|quotePrecision=8|quoteAssetPrecision=8,5,0,687,3572,2885,2535.8,2642,5,1,0,0,0,,,,0,,,,,0,0,,687-687|2300-2300|2642-2642|3478-3478|3572-3572
priceMin=0.00001|priceMax=1000|priceTick=0.00001|lotMin=0.001|lotMax=92141578|lotStep=0.001|basePrecision=8|quotePrecision=8|quoteAssetPrecision=8,5,0,1193,2686,1493,1756,1688,5,1,0,0,0,,,,0,,,,,0,0,,1193-1193|1370-1370|1688-1688|1843-1843|2686-2686
priceMin=0.00001|priceMax=10000|priceTick=0.00001|lotMin=1|lotMax=9222449|lotStep=1|basePrecision=8|quotePrecision=8|quoteAssetPrecision=8,5,0,1359,2590,1231,1681,1489,5,1,0,0,0,,,,0,,,,,0,0,,1359-1359|1465-1465|1489-1489|1502-1502|2590-2590
priceMin=0.001|priceMax=1000|priceTick=0.001|lotMin=0.001|lotMax=92141578|lotStep=0.001|basePrecision=8|quotePrecision=8|quoteAssetPrecision=8,5,0,1538,2920,1382,2108.2,2026,4,2,0,0,0,,,,0,,,,,0,0,,1538-1538|2025-2026|2032-2032|2920-2920
priceMin=1e-8|priceMax=1000|priceTick=1e-8|lotMin=0.001|lotMax=92141578|lotStep=0.001|basePrecision=8|quotePrecision=8|quoteAssetPrecision=8,5,0,1779,2028,249,1894.4,1844,5,1,0,0,0,,,,0,,,,,0,0,,1779-1779|1830-1830|1844-1844|1991-1991|2028-2028
priceMin=1e-8|priceMax=10|priceTick=1e-8|lotMin=0.01|lotMax=8384883677|lotStep=0.01|basePrecision=8|quotePrecision=8|quoteAssetPrecision=8,5,0,2053,3450,1397,2363.8,2107,5,1,0,0,0,,,,0,,,,,0,0,,2053-2053|2092-2092|2107-2107|2117-2117|3450-3450
priceMin=0.1|priceMax=100000|priceTick=0.1|lotMin=0.1|lotMax=922327|lotStep=0.1|basePrecision=8|quotePrecision=8|quoteAssetPrecision=8,5,0,2185,2933,748,2513.6,2484,5,1,0,0,0,,,,0,,,,,0,0,,2185-2185|2262-2262|2484-2484|2704-2704|2933-2933
priceMin=0.0001|priceMax=100|priceTick=0.0001|lotMin=1|lotMax=913205152|lotStep=1|basePrecision=8|quotePrecision=8|quoteAssetPrecision=8,5,0,2332,2935,603,2704.8,2760,5,1,0,0,0,,,,0,,,,,0,0,,2332-2332|2723-2723|2760-2760|2774-2774|2935-2935
priceMin=0.000001|priceMax=1|priceTick=0.000001|lotMin=1|lotMax=36348600000|lotStep=1|basePrecision=2|quotePrecision=8|quoteAssetPrecision=8,5,0,2386,2924,538,2740.2,2755,4,2,0,0,0,,,,0,,,,,0,0,,2386-2386|2713-2713|2755-2755|2923-2924
priceMin=0.000001|priceMax=10|priceTick=0.000001|lotMin=1|lotMax=8384883677|lotStep=1|basePrecision=8|quotePrecision=8|quoteAssetPrecision=8,5,0,2735,3213,478,2949.6,2814,5,1,0,0,0,,,,0,,,,,0,0,,2735-2735|2796-2796|2814-2814|3190-3190|3213-3213
priceMin=1e-7|priceMax=1000|priceTick=1e-7|lotMin=0.001|lotMax=10000000|lotStep=0.001|basePrecision=8|quotePrecision=8|quoteAssetPrecision=8,4,0,65,996,931,381.5,232.5,4,1,0,0,0,,,,0,,,,,0,0,,65-65|70-70|395-395|996-996
priceMin=0.00001|priceMax=10000|priceTick=0.00001|lotMin=0.01|lotMax=900000|lotStep=0.01|basePrecision=8|quotePrecision=8|quoteAssetPrecision=8,4,0,142,1076,934,811,1013,4,1,0,0,0,,,,0,,,,,0,0,,142-142|999-999|1027-1027|1076-1076
priceMin=0.001|priceMax=1000|priceTick=0.001|lotMin=0.001|lotMax=900000|lotStep=0.001|basePrecision=8|quotePrecision=8|quoteAssetPrecision=8,4,0,396,1338,942,884.5,902,4,1,0,0,0,,,,0,,,,,0,0,,396-396|831-831|973-973|1338-1338
priceMin=0.1|priceMax=100000|priceTick=0.1|lotMin=0.001|lotMax=900000|lotStep=0.001|basePrecision=8|quotePrecision=8|quoteAssetPrecision=8,4,0,613,921,308,815.5,864,4,1,0,0,0,,,,0,,,,,0,0,,613-613|824-824|904-904|921-921
priceMin=0.00001|priceMax=1000|priceTick=0.00001|lotMin=0.0001|lotMax=92141578|lotStep=0.0001|basePrecision=8|quotePrecision=8|quoteAssetPrecision=8,4,0,992,1961,969,1491,1505.5,4,1,0,0,0,,,,0,,,,,0,0,,992-992|1128-1128|1883-1883|1961-1961
priceMin=0.01|priceMax=1000|priceTick=0.01|lotMin=0.01|lotMax=92141578|lotStep=0.01|basePrecision=8|quotePrecision=8|quoteAssetPrecision=8,4,0,1388,1940,552,1602,1540,3,2,0,0,0,,,,0,,,,,0,0,,1388-1389|1691-1691|1940-1940
priceMin=1e-7|priceMax=1|priceTick=1e-7|lotMin=1|lotMax=46116860414|lotStep=1|basePrecision=2|quotePrecision=8|quoteAssetPrecision=8,4,0,1426,2253,827,1711.25,1583,4,1,0,0,0,,,,0,,,,,0,0,,1426-1426|1456-1456|1710-1710|2253-2253
priceMin=0.1|priceMax=10000|priceTick=0.1|lotMin=0.01|lotMax=9222449|lotStep=0.01|basePrecision=8|quotePrecision=8|quoteAssetPrecision=8,4,0,1428,2672,1244,2082,2114,4,1,0,0,0,,,,0,,,,,0,0,,1428-1428|1947-1947|2281-2281|2672-2672
priceMin=1e-8|priceMax=0.1|priceTick=1e-8|lotMin=1|lotMax=92233720368|lotStep=1|basePrecision=1|quotePrecision=8|quoteAssetPrecision=8,4,0,1907,2013,106,1934.25,1908.5,2,3,0,0,0,,,,0,,,,,0,0,,1907-1909|2013-2013
priceMin=0.000001|priceMax=10|priceTick=0.000001|lotMin=1|lotMax=8000000000|lotStep=1|basePrecision=2|quotePrecision=8|quoteAssetPrecision=8,4,0,2628,2710,82,2653.75,2638.5,4,1,0,0,0,,,,0,,,,,0,0,,2628-2628|2630-2630|2647-2647|2710-2710
priceMin=0.00001|priceMax=10|priceTick=0.00001|lotMin=1|lotMax=8000000000|lotStep=1|basePrecision=2|quotePrecision=8|quoteAssetPrecision=8,4,0,2658,2746,88,2711.75,2721.5,4,1,0,0,0,,,,0,,,,,0,0,,2658-2658|2701-2701|2742-2742|2746-2746
priceMin=0.000001|priceMax=1000|priceTick=0.000001|lotMin=0.1|lotMax=90000000|lotStep=0.1|basePrecision=8|quotePrecision=8|quoteAssetPrecision=8,3,0,26,1410,1384,561.6666666666666,249,3,1,0,0,0,,,,0,,,,,0,0,,26-26|249-249|1410-1410
priceMin=1e-7|priceMax=10000|priceTick=1e-7|lotMin=1|lotMax=9222449|lotStep=1|basePrecision=8|quotePrecision=8|quoteAssetPrecision=8,3,0,265,1491,1226,677.6666666666666,277,3,1,0,0,0,,,,0,,,,,0,0,,265-265|277-277|1491-1491
priceMin=0.01|priceMax=100000|priceTick=0.01|lotMin=0.01|lotMax=922320|lotStep=0.01|basePrecision=8|quotePrecision=8|quoteAssetPrecision=8,3,0,643,1183,540,966,1072,3,1,0,0,0,,,,0,,,,,0,0,,643-643|1072-1072|1183-1183
priceMin=1|priceMax=9999319|priceTick=1|lotMin=0.0001|lotMax=9223|lotStep=0.0001|basePrecision=8|quotePrecision=8|quoteAssetPrecision=8,3,0,766,3548,2782,2180.6666666666665,2228,3,1,0,0,0,,,,0,,,,,0,0,,766-766|2228-2228|3548-3548
priceMin=1|priceMax=50000000|priceTick=1|lotMin=0.001|lotMax=100000|lotStep=0.001|basePrecision=8|quotePrecision=2|quoteAssetPrecision=2,3,0,782,1019,237,879,836,3,1,0,0,0,,,,0,,,,,0,0,,782-782|836-836|1019-1019
priceMin=0.00001|priceMax=100000|priceTick=0.00001|lotMin=0.01|lotMax=920000|lotStep=0.01|basePrecision=8|quotePrecision=8|quoteAssetPrecision=8,3,0,854,1126,272,997.6666666666666,1013,3,1,0,0,0,,,,0,,,,,0,0,,854-854|1013-1013|1126-1126
priceMin=1e-7|priceMax=1000|priceTick=1e-7|lotMin=0.01|lotMax=10000000|lotStep=0.01|basePrecision=8|quotePrecision=8|quoteAssetPrecision=8,3,0,948,1028,80,992,1000,3,1,0,0,0,,,,0,,,,,0,0,,948-948|1000-1000|1028-1028
priceMin=0.0001|priceMax=10000|priceTick=0.0001|lotMin=0.001|lotMax=900000|lotStep=0.001|basePrecision=8|quotePrecision=8|quoteAssetPrecision=8,3,0,995,1086,91,1039.3333333333333,1037,3,1,0,0,0,,,,0,,,,,0,0,,995-995|1037-1037|1086-1086
priceMin=0.0001|priceMax=100000|priceTick=0.0001|lotMin=0.01|lotMax=920000|lotStep=0.01|basePrecision=8|quotePrecision=8|quoteAssetPrecision=8,3,0,1017,1127,110,1083.3333333333333,1106,3,1,0,0,0,,,,0,,,,,0,0,,1017-1017|1106-1106|1127-1127
priceMin=0.001|priceMax=100000|priceTick=0.001|lotMin=0.1|lotMax=922327|lotStep=0.1|basePrecision=8|quotePrecision=8|quoteAssetPrecision=8,3,0,1073,2506,1433,1587,1182,3,1,0,0,0,,,,0,,,,,0,0,,1073-1073|1182-1182|2506-2506
priceMin=0.01|priceMax=1000|priceTick=0.01|lotMin=0.01|lotMax=900000|lotStep=0.01|basePrecision=8|quotePrecision=8|quoteAssetPrecision=8,3,0,1078,1138,60,1098.3333333333333,1079,2,2,0,0,0,,,,0,,,,,0,0,,1078-1079|1138-1138
priceMin=0.001|priceMax=1000|priceTick=0.001|lotMin=0.01|lotMax=900000|lotStep=0.01|basePrecision=8|quotePrecision=8|quoteAssetPrecision=8,3,0,1139,3168,2029,1880,1333,3,1,0,0,0,,,,0,,,,,0,0,,1139-1139|1333-1333|3168-3168
priceMin=0.00001|priceMax=10000|priceTick=0.00001|lotMin=0.1|lotMax=9222449|lotStep=0.1|basePrecision=8|quotePrecision=8|quoteAssetPrecision=8,3,0,1282,2859,1577,1873.6666666666667,1480,3,1,0,0,0,,,,0,,,,,0,0,,1282-1282|1480-1480|2859-2859
priceMin=0.0001|priceMax=1000|priceTick=0.0001|lotMin=1|lotMax=90000000|lotStep=1|basePrecision=8|quotePrecision=8|quoteAssetPrecision=8,3,0,1407,1417,10,1413.3333333333333,1416,2,2,0,0,0,,,,0,,,,,0,0,,1407-1407|1416-1417
priceMin=0.001|priceMax=100000|priceTick=0.001|lotMin=0.01|lotMax=100000|lotStep=0.01|basePrecision=8|quotePrecision=8|quoteAssetPrecision=8,3,0,1432,2633,1201,1832.6666666666667,1433,2,2,0,0,0,,,,0,,,,,0,0,,1432-1433|2633-2633
priceMin=0.1|priceMax=999996|priceTick=0.1|lotMin=0.01|lotMax=92233|lotStep=0.01|basePrecision=8|quotePrecision=8|quoteAssetPrecision=8,3,0,1513,2880,1367,2336.6666666666665,2617,3,1,0,0,0,,,,0,,,,,0,0,,1513-1513|2617-2617|2880-2880
priceMin=0.001|priceMax=100000|priceTick=0.001|lotMin=0.001|lotMax=922327|lotStep=0.001|basePrecision=8|quotePrecision=8|quoteAssetPrecision=8,3,0,1732,2922,1190,2129,1733,2,2,0,0,0,,,,0,,,,,0,0,,1732-1733|2922-2922
priceMin=1|priceMax=9999319|priceTick=1|lotMin=0.00001|lotMax=9223|lotStep=0.00001|basePrecision=8|quotePrecision=8|quoteAssetPrecision=8,3,0,2110,3466,1356,2699.3333333333335,2522,3,1,0,0,0,,,,0,,,,,0,0,,2110-2110|2522-2522|3466-3466
priceMin=1|priceMax=9999319|priceTick=1|lotMin=0.001|lotMax=9223|lotStep=0.001|basePrecision=8|quotePrecision=8|quoteAssetPrecision=8,3,0,2610,2956,346,2840.3333333333335,2955,2,2,0,0,0,,,,0,,,,,0,0,,2610-2610|2955-2956
priceMin=0.000001|priceMax=1|priceTick=0.000001|lotMin=0.01|lotMax=46116860414|lotStep=0.01|basePrecision=8|quotePrecision=8|quoteAssetPrecision=8,3,0,3324,3343,19,3335,3338,3,1,0,0,0,,,,0,,,,,0,0,,3324-3324|3338-3338|3343-3343
priceMin=0.000001|priceMax=100000|priceTick=0.000001|lotMin=0.001|lotMax=100000|lotStep=0.001|basePrecision=8|quotePrecision=8|quoteAssetPrecision=8,2,0,1,2,1,1.5,1.5,1,2,0,0,0,,,,0,,,,,0,0,,1-2
priceMin=0.0001|priceMax=1000|priceTick=0.0001|lotMin=0.001|lotMax=9000000|lotStep=0.001|basePrecision=8|quotePrecision=8|quoteAssetPrecision=8,2,0,10,777,767,393.5,393.5,2,1,0,0,0,,,,0,,,,,0,0,,10-10|777-777
priceMin=0.000001|priceMax=1000|priceTick=0.000001|lotMin=1|lotMax=900000|lotStep=1|basePrecision=8|quotePrecision=8|quoteAssetPrecision=8,2,0,101,302,201,201.5,201.5,2,1,0,0,0,,,,0,,,,,0,0,,101-101|302-302
priceMin=0.000001|priceMax=1000|priceTick=0.000001|lotMin=0.1|lotMax=900000|lotStep=0.1|basePrecision=8|quotePrecision=8|quoteAssetPrecision=8,2,0,118,240,122,179,179,2,1,0,0,0,,,,0,,,,,0,0,,118-118|240-240
priceMin=0.1|priceMax=10000|priceTick=0.1|lotMin=0.001|lotMax=9222449|lotStep=0.001|basePrecision=8|quotePrecision=8|quoteAssetPrecision=8,2,0,404,1496,1092,950,950,2,1,0,0,0,,,,0,,,,,0,0,,404-404|1496-1496
priceMin=1e-7|priceMax=100|priceTick=1e-7|lotMin=0.1|lotMax=913205152|lotStep=0.1|basePrecision=8|quotePrecision=8|quoteAssetPrecision=8,2,0,606,2129,1523,1367.5,1367.5,2,1,0,0,0,,,,0,,,,,0,0,,606-606|2129-2129
priceMin=1|priceMax=1000000|priceTick=1|lotMin=0.001|lotMax=90000|lotStep=0.001|basePrecision=8|quotePrecision=8|quoteAssetPrecision=8,2,0,644,1391,747,1017.5,1017.5,2,1,0,0,0,,,,0,,,,,0,0,,644-644|1391-1391
priceMin=1|priceMax=100000000|priceTick=1|lotMin=0.00001|lotMax=900|lotStep=0.00001|basePrecision=8|quotePrecision=8|quoteAssetPrecision=8,2,0,666,977,311,821.5,821.5,2,1,0,0,0,,,,0,,,,,0,0,,666-666|977-977
priceMin=0.0001|priceMax=100000|priceTick=0.0001|lotMin=0.01|lotMax=922327|lotStep=0.01|basePrecision=8|quotePrecision=8|quoteAssetPrecision=8,2,0,681,1501,820,1091,1091,2,1,0,0,0,,,,0,,,,,0,0,,681-681|1501-1501
priceMin=1|priceMax=99928191|priceTick=1|lotMin=0.00001|lotMax=922|lotStep=0.00001|basePrecision=8|quotePrecision=8|quoteAssetPrecision=8,2,0,765,2681,1916,1723,1723,2,1,0,0,0,,,,0,,,,,0,0,,765-765|2681-2681
priceMin=0.01|priceMax=100000|priceTick=0.01|lotMin=0.01|lotMax=100000|lotStep=0.01|basePrecision=8|quotePrecision=8|quoteAssetPrecision=8,2,0,767,2637,1870,1702,1702,2,1,0,0,0,,,,0,,,,,0,0,,767-767|2637-2637
priceMin=1|priceMax=5000000|priceTick=1|lotMin=0.001|lotMax=9000|lotStep=0.001|basePrecision=8|quotePrecision=8|quoteAssetPrecision=8,2,0,772,1093,321,932.5,932.5,2,1,0,0,0,,,,0,,,,,0,0,,772-772|1093-1093
priceMin=1|priceMax=9000000000|priceTick=1|lotMin=0.00001|lotMax=100000|lotStep=0.00001|basePrecision=8|quotePrecision=2|quoteAssetPrecision=2,2,0,781,834,53,807.5,807.5,2,1,0,0,0,,,,0,,,,,0,0,,781-781|834-834
priceMin=1|priceMax=100099999|priceTick=1|lotMin=0.1|lotMax=1000000|lotStep=0.1|basePrecision=8|quotePrecision=2|quoteAssetPrecision=2,2,0,837,838,1,837.5,837.5,1,2,0,0,0,,,,0,,,,,0,0,,837-838
priceMin=0.001|priceMax=1000|priceTick=0.001|lotMin=0.0001|lotMax=900000|lotStep=0.0001|basePrecision=8|quotePrecision=8|quoteAssetPrecision=8,2,0,867,965,98,916,916,2,1,0,0,0,,,,0,,,,,0,0,,867-867|965-965
priceMin=0.1|priceMax=100000|priceTick=0.1|lotMin=0.0001|lotMax=90000|lotStep=0.0001|basePrecision=8|quotePrecision=8|quoteAssetPrecision=8,2,0,869,2990,2121,1929.5,1929.5,2,1,0,0,0,,,,0,,,,,0,0,,869-869|2990-2990
priceMin=1e-8|priceMax=1000|priceTick=1e-8|lotMin=0.1|lotMax=9000000|lotStep=0.1|basePrecision=8|quotePrecision=8|quoteAssetPrecision=8,2,0,937,1009,72,973,973,2,1,0,0,0,,,,0,,,,,0,0,,937-937|1009-1009
priceMin=0.00001|priceMax=10000|priceTick=0.00001|lotMin=0.0001|lotMax=9222449|lotStep=0.0001|basePrecision=8|quotePrecision=8|quoteAssetPrecision=8,2,0,966,3547,2581,2256.5,2256.5,2,1,0,0,0,,,,0,,,,,0,0,,966-966|3547-3547
priceMin=1|priceMax=1000000|priceTick=1|lotMin=0.0001|lotMax=9000|lotStep=0.0001|basePrecision=8|quotePrecision=8|quoteAssetPrecision=8,2,0,967,993,26,980,980,2,1,0,0,0,,,,0,,,,,0,0,,967-967|993-993
priceMin=0.0001|priceMax=1000|priceTick=0.0001|lotMin=0.01|lotMax=9000000|lotStep=0.01|basePrecision=8|quotePrecision=8|quoteAssetPrecision=8,2,0,969,1249,280,1109,1109,2,1,0,0,0,,,,0,,,,,0,0,,969-969|1249-1249
priceMin=0.0001|priceMax=1000|priceTick=0.0001|lotMin=0.00001|lotMax=92141578|lotStep=0.00001|basePrecision=8|quotePrecision=8|quoteAssetPrecision=8,2,0,985,1146,161,1065.5,1065.5,2,1,0,0,0,,,,0,,,,,0,0,,985-985|1146-1146
priceMin=0.01|priceMax=100000|priceTick=0.01|lotMin=0.01|lotMax=900000|lotStep=0.01|basePrecision=8|quotePrecision=8|quoteAssetPrecision=8,2,0,1001,2336,1335,1668.5,1668.5,2,1,0,0,0,,,,0,,,,,0,0,,1001-1001|2336-2336
priceMin=0.01|priceMax=1000000|priceTick=0.01|lotMin=0.1|lotMax=9200|lotStep=0.1|basePrecision=8|quotePrecision=8|quoteAssetPrecision=8,2,0,1058,1100,42,1079,1079,2,1,0,0,0,,,,0,,,,,0,0,,1058-1058|1100-1100
priceMin=4.3|priceMax=6.5|priceTick=0.0001|lotMin=0.1|lotMax=9222449|lotStep=0.1|basePrecision=8|quotePrecision=8|quoteAssetPrecision=8,2,0,1088,3203,2115,2145.5,2145.5,2,1,0,0,0,,,,0,,,,,0,0,,1088-1088|3203-3203
priceMin=1|priceMax=1000007|priceTick=1|lotMin=0.00001|lotMax=92232|lotStep=0.00001|basePrecision=8|quotePrecision=8|quoteAssetPrecision=8,2,0,1204,1266,62,1235,1235,2,1,0,0,0,,,,0,,,,,0,0,,1204-1204|1266-1266
priceMin=0.0001|priceMax=1000|priceTick=0.0001|lotMin=1|lotMax=10000000|lotStep=1|basePrecision=8|quotePrecision=8|quoteAssetPrecision=8,2,0,1250,2258,1008,1754,1754,2,1,0,0,0,,,,0,,,,,0,0,,1250-1250|2258-2258
priceMin=0.0001|priceMax=1000|priceTick=0.0001|lotMin=0.0001|lotMax=92141578|lotStep=0.0001|basePrecision=8|quotePrecision=8|quoteAssetPrecision=8,2,0,1261,2216,955,1738.5,1738.5,2,1,0,0,0,,,,0,,,,,0,0,,1261-1261|2216-2216
priceMin=0.0001|priceMax=1000|priceTick=0.0001|lotMin=0.1|lotMax=9222449|lotStep=0.1|basePrecision=8|quotePrecision=8|quoteAssetPrecision=8,2,0,1321,2793,1472,2057,2057,2,1,0,0,0,,,,0,,,,,0,0,,1321-1321|2793-2793
priceMin=0.00001|priceMax=10000|priceTick=0.00001|lotMin=0.01|lotMax=9000000|lotStep=0.01|basePrecision=8|quotePrecision=8|quoteAssetPrecision=8,2,0,1363,1970,607,1666.5,1666.5,2,1,0,0,0,,,,0,,,,,0,0,,1363-1363|1970-1970
priceMin=0.1|priceMax=1000000|priceTick=0.1|lotMin=0.001|lotMax=9000|lotStep=0.001|basePrecision=8|quotePrecision=8|quoteAssetPrecision=8,2,0,1371,1372,1,1371.5,1371.5,1,2,0,0,0,,,,0,,,,,0,0,,1371-1372
priceMin=0.00001|priceMax=10000|priceTick=0.00001|lotMin=0.1|lotMax=90000|lotStep=0.1|basePrecision=8|quotePrecision=8|quoteAssetPrecision=8,2,0,1397,1398,1,1397.5,1397.5,1,2,0,0,0,,,,0,,,,,0,0,,1397-1398
priceMin=0.001|priceMax=10000|priceTick=0.001|lotMin=0.01|lotMax=9222440|lotStep=0.01|basePrecision=8|quotePrecision=8|quoteAssetPrecision=8,2,0,1448,3159,1711,2303.5,2303.5,2,1,0,0,0,,,,0,,,,,0,0,,1448-1448|3159-3159
priceMin=1|priceMax=500000|priceTick=1|lotMin=0.1|lotMax=184467|lotStep=0.1|basePrecision=8|quotePrecision=2|quoteAssetPrecision=2,2,0,1457,1503,46,1480,1480,2,1,0,0,0,,,,0,,,,,0,0,,1457-1457|1503-1503
priceMin=1|priceMax=999996|priceTick=1|lotMin=0.01|lotMax=92233|lotStep=0.01|basePrecision=8|quotePrecision=8|quoteAssetPrecision=8,2,0,1517,1530,13,1523.5,1523.5,2,1,0,0,0,,,,0,,,,,0,0,,1517-1517|1530-1530
priceMin=0.000001|priceMax=10|priceTick=0.000001|lotMin=0.01|lotMax=8384883677|lotStep=0.01|basePrecision=8|quotePrecision=8|quoteAssetPrecision=8,2,0,1613,2136,523,1874.5,1874.5,2,1,0,0,0,,,,0,,,,,0,0,,1613-1613|2136-2136
priceMin=1|priceMax=10000000|priceTick=1|lotMin=0.1|lotMax=9223371114|lotStep=0.1|basePrecision=8|quotePrecision=2|quoteAssetPrecision=2,2,0,1629,1764,135,1696.5,1696.5,2,1,0,0,0,,,,0,,,,,0,0,,1629-1629|1764-1764
priceMin=0.01|priceMax=999996|priceTick=0.01|lotMin=0.01|lotMax=92233|lotStep=0.01|basePrecision=8|quotePrecision=8|quoteAssetPrecision=8,2,0,1633,2515,882,2074,2074,2,1,0,0,0,,,,0,,,,,0,0,,1633-1633|2515-2515
priceMin=1|priceMax=100000000|priceTick=1|lotMin=0.01|lotMax=922337194|lotStep=0.01|basePrecision=8|quotePrecision=2|quoteAssetPrecision=2,2,0,1653,1654,1,1653.5,1653.5,1,2,0,0,0,,,,0,,,,,0,0,,1653-1654
priceMin=1e-8|priceMax=10|priceTick=1e-8|lotMin=0.1|lotMax=8384883677|lotStep=0.1|basePrecision=8|quotePrecision=8|quoteAssetPrecision=8,2,0,1715,2857,1142,2286,2286,2,1,0,0,0,,,,0,,,,,0,0,,1715-1715|2857-2857
priceMin=1|priceMax=10000000|priceTick=1|lotMin=0.01|lotMax=9223371110|lotStep=0.01|basePrecision=8|quotePrecision=2|quoteAssetPrecision=2,2,0,1818,1819,1,1818.5,1818.5,1,2,0,0,0,,,,0,,,,,0,0,,1818-1819
priceMin=0.000001|priceMax=1000|priceTick=0.000001|lotMin=0.0001|lotMax=92141578|lotStep=0.0001|basePrecision=8|quotePrecision=8|quoteAssetPrecision=8,2,0,1858,2586,728,2222,2222,2,1,0,0,0,,,,0,,,,,0,0,,1858-1858|2586-2586
priceMin=1e-7|priceMax=100|priceTick=1e-7|lotMin=0.01|lotMax=913205152|lotStep=0.01|basePrecision=8|quotePrecision=8|quoteAssetPrecision=8,2,0,2077,2080,3,2078.5,2078.5,2,1,0,0,0,,,,0,,,,,0,0,,2077-2077|2080-2080
priceMin=1e-8|priceMax=100|priceTick=1e-8|lotMin=0.1|lotMax=913205152|lotStep=0.1|basePrecision=8|quotePrecision=8|quoteAssetPrecision=8,2,0,2083,2914,831,2498.5,2498.5,2,1,0,0,0,,,,0,,,,,0,0,,2083-2083|2914-2914
priceMin=1e-7|priceMax=1|priceTick=1e-7|lotMin=1|lotMax=46116860414|lotStep=1|basePrecision=8|quotePrecision=8|quoteAssetPrecision=8,2,0,2164,2448,284,2306,2306,2,1,0,0,0,,,,0,,,,,0,0,,2164-2164|2448-2448
priceMin=0.01|priceMax=1000|priceTick=0.01|lotMin=1|lotMax=92141578|lotStep=1|basePrecision=8|quotePrecision=8|quoteAssetPrecision=8,2,0,2168,2238,70,2203,2203,2,1,0,0,0,,,,0,,,,,0,0,,2168-2168|2238-2238
priceMin=3|priceMax=4.3|priceTick=0.001|lotMin=1|lotMax=92141578|lotStep=1|basePrecision=8|quotePrecision=8|quoteAssetPrecision=8,2,0,2188,2885,697,2536.5,2536.5,2,1,0,0,0,,,,0,,,,,0,0,,2188-2188|2885-2885
priceMin=1140|priceMax=1710|priceTick=0.1|lotMin=1|lotMax=922327|lotStep=1|basePrecision=8|quotePrecision=8|quoteAssetPrecision=8,2,0,2193,3682,1489,2937.5,2937.5,2,1,0,0,0,,,,0,,,,,0,0,,2193-2193|3682-3682
priceMin=0.000001|priceMax=1|priceTick=0.000001|lotMin=1|lotMax=46116860414|lotStep=1|basePrecision=8|quotePrecision=8|quoteAssetPrecision=8,2,0,2379,2406,27,2392.5,2392.5,2,1,0,0,0,,,,0,,,,,0,0,,2379-2379|2406-2406
priceMin=1|priceMax=99928191|priceTick=1|lotMin=0.000001|lotMax=922|lotStep=0.000001|basePrecision=8|quotePrecision=8|quoteAssetPrecision=8,2,0,2521,2643,122,2582,2582,2,1,0,0,0,,,,0,,,,,0,0,,2521-2521|2643-2643
priceMin=1e-7|priceMax=1|priceTick=1e-7|lotMin=1|lotMax=46000000000|lotStep=1|basePrecision=2|quotePrecision=8|quoteAssetPrecision=8,2,0,2537,2568,31,2552.5,2552.5,2,1,0,0,0,,,,0,,,,,0,0,,2537-2537|2568-2568
priceMin=0.000001|priceMax=1|priceTick=0.000001|lotMin=1|lotMax=46000000000|lotStep=1|basePrecision=2|quotePrecision=8|quoteAssetPrecision=8,2,0,2538,2803,265,2670.5,2670.5,2,1,0,0,0,,,,0,,,,,0,0,,2538-2538|2803-2803
priceMin=1e-7|priceMax=1|priceTick=1e-7|lotMin=0.01|lotMax=46116860414|lotStep=0.01|basePrecision=8|quotePrecision=8|quoteAssetPrecision=8,2,0,2557,2930,373,2743.5,2743.5,2,1,0,0,0,,,,0,,,,,0,0,,2557-2557|2930-2930
priceMin=14.2|priceMax=21.3|priceTick=0.01|lotMin=1|lotMax=9222449|lotStep=1|basePrecision=8|quotePrecision=8|quoteAssetPrecision=8,2,0,2580,3468,888,3024,3024,2,1,0,0,0,,,,0,,,,,0,0,,2580-2580|3468-3468
priceMin=1|priceMax=100000|priceTick=1|lotMin=0.001|lotMax=922327|lotStep=0.001|basePrecision=8|quotePrecision=8|quoteAssetPrecision=8,2,0,2843,2954,111,2898.5,2898.5,2,1,0,0,0,,,,0,,,,,0,0,,2843-2843|2954-2954
priceMin=0.00001|priceMax=100|priceTick=0.00001|lotMin=0.1|lotMax=813000000|lotStep=0.1|basePrecision=8|quotePrecision=8|quoteAssetPrecision=8,2,0,3018,3019,1,3018.5,3018.5,1,2,0,0,0,,,,0,,,,,0,0,,3018-3019
priceMin=0.00001|priceMax=100|priceTick=0.00001|lotMin=1|lotMax=813000000|lotStep=1|basePrecision=8|quotePrecision=8|quoteAssetPrecision=8,2,0,3021,3025,4,3023,3023,2,1,0,0,0,,,,0,,,,,0,0,,3021-3021|3025-3025
priceMin=0.000001|priceMax=10|priceTick=0.000001|lotMin=1|lotMax=8080000000|lotStep=1|basePrecision=8|quotePrecision=8|quoteAssetPrecision=8,2,0,3023,3024,1,3023.5,3023.5,1,2,0,0,0,,,,0,,,,,0,0,,3023-3024
priceMin=0.00001|priceMax=10|priceTick=0.00001|lotMin=1|lotMax=8384883677|lotStep=1|basePrecision=8|quotePrecision=8|quoteAssetPrecision=8,2,0,3046,3047,1,3046.5,3046.5,1,2,0,0,0,,,,0,,,,,0,0,,3046-3047
priceMin=0.001|priceMax=1000|priceTick=0.001|lotMin=0.1|lotMax=92141578|lotStep=0.1|basePrecision=2|quotePrecision=8|quoteAssetPrecision=8,2,0,3228,3237,9,3232.5,3232.5,2,1,0,0,0,,,,0,,,,,0,0,,3228-3228|3237-3237
priceMin=0.8|priceMax=1.2|priceTick=0.0001|lotMin=1|lotMax=92141578|lotStep=1|basePrecision=8|quotePrecision=8|quoteAssetPrecision=8,2,0,3244,3245,1,3244.5,3244.5,1,2,0,0,0,,,,0,,,,,0,0,,3244-3245
priceMin=0.1|priceMax=100000|priceTick=0.1|lotMin=0.1|lotMax=922327|lotStep=0.1|basePrecision=8|quotePrecision=2|quoteAssetPrecision=2,2,0,3402,3404,2,3403,3403,2,1,0,0,0,,,,0,,,,,0,0,,3402-3402|3404-3404
priceMin=13531|priceMax=20297|priceTick=1|lotMin=0.01|lotMax=922327|lotStep=0.01|basePrecision=8|quotePrecision=2|quoteAssetPrecision=2,2,0,3433,3529,96,3481,3481,2,1,0,0,0,,,,0,,,,,0,0,,3433-3433|3529-3529
priceMin=0.0091|priceMax=0.0136|priceTick=0.000001|lotMin=1|lotMax=913205152|lotStep=1|basePrecision=8|quotePrecision=8|quoteAssetPrecision=8,2,0,3446,3486,40,3466,3466,2,1,0,0,0,,,,0,,,,,0,0,,3446-3446|3486-3486
priceMin=0.00001|priceMax=922327|priceTick=0.00001|lotMin=0.0001|lotMax=100000|lotStep=0.0001|basePrecision=8|quotePrecision=8|quoteAssetPrecision=8,1,0,0,0,0,0,0,1,1,0,0,0,,,,0,,,,,0,0,,0-0
priceMin=1e-8|priceMax=100000|priceTick=1e-8|lotMin=0.01|lotMax=100000|lotStep=0.01|basePrecision=8|quotePrecision=8|quoteAssetPrecision=8,1,0,3,3,0,3,3,1,1,0,0,0,,,,0,,,,,0,0,,3-3
priceMin=10|priceMax=1000|priceTick=10|lotMin=10|lotMax=90000000|lotStep=10|basePrecision=8|quotePrecision=8|quoteAssetPrecision=8,1,0,34,34,0,34,34,1,1,0,0,0,,,,0,,,,,0,0,,34-34
priceMin=0.01|priceMax=100000|priceTick=0.01|lotMin=0.00001|lotMax=900000|lotStep=0.00001|basePrecision=8|quotePrecision=8|quoteAssetPrecision=8,1,0,126,126,0,126,126,1,1,0,0,0,,,,0,,,,,0,0,,126-126
priceMin=1e-7|priceMax=1000|priceTick=1e-7|lotMin=0.01|lotMax=9000000|lotStep=0.01|basePrecision=8|quotePrecision=8|quoteAssetPrecision=8,1,0,310,310,0,310,310,1,1,0,0,0,,,,0,,,,,0,0,,310-310
priceMin=0.7|priceMax=1.3|priceTick=0.0001|lotMin=0.01|lotMax=900000|lotStep=0.01|basePrecision=8|quotePrecision=8|quoteAssetPrecision=8,1,0,392,392,0,392,392,1,1,0,0,0,,,,0,,,,,0,0,,392-392
priceMin=0.01|priceMax=1000|priceTick=0.01|lotMin=0.00001|lotMax=92141578|lotStep=0.00001|basePrecision=8|quotePrecision=8|quoteAssetPrecision=8,1,0,403,403,0,403,403,1,1,0,0,0,,,,0,,,,,0,0,,403-403
priceMin=0.000001|priceMax=5000|priceTick=0.000001|lotMin=0.1|lotMax=18443055|lotStep=0.1|basePrecision=8|quotePrecision=8|quoteAssetPrecision=8,1,0,581,581,0,581,581,1,1,0,0,0,,,,0,,,,,0,0,,581-581
priceMin=0.0001|priceMax=1000|priceTick=0.0001|lotMin=1|lotMax=15000000|lotStep=1|basePrecision=8|quotePrecision=8|quoteAssetPrecision=8,1,0,615,615,0,615,615,1,1,0,0,0,,,,0,,,,,0,0,,615-615
priceMin=1|priceMax=1962419582|priceTick=1|lotMin=0.00001|lotMax=46|lotStep=0.00001|basePrecision=8|quotePrecision=8|quoteAssetPrecision=8,1,0,645,645,0,645,645,1,1,0,0,0,,,,0,,,,,0,0,,645-645
priceMin=0.1|priceMax=4000000|priceTick=0.1|lotMin=0.0001|lotMax=23055|lotStep=0.0001|basePrecision=8|quotePrecision=8|quoteAssetPrecision=8,1,0,667,667,0,667,667,1,1,0,0,0,,,,0,,,,,0,0,,667-667
priceMin=0.01|priceMax=500000|priceTick=0.01|lotMin=0.001|lotMax=184466|lotStep=0.001|basePrecision=8|quotePrecision=8|quoteAssetPrecision=8,1,0,669,669,0,669,669,1,1,0,0,0,,,,0,,,,,0,0,,669-669
priceMin=1|priceMax=19998638|priceTick=1|lotMin=0.00001|lotMax=4611|lotStep=0.00001|basePrecision=8|quotePrecision=8|quoteAssetPrecision=8,1,0,682,682,0,682,682,1,1,0,0,0,,,,0,,,,,0,0,,682-682
priceMin=1|priceMax=1000000|priceTick=1|lotMin=0.001|lotMax=92232|lotStep=0.001|basePrecision=8|quotePrecision=8|quoteAssetPrecision=8,1,0,683,683,0,683,683,1,1,0,0,0,,,,0,,,,,0,0,,683-683
priceMin=0.01|priceMax=1000|priceTick=0.01|lotMin=1|lotMax=922327|lotStep=1|basePrecision=8|quotePrecision=8|quoteAssetPrecision=8,1,0,684,684,0,684,684,1,1,0,0,0,,,,0,,,,,0,0,,684-684
priceMin=1|priceMax=4999930|priceTick=1|lotMin=0.0001|lotMax=18446|lotStep=0.0001|basePrecision=8|quotePrecision=8|quoteAssetPrecision=8,1,0,685,685,0,685,685,1,1,0,0,0,,,,0,,,,,0,0,,685-685
priceMin=0.01|priceMax=1000007|priceTick=0.01|lotMin=0.00001|lotMax=92232|lotStep=0.00001|basePrecision=8|quotePrecision=8|quoteAssetPrecision=8,1,0,729,729,0,729,729,1,1,0,0,0,,,,0,,,,,0,0,,729-729
priceMin=0.0001|priceMax=19.7|priceTick=0.0001|lotMin=1|lotMax=9222449|lotStep=1|basePrecision=8|quotePrecision=8|quoteAssetPrecision=8,1,0,768,768,0,768,768,1,1,0,0,0,,,,0,,,,,0,0,,768-768
priceMin=1|priceMax=700000000|priceTick=1|lotMin=0.000001|lotMax=100|lotStep=0.000001|basePrecision=8|quotePrecision=8|quoteAssetPrecision=8,1,0,770,770,0,770,770,1,1,0,0,0,,,,0,,,,,0,0,,770-770
priceMin=1|priceMax=10000000|priceTick=1|lotMin=0.00001|lotMax=8000|lotStep=0.00001|basePrecision=8|quotePrecision=8|quoteAssetPrecision=8,1,0,771,771,0,771,771,1,1,0,0,0,,,,0,,,,,0,0,,771-771
priceMin=1e-7|priceMax=1000|priceTick=1e-7|lotMin=0.001|lotMax=90000000|lotStep=0.001|basePrecision=8|quotePrecision=8|quoteAssetPrecision=8,1,0,778,778,0,778,778,1,1,0,0,0,,,,0,,,,,0,0,,778-778
priceMin=1|priceMax=100099999|priceTick=1|lotMin=1|lotMax=1000000|lotStep=1|basePrecision=8|quotePrecision=2|quoteAssetPrecision=2,1,0,783,783,0,783,783,1,1,0,0,0,,,,0,,,,,0,0,,783-783
priceMin=1|priceMax=1000000|priceTick=1|lotMin=0.01|lotMax=1000000|lotStep=0.01|basePrecision=8|quotePrecision=2|quoteAssetPrecision=2,1,0,784,784,0,784,784,1,1,0,0,0,,,,0,,,,,0,0,,784-784
priceMin=1.673|priceMax=31.78|priceTick=0.001|lotMin=0.01|lotMax=3000|lotStep=0.01|basePrecision=8|quotePrecision=8|quoteAssetPrecision=8,1,0,795,795,0,795,795,1,1,0,0,0,,,,0,,,,,0,0,,795-795
priceMin=0.0001194|priceMax=0.0022672|priceTick=1e-7|lotMin=0.01|lotMax=921415|lotStep=0.01|basePrecision=8|quotePrecision=8|quoteAssetPrecision=8,1,0,796,796,0,796,796,1,1,0,0,0,,,,0,,,,,0,0,,796-796
priceMin=1|priceMax=51212504|priceTick=1|lotMin=0.00001|lotMax=1800|lotStep=0.00001|basePrecision=8|quotePrecision=8|quoteAssetPrecision=8,1,0,828,828,0,828,828,1,1,0,0,0,,,,0,,,,,0,0,,828-828
priceMin=36.4|priceMax=54.5|priceTick=0.01|lotMin=1|lotMax=922327|lotStep=1|basePrecision=8|quotePrecision=8|quoteAssetPrecision=8,1,0,829,829,0,829,829,1,1,0,0,0,,,,0,,,,,0,0,,829-829
priceMin=1|priceMax=900000000|priceTick=1|lotMin=0.0001|lotMax=100000|lotStep=0.0001|basePrecision=8|quotePrecision=2|quoteAssetPrecision=2,1,0,835,835,0,835,835,1,1,0,0,0,,,,0,,,,,0,0,,835-835
priceMin=1.18|priceMax=22.415|priceTick=0.001|lotMin=0.01|lotMax=3000|lotStep=0.01|basePrecision=8|quotePrecision=8|quoteAssetPrecision=8,1,0,850,850,0,850,850,1,1,0,0,0,,,,0,,,,,0,0,,850-850
priceMin=0.00459|priceMax=0.08718|priceTick=0.00001|lotMin=0.01|lotMax=100000000|lotStep=0.01|basePrecision=8|quotePrecision=8|quoteAssetPrecision=8,1,0,851,851,0,851,851,1,1,0,0,0,,,,0,,,,,0,0,,851-851
priceMin=0.011|priceMax=0.202|priceTick=0.001|lotMin=0.01|lotMax=920000|lotStep=0.01|basePrecision=8|quotePrecision=8|quoteAssetPrecision=8,1,0,852,852,0,852,852,1,1,0,0,0,,,,0,,,,,0,0,,852-852
priceMin=0.000194|priceMax=0.003671|priceTick=0.000001|lotMin=0.01|lotMax=100000000|lotStep=0.01|basePrecision=8|quotePrecision=8|quoteAssetPrecision=8,1,0,853,853,0,853,853,1,1,0,0,0,,,,0,,,,,0,0,,853-853
priceMin=0.000001|priceMax=921.4|priceTick=0.000001|lotMin=0.01|lotMax=300000|lotStep=0.01|basePrecision=8|quotePrecision=8|quoteAssetPrecision=8,1,0,855,855,0,855,855,1,1,0,0,0,,,,0,,,,,0,0,,855-855
priceMin=0.0001|priceMax=1000|priceTick=0.0001|lotMin=1|lotMax=9222448|lotStep=1|basePrecision=8|quotePrecision=8|quoteAssetPrecision=8,1,0,862,862,0,862,862,1,1,0,0,0,,,,0,,,,,0,0,,862-862
priceMin=0.00001|priceMax=1000|priceTick=0.00001|lotMin=0.0001|lotMax=10000000|lotStep=0.0001|basePrecision=8|quotePrecision=8|quoteAssetPrecision=8,1,0,868,868,0,868,868,1,1,0,0,0,,,,0,,,,,0,0,,868-868
priceMin=1|priceMax=100000|priceTick=1|lotMin=0.0001|lotMax=90000|lotStep=0.0001|basePrecision=8|quotePrecision=8|quoteAssetPrecision=8,1,0,870,870,0,870,870,1,1,0,0,0,,,,0,,,,,0,0,,870-870
priceMin=6.24|priceMax=118.4|priceTick=0.01|lotMin=0.01|lotMax=500|lotStep=0.01|basePrecision=8|quotePrecision=8|quoteAssetPrecision=8,1,0,892,892,0,892,892,1,1,0,0,0,,,,0,,,,,0,0,,892-892
priceMin=0.000218|priceMax=0.004134|priceTick=0.000001|lotMin=0.01|lotMax=920000|lotStep=0.01|basePrecision=8|quotePrecision=8|quoteAssetPrecision=8,1,0,893,893,0,893,893,1,1,0,0,0,,,,0,,,,,0,0,,893-893
priceMin=0.00026|priceMax=0.004928|priceTick=0.000001|lotMin=0.01|lotMax=920000|lotStep=0.01|basePrecision=8|quotePrecision=8|quoteAssetPrecision=8,1,0,894,894,0,894,894,1,1,0,0,0,,,,0,,,,,0,0,,894-894
priceMin=0.2588|priceMax=4.9169|priceTick=0.0001|lotMin=0.01|lotMax=49991176|lotStep=0.01|basePrecision=8|quotePrecision=8|quoteAssetPrecision=8,1,0,895,895,0,895,895,1,1,0,0,0,,,,0,,,,,0,0,,895-895
priceMin=0.01|priceMax=1000000|priceTick=0.01|lotMin=0.00001|lotMax=10000|lotStep=0.00001|basePrecision=8|quotePrecision=8|quoteAssetPrecision=8,1,0,909,909,0,909,909,1,1,0,0,0,,,,0,,,,,0,0,,909-909
priceMin=0.00001|priceMax=100000|priceTick=0.00001|lotMin=0.00001|lotMax=9000|lotStep=0.00001|basePrecision=8|quotePrecision=8|quoteAssetPrecision=8,1,0,910,910,0,910,910,1,1,0,0,0,,,,0,,,,,0,0,,910-910
priceMin=0.8|priceMax=1.2|priceTick=0.0001|lotMin=0.1|lotMax=900000|lotStep=0.1|basePrecision=8|quotePrecision=8|quoteAssetPrecision=8,1,0,922,922,0,922,922,1,1,0,0,0,,,,0,,,,,0,0,,922-922
priceMin=1e-8|priceMax=1000|priceTick=1e-8|lotMin=0.01|lotMax=9000000|lotStep=0.01|basePrecision=8|quotePrecision=8|quoteAssetPrecision=8,1,0,955,955,0,955,955,1,1,0,0,0,,,,0,,,,,0,0,,955-955
priceMin=0.000001|priceMax=1000|priceTick=0.000001|lotMin=0.01|lotMax=10000000|lotStep=0.01|basePrecision=8|quotePrecision=8|quoteAssetPrecision=8,1,0,970,970,0,970,970,1,1,0,0,0,,,,0,,,,,0,0,,970-970
priceMin=1|priceMax=50000000|priceTick=1|lotMin=0.01|lotMax=100000|lotStep=0.01|basePrecision=8|quotePrecision=2|quoteAssetPrecision=2,1,0,978,978,0,978,978,1,1,0,0,0,,,,0,,,,,0,0,,978-978
priceMin=0.001|priceMax=10000|priceTick=0.001|lotMin=0.1|lotMax=922327|lotStep=0.1|basePrecision=8|quotePrecision=8|quoteAssetPrecision=8,1,0,980,980,0,980,980,1,1,0,0,0,,,,0,,,,,0,0,,980-980
priceMin=0.01|priceMax=100000|priceTick=0.01|lotMin=0.00001|lotMax=100000|lotStep=0.00001|basePrecision=8|quotePrecision=8|quoteAssetPrecision=8,1,0,986,986,0,986,986,1,1,0,0,0,,,,0,,,,,0,0,,986-986
priceMin=0.01|priceMax=1000|priceTick=0.01|lotMin=0.0001|lotMax=90000|lotStep=0.0001|basePrecision=8|quotePrecision=8|quoteAssetPrecision=8,1,0,991,991,0,991,991,1,1,0,0,0,,,,0,,,,,0,0,,991-991
priceMin=0.1|priceMax=1000000|priceTick=0.1|lotMin=0.0001|lotMax=9000|lotStep=0.0001|basePrecision=8|quotePrecision=8|quoteAssetPrecision=8,1,0,994,994,0,994,994,1,1,0,0,0,,,,0,,,,,0,0,,994-994
priceMin=0.0212|priceMax=0.4021|priceTick=0.0001|lotMin=0.01|lotMax=920000|lotStep=0.01|basePrecision=8|quotePrecision=8|quoteAssetPrecision=8,1,0,1011,1011,0,1011,1011,1,1,0,0,0,,,,0,,,,,0,0,,1011-1011
priceMin=0.0000376|priceMax=0.0007141|priceTick=1e-7|lotMin=0.01|lotMax=69980060|lotStep=0.01|basePrecision=8|quotePrecision=8|quoteAssetPrecision=8,1,0,1012,1012,0,1012,1012,1,1,0,0,0,,,,0,,,,,0,0,,1012-1012
priceMin=0.001|priceMax=1024|priceTick=0.001|lotMin=0.01|lotMax=89984117|lotStep=0.01|basePrecision=8|quotePrecision=8|quoteAssetPrecision=8,1,0,1014,1014,0,1014,1014,1,1,0,0,0,,,,0,,,,,0,0,,1014-1014
priceMin=0.0091|priceMax=0.1723|priceTick=0.0001|lotMin=0.01|lotMax=920000|lotStep=0.01|basePrecision=8|quotePrecision=8|quoteAssetPrecision=8,1,0,1015,1015,0,1015,1015,1,1,0,0,0,,,,0,,,,,0,0,,1015-1015
priceMin=0.00000812|priceMax=0.00015418|priceTick=1e-8|lotMin=0.01|lotMax=99999999|lotStep=0.01|basePrecision=8|quotePrecision=8|quoteAssetPrecision=8,1,0,1016,1016,0,1016,1016,1,1,0,0,0,,,,0,,,,,0,0,,1016-1016
priceMin=0.001|priceMax=921.4|priceTick=0.001|lotMin=0.01|lotMax=100000000|lotStep=0.01|basePrecision=8|quotePrecision=8|quoteAssetPrecision=8,1,0,1018,1018,0,1018,1018,1,1,0,0,0,,,,0,,,,,0,0,,1018-1018
priceMin=0.01|priceMax=1000000|priceTick=0.01|lotMin=1|lotMax=90000000|lotStep=1|basePrecision=8|quotePrecision=2|quoteAssetPrecision=2,1,0,1020,1020,0,1020,1020,1,1,0,0,0,,,,0,,,,,0,0,,1020-1020
priceMin=0.1|priceMax=100000|priceTick=0.1|lotMin=0.1|lotMax=922320|lotStep=0.1|basePrecision=8|quotePrecision=8|quoteAssetPrecision=8,1,0,1022,1022,0,1022,1022,1,1,0,0,0,,,,0,,,,,0,0,,1022-1022
priceMin=0.0001|priceMax=10000|priceTick=0.0001|lotMin=1|lotMax=922327|lotStep=1|basePrecision=8|quotePrecision=8|quoteAssetPrecision=8,1,0,1030,1030,0,1030,1030,1,1,0,0,0,,,,0,,,,,0,0,,1030-1030
priceMin=0.0486|priceMax=0.923|priceTick=0.0001|lotMin=0.01|lotMax=920000|lotStep=0.01|basePrecision=8|quotePrecision=8|quoteAssetPrecision=8,1,0,1033,1033,0,1033,1033,1,1,0,0,0,,,,0,,,,,0,0,,1033-1033
priceMin=0.2228|priceMax=4.2321|priceTick=0.0001|lotMin=0.01|lotMax=610819340|lotStep=0.01|basePrecision=8|quotePrecision=8|quoteAssetPrecision=8,1,0,1034,1034,0,1034,1034,1,1,0,0,0,,,,0,,,,,0,0,,1034-1034
priceMin=0.01|priceMax=1000007|priceTick=0.01|lotMin=0.1|lotMax=92232|lotStep=0.1|basePrecision=8|quotePrecision=8|quoteAssetPrecision=8,1,0,1035,1035,0,1035,1035,1,1,0,0,0,,,,0,,,,,0,0,,1035-1035
priceMin=1|priceMax=1000000|priceTick=1|lotMin=0.1|lotMax=1000000|lotStep=0.1|basePrecision=8|quotePrecision=2|quoteAssetPrecision=2,1,0,1057,1057,0,1057,1057,1,1,0,0,0,,,,0,,,,,0,0,,1057-1057
priceMin=0.107|priceMax=2.018|priceTick=0.001|lotMin=0.01|lotMax=920000|lotStep=0.01|basePrecision=8|quotePrecision=8|quoteAssetPrecision=8,1,0,1068,1068,0,1068,1068,1,1,0,0,0,,,,0,,,,,0,0,,1068-1068
priceMin=0.219|priceMax=4.15|priceTick=0.001|lotMin=0.01|lotMax=99999999|lotStep=0.01|basePrecision=8|quotePrecision=8|quoteAssetPrecision=8,1,0,1069,1069,0,1069,1069,1,1,0,0,0,,,,0,,,,,0,0,,1069-1069
priceMin=1|priceMax=10000000|priceTick=1|lotMin=0.00001|lotMax=9000|lotStep=0.00001|basePrecision=8|quotePrecision=8|quoteAssetPrecision=8,1,0,1087,1087,0,1087,1087,1,1,0,0,0,,,,0,,,,,0,0,,1087-1087
priceMin=0.01745|priceMax=0.33141|priceTick=0.00001|lotMin=0.01|lotMax=920000|lotStep=0.01|basePrecision=8|quotePrecision=8|quoteAssetPrecision=8,1,0,1098,1098,0,1098,1098,1,1,0,0,0,,,,0,,,,,0,0,,1098-1098
priceMin=0.00897|priceMax=0.17035|priceTick=0.00001|lotMin=0.01|lotMax=100000000|lotStep=0.01|basePrecision=8|quotePrecision=8|quoteAssetPrecision=8,1,0,1099,1099,0,1099,1099,1,1,0,0,0,,,,0,,,,,0,0,,1099-1099
priceMin=1e-7|priceMax=4611|priceTick=1e-7|lotMin=0.01|lotMax=19998638|lotStep=0.01|basePrecision=8|quotePrecision=8|quoteAssetPrecision=8,1,0,1107,1107,0,1107,1107,1,1,0,0,0,,,,0,,,,,0,0,,1107-1107
priceMin=0.0117|priceMax=0.2204|priceTick=0.0001|lotMin=0.01|lotMax=920000|lotStep=0.01|basePrecision=8|quotePrecision=8|quoteAssetPrecision=8,1,0,1108,1108,0,1108,1108,1,1,0,0,0,,,,0,,,,,0,0,,1108-1108
priceMin=0.092|priceMax=1.7479|priceTick=0.0001|lotMin=0.01|lotMax=30000|lotStep=0.01|basePrecision=8|quotePrecision=8|quoteAssetPrecision=8,1,0,1109,1109,0,1109,1109,1,1,0,0,0,,,,0,,,,,0,0,,1109-1109
priceMin=0.01|priceMax=200000|priceTick=0.01|lotMin=0.0001|lotMax=45000|lotStep=0.0001|basePrecision=8|quotePrecision=8|quoteAssetPrecision=8,1,0,1130,1130,0,1130,1130,1,1,0,0,0,,,,0,,,,,0,0,,1130-1130
priceMin=0.01|priceMax=100000|priceTick=0.01|lotMin=0.01|lotMax=90000|lotStep=0.01|basePrecision=8|quotePrecision=8|quoteAssetPrecision=8,1,0,1135,1135,0,1135,1135,1,1,0,0,0,,,,0,,,,,0,0,,1135-1135
priceMin=1|priceMax=100000|priceTick=1|lotMin=0.001|lotMax=45000|lotStep=0.001|basePrecision=8|quotePrecision=8|quoteAssetPrecision=8,1,0,1144,1144,0,1144,1144,1,1,0,0,0,,,,0,,,,,0,0,,1144-1144
priceMin=0.001|priceMax=100000|priceTick=0.001|lotMin=0.00001|lotMax=100000|lotStep=0.00001|basePrecision=8|quotePrecision=8|quoteAssetPrecision=8,1,0,1147,1147,0,1147,1147,1,1,0,0,0,,,,0,,,,,0,0,,1147-1147
priceMin=1|priceMax=10001487|priceTick=1|lotMin=0.00001|lotMax=9221|lotStep=0.00001|basePrecision=8|quotePrecision=8|quoteAssetPrecision=8,1,0,1152,1152,0,1152,1152,1,1,0,0,0,,,,0,,,,,0,0,,1152-1152
priceMin=0.001|priceMax=1000|priceTick=0.001|lotMin=0.1|lotMax=9222449|lotStep=0.1|basePrecision=8|quotePrecision=8|quoteAssetPrecision=8,1,0,1172,1172,0,1172,1172,1,1,0,0,0,,,,0,,,,,0,0,,1172-1172
priceMin=0.0597|priceMax=1.1332|priceTick=0.0001|lotMin=0.01|lotMax=920000|lotStep=0.01|basePrecision=8|quotePrecision=8|quoteAssetPrecision=8,1,0,1178,1178,0,1178,1178,1,1,0,0,0,,,,0,,,,,0,0,,1178-1178
priceMin=0.000471|priceMax=0.008934|priceTick=0.000001|lotMin=0.01|lotMax=100000000|lotStep=0.01|basePrecision=8|quotePrecision=8|quoteAssetPrecision=8,1,0,1179,1179,0,1179,1179,1,1,0,0,0,,,,0,,,,,0,0,,1179-1179
priceMin=0.1|priceMax=1000000|priceTick=0.1|lotMin=1|lotMax=90000000|lotStep=1|basePrecision=8|quotePrecision=2|quoteAssetPrecision=2,1,0,1189,1189,0,1189,1189,1,1,0,0,0,,,,0,,,,,0,0,,1189-1189
priceMin=0.00047|priceMax=0.008922|priceTick=0.000001|lotMin=0.01|lotMax=150000|lotStep=0.01|basePrecision=8|quotePrecision=8|quoteAssetPrecision=8,1,0,1199,1199,0,1199,1199,1,1,0,0,0,,,,0,,,,,0,0,,1199-1199
priceMin=3.78|priceMax=71.802|priceTick=0.001|lotMin=0.01|lotMax=19998638|lotStep=0.01|basePrecision=8|quotePrecision=8|quoteAssetPrecision=8,1,0,1200,1200,0,1200,1200,1,1,0,0,0,,,,0,,,,,0,0,,1200-1200
priceMin=0.00244|priceMax=0.04624|priceTick=0.00001|lotMin=0.01|lotMax=920000|lotStep=0.01|basePrecision=8|quotePrecision=8|quoteAssetPrecision=8,1,0,1201,1201,0,1201,1201,1,1,0,0,0,,,,0,,,,,0,0,,1201-1201
priceMin=0.431|priceMax=8.182|priceTick=0.001|lotMin=0.01|lotMax=399280174|lotStep=0.01|basePrecision=8|quotePrecision=8|quoteAssetPrecision=8,1,0,1202,1202,0,1202,1202,1,1,0,0,0,,,,0,,,,,0,0,,1202-1202
priceMin=0.01|priceMax=100000|priceTick=0.01|lotMin=0.01|lotMax=45000|lotStep=0.01|basePrecision=8|quotePrecision=8|quoteAssetPrecision=8,1,0,1203,1203,0,1203,1203,1,1,0,0,0,,,,0,,,,,0,0,,1203-1203
priceMin=0.1|priceMax=1000000|priceTick=0.1|lotMin=0.001|lotMax=90000|lotStep=0.001|basePrecision=8|quotePrecision=8|quoteAssetPrecision=8,1,0,1205,1205,0,1205,1205,1,1,0,0,0,,,,0,,,,,0,0,,1205-1205
priceMin=11981|priceMax=35943|priceTick=1|lotMin=1|lotMax=1000000|lotStep=1|basePrecision=8|quotePrecision=2|quoteAssetPrecision=2,1,0,1219,1219,0,1219,1219,1,1,0,0,0,,,,0,,,,,0,0,,1219-1219
priceMin=12003|priceMax=36010|priceTick=1|lotMin=1|lotMax=1000000|lotStep=1|basePrecision=8|quotePrecision=2|quoteAssetPrecision=2,1,0,1220,1220,0,1220,1220,1,1,0,0,0,,,,0,,,,,0,0,,1220-1220
priceMin=0.0001|priceMax=1000|priceTick=0.0001|lotMin=0.01|lotMax=9222449|lotStep=0.01|basePrecision=8|quotePrecision=8|quoteAssetPrecision=8,1,0,1243,1243,0,1243,1243,1,1,0,0,0,,,,0,,,,,0,0,,1243-1243
priceMin=0.1|priceMax=100000|priceTick=0.1|lotMin=0.001|lotMax=45000|lotStep=0.001|basePrecision=8|quotePrecision=8|quoteAssetPrecision=8,1,0,1248,1248,0,1248,1248,1,1,0,0,0,,,,0,,,,,0,0,,1248-1248
priceMin=0.6999|priceMax=1.2998|priceTick=0.0001|lotMin=0.1|lotMax=900000|lotStep=0.1|basePrecision=8|quotePrecision=8|quoteAssetPrecision=8,1,0,1251,1251,0,1251,1251,1,1,0,0,0,,,,0,,,,,0,0,,1251-1251
priceMin=0.001|priceMax=100000|priceTick=0.001|lotMin=0.01|lotMax=90000|lotStep=0.01|basePrecision=8|quotePrecision=8|quoteAssetPrecision=8,1,0,1318,1318,0,1318,1318,1,1,0,0,0,,,,0,,,,,0,0,,1318-1318
priceMin=0.00001|priceMax=1000|priceTick=0.00001|lotMin=0.01|lotMax=9222449|lotStep=0.01|basePrecision=8|quotePrecision=8|quoteAssetPrecision=8,1,0,1323,1323,0,1323,1323,1,1,0,0,0,,,,0,,,,,0,0,,1323-1323
priceMin=0.000001|priceMax=10000|priceTick=0.000001|lotMin=0.01|lotMax=9222449|lotStep=0.01|basePrecision=8|quotePrecision=8|quoteAssetPrecision=8,1,0,1341,1341,0,1341,1341,1,1,0,0,0,,,,0,,,,,0,0,,1341-1341
priceMin=0.00001|priceMax=10000|priceTick=0.00001|lotMin=0.01|lotMax=90000|lotStep=0.01|basePrecision=8|quotePrecision=8|quoteAssetPrecision=8,1,0,1349,1349,0,1349,1349,1,1,0,0,0,,,,0,,,,,0,0,,1349-1349
priceMin=0.0001|priceMax=10000|priceTick=0.0001|lotMin=0.01|lotMax=90000|lotStep=0.01|basePrecision=8|quotePrecision=8|quoteAssetPrecision=8,1,0,1350,1350,0,1350,1350,1,1,0,0,0,,,,0,,,,,0,0,,1350-1350
priceMin=0.01|priceMax=1000000|priceTick=0.01|lotMin=0.1|lotMax=90000000|lotStep=0.1|basePrecision=8|quotePrecision=2|quoteAssetPrecision=2,1,0,1374,1374,0,1374,1374,1,1,0,0,0,,,,0,,,,,0,0,,1374-1374
priceMin=0.00633|priceMax=0.120255|priceTick=0.000001|lotMin=0.01|lotMax=300000|lotStep=0.01|basePrecision=8|quotePrecision=8|quoteAssetPrecision=8,1,0,1386,1386,0,1386,1386,1,1,0,0,0,,,,0,,,,,0,0,,1386-1386
priceMin=0.000627|priceMax=0.011903|priceTick=0.000001|lotMin=0.01|lotMax=2999958|lotStep=0.01|basePrecision=8|quotePrecision=8|quoteAssetPrecision=8,1,0,1387,1387,0,1387,1387,1,1,0,0,0,,,,0,,,,,0,0,,1387-1387
priceMin=0.001|priceMax=100000|priceTick=0.001|lotMin=1|lotMax=922327|lotStep=1|basePrecision=8|quotePrecision=8|quoteAssetPrecision=8,1,0,1406,1406,0,1406,1406,1,1,0,0,0,,,,0,,,,,0,0,,1406-1406
priceMin=1|priceMax=100000|priceTick=1|lotMin=1|lotMax=922327|lotStep=1|basePrecision=8|quotePrecision=2|quoteAssetPrecision=2,1,0,1429,1429,0,1429,1429,1,1,0,0,0,,,,0,,,,,0,0,,1429-1429
priceMin=1e-8|priceMax=1000|priceTick=1e-8|lotMin=0.01|lotMax=100000|lotStep=0.01|basePrecision=8|quotePrecision=8|quoteAssetPrecision=8,1,0,1430,1430,0,1430,1430,1,1,0,0,0,,,,0,,,,,0,0,,1430-1430
priceMin=0.00001|priceMax=1000|priceTick=0.00001|lotMin=0.01|lotMax=100000|lotStep=0.01|basePrecision=8|quotePrecision=8|quoteAssetPrecision=8,1,0,1431,1431,0,1431,1431,1,1,0,0,0,,,,0,,,,,0,0,,1431-1431
priceMin=1e-7|priceMax=1000|priceTick=1e-7|lotMin=0.01|lotMax=92141570|lotStep=0.01|basePrecision=8|quotePrecision=8|quoteAssetPrecision=8,1,0,1445,1445,0,1445,1445,1,1,0,0,0,,,,0,,,,,0,0,,1445-1445
priceMin=0.00001|priceMax=1000|priceTick=0.00001|lotMin=0.01|lotMax=92141570|lotStep=0.01|basePrecision=8|quotePrecision=8|quoteAssetPrecision=8,1,0,1446,1446,0,1446,1446,1,1,0,0,0,,,,0,,,,,0,0,,1446-1446
priceMin=0.01|priceMax=10000|priceTick=0.01|lotMin=0.01|lotMax=9222440|lotStep=0.01|basePrecision=8|quotePrecision=8|quoteAssetPrecision=8,1,0,1447,1447,0,1447,1447,1,1,0,0,0,,,,0,,,,,0,0,,1447-1447
priceMin=1|priceMax=9999319|priceTick=1|lotMin=0.0001|lotMax=9220|lotStep=0.0001|basePrecision=8|quotePrecision=8|quoteAssetPrecision=8,1,0,1449,1449,0,1449,1449,1,1,0,0,0,,,,0,,,,,0,0,,1449-1449
priceMin=0.001|priceMax=10000|priceTick=0.001|lotMin=0.1|lotMax=9222440|lotStep=0.1|basePrecision=8|quotePrecision=8|quoteAssetPrecision=8,1,0,1450,1450,0,1450,1450,1,1,0,0,0,,,,0,,,,,0,0,,1450-1450
priceMin=0.01|priceMax=10000|priceTick=0.01|lotMin=0.001|lotMax=9222440|lotStep=0.001|basePrecision=8|quotePrecision=8|quoteAssetPrecision=8,1,0,1451,1451,0,1451,1451,1,1,0,0,0,,,,0,,,,,0,0,,1451-1451
priceMin=0.001|priceMax=10000|priceTick=0.001|lotMin=0.000001|lotMax=9222449|lotStep=0.000001|basePrecision=8|quotePrecision=8|quoteAssetPrecision=8,1,0,1518,1518,0,1518,1518,1,1,0,0,0,,,,0,,,,,0,0,,1518-1518
priceMin=0.01|priceMax=100000|priceTick=0.01|lotMin=1|lotMax=922327|lotStep=1|basePrecision=8|quotePrecision=8|quoteAssetPrecision=8,1,0,1519,1519,0,1519,1519,1,1,0,0,0,,,,0,,,,,0,0,,1519-1519
priceMin=0.00001|priceMax=100000|priceTick=0.00001|lotMin=0.01|lotMax=922327|lotStep=0.01|basePrecision=8|quotePrecision=8|quoteAssetPrecision=8,1,0,1555,1555,0,1555,1555,1,1,0,0,0,,,,0,,,,,0,0,,1555-1555
priceMin=1|priceMax=1000000|priceTick=1|lotMin=0.1|lotMax=92233|lotStep=0.1|basePrecision=8|quotePrecision=2|quoteAssetPrecision=2,1,0,1608,1608,0,1608,1608,1,1,0,0,0,,,,0,,,,,0,0,,1608-1608
priceMin=1|priceMax=9999998955|priceTick=1|lotMin=0.0001|lotMax=9223372|lotStep=0.0001|basePrecision=8|quotePrecision=2|quoteAssetPrecision=2,1,0,1619,1619,0,1619,1619,1,1,0,0,0,,,,0,,,,,0,0,,1619-1619
priceMin=0.01|priceMax=9999319|priceTick=0.01|lotMin=0.00001|lotMax=9223|lotStep=0.00001|basePrecision=8|quotePrecision=8|quoteAssetPrecision=8,1,0,1620,1620,0,1620,1620,1,1,0,0,0,,,,0,,,,,0,0,,1620-1620
priceMin=1|priceMax=10000000|priceTick=1|lotMin=0.01|lotMax=9223371114|lotStep=0.01|basePrecision=8|quotePrecision=2|quoteAssetPrecision=2,1,0,1630,1630,0,1630,1630,1,1,0,0,0,,,,0,,,,,0,0,,1630-1630
priceMin=0.1|priceMax=100000|priceTick=0.1|lotMin=1|lotMax=922327|lotStep=1|basePrecision=8|quotePrecision=2|quoteAssetPrecision=2,1,0,1709,1709,0,1709,1709,1,1,0,0,0,,,,0,,,,,0,0,,1709-1709
priceMin=0.000001|priceMax=10|priceTick=0.000001|lotMin=0.1|lotMax=8384883677|lotStep=0.1|basePrecision=8|quotePrecision=8|quoteAssetPrecision=8,1,0,1716,1716,0,1716,1716,1,1,0,0,0,,,,0,,,,,0,0,,1716-1716
priceMin=0.000001|priceMax=1000|priceTick=0.000001|lotMin=1|lotMax=92141578|lotStep=1|basePrecision=2|quotePrecision=8|quoteAssetPrecision=8,1,0,1727,1727,0,1727,1727,1,1,0,0,0,,,,0,,,,,0,0,,1727-1727
priceMin=0.01|priceMax=100000000|priceTick=0.01|lotMin=0.01|lotMax=922337194|lotStep=0.01|basePrecision=8|quotePrecision=2|quoteAssetPrecision=2,1,0,1728,1728,0,1728,1728,1,1,0,0,0,,,,0,,,,,0,0,,1728-1728
priceMin=0.0001|priceMax=1000|priceTick=0.0001|lotMin=1|lotMax=922327|lotStep=1|basePrecision=8|quotePrecision=8|quoteAssetPrecision=8,1,0,1729,1729,0,1729,1729,1,1,0,0,0,,,,0,,,,,0,0,,1729-1729
priceMin=0.01|priceMax=999990|priceTick=0.01|lotMin=0.01|lotMax=92230|lotStep=0.01|basePrecision=8|quotePrecision=8|quoteAssetPrecision=8,1,0,1748,1748,0,1748,1748,1,1,0,0,0,,,,0,,,,,0,0,,1748-1748
priceMin=1e-7|priceMax=1000|priceTick=1e-7|lotMin=0.0001|lotMax=92141578|lotStep=0.0001|basePrecision=8|quotePrecision=8|quoteAssetPrecision=8,1,0,1785,1785,0,1785,1785,1,1,0,0,0,,,,0,,,,,0,0,,1785-1785
priceMin=0.1|priceMax=100000|priceTick=0.1|lotMin=1|lotMax=9223362229|lotStep=1|basePrecision=8|quotePrecision=2|quoteAssetPrecision=2,1,0,1801,1801,0,1801,1801,1,1,0,0,0,,,,0,,,,,0,0,,1801-1801
priceMin=1e-8|priceMax=1.3|priceTick=1e-8|lotMin=1|lotMax=92141578|lotStep=1|basePrecision=8|quotePrecision=8|quoteAssetPrecision=8,1,0,1851,1851,0,1851,1851,1,1,0,0,0,,,,0,,,,,0,0,,1851-1851
priceMin=0.000001|priceMax=1.3|priceTick=0.000001|lotMin=1|lotMax=92141578|lotStep=1|basePrecision=8|quotePrecision=8|quoteAssetPrecision=8,1,0,1852,1852,0,1852,1852,1,1,0,0,0,,,,0,,,,,0,0,,1852-1852
priceMin=0.0001|priceMax=10000|priceTick=0.0001|lotMin=0.001|lotMax=9221525|lotStep=0.001|basePrecision=8|quotePrecision=8|quoteAssetPrecision=8,1,0,1860,1860,0,1860,1860,1,1,0,0,0,,,,0,,,,,0,0,,1860-1860
priceMin=1e-7|priceMax=10000|priceTick=1e-7|lotMin=0.01|lotMax=9222449|lotStep=0.01|basePrecision=8|quotePrecision=8|quoteAssetPrecision=8,1,0,1861,1861,0,1861,1861,1,1,0,0,0,,,,0,,,,,0,0,,1861-1861
priceMin=1|priceMax=100000000|priceTick=1|lotMin=0.001|lotMax=922337194|lotStep=0.001|basePrecision=8|quotePrecision=2|quoteAssetPrecision=2,1,0,1881,1881,0,1881,1881,1,1,0,0,0,,,,0,,,,,0,0,,1881-1881
priceMin=0.1|priceMax=92233|priceTick=0.1|lotMin=0.001|lotMax=92233|lotStep=0.001|basePrecision=8|quotePrecision=8|quoteAssetPrecision=8,1,0,1901,1901,0,1901,1901,1,1,0,0,0,,,,0,,,,,0,0,,1901-1901
priceMin=0.01|priceMax=999996|priceTick=0.01|lotMin=0.001|lotMax=92233|lotStep=0.001|basePrecision=8|quotePrecision=8|quoteAssetPrecision=8,1,0,2001,2001,0,2001,2001,1,1,0,0,0,,,,0,,,,,0,0,,2001-2001
priceMin=0.000001|priceMax=100|priceTick=0.000001|lotMin=0.001|lotMax=913205152|lotStep=0.001|basePrecision=8|quotePrecision=8|quoteAssetPrecision=8,1,0,2079,2079,0,2079,2079,1,1,0,0,0,,,,0,,,,,0,0,,2079-2079
priceMin=1e-7|priceMax=100|priceTick=1e-7|lotMin=0.001|lotMax=913205152|lotStep=0.001|basePrecision=8|quotePrecision=8|quoteAssetPrecision=8,1,0,2098,2098,0,2098,2098,1,1,0,0,0,,,,0,,,,,0,0,,2098-2098
priceMin=1|priceMax=10000000|priceTick=1|lotMin=0.00001|lotMax=9221|lotStep=0.00001|basePrecision=8|quotePrecision=8|quoteAssetPrecision=8,1,0,2144,2144,0,2144,2144,1,1,0,0,0,,,,0,,,,,0,0,,2144-2144
priceMin=0.000001|priceMax=0.1|priceTick=0.000001|lotMin=1|lotMax=92233720368|lotStep=1|basePrecision=2|quotePrecision=8|quoteAssetPrecision=8,1,0,2219,2219,0,2219,2219,1,1,0,0,0,,,,0,,,,,0,0,,2219-2219
priceMin=1|priceMax=1356378240|priceTick=1|lotMin=0.00001|lotMax=67|lotStep=0.00001|basePrecision=8|quotePrecision=8|quoteAssetPrecision=8,1,0,2226,2226,0,2226,2226,1,1,0,0,0,,,,0,,,,,0,0,,2226-2226
priceMin=0.7|priceMax=1.3|priceTick=0.0001|lotMin=0.1|lotMax=92141578|lotStep=0.1|basePrecision=8|quotePrecision=8|quoteAssetPrecision=8,1,0,2376,2376,0,2376,2376,1,1,0,0,0,,,,0,,,,,0,0,,2376-2376
priceMin=0.00001|priceMax=1|priceTick=0.00001|lotMin=0.1|lotMax=46116860414|lotStep=0.1|basePrecision=8|quotePrecision=8|quoteAssetPrecision=8,1,0,2398,2398,0,2398,2398,1,1,0,0,0,,,,0,,,,,0,0,,2398-2398
priceMin=0.000001|priceMax=1|priceTick=0.000001|lotMin=0.001|lotMax=46116860414|lotStep=0.001|basePrecision=8|quotePrecision=8|quoteAssetPrecision=8,1,0,2516,2516,0,2516,2516,1,1,0,0,0,,,,0,,,,,0,0,,2516-2516
priceMin=0.000001|priceMax=100|priceTick=0.000001|lotMin=0.01|lotMax=913205152|lotStep=0.01|basePrecision=8|quotePrecision=8|quoteAssetPrecision=8,1,0,2529,2529,0,2529,2529,1,1,0,0,0,,,,0,,,,,0,0,,2529-2529
priceMin=0.00001|priceMax=100|priceTick=0.00001|lotMin=1|lotMax=900000000|lotStep=1|basePrecision=2|quotePrecision=8|quoteAssetPrecision=8,1,0,2535,2535,0,2535,2535,1,1,0,0,0,,,,0,,,,,0,0,,2535-2535
priceMin=1e-8|priceMax=1|priceTick=1e-8|lotMin=1|lotMax=46000000000|lotStep=1|basePrecision=2|quotePrecision=8|quoteAssetPrecision=8,1,0,2536,2536,0,2536,2536,1,1,0,0,0,,,,0,,,,,0,0,,2536-2536
priceMin=1|priceMax=99928191|priceTick=1|lotMin=0.0001|lotMax=922|lotStep=0.0001|basePrecision=8|quotePrecision=8|quoteAssetPrecision=8,1,0,2552,2552,0,2552,2552,1,1,0,0,0,,,,0,,,,,0,0,,2552-2552
priceMin=16.57|priceMax=30.77|priceTick=0.01|lotMin=1|lotMax=9222449|lotStep=1|basePrecision=8|quotePrecision=8|quoteAssetPrecision=8,1,0,2585,2585,0,2585,2585,1,1,0,0,0,,,,0,,,,,0,0,,2585-2585
priceMin=0.000001|priceMax=1|priceTick=0.000001|lotMin=1|lotMax=46116860414|lotStep=1|basePrecision=2|quotePrecision=8|quoteAssetPrecision=8,1,0,2609,2609,0,2609,2609,1,1,0,0,0,,,,0,,,,,0,0,,2609-2609
priceMin=1e-8|priceMax=1|priceTick=1e-8|lotMin=1|lotMax=40000000000|lotStep=1|basePrecision=2|quotePrecision=8|quoteAssetPrecision=8,1,0,2629,2629,0,2629,2629,1,1,0,0,0,,,,0,,,,,0,0,,2629-2629
priceMin=0.0001|priceMax=100|priceTick=0.0001|lotMin=1|lotMax=900000000|lotStep=1|basePrecision=2|quotePrecision=8|quoteAssetPrecision=8,1,0,2631,2631,0,2631,2631,1,1,0,0,0,,,,0,,,,,0,0,,2631-2631
priceMin=2480|priceMax=3720|priceTick=1|lotMin=1|lotMax=922327|lotStep=1|basePrecision=8|quotePrecision=8|quoteAssetPrecision=8,1,0,2652,2652,0,2652,2652,1,1,0,0,0,,,,0,,,,,0,0,,2652-2652
priceMin=1e-7|priceMax=1|priceTick=1e-7|lotMin=0.001|lotMax=46116860414|lotStep=0.001|basePrecision=8|quotePrecision=8|quoteAssetPrecision=8,1,0,2684,2684,0,2684,2684,1,1,0,0,0,,,,0,,,,,0,0,,2684-2684
priceMin=0.8|priceMax=1.2|priceTick=0.0001|lotMin=0.1|lotMax=92141578|lotStep=0.1|basePrecision=8|quotePrecision=8|quoteAssetPrecision=8,1,0,2711,2711,0,2711,2711,1,1,0,0,0,,,,0,,,,,0,0,,2711-2711
priceMin=0.00001|priceMax=100|priceTick=0.00001|lotMin=1|lotMax=913000000|lotStep=1|basePrecision=2|quotePrecision=8|quoteAssetPrecision=8,1,0,2750,2750,0,2750,2750,1,1,0,0,0,,,,0,,,,,0,0,,2750-2750
priceMin=0.00001|priceMax=10|priceTick=0.00001|lotMin=0.01|lotMax=8384883677|lotStep=0.01|basePrecision=8|quotePrecision=8|quoteAssetPrecision=8,1,0,2853,2853,0,2853,2853,1,1,0,0,0,,,,0,,,,,0,0,,2853-2853
priceMin=1e-8|priceMax=10|priceTick=1e-8|lotMin=1|lotMax=8384883677|lotStep=1|basePrecision=8|quotePrecision=8|quoteAssetPrecision=8,1,0,2861,2861,0,2861,2861,1,1,0,0,0,,,,0,,,,,0,0,,2861-2861
priceMin=1e-8|priceMax=1|priceTick=1e-8|lotMin=0.001|lotMax=46116860414|lotStep=0.001|basePrecision=8|quotePrecision=8|quoteAssetPrecision=8,1,0,2917,2917,0,2917,2917,1,1,0,0,0,,,,0,,,,,0,0,,2917-2917
priceMin=0.000001|priceMax=10|priceTick=0.000001|lotMin=0.001|lotMax=8384883677|lotStep=0.001|basePrecision=8|quotePrecision=8|quoteAssetPrecision=8,1,0,2921,2921,0,2921,2921,1,1,0,0,0,,,,0,,,,,0,0,,2921-2921
priceMin=1|priceMax=100000|priceTick=1|lotMin=0.01|lotMax=922327|lotStep=0.01|basePrecision=8|quotePrecision=8|quoteAssetPrecision=8,1,0,2945,2945,0,2945,2945,1,1,0,0,0,,,,0,,,,,0,0,,2945-2945
priceMin=16.7|priceMax=25.1|priceTick=0.01|lotMin=1|lotMax=9222449|lotStep=1|basePrecision=8|quotePrecision=8|quoteAssetPrecision=8,1,0,3005,3005,0,3005,3005,1,1,0,0,0,,,,0,,,,,0,0,,3005-3005
priceMin=127.1|priceMax=190.6|priceTick=0.01|lotMin=0.001|lotMax=9222449|lotStep=0.001|basePrecision=8|quotePrecision=8|quoteAssetPrecision=8,1,0,3129,3129,0,3129,3129,1,1,0,0,0,,,,0,,,,,0,0,,3129-3129
priceMin=0.00001|priceMax=100|priceTick=0.00001|lotMin=1|lotMax=913205152|lotStep=1|basePrecision=2|quotePrecision=8|quoteAssetPrecision=8,1,0,3153,3153,0,3153,3153,1,1,0,0,0,,,,0,,,,,0,0,,3153-3153
priceMin=0.0001|priceMax=100|priceTick=0.0001|lotMin=1|lotMax=913205152|lotStep=1|basePrecision=2|quotePrecision=8|quoteAssetPrecision=8,1,0,3257,3257,0,3257,3257,1,1,0,0,0,,,,0,,,,,0,0,,3257-3257
priceMin=1|priceMax=100000|priceTick=1|lotMin=0.01|lotMax=922327|lotStep=0.01|basePrecision=8|quotePrecision=2|quoteAssetPrecision=2,1,0,3401,3401,0,3401,3401,1,1,0,0,0,,,,0,,,,,0,0,,3401-3401
priceMin=1|priceMax=999996|priceTick=1|lotMin=0.01|lotMax=92233|lotStep=0.01|basePrecision=8|quotePrecision=2|quoteAssetPrecision=2,1,0,3403,3403,0,3403,3403,1,1,0,0,0,,,,0,,,,,0,0,,3403-3403
priceMin=1|priceMax=899999|priceTick=1|lotMin=0.01|lotMax=102481|lotStep=0.01|basePrecision=8|quotePrecision=2|quoteAssetPrecision=2,1,0,3409,3409,0,3409,3409,1,1,0,0,0,,,,0,,,,,0,0,,3409-3409
priceMin=1|priceMax=9999999|priceTick=1|lotMin=0.01|lotMax=9223|lotStep=0.01|basePrecision=8|quotePrecision=2|quoteAssetPrecision=2,1,0,3410,3410,0,3410,3410,1,1,0,0,0,,,,0,,,,,0,0,,3410-3410
priceMin=0.1|priceMax=600|priceTick=0.1|lotMin=1|lotMax=153467088|lotStep=1|basePrecision=2|quotePrecision=2|quoteAssetPrecision=2,1,0,3411,3411,0,3411,3411,1,1,0,0,0,,,,0,,,,,0,0,,3411-3411
priceMin=0.01|priceMax=38|priceTick=0.01|lotMin=1|lotMax=2364967189|lotStep=1|basePrecision=2|quotePrecision=2|quoteAssetPrecision=2,1,0,3412,3412,0,3412,3412,1,1,0,0,0,,,,0,,,,,0,0,,3412-3412
priceMin=0.01|priceMax=40|priceTick=0.01|lotMin=1|lotMax=2249602936|lotStep=1|basePrecision=2|quotePrecision=2|quoteAssetPrecision=2,1,0,3413,3413,0,3413,3413,1,1,0,0,0,,,,0,,,,,0,0,,3413-3413
priceMin=1|priceMax=110100|priceTick=1|lotMin=0.1|lotMax=837719|lotStep=0.1|basePrecision=8|quotePrecision=2|quoteAssetPrecision=2,1,0,3414,3414,0,3414,3414,1,1,0,0,0,,,,0,,,,,0,0,,3414-3414
priceMin=1|priceMax=1451300|priceTick=1|lotMin=0.01|lotMax=63552|lotStep=0.01|basePrecision=8|quotePrecision=2|quoteAssetPrecision=2,1,0,3415,3415,0,3415,3415,1,1,0,0,0,,,,0,,,,,0,0,,3415-3415
priceMin=1|priceMax=251813150|priceTick=1|lotMin=0.001|lotMax=366|lotStep=0.001|basePrecision=8|quotePrecision=2|quoteAssetPrecision=2,1,0,3416,3416,0,3416,3416,1,1,0,0,0,,,,0,,,,,0,0,,3416-3416
priceMin=1|priceMax=496850|priceTick=1|lotMin=0.01|lotMax=185636|lotStep=0.01|basePrecision=8|quotePrecision=2|quoteAssetPrecision=2,1,0,3417,3417,0,3417,3417,1,1,0,0,0,,,,0,,,,,0,0,,3417-3417
priceMin=1|priceMax=1284900|priceTick=1|lotMin=0.01|lotMax=71782|lotStep=0.01|basePrecision=8|quotePrecision=2|quoteAssetPrecision=2,1,0,3418,3418,0,3418,3418,1,1,0,0,0,,,,0,,,,,0,0,,3418-3418
priceMin=1|priceMax=728850|priceTick=1|lotMin=0.01|lotMax=126546|lotStep=0.01|basePrecision=8|quotePrecision=2|quoteAssetPrecision=2,1,0,3419,3419,0,3419,3419,1,1,0,0,0,,,,0,,,,,0,0,,3419-3419
priceMin=1|priceMax=292950|priceTick=1|lotMin=0.01|lotMax=314843|lotStep=0.01|basePrecision=8|quotePrecision=2|quoteAssetPrecision=2,1,0,3420,3420,0,3420,3420,1,1,0,0,0,,,,0,,,,,0,0,,3420-3420
priceMin=0.1|priceMax=4855|priceTick=0.1|lotMin=1|lotMax=18993764|lotStep=1|basePrecision=8|quotePrecision=2|quoteAssetPrecision=2,1,0,3421,3421,0,3421,3421,1,1,0,0,0,,,,0,,,,,0,0,,3421-3421
priceMin=1|priceMax=173700|priceTick=1|lotMin=0.1|lotMax=530991|lotStep=0.1|basePrecision=8|quotePrecision=2|quoteAssetPrecision=2,1,0,3422,3422,0,3422,3422,1,1,0,0,0,,,,0,,,,,0,0,,3422-3422
priceMin=1|priceMax=284360|priceTick=1|lotMin=0.1|lotMax=324354|lotStep=0.1|basePrecision=8|quotePrecision=2|quoteAssetPrecision=2,1,0,3423,3423,0,3423,3423,1,1,0,0,0,,,,0,,,,,0,0,,3423-3423
priceMin=1|priceMax=368235275|priceTick=1|lotMin=0.001|lotMax=250|lotStep=0.001|basePrecision=8|quotePrecision=2|quoteAssetPrecision=2,1,0,3424,3424,0,3424,3424,1,1,0,0,0,,,,0,,,,,0,0,,3424-3424
priceMin=1|priceMax=30028768800|priceTick=1|lotMin=0.00001|lotMax=3|lotStep=0.00001|basePrecision=8|quotePrecision=2|quoteAssetPrecision=2,1,0,3425,3425,0,3425,3425,1,1,0,0,0,,,,0,,,,,0,0,,3425-3425
priceMin=1|priceMax=101400|priceTick=1|lotMin=1|lotMax=909593|lotStep=1|basePrecision=8|quotePrecision=2|quoteAssetPrecision=2,1,0,3426,3426,0,3426,3426,1,1,0,0,0,,,,0,,,,,0,0,,3426-3426
priceMin=1|priceMax=1244025250|priceTick=1|lotMin=0.0001|lotMax=74|lotStep=0.0001|basePrecision=8|quotePrecision=2|quoteAssetPrecision=2,1,0,3427,3427,0,3427,3427,1,1,0,0,0,,,,0,,,,,0,0,,3427-3427
priceMin=0.01|priceMax=100|priceTick=0.01|lotMin=1|lotMax=913205152|lotStep=1|basePrecision=2|quotePrecision=2|quoteAssetPrecision=2,1,0,3428,3428,0,3428,3428,1,1,0,0,0,,,,0,,,,,0,0,,3428-3428
priceMin=1|priceMax=428750|priceTick=1|lotMin=0.1|lotMax=215121|lotStep=0.1|basePrecision=8|quotePrecision=2|quoteAssetPrecision=2,1,0,3429,3429,0,3429,3429,1,1,0,0,0,,,,0,,,,,0,0,,3429-3429
priceMin=1|priceMax=1264450|priceTick=1|lotMin=0.01|lotMax=72943|lotStep=0.01|basePrecision=8|quotePrecision=2|quoteAssetPrecision=2,1,0,3430,3430,0,3430,3430,1,1,0,0,0,,,,0,,,,,0,0,,3430-3430
priceMin=0.01|priceMax=88496|priceTick=0.01|lotMin=0.1|lotMax=1042224|lotStep=0.1|basePrecision=8|quotePrecision=2|quoteAssetPrecision=2,1,0,3431,3431,0,3431,3431,1,1,0,0,0,,,,0,,,,,0,0,,3431-3431
priceMin=1|priceMax=1629495|priceTick=1|lotMin=0.1|lotMax=56602|lotStep=0.1|basePrecision=8|quotePrecision=2|quoteAssetPrecision=2,1,0,3432,3432,0,3432,3432,1,1,0,0,0,,,,0,,,,,0,0,,3432-3432
priceMin=13532|priceMax=20298|priceTick=1|lotMin=0.01|lotMax=50000|lotStep=0.01|basePrecision=8|quotePrecision=2|quoteAssetPrecision=2,1,0,3434,3434,0,3434,3434,1,1,0,0,0,,,,0,,,,,0,0,,3434-3434
priceMin=1|priceMax=70232220|priceTick=1|lotMin=0.0001|lotMax=1313|lotStep=0.0001|basePrecision=8|quotePrecision=2|quoteAssetPrecision=2,1,0,3435,3435,0,3435,3435,1,1,0,0,0,,,,0,,,,,0,0,,3435-3435
priceMin=368|priceMax=552|priceTick=0.1|lotMin=0.0001|lotMax=922327|lotStep=0.0001|basePrecision=8|quotePrecision=8|quoteAssetPrecision=8,1,0,3577,3577,0,3577,3577,1,1,0,0,0,,,,0,,,,,0,0,,3577-3577
priceMin=2.936|priceMax=4.404|priceTick=0.001|lotMin=0.1|lotMax=92141578|lotStep=0.1|basePrecision=8|quotePrecision=8|quoteAssetPrecision=8,1,0,3590,3590,0,3590,3590,1,1,0,0,0,,,,0,,,,,0,0,,3590-3590
priceMin=1|priceMax=9999319|priceTick=1|lotMin=0.01|lotMax=9223|lotStep=0.01|basePrecision=8|quotePrecision=2|quoteAssetPrecision=2,1,0,3619,3619,0,3619,3619,1,1,0,0,0,,,,0,,,,,0,0,,3619-3619
priceMin=0.001|priceMax=100|priceTick=0.001|lotMin=0.01|lotMax=913205152|lotStep=0.01|basePrecision=8|quotePrecision=8|quoteAssetPrecision=8,1,0,3693,3693,0,3693,3693,1,1,0,0,0,,,,0,,,,,0,0,,3693-3693
