fingerprint,catalogueCount,strategyCount,apiPositionMin,apiPositionMax,apiPositionSpan,averageApiPosition,medianApiPosition,contiguousRunCount,largestContiguousRun,positiveCount,flatCount,negativeCount,positiveRate,flatRate,negativeRate,totalNetProfit,meanNetProfit,medianNetProfit,meanPositiveProfit,meanNegativeProfit,positiveNetProfit,negativeNetProfit,strategySymbols,apiPositionRuns
priceMin=0.0001|priceMax=1000|priceTick=0.0001|lotMin=0.1|lotMax=92141578|lotStep=0.1|bidUp=1.2|bidDown=0.5|askUp=2|askDown=0.8|percentMins=5|minNotional=5|maxNotional=9000000|basePrecision=8|quotePrecision=8|quoteAssetPrecision=8,87,7,990,3683,2693,2903.0114942528735,3003,65,3,1,6,0,0.14285714285714285,0.8571428571428571,0,0.17979999999999996,0.02568571428571428,0,0.17979999999999996,,0.17979999999999996,0,ARBUSDT|SUIUSDT|WLDUSDT|JUPUSDT|ETHFIUSDT|THEUSDT|METUSDT,990-990|1665-1665|1903-1903|2106-2106|2132-2132|2151-2151|2159-2159|2167-2167|2202-2202|2206-2206|2243-2243|2255-2255|2302-2302|2357-2357|2381-2381|2397-2397|2410-2410|2418-2418|2442-2442|2453-2454|2471-2471|2485-2485|2540-2540|2569-2569|2572-2572|2583-2583|2632-2632|2651-2651|2665-2665|2801-2801|2808-2808|2829-2829|2892-2893|2937-2937|2939-2939|2947-2948|2966-2966|2973-2973|2997-2998|3003-3003|3015-3016|3065-3066|3121-3121|3161-3162|3184-3186|3196-3197|3239-3240|3242-3242|3259-3260|3262-3263|3271-3272|3366-3367|3370-3371|3375-3376|3381-3382|3388-3389|3391-3392|3444-3444|3462-3463|3472-3472|3496-3496|3554-3554|3559-3560|3567-3567|3683-3683
priceMin=0.001|priceMax=10000|priceTick=0.001|lotMin=0.01|lotMax=90000|lotStep=0.01|bidUp=1.2|bidDown=0.5|askUp=2|askDown=0.8|percentMins=5|minNotional=5|maxNotional=9000000|basePrecision=8|quotePrecision=8|quoteAssetPrecision=8,35,7,141,3539,3398,1818.7428571428572,1401,32,3,5,1,1,0.7142857142857143,0.14285714285714285,0.14285714285714285,4.476389349545711,0.6394841927922444,0.2854040668351565,1.024196170439847,-0.6445915026535254,5.120980852199235,-0.6445915026535254,NEOUSDT|LINKUSDT|ATOMUSDT|DOTUSDT|UNIUSDT|AVAXUSDT|INJUSDT,141-141|431-431|434-434|488-488|502-503|954-954|1042-1042|1052-1052|1113-1113|1116-1116|1131-1131|1215-1215|1218-1218|1228-1228|1286-1286|1328-1328|1401-1401|1959-1959|2160-2160|2314-2314|2320-2320|2322-2322|2391-2391|2411-2413|2489-2489|2938-2938|3452-3452|3454-3454|3467-3467|3514-3514|3518-3518|3539-3539
priceMin=0.00001|priceMax=1000|priceTick=0.00001|lotMin=1|lotMax=9000000|lotStep=1|bidUp=1.2|bidDown=0.5|askUp=2|askDown=0.8|percentMins=5|minNotional=5|maxNotional=9000000|basePrecision=8|quotePrecision=8|quoteAssetPrecision=8,13,7,519,3395,2876,1434.1538461538462,794,13,1,0,7,0,0,1,0,0,0,0,,,0,0,TFUELUSDT|CVCUSDT|CHZUSDT|HBARUSDT|COTIUSDT|CTSIUSDT|CHRUSDT,519-519|604-604|609-609|627-627|752-752|786-786|794-794|942-942|1186-1186|2792-2792|2818-2818|2820-2820|3395-3395
priceMin=0.01|priceMax=100000|priceTick=0.01|lotMin=0.001|lotMax=922327|lotStep=0.001|bidUp=1.1|bidDown=0.8|askUp=1.2|askDown=0.9|percentMins=5|minNotional=5|maxNotional=9000000|basePrecision=8|quotePrecision=8|quoteAssetPrecision=8,45,5,3591,3694,103,3637.5555555555557,3635,16,15,1,0,4,0.2,0,0.8,-8.391816402074612,-1.6783632804149224,-1.058746592083142,1.2046467261945655,-2.3991157820672946,1.2046467261945655,-9.596463128269178,NVDABUSDT|SPCXBUSDT|MSTRBUSDT|QQQBUSDT|SOXLBUSDT,3591-3591|3593-3593|3595-3596|3602-3605|3613-3617|3625-3626|3628-3642|3644-3644|3655-3655|3659-3663|3667-3667|3673-3674|3679-3679|3685-3686|3688-3688|3694-3694
priceMin=0.001|priceMax=1000|priceTick=0.001|lotMin=0.01|lotMax=92141578|lotStep=0.01|bidUp=1.2|bidDown=0.5|askUp=2|askDown=0.8|percentMins=5|minNotional=5|maxNotional=9000000|basePrecision=8|quotePrecision=8|quoteAssetPrecision=8,37,5,1534,3624,2090,2793.5135135135133,2694,29,4,4,0,1,0.8,0,0.2,1.7066986117857603,0.34133972235715204,0.05521301482701779,0.6254622037226711,-0.7951502031049242,2.5018488148906846,-0.7951502031049242,APTUSDT|ZROUSDT|MORPHOUSDT|ASTERUSDT|GRAMUSDT,1534-1534|1694-1694|1754-1754|1789-1789|1920-1920|1941-1941|2019-2019|2108-2108|2113-2113|2145-2145|2282-2282|2451-2451|2600-2600|2670-2671|2677-2677|2690-2690|2692-2692|2694-2694|2827-2827|2838-2838|3322-3323|3327-3328|3335-3336|3340-3341|3448-3448|3494-3494|3549-3549|3618-3618|3621-3624
priceMin=0.0001|priceMax=1000|priceTick=0.0001|lotMin=0.1|lotMax=900000|lotStep=0.1|bidUp=1.2|bidDown=0.5|askUp=2|askDown=0.8|percentMins=5|minNotional=5|maxNotional=9000000|basePrecision=8|quotePrecision=8|quoteAssetPrecision=8,20,5,296,3501,3205,1498.8,1138,19,2,1,4,0,0.2,0.8,0,0.17980000000000085,0.03596000000000017,0,0.17980000000000085,,0.17980000000000085,0,ADAUSDT|XTZUSDT|STXUSDT|RLCUSDT|LSKUSDT,296-296|486-486|621-621|639-639|652-652|692-692|718-719|1026-1026|1125-1125|1151-1151|1173-1173|1222-1222|1376-1376|2310-2310|2603-2603|2825-2825|3394-3394|3447-3447|3501-3501
priceMin=0.0001|priceMax=100|priceTick=0.0001|lotMin=0.1|lotMax=913205152|lotStep=0.1|bidUp=1.2|bidDown=0.5|askUp=2|askDown=0.8|percentMins=5|minNotional=5|maxNotional=9000000|basePrecision=8|quotePrecision=8|quoteAssetPrecision=8,58,4,2085,3691,1606,3274.155172413793,3330.5,31,2,0,4,0,0,1,0,0,0,0,,,0,0,ONDOUSDT|HOLOUSDT|AEROUSDT|MARSCOINUSDT,2085-2085|2766-2767|2811-2811|2817-2817|2961-2962|3044-3045|3048-3049|3053-3054|3080-3081|3087-3088|3098-3099|3170-3171|3173-3173|3175-3176|3232-3233|3251-3252|3330-3331|3345-3346|3350-3351|3355-3356|3405-3406|3455-3456|3519-3520|3522-3523|3534-3535|3584-3585|3587-3588|3598-3599|3609-3610|3646-3647|3690-3691
priceMin=0.0001|priceMax=10000|priceTick=0.0001|lotMin=0.1|lotMax=9222449|lotStep=0.1|bidUp=1.2|bidDown=0.5|askUp=2|askDown=0.8|percentMins=5|minNotional=5|maxNotional=9000000|basePrecision=8|quotePrecision=8|quoteAssetPrecision=8,14,4,306,3497,3191,2207.285714285714,2542,14,1,0,3,1,0,0.75,0.25,-0.08529875666074481,-0.021324689165186202,0,,-0.08529875666074481,0,-0.08529875666074481,XRPUSDT|KNCUSDT|MINAUSDT|RAYUSDT,306-306|419-419|812-812|1378-1378|1563-1563|1566-1566|2290-2290|2794-2794|2986-2986|2988-2988|3379-3379|3445-3445|3479-3479|3497-3497
priceMin=0.01|priceMax=100000|priceTick=0.01|lotMin=0.001|lotMax=90000|lotStep=0.001|bidUp=1.2|bidDown=0.5|askUp=2|askDown=0.8|percentMins=5|minNotional=5|maxNotional=9000000|basePrecision=8|quotePrecision=8|quoteAssetPrecision=8,13,4,190,3517,3327,1979.1538461538462,2309,13,1,4,0,0,1,0,0,34.44264122970805,8.610660307427013,6.302462444023119,8.610660307427013,,34.44264122970805,0,LTCUSDT|ZECUSDT|DASHUSDT|COMPUSDT,190-190|447-447|477-477|480-480|490-490|833-833|2309-2309|3169-3169|3374-3374|3451-3451|3477-3477|3515-3515|3517-3517
priceMin=0.0001|priceMax=1000|priceTick=0.0001|lotMin=1|lotMax=900000|lotStep=1|bidUp=1.2|bidDown=0.5|askUp=2|askDown=0.8|percentMins=5|minNotional=5|maxNotional=9000000|basePrecision=8|quotePrecision=8|quoteAssetPrecision=8,10,4,333,3283,2950,1266.7,892.5,10,1,0,4,0,0,1,0,0,0,0,,,0,0,IOTAUSDT|ZRXUSDT|HIVEUSDT|MANAUSDT,333-333|469-469|473-473|791-791|883-883|902-902|1257-1257|1275-1275|3001-3001|3283-3283
priceMin=0.00001|priceMax=1000|priceTick=0.00001|lotMin=0.1|lotMax=92141578|lotStep=0.1|bidUp=1.2|bidDown=0.5|askUp=2|askDown=0.8|percentMins=5|minNotional=5|maxNotional=9000000|basePrecision=8|quotePrecision=8|quoteAssetPrecision=8,60,3,1540,3438,1898,2607.5333333333333,2669,50,5,0,3,0,0,1,0,0,0,0,,,0,0,BLURUSDT|SAGAUSDT|POLUSDT,1540-1540|1640-1640|1655-1655|1681-1681|1767-1767|1928-1928|1943-1943|1957-1957|2009-2009|2148-2148|2277-2277|2364-2364|2427-2427|2436-2436|2445-2445|2452-2452|2458-2458|2460-2460|2468-2468|2475-2475|2491-2491|2502-2502|2565-2565|2576-2576|2578-2578|2584-2584|2593-2593|2621-2621|2634-2634|2662-2662|2676-2676|2716-2716|2728-2729|2732-2733|2758-2758|2782-2782|2821-2821|2824-2824|2851-2851|2887-2891|2912-2913|2983-2983|2985-2985|3006-3006|3009-3009|3064-3064|3070-3071|3148-3149|3286-3287|3438-3438
priceMin=0.00001|priceMax=100|priceTick=0.00001|lotMin=1|lotMax=913205152|lotStep=1|bidUp=1.2|bidDown=0.5|askUp=2|askDown=0.8|percentMins=5|minNotional=5|maxNotional=9000000|basePrecision=8|quotePrecision=8|quoteAssetPrecision=8,49,3,3026,3582,556,3335.4285714285716,3317,25,4,0,3,0,0,1,0,0,0,0,,,0,0,SOPHUSDT|SAHARAUSDT|CHIPUSDT,3026-3026|3035-3035|3039-3040|3075-3076|3089-3090|3104-3104|3111-3112|3122-3123|3135-3136|3154-3155|3191-3192|3269-3270|3314-3317|3473-3474|3482-3483|3491-3492|3498-3499|3508-3509|3511-3512|3530-3531|3541-3542|3552-3552|3564-3565|3569-3571|3581-3582
priceMin=0.8|priceMax=1.2|priceTick=0.0001|lotMin=1|lotMax=10000000|lotStep=1|bidUp=1.1|bidDown=0.9|askUp=1.1|askDown=0.9|percentMins=5|minNotional=5|maxNotional=9000000|basePrecision=8|quotePrecision=8|quoteAssetPrecision=8,14,3,332,3558,3226,2912.4285714285716,3307.5,12,2,0,3,0,0,1,0,0,0,0,,,0,0,FDUSDUSDT|UUSDT|RLUSDUSDT,332-332|1624-1624|2259-2259|2791-2791|3000-3000|3204-3204|3229-3229|3386-3386|3470-3471|3480-3481|3489-3489|3558-3558
priceMin=0.000001|priceMax=1000|priceTick=0.000001|lotMin=1|lotMax=92141578|lotStep=1|bidUp=1.2|bidDown=0.5|askUp=2|askDown=0.8|percentMins=5|minNotional=5|maxNotional=9000000|basePrecision=8|quotePrecision=8|quoteAssetPrecision=8,13,3,466,2850,2384,1601.7692307692307,1625,13,1,0,3,0,0,1,0,0,0,0,,,0,0,IOTXUSDT|MBLUSDT|SCUSDT,466-466|651-651|749-749|841-841|1254-1254|1385-1385|1625-1625|1749-1749|1774-1774|2297-2297|2581-2581|2601-2601|2850-2850
priceMin=0.01|priceMax=100000|priceTick=0.01|lotMin=0.001|lotMax=900000|lotStep=0.001|bidUp=1.2|bidDown=0.5|askUp=2|askDown=0.8|percentMins=5|minNotional=5|maxNotional=9000000|basePrecision=8|quotePrecision=8|quoteAssetPrecision=8,12,3,98,3537,3439,1964.5833333333333,1701,12,1,2,0,1,0.6666666666666666,0,0.3333333333333333,9.53766483000453,3.1792216100015103,4.23979032319625,4.777397346235851,-0.017129862467172297,9.554794692471702,-0.017129862467172297,BNBUSDT|DCRUSDT|AAVEUSDT,98-98|416-416|882-882|998-998|1092-1092|1145-1145|2257-2257|2721-2721|3439-3439|3485-3485|3505-3505|3537-3537
priceMin=0.00001|priceMax=1000|priceTick=0.00001|lotMin=0.1|lotMax=9000000|lotStep=0.1|bidUp=1.2|bidDown=0.5|askUp=2|askDown=0.8|percentMins=5|minNotional=5|maxNotional=9000000|basePrecision=8|quotePrecision=8|quoteAssetPrecision=8,7,3,569,3181,2612,1139.7142857142858,860,7,1,0,3,0,0,1,0,0,0,0,,,0,0,ANKRUSDT|RVNUSDT|ARPAUSDT,569-569|623-623|648-648|860-860|927-927|1170-1170|3181-3181
priceMin=0.0001|priceMax=10000|priceTick=0.0001|lotMin=0.1|lotMax=90000|lotStep=0.1|bidUp=1.2|bidDown=0.5|askUp=2|askDown=0.8|percentMins=5|minNotional=5|maxNotional=9000000|basePrecision=8|quotePrecision=8|quoteAssetPrecision=8,5,3,494,3306,2812,1658.2,849,5,1,0,3,0,0,1,0,0,0,0,,,0,0,THETAUSDT|BANDUSDT|SNXUSDT,494-494|612-612|849-849|3030-3030|3306-3306
priceMin=0.01|priceMax=1000000|priceTick=0.01|lotMin=0.0001|lotMax=9000|lotStep=0.0001|bidUp=1.1|bidDown=0.8|askUp=1.2|askDown=0.9|percentMins=5|minNotional=5|maxNotional=9000000|basePrecision=8|quotePrecision=8|quoteAssetPrecision=8,8,2,968,3573,2605,3155.875,3530,6,3,0,0,2,0,0,1,-1.2714288459844343,-0.6357144229922171,-0.6357144229922171,,-0.6357144229922171,0,-1.2714288459844343,PAXGUSDT|XAUTUSDT,968-968|3060-3060|3495-3495|3516-3516|3544-3546|3573-3573
priceMin=0.0001|priceMax=1000|priceTick=0.0001|lotMin=0.1|lotMax=9000000|lotStep=0.1|bidUp=1.2|bidDown=0.5|askUp=2|askDown=0.8|percentMins=5|minNotional=5|maxNotional=9000000|basePrecision=8|quotePrecision=8|quoteAssetPrecision=8,7,2,350,3551,3201,2052.8571428571427,2532,7,1,0,2,0,0,1,0,0,0,0,,,0,0,TRXUSDT|FETUSDT,350-350|449-449|472-472|2532-2532|3488-3488|3528-3528|3551-3551
priceMin=0.00001|priceMax=1000|priceTick=0.00001|lotMin=0.1|lotMax=900000|lotStep=0.1|bidUp=1.2|bidDown=0.5|askUp=2|askDown=0.8|percentMins=5|minNotional=5|maxNotional=9000000|basePrecision=8|quotePrecision=8|quoteAssetPrecision=8,7,2,353,3561,3208,1498.4285714285713,1121,7,1,0,2,0,0,1,0,0,0,0,,,0,0,ENJUSDT|KAVAUSDT,353-353|495-495|642-642|1121-1121|1232-1232|3085-3085|3561-3561
priceMin=0.00001|priceMax=1000|priceTick=0.00001|lotMin=1|lotMax=900000|lotStep=1|bidUp=1.2|bidDown=0.5|askUp=2|askDown=0.8|percentMins=5|minNotional=5|maxNotional=9000000|basePrecision=8|quotePrecision=8|quoteAssetPrecision=8,6,2,348,3180,2832,1079.1666666666667,635.5,6,1,1,1,0,0.5,0.5,0,1.2586000000000033,0.6293000000000016,0.6293000000000016,1.2586000000000033,,1.2586000000000033,0,ONGUSDT|OGNUSDT,348-348|464-464|574-574|697-697|1212-1212|3180-3180
priceMin=0.000001|priceMax=1000|priceTick=0.000001|lotMin=0.1|lotMax=9000000|lotStep=0.1|bidUp=1.2|bidDown=0.5|askUp=2|askDown=0.8|percentMins=5|minNotional=5|maxNotional=9000000|basePrecision=8|quotePrecision=8|quoteAssetPrecision=8,6,2,377,3037,2660,1365.3333333333333,744.5,6,1,0,2,0,0,1,0,0,0,0,,,0,0,ZILUSDT|ONEUSDT,377-377|467-467|525-525|964-964|2822-2822|3037-3037
priceMin=0.001|priceMax=1000|priceTick=0.001|lotMin=0.1|lotMax=900000|lotStep=0.1|bidUp=1.2|bidDown=0.5|askUp=2|askDown=0.8|percentMins=5|minNotional=5|maxNotional=9000000|basePrecision=8|quotePrecision=8|quoteAssetPrecision=8,6,2,588,3527,2939,2205.6666666666665,2248,5,2,0,1,1,0,0.5,0.5,-0.060666223090151794,-0.030333111545075897,-0.030333111545075897,,-0.060666223090151794,0,-0.060666223090151794,MTLUSDT|NEARUSDT,588-588|1097-1097|1971-1971|2525-2525|3526-3527
priceMin=0.8|priceMax=1.2|priceTick=0.00001|lotMin=1|lotMax=10000000|lotStep=1|bidUp=1.1|bidDown=0.9|askUp=1.1|askDown=0.9|percentMins=5|minNotional=5|maxNotional=9000000|basePrecision=8|quotePrecision=8|quoteAssetPrecision=8,5,2,422,3669,3247,2799.2,3397,4,2,0,2,0,0,1,0,0,0,0,,,0,0,USDCUSDT|USD1USDT,422-422|3110-3110|3397-3398|3669-3669
priceMin=0.000001|priceMax=1000|priceTick=0.000001|lotMin=1|lotMax=92141578|lotStep=1|bidUp=1.2|bidDown=0.5|askUp=2|askDown=0.8|percentMins=5|minNotional=1|maxNotional=9000000|basePrecision=8|quotePrecision=8|quoteAssetPrecision=8,3,2,858,2868,2010,2195.3333333333335,2860,3,1,0,2,0,0,1,0,0,0,0,,,0,0,VTHOUSDT|PENGUUSDT,858-858|2860-2860|2868-2868
priceMin=0.00001|priceMax=100|priceTick=0.00001|lotMin=0.1|lotMax=913205152|lotStep=0.1|bidUp=1.2|bidDown=0.5|askUp=2|askDown=0.8|percentMins=5|minNotional=5|maxNotional=9000000|basePrecision=8|quotePrecision=8|quoteAssetPrecision=8,38,1,2768,3612,844,3178.6315789473683,3173.5,23,2,0,1,0,0,1,0,0,0,0,,,0,0,XPLUSDT,2768-2768|2810-2810|2869-2869|2873-2873|2897-2897|2900-2901|2967-2968|2992-2993|3058-3059|3091-3092|3105-3106|3130-3131|3216-3217|3221-3222|3289-3290|3294-3295|3299-3300|3302-3302|3307-3308|3568-3568|3574-3575|3578-3578|3611-3612
priceMin=0.0001|priceMax=1000|priceTick=0.0001|lotMin=0.01|lotMax=92141578|lotStep=0.01|bidUp=1.2|bidDown=0.5|askUp=2|askDown=0.8|percentMins=5|minNotional=5|maxNotional=9000000|basePrecision=8|quotePrecision=8|quoteAssetPrecision=8,33,1,958,3550,2592,2567.939393939394,2582,30,2,0,1,0,0,1,0,0,0,0,,,0,0,ENAUSDT,958-958|1810-1810|1855-1855|1877-1877|1906-1906|1966-1966|2035-2035|2057-2057|2118-2118|2326-2326|2415-2415|2424-2424|2443-2443|2498-2498|2556-2556|2558-2558|2582-2582|2646-2646|2752-2753|2762-2762|2802-2802|2804-2804|2928-2929|2978-2978|3031-3031|3140-3140|3276-3277|3281-3281|3449-3449|3550-3550
priceMin=0.01|priceMax=10000|priceTick=0.01|lotMin=0.01|lotMax=9222449|lotStep=0.01|bidUp=1.1|bidDown=0.8|askUp=1.2|askDown=0.9|percentMins=5|minNotional=5|maxNotional=9000000|basePrecision=8|quotePrecision=8|quoteAssetPrecision=8,25,1,3592,3695,103,3659.84,3658,14,6,1,0,0,1,0,0,0.9445948222780676,0.9445948222780676,0.9445948222780676,0.9445948222780676,,0.9445948222780676,0,CRCLBUSDT,3592-3592|3627-3627|3643-3643|3645-3645|3649-3654|3656-3658|3664-3664|3666-3666|3668-3668|3671-3672|3675-3678|3680-3680|3687-3687|3695-3695
priceMin=0.01|priceMax=1000000|priceTick=0.01|lotMin=0.00001|lotMax=9000|lotStep=0.00001|bidUp=1.2|bidDown=0.5|askUp=2|askDown=0.8|percentMins=5|minNotional=5|maxNotional=9000000|basePrecision=8|quotePrecision=8|quoteAssetPrecision=8,9,1,11,3556,3545,2164.6666666666665,2265,8,2,1,0,0,1,0,0,5.414565649921552,5.414565649921552,5.414565649921552,5.414565649921552,,5.414565649921552,0,BTCUSDT,11-11|417-417|689-689|2195-2195|2265-2265|3436-3437|3476-3476|3556-3556
priceMin=0.01|priceMax=10000|priceTick=0.01|lotMin=0.001|lotMax=90000|lotStep=0.001|bidUp=1.2|bidDown=0.5|askUp=2|askDown=0.8|percentMins=5|minNotional=5|maxNotional=9000000|basePrecision=8|quotePrecision=8|quoteAssetPrecision=8,8,1,779,3507,2728,2343.875,2457,8,1,1,0,0,1,0,0,4.087759926981848,4.087759926981848,4.087759926981848,4.087759926981848,,4.087759926981848,0,SOLUSDT,779-779|976-976|1647-1647|2287-2287|2627-2627|3441-3441|3487-3487|3507-3507
priceMin=0.001|priceMax=10000|priceTick=0.001|lotMin=0.1|lotMax=90000|lotStep=0.1|bidUp=1.2|bidDown=0.5|askUp=2|askDown=0.8|percentMins=5|minNotional=5|maxNotional=9000000|basePrecision=8|quotePrecision=8|quoteAssetPrecision=8,8,1,279,3215,2936,1482.125,1228,8,1,1,0,0,1,0,0,0.17980000000000085,0.17980000000000085,0.17980000000000085,0.17980000000000085,,0.17980000000000085,0,QTUMUSDT,279-279|1007-1007|1010-1010|1226-1226|1230-1230|1298-1298|2592-2592|3215-3215
priceMin=1e-8|priceMax=0.1|priceTick=1e-8|lotMin=1|lotMax=92233720368|lotStep=1|bidUp=1.2|bidDown=0.5|askUp=2|askDown=0.8|percentMins=5|minNotional=1|maxNotional=9000000|basePrecision=2|quotePrecision=8|quoteAssetPrecision=8,8,1,2210,3503,1293,2699.625,2531.5,8,1,0,1,0,0,1,0,0,0,0,,,0,0,PEPEUSDT,2210-2210|2212-2212|2501-2501|2512-2512|2551-2551|2639-2639|3469-3469|3503-3503
priceMin=0.01|priceMax=1000000|priceTick=0.01|lotMin=0.0001|lotMax=9000|lotStep=0.0001|bidUp=1.2|bidDown=0.5|askUp=2|askDown=0.8|percentMins=5|minNotional=5|maxNotional=9000000|basePrecision=8|quotePrecision=8|quoteAssetPrecision=8,7,1,12,3557,3545,2384.1428571428573,3440,7,1,1,0,0,1,0,0,3.237304214147783,3.237304214147783,3.237304214147783,3.237304214147783,,3.237304214147783,0,ETHUSDT,12-12|418-418|2266-2266|3440-3440|3490-3490|3506-3506|3557-3557
priceMin=0.0001|priceMax=10000|priceTick=0.0001|lotMin=0.01|lotMax=9222449|lotStep=0.01|bidUp=1.2|bidDown=0.5|askUp=2|askDown=0.8|percentMins=5|minNotional=5|maxNotional=9000000|basePrecision=8|quotePrecision=8|quoteAssetPrecision=8,6,1,1105,2678,1573,2281.5,2473,6,1,0,1,0,0,1,0,0,0,0,,,0,0,FILUSDT,1105-1105|2306-2306|2464-2464|2482-2482|2654-2654|2678-2678
priceMin=0.1|priceMax=100000|priceTick=0.1|lotMin=0.001|lotMax=90000|lotStep=0.001|bidUp=1.2|bidDown=0.5|askUp=2|askDown=0.8|percentMins=5|minNotional=5|maxNotional=9000000|basePrecision=8|quotePrecision=8|quoteAssetPrecision=8,6,1,661,3525,2864,1967.3333333333333,1751.5,5,2,0,0,1,0,0,1,-2.1195238795901137,-2.1195238795901137,-2.1195238795901137,,-2.1195238795901137,0,-2.1195238795901137,BCHUSDT,661-662|1187-1187|2316-2316|3453-3453|3525-3525
priceMin=0.0001|priceMax=1000|priceTick=0.0001|lotMin=1|lotMax=9000000|lotStep=1|bidUp=1.2|bidDown=0.5|askUp=2|askDown=0.8|percentMins=5|minNotional=5|maxNotional=9000000|basePrecision=8|quotePrecision=8|quoteAssetPrecision=8,5,1,334,3601,3267,1832.6,1207,4,2,0,1,0,0,1,0,0,0,0,,,0,0,XLMUSDT,334-334|421-421|1207-1207|3600-3601
priceMin=0.00001|priceMax=1000|priceTick=0.00001|lotMin=1|lotMax=9000000|lotStep=1|bidUp=1.2|bidDown=0.5|askUp=2|askDown=0.8|percentMins=5|minNotional=1|maxNotional=9000000|basePrecision=8|quotePrecision=8|quoteAssetPrecision=8,5,1,558,3502,2944,1634.6,1262,5,1,0,1,0,0,1,0,0,0,0,,,0,0,DOGEUSDT,558-558|560-560|1262-1262|2291-2291|3502-3502
priceMin=0.0001|priceMax=100|priceTick=0.0001|lotMin=0.1|lotMax=913205152|lotStep=0.1|bidUp=1.2|bidDown=0.5|askUp=2|askDown=0.8|percentMins=5|minNotional=5|maxNotional=9000000|basePrecision=2|quotePrecision=8|quoteAssetPrecision=8,5,1,3226,3540,314,3323.6,3238,4,2,0,1,0,0,1,0,0,0,0,,,0,0,WLFIUSDT,3226-3227|3238-3238|3387-3387|3540-3540
priceMin=0.1|priceMax=100000|priceTick=0.1|lotMin=0.0001|lotMax=922327|lotStep=0.0001|bidUp=1.2|bidDown=0.5|askUp=2|askDown=0.8|percentMins=5|minNotional=5|maxNotional=9000000|basePrecision=8|quotePrecision=8|quoteAssetPrecision=8,5,1,2587,3538,951,3002.4,2795,4,2,0,0,1,0,0,1,-1.3859942816413302,-1.3859942816413302,-1.3859942816413302,,-1.3859942816413302,0,-1.3859942816413302,TAOUSDT,2587-2588|2795-2795|3504-3504|3538-3538
priceMin=0.001|priceMax=100000|priceTick=0.001|lotMin=0.01|lotMax=900000|lotStep=0.01|bidUp=1.2|bidDown=0.5|askUp=2|askDown=0.8|percentMins=5|minNotional=5|maxNotional=9000000|basePrecision=8|quotePrecision=8|quoteAssetPrecision=8,4,1,842,3038,2196,1964.75,1989.5,4,1,1,0,0,1,0,0,1.0768324804883163,1.0768324804883163,1.0768324804883163,1.0768324804883163,,1.0768324804883163,0,ZENUSDT,842-842|1002-1002|2977-2977|3038-3038
priceMin=0.9|priceMax=1.4|priceTick=0.0001|lotMin=0.1|lotMax=6000000|lotStep=0.1|bidUp=1.1|bidDown=0.8|askUp=1.2|askDown=0.9|percentMins=5|minNotional=5|maxNotional=9000000|basePrecision=8|quotePrecision=8|quoteAssetPrecision=8,4,1,694,2982,2288,2230.5,2623,4,1,0,1,0,0,1,0,0,0,0,,,0,0,EURUSDT,694-694|2534-2534|2712-2712|2982-2982
priceMin=0.000001|priceMax=1000|priceTick=0.000001|lotMin=0.1|lotMax=92141578|lotStep=0.1|bidUp=1.2|bidDown=0.5|askUp=2|askDown=0.8|percentMins=5|minNotional=5|maxNotional=9000000|basePrecision=8|quotePrecision=8|quoteAssetPrecision=8,4,1,1880,2640,760,2270.75,2281.5,4,1,0,1,0,0,1,0,0,0,0,,,0,0,REZUSDT,1880-1880|1950-1950|2613-2613|2640-2640
priceMin=0.01|priceMax=10000|priceTick=0.01|lotMin=0.01|lotMax=90000|lotStep=0.01|bidUp=1.2|bidDown=0.5|askUp=2|askDown=0.8|percentMins=5|minNotional=5|maxNotional=9000000|basePrecision=8|quotePrecision=8|quoteAssetPrecision=8,4,1,351,2441,2090,1062,728,4,1,0,0,1,0,0,1,-2.914877561018076,-2.914877561018076,-2.914877561018076,,-2.914877561018076,0,-2.914877561018076,ETCUSDT,351-351|506-506|950-950|2441-2441
priceMin=0.0001|priceMax=10000|priceTick=0.0001|lotMin=0.1|lotMax=922327|lotStep=0.1|bidUp=1.2|bidDown=0.5|askUp=2|askDown=0.8|percentMins=5|minNotional=5|maxNotional=9000000|basePrecision=8|quotePrecision=8|quoteAssetPrecision=8,3,1,939,2635,1696,1526.6666666666667,1006,3,1,1,0,0,1,0,0,0.17980000000000174,0.17980000000000174,0.17980000000000174,0.17980000000000174,,0.17980000000000174,0,CRVUSDT,939-939|1006-1006|2635-2635
priceMin=0.000001|priceMax=100|priceTick=0.000001|lotMin=1|lotMax=913205152|lotStep=1|bidUp=1.2|bidDown=0.5|askUp=2|askDown=0.8|percentMins=5|minNotional=5|maxNotional=9000000|basePrecision=2|quotePrecision=8|quoteAssetPrecision=8,3,1,3256,3684,428,3399.3333333333335,3258,3,1,0,1,0,0,1,0,0,0,0,,,0,0,PUMPUSDT,3256-3256|3258-3258|3684-3684
priceMin=0.001|priceMax=10000|priceTick=0.001|lotMin=0.001|lotMax=9222449|lotStep=0.001|bidUp=1.2|bidDown=0.5|askUp=2|askDown=0.8|percentMins=5|minNotional=1|maxNotional=9000000|basePrecision=8|quotePrecision=8|quoteAssetPrecision=8,3,1,2908,2940,32,2919,2909,2,2,0,0,1,0,0,1,-0.15924542743538672,-0.15924542743538672,-0.15924542743538672,,-0.15924542743538672,0,-0.15924542743538672,TRUMPUSDT,2908-2909|2940-2940
priceMin=0.01|priceMax=999996|priceTick=0.01|lotMin=0.0001|lotMax=92233|lotStep=0.0001|bidUp=1.1|bidDown=0.8|askUp=1.2|askDown=0.9|percentMins=5|minNotional=5|maxNotional=9000000|basePrecision=8|quotePrecision=8|quoteAssetPrecision=8,3,1,3594,3670,76,3643,3665,3,1,0,0,1,0,0,1,-2.7366554408728145,-2.7366554408728145,-2.7366554408728145,,-2.7366554408728145,0,-2.7366554408728145,SNDKBUSDT,3594-3594|3665-3665|3670-3670
priceMin=0.0001|priceMax=100000|priceTick=0.0001|lotMin=1|lotMax=922327|lotStep=1|bidUp=1.2|bidDown=0.5|askUp=2|askDown=0.8|percentMins=5|minNotional=5|maxNotional=9000000|basePrecision=8|quotePrecision=8|quoteAssetPrecision=8,2,1,541,544,3,542.5,542.5,2,1,0,1,0,0,1,0,0,0,0,,,0,0,ALGOUSDT,541-541|544-544
priceMin=0.0001|priceMax=1000|priceTick=0.0001|lotMin=1|lotMax=9222449|lotStep=1|bidUp=1.2|bidDown=0.5|askUp=2|askDown=0.8|percentMins=5|minNotional=5|maxNotional=9000000|basePrecision=8|quotePrecision=8|quoteAssetPrecision=8,2,1,563,1234,671,898.5,898.5,2,1,0,1,0,0,1,0,0,0,0,,,0,0,DUSKUSDT,563-563|1234-1234
priceMin=1e-8|priceMax=100|priceTick=1e-8|lotMin=1|lotMax=913205152|lotStep=1|bidUp=1.2|bidDown=0.5|askUp=2|askDown=0.8|percentMins=5|minNotional=5|maxNotional=9000000|basePrecision=8|quotePrecision=8|quoteAssetPrecision=8,2,1,577,1382,805,979.5,979.5,2,1,0,1,0,0,1,0,0,0,0,,,0,0,WINUSDT,577-577|1382-1382
priceMin=0.001|priceMax=100000|priceTick=0.001|lotMin=0.01|lotMax=922327|lotStep=0.01|bidUp=1.2|bidDown=0.5|askUp=2|askDown=0.8|percentMins=5|minNotional=5|maxNotional=9000000|basePrecision=8|quotePrecision=8|quoteAssetPrecision=8,2,1,1424,2604,1180,2014,2014,2,1,0,1,0,0,1,0,0,0,0,,,0,0,ICPUSDT,1424-1424|2604-2604
priceMin=0.00001|priceMax=10|priceTick=0.00001|lotMin=1|lotMax=8080000000|lotStep=1|bidUp=1.2|bidDown=0.5|askUp=2|askDown=0.8|percentMins=5|minNotional=1|maxNotional=9000000|basePrecision=8|quotePrecision=8|quoteAssetPrecision=8,2,1,3020,3022,2,3021,3021,2,1,0,1,0,0,1,0,0,0,0,,,0,0,TUTUSDT,3020-3020|3022-3022
priceMin=0.00001|priceMax=100|priceTick=0.00001|lotMin=1|lotMax=913205152|lotStep=1|bidUp=1.2|bidDown=0.5|askUp=2|askDown=0.8|percentMins=5|minNotional=1|maxNotional=9000000|basePrecision=8|quotePrecision=8|quoteAssetPrecision=8,2,1,3696,3697,1,3696.5,3696.5,1,2,0,1,0,0,1,0,0,0,0,,,0,0,牛来USDT,3696-3697
priceMin=1|priceMax=1000000|priceTick=1|lotMin=0.00001|lotMax=9000|lotStep=0.00001|bidUp=1.2|bidDown=0.5|askUp=2|askDown=0.8|percentMins=5|minNotional=5|maxNotional=9000000|basePrecision=8|quotePrecision=8|quoteAssetPrecision=8,1,1,912,912,0,912,912,1,1,1,0,0,1,0,0,10.855240665586129,10.855240665586129,10.855240665586129,10.855240665586129,,10.855240665586129,0,YFIUSDT,912-912
priceMin=0.000001|priceMax=1000|priceTick=0.000001|lotMin=1|lotMax=9000000|lotStep=1|bidUp=1.2|bidDown=0.5|askUp=2|askDown=0.8|percentMins=5|minNotional=5|maxNotional=9000000|basePrecision=8|quotePrecision=8|quoteAssetPrecision=8,1,1,481,481,0,481,481,1,1,0,1,0,0,1,0,0,0,0,,,0,0,IOSTUSDT,481-481
priceMin=0.000001|priceMax=10000|priceTick=0.000001|lotMin=0.1|lotMax=9222449|lotStep=0.1|bidUp=1.2|bidDown=0.5|askUp=2|askDown=0.8|percentMins=5|minNotional=5|maxNotional=9000000|basePrecision=8|quotePrecision=8|quoteAssetPrecision=8,1,1,484,484,0,484,484,1,1,0,1,0,0,1,0,0,0,0,,,0,0,CELRUSDT,484-484
priceMin=1e-8|priceMax=1000|priceTick=1e-8|lotMin=1|lotMax=90000000|lotStep=1|bidUp=5|bidDown=0.2|askUp=5|askDown=0.2|percentMins=5|minNotional=0.0001|maxNotional=9000000|basePrecision=8|quotePrecision=8|quoteAssetPrecision=8,126,0,24,1383,1359,476.35714285714283,310,125,2,0,0,0,,,,0,,,,,0,0,,24-24|27-27|29-29|31-31|33-33|37-37|39-39|46-46|50-50|54-54|57-57|60-60|62-62|64-64|68-68|72-73|76-76|80-80|85-85|102-102|107-107|110-110|112-112|119-119|121-121|130-130|133-133|137-137|139-139|145-145|148-148|157-157|175-175|181-181|184-184|186-186|197-197|203-203|206-206|208-208|213-213|217-217|219-219|221-221|229-229|232-232|237-237|241-241|243-243|251-251|254-254|257-257|260-260|266-266|269-269|280-280|286-286|288-288|294-294|300-300|303-303|307-307|313-313|325-325|335-335|337-337|339-339|342-342|346-346|361-361|379-379|381-381|383-383|388-388|390-390|394-394|398-398|410-410|483-483|524-524|530-530|568-568|576-576|580-580|586-586|594-594|629-629|657-657|677-677|699-699|710-710|722-722|763-763|793-793|806-806|808-808|819-819|826-826|865-865|872-872|890-890|945-945|959-959|962-962|982-982|1043-1043|1060-1060|1074-1074|1081-1081|1114-1114|1132-1132|1141-1141|1159-1159|1233-1233|1242-1242|1252-1252|1255-1255|1273-1273|1307-1307|1312-1312|1322-1322|1340-1340|1351-1351|1367-1367|1383-1383
priceMin=1e-8|priceMax=1000|priceTick=1e-8|lotMin=1|lotMax=90000000|lotStep=1|bidUp=5|bidDown=0.2|askUp=5|askDown=0.2|percentMins=5|minNotional=0.005|maxNotional=9000000|basePrecision=8|quotePrecision=8|quoteAssetPrecision=8,52,0,15,1176,1161,241.05769230769232,201,52,1,0,0,0,,,,0,,,,,0,0,,15-15|32-32|40-40|55-55|61-61|79-79|81-81|89-89|103-103|108-108|111-111|120-120|122-122|131-131|134-134|138-138|144-144|149-149|158-158|160-160|176-176|182-182|185-185|187-187|193-193|198-198|204-204|214-214|244-244|255-255|261-261|267-267|276-276|281-281|287-287|291-291|295-295|301-301|304-304|308-308|315-315|340-340|347-347|357-357|360-360|365-365|370-370|380-380|384-384|393-393|809-809|1176-1176
priceMin=0.01|priceMax=10000|priceTick=0.01|lotMin=0.1|lotMax=9222449|lotStep=0.1|bidUp=1.3|bidDown=0.5|askUp=2|askDown=0.7|percentMins=5|minNotional=10|maxNotional=90000000|basePrecision=8|quotePrecision=8|quoteAssetPrecision=8,43,0,1304,3648,2344,2932.9767441860463,3119,43,1,0,0,0,,,,0,,,,,0,0,,1304-1304|1725-1725|2156-2156|2172-2172|2187-2187|2207-2207|2225-2225|2261-2261|2383-2383|2543-2543|2546-2546|2574-2574|2594-2594|2772-2772|2775-2775|2874-2874|2877-2877|2965-2965|2975-2975|3069-3069|3102-3102|3119-3119|3165-3165|3174-3174|3189-3189|3200-3200|3236-3236|3261-3261|3266-3266|3274-3274|3334-3334|3349-3349|3354-3354|3359-3359|3373-3373|3384-3384|3393-3393|3458-3458|3524-3524|3586-3586|3589-3589|3597-3597|3648-3648
priceMin=0.000001|priceMax=1000|priceTick=0.000001|lotMin=1|lotMax=9000000|lotStep=1|bidUp=5|bidDown=0.2|askUp=5|askDown=0.2|percentMins=5|minNotional=0.05|maxNotional=9000000|basePrecision=8|quotePrecision=8|quoteAssetPrecision=8,38,0,100,1080,980,380.7894736842105,292.5,37,2,0,0,0,,,,0,,,,,0,0,,100-100|109-109|117-117|123-123|129-129|132-132|150-150|170-170|177-177|199-199|202-202|210-210|223-223|231-231|262-262|268-268|274-274|282-282|292-293|305-305|309-309|327-327|341-341|371-371|382-382|385-385|411-411|585-585|628-628|656-656|676-676|695-695|721-721|762-762|864-864|1029-1029|1080-1080
priceMin=0.0001|priceMax=1000|priceTick=0.0001|lotMin=0.1|lotMax=92141578|lotStep=0.1|bidUp=5|bidDown=0.2|askUp=5|askDown=0.2|percentMins=5|minNotional=5|maxNotional=9000000|basePrecision=8|quotePrecision=8|quoteAssetPrecision=8,38,0,1437,3199,1762,2385.6052631578946,2424.5,36,2,0,0,0,,,,0,,,,,0,0,,1437-1437|1455-1455|1574-1574|1610-1610|1661-1661|1765-1765|1823-1823|1896-1896|1956-1956|1977-1977|1998-1998|2014-2014|2135-2135|2203-2203|2221-2221|2235-2235|2284-2284|2366-2366|2420-2420|2429-2430|2457-2457|2476-2476|2573-2573|2667-2667|2719-2720|2799-2799|2831-2831|2839-2839|2865-2865|3008-3008|3068-3068|3073-3073|3118-3118|3164-3164|3188-3188|3199-3199
priceMin=0.0001|priceMax=1000|priceTick=0.0001|lotMin=0.01|lotMax=900000|lotStep=0.01|bidUp=5|bidDown=0.2|askUp=5|askDown=0.2|percentMins=5|minNotional=10|maxNotional=9000000|basePrecision=8|quotePrecision=8|quoteAssetPrecision=8,37,0,358,914,556,552.4594594594595,511,21,4,0,0,0,,,,0,,,,,0,0,,358-358|407-408|414-414|428-430|433-433|436-438|453-453|455-458|509-511|542-543|545-546|564-566|573-573|582-582|592-592|624-624|742-742|744-745|873-874|880-880|914-914
priceMin=0.00001|priceMax=1000|priceTick=0.00001|lotMin=0.1|lotMax=9000000|lotStep=0.1|bidUp=5|bidDown=0.2|askUp=5|askDown=0.2|percentMins=5|minNotional=10|maxNotional=9000000|basePrecision=8|quotePrecision=8|quoteAssetPrecision=8,37,0,409,2125,1716,749.1081081081081,549,29,4,0,0,0,,,,0,,,,,0,0,,409-409|415-415|424-424|448-448|485-485|496-496|514-514|516-516|526-528|532-533|536-538|547-550|595-595|675-675|717-717|741-741|774-774|800-800|804-804|827-827|866-866|926-926|960-960|1117-1117|1160-1160|1169-1169|1293-1293|2010-2010|2125-2125
priceMin=1e-8|priceMax=1000|priceTick=1e-8|lotMin=1|lotMax=90000000|lotStep=1|bidUp=2|bidDown=0.5|askUp=2|askDown=0.5|percentMins=5|minNotional=0.0001|maxNotional=9000000|basePrecision=8|quotePrecision=8|quoteAssetPrecision=8,35,0,21,1357,1336,597.4857142857143,540,35,1,0,0,0,,,,0,,,,,0,0,,21-21|42-42|78-78|96-96|127-127|161-161|168-168|178-178|200-200|239-239|245-245|283-283|290-290|369-369|375-375|463-463|518-518|540-540|562-562|608-608|647-647|696-696|751-751|785-785|790-790|925-925|941-941|1045-1045|1168-1168|1184-1184|1195-1195|1210-1210|1301-1301|1354-1354|1357-1357
priceMin=0.001|priceMax=10000|priceTick=0.001|lotMin=0.1|lotMax=9222449|lotStep=0.1|bidUp=1.3|bidDown=0.5|askUp=2|askDown=0.7|percentMins=5|minNotional=10|maxNotional=90000000|basePrecision=8|quotePrecision=8|quoteAssetPrecision=8,35,0,1746,3464,1718,2865.457142857143,2899,35,1,0,0,0,,,,0,,,,,0,0,,1746-1746|1815-1815|2365-2365|2390-2390|2392-2392|2400-2400|2462-2462|2579-2579|2664-2664|2731-2731|2740-2740|2765-2765|2773-2773|2800-2800|2844-2844|2866-2866|2872-2872|2899-2899|2910-2910|2951-2951|3010-3010|3055-3055|3074-3074|3084-3084|3097-3097|3109-3109|3152-3152|3243-3243|3293-3293|3298-3298|3311-3311|3369-3369|3378-3378|3390-3390|3464-3464
priceMin=0.00001|priceMax=1000|priceTick=0.00001|lotMin=0.1|lotMax=9000000|lotStep=0.1|bidUp=5|bidDown=0.2|askUp=5|askDown=0.2|percentMins=5|minNotional=0.05|maxNotional=9000000|basePrecision=8|quotePrecision=8|quoteAssetPrecision=8,32,0,106,1161,1055,447.03125,353.5,31,2,0,0,0,,,,0,,,,,0,0,,106-106|114-114|156-156|212-212|215-216|228-228|236-236|247-247|250-250|253-253|259-259|278-278|316-316|322-322|344-344|363-363|391-391|397-397|462-462|468-468|492-492|561-561|589-589|610-610|616-616|743-743|789-789|871-871|981-981|1059-1059|1161-1161
priceMin=1e-8|priceMax=1000|priceTick=1e-8|lotMin=1|lotMax=92141578|lotStep=1|bidUp=5|bidDown=0.2|askUp=5|askDown=0.2|percentMins=5|minNotional=0.0001|maxNotional=9000000|basePrecision=8|quotePrecision=8|quoteAssetPrecision=8,31,0,143,2199,2056,1034.6451612903227,1155,30,2,0,0,0,,,,0,,,,,0,0,,143-143|159-159|192-192|263-263|275-275|354-354|356-356|359-359|364-364|367-367|373-373|450-450|552-552|671-671|748-748|1155-1155|1223-1223|1453-1453|1459-1459|1473-1473|1490-1490|1592-1593|1673-1673|1714-1714|1752-1752|1771-1771|1847-1847|1872-1872|2182-2182|2199-2199
priceMin=0.01|priceMax=100000|priceTick=0.01|lotMin=0.00001|lotMax=90000|lotStep=0.00001|bidUp=5|bidDown=0.2|askUp=5|askDown=0.2|percentMins=5|minNotional=10|maxNotional=9000000|basePrecision=8|quotePrecision=8|quoteAssetPrecision=8,29,0,125,1129,1004,620.551724137931,704,12,7,0,0,0,,,,0,,,,,0,0,,125-125|402-402|439-444|446-446|478-479|633-633|664-664|703-704|707-708|730-736|758-761|1129-1129
priceMin=0.0001|priceMax=1000|priceTick=0.0001|lotMin=1|lotMax=92141578|lotStep=1|bidUp=5|bidDown=0.2|askUp=5|askDown=0.2|percentMins=5|minNotional=10|maxNotional=9000000|basePrecision=8|quotePrecision=8|quoteAssetPrecision=8,28,0,1209,2096,887,1686.25,1660.5,23,2,0,0,0,,,,0,,,,,0,0,,1209-1209|1352-1353|1368-1369|1461-1462|1514-1514|1535-1536|1590-1590|1595-1596|1650-1650|1671-1671|1706-1706|1758-1758|1796-1796|1816-1816|1825-1825|1846-1846|1857-1857|1934-1934|2050-2050|2087-2087|2090-2090|2093-2093|2096-2096
priceMin=0.001|priceMax=1000|priceTick=0.001|lotMin=1|lotMax=92141578|lotStep=1|bidUp=1.3|bidDown=0.5|askUp=2|askDown=0.7|percentMins=5|minNotional=10|maxNotional=90000000|basePrecision=8|quotePrecision=8|quoteAssetPrecision=8,27,0,1206,3583,2377,2669.6666666666665,3029,27,1,0,0,0,,,,0,,,,,0,0,,1206-1206|1235-1235|1263-1263|1392-1392|1528-1528|1983-1983|2155-2155|2175-2175|2264-2264|2432-2432|2450-2450|2626-2626|2959-2959|3029-3029|3079-3079|3115-3115|3126-3126|3139-3139|3195-3195|3313-3313|3320-3320|3475-3475|3493-3493|3500-3500|3513-3513|3533-3533|3583-3583
priceMin=0.0001|priceMax=1000|priceTick=0.0001|lotMin=0.1|lotMax=92141578|lotStep=0.1|bidUp=5|bidDown=0.2|askUp=5|askDown=0.2|percentMins=5|minNotional=10|maxNotional=9000000|basePrecision=8|quotePrecision=8|quoteAssetPrecision=8,26,0,1436,2715,1279,1830,1761.5,26,1,0,0,0,,,,0,,,,,0,0,,1436-1436|1440-1440|1541-1541|1573-1573|1580-1580|1604-1604|1609-1609|1641-1641|1644-1644|1656-1656|1680-1680|1697-1697|1701-1701|1822-1822|1879-1879|1895-1895|1927-1927|1949-1949|1978-1978|2047-2047|2081-2081|2105-2105|2121-2121|2128-2128|2131-2131|2715-2715
priceMin=1e-8|priceMax=1000|priceTick=1e-8|lotMin=0.1|lotMax=90000000|lotStep=0.1|bidUp=5|bidDown=0.2|askUp=5|askDown=0.2|percentMins=5|minNotional=0.0001|maxNotional=9000000|basePrecision=8|quotePrecision=8|quoteAssetPrecision=8,25,0,23,1409,1386,713.44,713,25,1,0,0,0,,,,0,,,,,0,0,,23-23|56-56|67-67|87-87|94-94|135-135|163-163|173-173|211-211|320-320|498-498|590-590|713-713|929-929|933-933|1070-1070|1190-1190|1258-1258|1268-1268|1278-1278|1283-1283|1319-1319|1373-1373|1396-1396|1409-1409
priceMin=0.000001|priceMax=1000|priceTick=0.000001|lotMin=0.01|lotMax=90000000|lotStep=0.01|bidUp=5|bidDown=0.2|askUp=5|askDown=0.2|percentMins=5|minNotional=0.005|maxNotional=9000000|basePrecision=8|quotePrecision=8|quoteAssetPrecision=8,21,0,16,1118,1102,213.33333333333334,174,21,1,0,0,0,,,,0,,,,,0,0,,16-16|20-20|30-30|49-49|75-75|82-82|88-88|93-93|136-136|152-152|174-174|218-218|225-225|227-227|238-238|252-252|258-258|299-299|343-343|387-387|1118-1118
priceMin=0.0001|priceMax=1000|priceTick=0.0001|lotMin=0.1|lotMax=92141578|lotStep=0.1|bidUp=2|bidDown=0.5|askUp=2|askDown=0.5|percentMins=5|minNotional=5|maxNotional=9000000|basePrecision=8|quotePrecision=8|quoteAssetPrecision=8,21,0,1581,3288,1707,2671.1428571428573,2623,21,1,0,0,0,,,,0,,,,,0,0,,1581-1581|2127-2127|2171-2171|2173-2173|2275-2275|2299-2299|2304-2304|2382-2382|2461-2461|2566-2566|2623-2623|2875-2875|2950-2950|2974-2974|3013-3013|3142-3142|3151-3151|3202-3202|3264-3264|3273-3273|3288-3288
priceMin=1e-7|priceMax=1000|priceTick=1e-7|lotMin=1|lotMax=90000000|lotStep=1|bidUp=5|bidDown=0.2|askUp=5|askDown=0.2|percentMins=5|minNotional=0.005|maxNotional=9000000|basePrecision=8|quotePrecision=8|quoteAssetPrecision=8,20,0,14,1267,1253,403,221,20,1,0,0,0,,,,0,,,,,0,0,,14-14|17-17|28-28|51-51|63-63|69-69|77-77|97-97|113-113|220-220|222-222|230-230|233-233|273-273|326-326|1165-1165|1191-1191|1196-1196|1208-1208|1267-1267
priceMin=1e-8|priceMax=1000|priceTick=1e-8|lotMin=0.1|lotMax=92141578|lotStep=0.1|bidUp=5|bidDown=0.2|askUp=5|askDown=0.2|percentMins=5|minNotional=0.0001|maxNotional=9000000|basePrecision=8|quotePrecision=8|quoteAssetPrecision=8,20,0,1434,2303,869,1708.8,1624,19,2,0,0,0,,,,0,,,,,0,0,,1434-1434|1438-1438|1477-1477|1488-1488|1507-1507|1543-1544|1571-1571|1578-1578|1582-1582|1666-1666|1695-1695|1770-1770|1820-1820|1836-1836|1893-1893|1925-1925|1954-1954|2152-2152|2303-2303
priceMin=1e-8|priceMax=1000|priceTick=1e-8|lotMin=0.1|lotMax=90000000|lotStep=0.1|bidUp=2|bidDown=0.5|askUp=2|askDown=0.5|percentMins=5|minNotional=0.0001|maxNotional=9000000|basePrecision=8|quotePrecision=8|quoteAssetPrecision=8,19,0,35,1280,1245,802.2105263157895,897,19,1,0,0,0,,,,0,,,,,0,0,,35-35|52-52|154-154|234-234|611-611|641-641|843-843|846-846|876-876|897-897|988-988|1004-1004|1024-1024|1063-1063|1119-1119|1123-1123|1221-1221|1231-1231|1280-1280
priceMin=0.0001|priceMax=1000|priceTick=0.0001|lotMin=1|lotMax=92141578|lotStep=1|bidUp=1.3|bidDown=0.5|askUp=2|askDown=0.7|percentMins=5|minNotional=10|maxNotional=90000000|basePrecision=8|quotePrecision=8|quoteAssetPrecision=8,19,0,1575,3566,1991,2765.8947368421054,2722,19,1,0,0,0,,,,0,,,,,0,0,,1575-1575|1601-1601|2086-2086|2189-2189|2241-2241|2263-2263|2348-2348|2486-2486|2619-2619|2722-2722|3147-3147|3158-3158|3250-3250|3365-3365|3399-3399|3484-3484|3510-3510|3543-3543|3566-3566
priceMin=0.0001|priceMax=1000|priceTick=0.0001|lotMin=1|lotMax=900000|lotStep=1|bidUp=5|bidDown=0.2|askUp=5|askDown=0.2|percentMins=5|minNotional=5|maxNotional=9000000|basePrecision=8|quotePrecision=8|quoteAssetPrecision=8,18,0,372,2845,2473,1199.8333333333333,1004.5,17,2,0,0,0,,,,0,,,,,0,0,,372-372|631-631|753-753|773-773|820-820|878-878|903-903|918-918|947-947|1062-1062|1083-1083|1143-1143|1256-1256|1336-1337|2162-2162|2378-2378|2845-2845
priceMin=0.0001|priceMax=1000|priceTick=0.0001|lotMin=1|lotMax=900000|lotStep=1|bidUp=5|bidDown=0.2|askUp=5|askDown=0.2|percentMins=5|minNotional=10|maxNotional=9000000|basePrecision=8|quotePrecision=8|quoteAssetPrecision=8,18,0,587,1302,715,987.8888888888889,983.5,17,2,0,0,0,,,,0,,,,,0,0,,587-587|618-618|737-737|740-740|797-797|881-881|901-901|946-946|983-984|1061-1061|1082-1082|1142-1142|1166-1166|1274-1274|1289-1289|1292-1292|1302-1302
priceMin=0.001|priceMax=1000|priceTick=0.001|lotMin=0.01|lotMax=92141578|lotStep=0.01|bidUp=5|bidDown=0.2|askUp=5|askDown=0.2|percentMins=5|minNotional=5|maxNotional=9000000|basePrecision=8|quotePrecision=8|quoteAssetPrecision=8,18,0,1104,2840,1736,2122.8333333333335,2116.5,18,1,0,0,0,,,,0,,,,,0,0,,1104-1104|1692-1692|1756-1756|1783-1783|1939-1939|1967-1967|1974-1974|1985-1985|2056-2056|2177-2177|2179-2179|2283-2283|2344-2344|2354-2354|2549-2549|2591-2591|2638-2638|2840-2840
priceMin=0.001|priceMax=1000|priceTick=0.001|lotMin=0.1|lotMax=92141578|lotStep=0.1|bidUp=1.3|bidDown=0.5|askUp=2|askDown=0.7|percentMins=5|minNotional=10|maxNotional=90000000|basePrecision=8|quotePrecision=8|quoteAssetPrecision=8,18,0,2041,3576,1535,2977.1666666666665,3153,18,1,0,0,0,,,,0,,,,,0,0,,2041-2041|2245-2245|2276-2276|2439-2439|2477-2477|2916-2916|2970-2970|2996-2996|3127-3127|3179-3179|3220-3220|3225-3225|3255-3255|3303-3303|3400-3400|3408-3408|3536-3536|3576-3576
priceMin=0.1|priceMax=100000|priceTick=0.1|lotMin=0.01|lotMax=922327|lotStep=0.01|bidUp=1.3|bidDown=0.5|askUp=2|askDown=0.7|percentMins=5|minNotional=10|maxNotional=90000000|basePrecision=8|quotePrecision=8|quoteAssetPrecision=8,17,0,1021,3344,2323,2278.4117647058824,2286,16,2,0,0,0,,,,0,,,,,0,0,,1021-1021|1171-1171|1277-1277|1347-1347|2114-2114|2214-2214|2220-2220|2285-2286|2335-2335|2358-2358|2693-2693|2842-2842|2855-2855|3032-3032|3339-3339|3344-3344
priceMin=0.01|priceMax=10000|priceTick=0.01|lotMin=0.01|lotMax=9222449|lotStep=0.01|bidUp=1.3|bidDown=0.5|askUp=2|askDown=0.7|percentMins=5|minNotional=10|maxNotional=90000000|basePrecision=8|quotePrecision=8|quoteAssetPrecision=8,17,0,1755,3620,1865,2446.9411764705883,2269,16,2,0,0,0,,,,0,,,,,0,0,,1755-1755|1791-1791|1795-1795|1828-1829|1951-1951|1972-1972|2227-2227|2269-2269|2327-2327|2500-2500|2932-2932|3061-3061|3086-3086|3326-3326|3329-3329|3620-3620
priceMin=1e-8|priceMax=1|priceTick=1e-8|lotMin=0.1|lotMax=46116860414|lotStep=0.1|bidUp=5|bidDown=0.2|askUp=5|askDown=0.2|percentMins=5|minNotional=0.0001|maxNotional=9000000|basePrecision=8|quotePrecision=8|quoteAssetPrecision=8,17,0,2126,2864,738,2522.235294117647,2495,17,1,0,0,0,,,,0,,,,,0,0,,2126-2126|2147-2147|2363-2363|2399-2399|2426-2426|2467-2467|2473-2473|2490-2490|2495-2495|2539-2539|2564-2564|2571-2571|2612-2612|2717-2717|2797-2797|2828-2828|2864-2864
priceMin=1e-7|priceMax=1|priceTick=1e-7|lotMin=0.1|lotMax=46116860414|lotStep=0.1|bidUp=5|bidDown=0.2|askUp=5|askDown=0.2|percentMins=5|minNotional=0.01|maxNotional=9000000|basePrecision=8|quotePrecision=8|quoteAssetPrecision=8,17,0,2419,3275,856,2919.529411764706,2994,17,1,0,0,0,,,,0,,,,,0,0,,2419-2419|2474-2474|2492-2492|2614-2614|2666-2666|2798-2798|2949-2949|2963-2963|2994-2994|3007-3007|3067-3067|3107-3107|3132-3132|3187-3187|3223-3223|3265-3265|3275-3275
priceMin=1e-7|priceMax=1000|priceTick=1e-7|lotMin=0.01|lotMax=90000000|lotStep=0.01|bidUp=5|bidDown=0.2|askUp=5|askDown=0.2|percentMins=5|minNotional=0.0001|maxNotional=9000000|basePrecision=8|quotePrecision=8|quoteAssetPrecision=8,16,0,18,1399,1381,672.125,533,16,1,0,0,0,,,,0,,,,,0,0,,18-18|48-48|92-92|151-151|224-224|226-226|298-298|386-386|680-680|1053-1053|1213-1213|1216-1216|1227-1227|1239-1239|1284-1284|1399-1399
priceMin=1e-7|priceMax=1000|priceTick=1e-7|lotMin=1|lotMax=9000000|lotStep=1|bidUp=5|bidDown=0.2|askUp=5|askDown=0.2|percentMins=5|minNotional=0.05|maxNotional=9000000|basePrecision=8|quotePrecision=8|quoteAssetPrecision=8,16,0,147,1067,920,530.0625,514.5,16,1,0,0,0,,,,0,,,,,0,0,,147-147|183-183|188-188|205-205|256-256|389-389|399-399|512-512|517-517|593-593|698-698|709-709|805-805|889-889|924-924|1067-1067
priceMin=0.001|priceMax=10000|priceTick=0.001|lotMin=0.01|lotMax=90000|lotStep=0.01|bidUp=5|bidDown=0.2|askUp=5|askDown=0.2|percentMins=5|minNotional=5|maxNotional=9000000|basePrecision=8|quotePrecision=8|quoteAssetPrecision=8,16,0,432,2355,1923,1187.875,1036.5,16,1,0,0,0,,,,0,,,,,0,0,,432-432|435-435|635-635|724-724|915-915|953-953|979-979|1032-1032|1041-1041|1237-1237|1303-1303|1311-1311|1331-1331|1973-1973|2350-2350|2355-2355
priceMin=0.001|priceMax=10000|priceTick=0.001|lotMin=0.1|lotMax=9222449|lotStep=0.1|bidUp=5|bidDown=0.2|askUp=5|askDown=0.2|percentMins=5|minNotional=10|maxNotional=9000000|basePrecision=8|quotePrecision=8|quoteAssetPrecision=8,16,0,811,2673,1862,1591.1875,1500,16,1,0,0,0,,,,0,,,,,0,0,,811-811|1344-1344|1443-1443|1464-1464|1469-1469|1471-1471|1479-1479|1495-1495|1505-1505|1588-1588|1603-1603|1606-1606|1700-1700|1747-1747|2061-2061|2673-2673
priceMin=0.00001|priceMax=1000|priceTick=0.00001|lotMin=1|lotMax=92141578|lotStep=1|bidUp=5|bidDown=0.2|askUp=5|askDown=0.2|percentMins=5|minNotional=5|maxNotional=9000000|basePrecision=8|quotePrecision=8|quoteAssetPrecision=8,16,0,1559,2849,1290,2040.4375,2161.5,16,1,0,0,0,,,,0,,,,,0,0,,1559-1559|1584-1584|1626-1626|1676-1676|1711-1711|1868-1868|2038-2038|2149-2149|2174-2174|2176-2176|2197-2197|2200-2200|2218-2218|2254-2254|2368-2368|2849-2849
priceMin=0.001|priceMax=1000|priceTick=0.001|lotMin=0.1|lotMax=92141578|lotStep=0.1|bidUp=5|bidDown=0.2|askUp=5|askDown=0.2|percentMins=5|minNotional=10|maxNotional=9000000|basePrecision=8|quotePrecision=8|quoteAssetPrecision=8,15,0,515,2953,2438,2011,1981,14,2,0,0,0,,,,0,,,,,0,0,,515-515|1533-1533|1652-1652|1664-1664|1668-1668|1704-1704|1890-1890|1981-1981|2094-2095|2102-2102|2743-2743|2783-2783|2788-2788|2953-2953
priceMin=0.00001|priceMax=1000|priceTick=0.00001|lotMin=1|lotMax=92141578|lotStep=1|bidUp=1.2|bidDown=0.5|askUp=2|askDown=0.8|percentMins=5|minNotional=5|maxNotional=9000000|basePrecision=8|quotePrecision=8|quoteAssetPrecision=8,15,0,1048,3385,2337,2332,2447,14,2,0,0,0,,,,0,,,,,0,0,,1048-1048|1158-1158|1576-1576|1589-1589|1874-1874|2157-2157|2230-2230|2447-2447|2456-2456|2682-2682|2904-2904|3063-3063|3205-3206|3385-3385
priceMin=1e-8|priceMax=1|priceTick=1e-8|lotMin=0.1|lotMax=46116860414|lotStep=0.1|bidUp=2|bidDown=0.5|askUp=2|askDown=0.5|percentMins=5|minNotional=0.0001|maxNotional=9000000|basePrecision=8|quotePrecision=8|quoteAssetPrecision=8,15,0,2120,3116,996,2710.2,2763,15,1,0,0,0,,,,0,,,,,0,0,,2120-2120|2417-2417|2435-2435|2459-2459|2575-2575|2620-2620|2661-2661|2763-2763|2779-2779|2894-2894|2936-2936|2946-2946|2960-2960|2972-2972|3116-3116
priceMin=0.00001|priceMax=1000|priceTick=0.00001|lotMin=1|lotMax=92141578|lotStep=1|bidUp=5|bidDown=0.2|askUp=5|askDown=0.2|percentMins=5|minNotional=10|maxNotional=9000000|basePrecision=8|quotePrecision=8|quoteAssetPrecision=8,14,0,818,2141,1323,1778.7142857142858,1811.5,14,1,0,0,0,,,,0,,,,,0,0,,818-818|1329-1329|1515-1515|1634-1634|1675-1675|1712-1712|1750-1750|1873-1873|2065-2065|2089-2089|2097-2097|2101-2101|2103-2103|2141-2141
priceMin=1e-7|priceMax=1|priceTick=1e-7|lotMin=0.1|lotMax=46116860414|lotStep=0.1|bidUp=2|bidDown=0.5|askUp=2|askDown=0.5|percentMins=5|minNotional=0.01|maxNotional=9000000|basePrecision=8|quotePrecision=8|quoteAssetPrecision=8,14,0,2622,3457,835,3220.214285714286,3349.5,14,1,0,0,0,,,,0,,,,,0,0,,2622-2622|2830-2830|3050-3050|3057-3057|3163-3163|3309-3309|3347-3347|3352-3352|3357-3357|3372-3372|3377-3377|3383-3383|3407-3407|3457-3457
priceMin=0.001|priceMax=10000|priceTick=0.001|lotMin=0.001|lotMax=90000|lotStep=0.001|bidUp=5|bidDown=0.2|askUp=5|askDown=0.2|percentMins=5|minNotional=10|maxNotional=9000000|basePrecision=8|quotePrecision=8|quoteAssetPrecision=8,13,0,425,1167,742,661.6923076923077,508,11,2,0,0,0,,,,0,,,,,0,0,,425-425|427-427|487-487|504-505|507-508|653-653|776-776|813-813|859-859|971-971|1167-1167
priceMin=0.001|priceMax=1000|priceTick=0.001|lotMin=0.1|lotMax=900000|lotStep=0.1|bidUp=5|bidDown=0.2|askUp=5|askDown=0.2|percentMins=5|minNotional=10|maxNotional=9000000|basePrecision=8|quotePrecision=8|quoteAssetPrecision=8,13,0,491,1294,803,982.6923076923077,1101,13,1,0,0,0,,,,0,,,,,0,0,,491-491|650-650|728-728|739-739|898-898|934-934|1101-1101|1124-1124|1157-1157|1192-1192|1198-1198|1269-1269|1294-1294
priceMin=1e-8|priceMax=1000|priceTick=1e-8|lotMin=0.1|lotMax=92141578|lotStep=0.1|bidUp=2|bidDown=0.5|askUp=2|askDown=0.5|percentMins=5|minNotional=0.0001|maxNotional=9000000|basePrecision=8|quotePrecision=8|quoteAssetPrecision=8,13,0,513,2726,2213,1852,1878,13,1,0,0,0,,,,0,,,,,0,0,,513-513|1560-1560|1643-1643|1658-1658|1662-1662|1678-1678|1878-1878|2003-2003|2104-2104|2130-2130|2247-2247|2274-2274|2726-2726
priceMin=0.0001|priceMax=1000|priceTick=0.0001|lotMin=0.1|lotMax=900000|lotStep=0.1|bidUp=5|bidDown=0.2|askUp=5|askDown=0.2|percentMins=5|minNotional=10|maxNotional=9000000|basePrecision=8|quotePrecision=8|quoteAssetPrecision=8,13,0,715,1375,660,1014.3846153846154,1025,13,1,0,0,0,,,,0,,,,,0,0,,715-715|720-720|738-738|755-755|803-803|845-845|1025-1025|1120-1120|1154-1154|1287-1287|1290-1290|1360-1360|1375-1375
priceMin=0.001|priceMax=1000|priceTick=0.001|lotMin=0.01|lotMax=92141578|lotStep=0.01|bidUp=5|bidDown=0.2|askUp=5|askDown=0.2|percentMins=5|minNotional=10|maxNotional=9000000|basePrecision=8|quotePrecision=8|quoteAssetPrecision=8,13,0,1214,2119,905,1916.3076923076924,1975,13,1,0,0,0,,,,0,,,,,0,0,,1214-1214|1784-1784|1905-1905|1919-1919|1964-1964|1969-1969|1975-1975|1984-1984|2008-2008|2017-2017|2020-2020|2034-2034|2119-2119
priceMin=0.01|priceMax=10000|priceTick=0.01|lotMin=0.01|lotMax=9222449|lotStep=0.01|bidUp=5|bidDown=0.2|askUp=5|askDown=0.2|percentMins=5|minNotional=10|maxNotional=9000000|basePrecision=8|quotePrecision=8|quoteAssetPrecision=8,13,0,1467,2137,670,1789.4615384615386,1790,11,2,0,0,0,,,,0,,,,,0,0,,1467-1467|1486-1486|1529-1529|1631-1631|1670-1670|1740-1740|1790-1790|1803-1804|2045-2046|2115-2115|2137-2137
priceMin=1e-8|priceMax=1000|priceTick=1e-8|lotMin=0.01|lotMax=92141578|lotStep=0.01|bidUp=5|bidDown=0.2|askUp=5|askDown=0.2|percentMins=5|minNotional=0.0001|maxNotional=9000000|basePrecision=8|quotePrecision=8|quoteAssetPrecision=8,13,0,1520,2018,498,1806.6153846153845,1805,13,1,0,0,0,,,,0,,,,,0,0,,1520-1520|1552-1552|1693-1693|1753-1753|1775-1775|1792-1792|1805-1805|1850-1850|1910-1910|1913-1913|1942-1942|1963-1963|2018-2018
priceMin=1e-8|priceMax=1|priceTick=1e-8|lotMin=0.01|lotMax=46116860414|lotStep=0.01|bidUp=2|bidDown=0.5|askUp=2|askDown=0.5|percentMins=5|minNotional=0.0001|maxNotional=9000000|basePrecision=8|quotePrecision=8|quoteAssetPrecision=8,13,0,1614,2927,1313,2501.3076923076924,2527,13,1,0,0,0,,,,0,,,,,0,0,,1614-1614|2325-2325|2333-2333|2463-2463|2497-2497|2507-2507|2527-2527|2555-2555|2653-2653|2669-2669|2696-2696|2751-2751|2927-2927
priceMin=1e-8|priceMax=1|priceTick=1e-8|lotMin=0.1|lotMax=46116860414|lotStep=0.1|bidUp=2|bidDown=0.5|askUp=2|askDown=0.5|percentMins=5|minNotional=0.01|maxNotional=9000000|basePrecision=8|quotePrecision=8|quoteAssetPrecision=8,13,0,2870,3521,651,3190.230769230769,3253,13,1,0,0,0,,,,0,,,,,0,0,,2870-2870|2895-2895|2971-2971|3017-3017|3172-3172|3234-3234|3253-3253|3284-3284|3291-3291|3296-3296|3301-3301|3368-3368|3521-3521
priceMin=0.000001|priceMax=1000|priceTick=0.000001|lotMin=1|lotMax=92141578|lotStep=1|bidUp=5|bidDown=0.2|askUp=5|askDown=0.2|percentMins=5|minNotional=10|maxNotional=9000000|basePrecision=8|quotePrecision=8|quoteAssetPrecision=8,12,0,452,2059,1607,1412.6666666666667,1649,12,1,0,0,0,,,,0,,,,,0,0,,452-452|598-598|600-600|1253-1253|1380-1380|1639-1639|1659-1659|1685-1685|1773-1773|1839-1839|2015-2015|2059-2059
priceMin=1e-7|priceMax=1000|priceTick=1e-7|lotMin=0.1|lotMax=92141578|lotStep=0.1|bidUp=5|bidDown=0.2|askUp=5|askDown=0.2|percentMins=5|minNotional=0.001|maxNotional=9000000|basePrecision=8|quotePrecision=8|quoteAssetPrecision=8,11,0,5,3117,3112,1308.090909090909,1742,11,1,0,0,0,,,,0,,,,,0,0,,5-5|7-7|53-53|155-155|1687-1687|1742-1742|1744-1744|1763-1763|1982-1982|2134-2134|3117-3117
priceMin=1e-8|priceMax=1000|priceTick=1e-8|lotMin=1|lotMax=90000000|lotStep=1|bidUp=2|bidDown=0.5|askUp=2|askDown=0.5|percentMins=5|minNotional=0.001|maxNotional=9000000|basePrecision=8|quotePrecision=8|quoteAssetPrecision=8,11,0,22,1211,1189,395.72727272727275,336,11,1,0,0,0,,,,0,,,,,0,0,,22-22|43-43|47-47|169-169|270-270|336-336|355-355|374-374|376-376|1150-1150|1211-1211
priceMin=0.0001|priceMax=1000|priceTick=0.0001|lotMin=1|lotMax=9000000|lotStep=1|bidUp=5|bidDown=0.2|askUp=5|askDown=0.2|percentMins=5|minNotional=10|maxNotional=9000000|basePrecision=8|quotePrecision=8|quoteAssetPrecision=8,11,0,654,2062,1408,1151.5454545454545,1115,10,2,0,0,0,,,,0,,,,,0,0,,654-654|788-788|801-801|815-815|913-913|1115-1115|1148-1149|1174-1174|2048-2048|2062-2062
priceMin=0.001|priceMax=10000|priceTick=0.001|lotMin=0.1|lotMax=90000|lotStep=0.1|bidUp=5|bidDown=0.2|askUp=5|askDown=0.2|percentMins=5|minNotional=10|maxNotional=9000000|basePrecision=8|quotePrecision=8|quoteAssetPrecision=8,11,0,674,2060,1386,1240.7272727272727,1163,11,1,0,0,0,,,,0,,,,,0,0,,674-674|848-848|877-877|989-989|1112-1112|1163-1163|1279-1279|1291-1291|1297-1297|2058-2058|2060-2060
priceMin=0.001|priceMax=10000|priceTick=0.001|lotMin=0.01|lotMax=90000|lotStep=0.01|bidUp=5|bidDown=0.2|askUp=5|askDown=0.2|percentMins=5|minNotional=10|maxNotional=9000000|basePrecision=8|quotePrecision=8|quoteAssetPrecision=8,11,0,727,1405,678,1199,1246,11,1,0,0,0,,,,0,,,,,0,0,,727-727|908-908|1066-1066|1181-1181|1217-1217|1246-1246|1310-1310|1326-1326|1400-1400|1403-1403|1405-1405
priceMin=0.00001|priceMax=1000|priceTick=0.00001|lotMin=1|lotMax=92141578|lotStep=1|bidUp=2|bidDown=0.5|askUp=2|askDown=0.5|percentMins=5|minNotional=5|maxNotional=9000000|basePrecision=8|quotePrecision=8|quoteAssetPrecision=8,11,0,1645,3211,1566,2450.5454545454545,2405,10,2,0,0,0,,,,0,,,,,0,0,,1645-1646|1960-1960|2183-2183|2356-2356|2405-2405|2449-2449|2906-2906|2987-2987|3208-3208|3211-3211
priceMin=1e-8|priceMax=1000|priceTick=1e-8|lotMin=0.01|lotMax=92141578|lotStep=0.01|bidUp=2|bidDown=0.5|askUp=2|askDown=0.5|percentMins=5|minNotional=0.0001|maxNotional=9000000|basePrecision=8|quotePrecision=8|quoteAssetPrecision=8,11,0,1689,2279,590,1924.7272727272727,1904,11,1,0,0,0,,,,0,,,,,0,0,,1689-1689|1788-1788|1808-1808|1853-1853|1875-1875|1904-1904|1917-1917|1968-1968|2036-2036|2055-2055|2279-2279
priceMin=0.001|priceMax=1000|priceTick=0.001|lotMin=0.01|lotMax=92141578|lotStep=0.01|bidUp=2|bidDown=0.5|askUp=2|askDown=0.5|percentMins=5|minNotional=5|maxNotional=9000000|basePrecision=8|quotePrecision=8|quoteAssetPrecision=8,11,0,2280,3580,1300,3046.6363636363635,3279,9,2,0,0,0,,,,0,,,,,0,0,,2280-2280|2691-2691|2697-2698|2705-2705|3279-3279|3325-3325|3337-3337|3342-3342|3579-3580
priceMin=0.0001|priceMax=1000|priceTick=0.0001|lotMin=0.1|lotMax=900000|lotStep=0.1|bidUp=5|bidDown=0.2|askUp=5|askDown=0.2|percentMins=5|minNotional=5|maxNotional=9000000|basePrecision=8|quotePrecision=8|quoteAssetPrecision=8,10,0,323,2816,2493,951.7,684.5,10,1,0,0,0,,,,0,,,,,0,0,,323-323|420-420|423-423|591-591|655-655|714-714|923-923|1306-1306|1346-1346|2816-2816
priceMin=0.0001|priceMax=1000|priceTick=0.0001|lotMin=1|lotMax=9000000|lotStep=1|bidUp=5|bidDown=0.2|askUp=5|askDown=0.2|percentMins=5|minNotional=5|maxNotional=9000000|basePrecision=8|quotePrecision=8|quoteAssetPrecision=8,10,0,531,2444,1913,1384.4,929.5,10,1,0,0,0,,,,0,,,,,0,0,,531-531|534-534|723-723|823-823|916-916|943-943|2208-2208|2321-2321|2401-2401|2444-2444
priceMin=0.0001|priceMax=1000|priceTick=0.0001|lotMin=1|lotMax=92141578|lotStep=1|bidUp=5|bidDown=0.2|askUp=5|askDown=0.2|percentMins=5|minNotional=5|maxNotional=9000000|basePrecision=8|quotePrecision=8|quoteAssetPrecision=8,10,0,700,2511,1811,2053.8,2200.5,10,1,0,0,0,,,,0,,,,,0,0,,700-700|1699-1699|2139-2139|2142-2142|2184-2184|2217-2217|2231-2231|2307-2307|2408-2408|2511-2511
priceMin=0.00001|priceMax=1000|priceTick=0.00001|lotMin=0.1|lotMax=92141578|lotStep=0.1|bidUp=5|bidDown=0.2|askUp=5|askDown=0.2|percentMins=5|minNotional=10|maxNotional=9000000|basePrecision=8|quotePrecision=8|quoteAssetPrecision=8,10,0,1379,2049,670,1749.2,1784.5,10,1,0,0,0,,,,0,,,,,0,0,,1379-1379|1546-1546|1651-1651|1672-1672|1745-1745|1824-1824|1837-1837|1845-1845|1944-1944|2049-2049
priceMin=0.0001|priceMax=10000|priceTick=0.0001|lotMin=0.1|lotMax=9222449|lotStep=0.1|bidUp=1.3|bidDown=0.5|askUp=2|askDown=0.7|percentMins=5|minNotional=10|maxNotional=90000000|basePrecision=8|quotePrecision=8|quoteAssetPrecision=8,10,0,1418,3285,1867,2537.8,2591.5,10,1,0,0,0,,,,0,,,,,0,0,,1418-1418|1999-1999|2470-2470|2494-2494|2567-2567|2616-2616|2624-2624|2771-2771|3134-3134|3285-3285
priceMin=0.01|priceMax=10000|priceTick=0.01|lotMin=0.01|lotMax=9222449|lotStep=0.01|bidUp=5|bidDown=0.2|askUp=5|askDown=0.2|percentMins=5|minNotional=5|maxNotional=9000000|basePrecision=8|quotePrecision=8|quoteAssetPrecision=8,10,0,1427,2605,1178,2180.6,2360,10,1,0,0,0,,,,0,,,,,0,0,,1427-1427|1487-1487|1683-1683|2250-2250|2343-2343|2377-2377|2440-2440|2596-2596|2598-2598|2605-2605
priceMin=0.001|priceMax=10000|priceTick=0.001|lotMin=0.01|lotMax=9222449|lotStep=0.01|bidUp=1.2|bidDown=0.5|askUp=2|askDown=0.8|percentMins=5|minNotional=5|maxNotional=9000000|basePrecision=8|quotePrecision=8|quoteAssetPrecision=8,10,0,1454,3562,2108,2424.1,2375,10,1,0,0,0,,,,0,,,,,0,0,,1454-1454|1703-1703|1737-1737|2138-2138|2334-2334|2416-2416|2852-2852|3012-3012|3033-3033|3562-3562
priceMin=0.1|priceMax=100000|priceTick=0.1|lotMin=0.001|lotMax=922327|lotStep=0.001|bidUp=1.3|bidDown=0.5|askUp=2|askDown=0.7|percentMins=5|minNotional=10|maxNotional=90000000|basePrecision=8|quotePrecision=8|quoteAssetPrecision=8,10,0,1494,3282,1788,2185,1987,10,1,0,0,0,,,,0,,,,,0,0,,1494-1494|1866-1866|1885-1885|1935-1935|1937-1937|2037-2037|2078-2078|2425-2425|2911-2911|3282-3282
priceMin=0.001|priceMax=1000|priceTick=0.001|lotMin=0.1|lotMax=92141578|lotStep=0.1|bidUp=5|bidDown=0.2|askUp=5|askDown=0.2|percentMins=5|minNotional=5|maxNotional=9000000|basePrecision=8|quotePrecision=8|quoteAssetPrecision=8,10,0,1660,2764,1104,2377.5,2408.5,10,1,0,0,0,,,,0,,,,,0,0,,1660-1660|2244-2244|2298-2298|2338-2338|2396-2396|2421-2421|2469-2469|2560-2560|2625-2625|2764-2764
priceMin=0.01|priceMax=100000|priceTick=0.01|lotMin=0.1|lotMax=922327|lotStep=0.1|bidUp=1.3|bidDown=0.5|askUp=2|askDown=0.7|percentMins=5|minNotional=10|maxNotional=90000000|basePrecision=8|quotePrecision=8|quoteAssetPrecision=8,10,0,2267,2561,294,2371.5,2309.5,7,3,0,0,0,,,,0,,,,,0,0,,2267-2268|2270-2272|2347-2347|2380-2380|2526-2526|2553-2553|2561-2561
priceMin=0.0001|priceMax=100|priceTick=0.0001|lotMin=0.1|lotMax=913205152|lotStep=0.1|bidUp=2|bidDown=0.5|askUp=2|askDown=0.5|percentMins=5|minNotional=5|maxNotional=9000000|basePrecision=8|quotePrecision=8|quoteAssetPrecision=8,10,0,3051,3358,307,3258.1,3294.5,10,1,0,0,0,,,,0,,,,,0,0,,3051-3051|3083-3083|3235-3235|3254-3254|3292-3292|3297-3297|3310-3310|3348-3348|3353-3353|3358-3358
priceMin=1e-8|priceMax=1000|priceTick=1e-8|lotMin=1|lotMax=90000000|lotStep=1|bidUp=5|bidDown=0.2|askUp=5|askDown=0.2|percentMins=5|minNotional=0.05|maxNotional=9000000|basePrecision=8|quotePrecision=8|quoteAssetPrecision=8,9,0,366,856,490,608.7777777777778,556,9,1,0,0,0,,,,0,,,,,0,0,,366-366|451-451|465-465|551-551|556-556|670-670|747-747|817-817|856-856
priceMin=0.000001|priceMax=1000|priceTick=0.000001|lotMin=1|lotMax=9000000|lotStep=1|bidUp=5|bidDown=0.2|askUp=5|askDown=0.2|percentMins=5|minNotional=10|maxNotional=9000000|basePrecision=8|quotePrecision=8|quoteAssetPrecision=8,9,0,520,857,337,609.4444444444445,570,5,3,0,0,0,,,,0,,,,,0,0,,520-522|553-553|570-572|799-799|857-857
priceMin=0.01|priceMax=10000|priceTick=0.01|lotMin=0.01|lotMax=90000|lotStep=0.01|bidUp=5|bidDown=0.2|askUp=5|askDown=0.2|percentMins=5|minNotional=10|maxNotional=9000000|basePrecision=8|quotePrecision=8|quoteAssetPrecision=8,9,0,726,1300,574,1036.6666666666667,1031,8,2,0,0,0,,,,0,,,,,0,0,,726-726|814-814|949-949|975-975|1031-1031|1054-1054|1240-1241|1300-1300
priceMin=0.0001|priceMax=10000|priceTick=0.0001|lotMin=0.1|lotMax=9222449|lotStep=0.1|bidUp=5|bidDown=0.2|askUp=5|askDown=0.2|percentMins=5|minNotional=10|maxNotional=9000000|basePrecision=8|quotePrecision=8|quoteAssetPrecision=8,9,0,1281,2052,771,1564.7777777777778,1562,9,1,0,0,0,,,,0,,,,,0,0,,1281-1281|1408-1408|1412-1412|1509-1509|1562-1562|1565-1565|1577-1577|1717-1717|2052-2052
priceMin=0.01|priceMax=10000|priceTick=0.01|lotMin=0.1|lotMax=9222449|lotStep=0.1|bidUp=5|bidDown=0.2|askUp=5|askDown=0.2|percentMins=5|minNotional=10|maxNotional=90000000|basePrecision=8|quotePrecision=8|quoteAssetPrecision=8,9,0,1361,2718,1357,2196.6666666666665,2223,9,1,0,0,0,,,,0,,,,,0,0,,1361-1361|1485-1485|2186-2186|2209-2209|2223-2223|2301-2301|2607-2607|2680-2680|2718-2718
priceMin=0.000001|priceMax=1000|priceTick=0.000001|lotMin=0.1|lotMax=92141578|lotStep=0.1|bidUp=5|bidDown=0.2|askUp=5|askDown=0.2|percentMins=5|minNotional=0.01|maxNotional=9000000|basePrecision=8|quotePrecision=8|quoteAssetPrecision=8,9,0,1435,2246,811,1825.7777777777778,1926,9,1,0,0,0,,,,0,,,,,0,0,,1435-1435|1442-1442|1564-1564|1579-1579|1926-1926|1955-1955|2063-2063|2222-2222|2246-2246
priceMin=0.00001|priceMax=1000|priceTick=0.00001|lotMin=0.1|lotMax=92141578|lotStep=0.1|bidUp=2|bidDown=0.5|askUp=2|askDown=0.5|percentMins=5|minNotional=5|maxNotional=9000000|basePrecision=8|quotePrecision=8|quoteAssetPrecision=8,9,0,1698,3167,1469,2582.1111111111113,2663,9,1,0,0,0,,,,0,,,,,0,0,,1698-1698|1987-1987|2438-2438|2493-2493|2663-2663|2837-2837|2976-2976|2980-2980|3167-3167
priceMin=1|priceMax=999996|priceTick=1|lotMin=0.001|lotMax=92233|lotStep=0.001|bidUp=1.3|bidDown=0.5|askUp=2|askDown=0.7|percentMins=5|minNotional=10|maxNotional=90000000|basePrecision=8|quotePrecision=8|quoteAssetPrecision=8,9,0,2224,3442,1218,2620.3333333333335,2519,9,1,0,0,0,,,,0,,,,,0,0,,2224-2224|2240-2240|2252-2252|2312-2312|2519-2519|2544-2544|2688-2688|3362-3362|3442-3442
priceMin=1e-8|priceMax=1|priceTick=1e-8|lotMin=1|lotMax=36348600000|lotStep=1|bidUp=1.2|bidDown=0.5|askUp=2|askDown=0.8|percentMins=5|minNotional=1|maxNotional=9000000|basePrecision=2|quotePrecision=8|quoteAssetPrecision=8,9,0,2384,2778,394,2592.5555555555557,2679,8,2,0,0,0,,,,0,,,,,0,0,,2384-2384|2393-2394|2550-2550|2679-2679|2707-2707|2714-2714|2734-2734|2778-2778
priceMin=0.0001|priceMax=100|priceTick=0.0001|lotMin=0.1|lotMax=913205152|lotStep=0.1|bidUp=5|bidDown=0.2|askUp=5|askDown=0.2|percentMins=5|minNotional=5|maxNotional=9000000|basePrecision=8|quotePrecision=8|quoteAssetPrecision=8,9,0,2871,3178,307,3055.5555555555557,3094,9,1,0,0,0,,,,0,,,,,0,0,,2871-2871|2964-2964|2995-2995|3056-3056|3094-3094|3101-3101|3108-3108|3133-3133|3178-3178
priceMin=1e-8|priceMax=1000|priceTick=1e-8|lotMin=1|lotMax=92141578|lotStep=1|bidUp=5|bidDown=0.2|askUp=5|askDown=0.2|percentMins=5|minNotional=0.005|maxNotional=9000000|basePrecision=8|quotePrecision=8|quoteAssetPrecision=8,8,0,146,2073,1927,1085.5,1087.5,8,1,0,0,0,,,,0,,,,,0,0,,146-146|209-209|264-264|289-289|1886-1886|1888-1888|1929-1929|2073-2073
priceMin=1e-7|priceMax=1000|priceTick=1e-7|lotMin=1|lotMax=9000000|lotStep=1|bidUp=5|bidDown=0.2|askUp=5|askDown=0.2|percentMins=5|minNotional=0.01|maxNotional=9000000|basePrecision=8|quotePrecision=8|quoteAssetPrecision=8,8,0,180,792,612,598.75,606.5,8,1,0,0,0,,,,0,,,,,0,0,,180-180|529-529|539-539|567-567|646-646|750-750|787-787|792-792
priceMin=0.000001|priceMax=1000|priceTick=0.000001|lotMin=0.1|lotMax=9000000|lotStep=0.1|bidUp=5|bidDown=0.2|askUp=5|askDown=0.2|percentMins=5|minNotional=0.01|maxNotional=9000000|basePrecision=8|quotePrecision=8|quoteAssetPrecision=8,8,0,324,1023,699,707.5,742,8,1,0,0,0,,,,0,,,,,0,0,,324-324|330-330|637-637|640-640|844-844|875-875|987-987|1023-1023
priceMin=0.01|priceMax=1000|priceTick=0.01|lotMin=0.1|lotMax=92141578|lotStep=0.1|bidUp=1.3|bidDown=0.5|askUp=2|askDown=0.7|percentMins=5|minNotional=10|maxNotional=90000000|basePrecision=8|quotePrecision=8|quoteAssetPrecision=8,8,0,686,3689,3003,2515.75,2561.5,8,1,0,0,0,,,,0,,,,,0,0,,686-686|2140-2140|2422-2422|2455-2455|2668-2668|3014-3014|3052-3052|3689-3689
priceMin=0.0001|priceMax=1000|priceTick=0.0001|lotMin=0.01|lotMax=92141578|lotStep=0.01|bidUp=5|bidDown=0.2|askUp=5|askDown=0.2|percentMins=5|minNotional=10|maxNotional=9000000|basePrecision=8|quotePrecision=8|quoteAssetPrecision=8,8,0,957,2109,1152,1762.375,1831.5,8,1,0,0,0,,,,0,,,,,0,0,,957-957|1777-1777|1806-1806|1809-1809|1854-1854|1876-1876|1911-1911|2109-2109
priceMin=0.001|priceMax=10000|priceTick=0.001|lotMin=0.1|lotMax=90000|lotStep=0.1|bidUp=5|bidDown=0.2|askUp=5|askDown=0.2|percentMins=5|minNotional=5|maxNotional=9000000|basePrecision=8|quotePrecision=8|quoteAssetPrecision=8,8,0,1071,2514,1443,1660.625,1312.5,8,1,0,0,0,,,,0,,,,,0,0,,1071-1071|1164-1164|1247-1247|1260-1260|1365-1365|2311-2311|2353-2353|2514-2514
priceMin=0.001|priceMax=10000|priceTick=0.001|lotMin=1|lotMax=9222449|lotStep=1|bidUp=1.3|bidDown=0.5|askUp=2|askDown=0.7|percentMins=5|minNotional=10|maxNotional=90000000|basePrecision=8|quotePrecision=8|quoteAssetPrecision=8,8,0,1236,3268,2032,2644.125,2795,8,1,0,0,0,,,,0,,,,,0,0,,1236-1236|2324-2324|2483-2483|2683-2683|2907-2907|3043-3043|3209-3209|3268-3268
priceMin=0.0001|priceMax=10000|priceTick=0.0001|lotMin=0.1|lotMax=9222449|lotStep=0.1|bidUp=5|bidDown=0.2|askUp=5|askDown=0.2|percentMins=5|minNotional=5|maxNotional=9000000|basePrecision=8|quotePrecision=8|quoteAssetPrecision=8,8,0,1316,2942,1626,1645.875,1461.5,8,1,0,0,0,,,,0,,,,,0,0,,1316-1316|1345-1345|1411-1411|1413-1413|1510-1510|1512-1512|1718-1718|2942-2942
priceMin=0.000001|priceMax=1000|priceTick=0.000001|lotMin=0.1|lotMax=92141578|lotStep=0.1|bidUp=5|bidDown=0.2|askUp=5|askDown=0.2|percentMins=5|minNotional=0.05|maxNotional=9000000|basePrecision=8|quotePrecision=8|quoteAssetPrecision=8,8,0,1439,1696,257,1599.25,1607,8,1,0,0,0,,,,0,,,,,0,0,,1439-1439|1542-1542|1561-1561|1572-1572|1642-1642|1663-1663|1679-1679|1696-1696
priceMin=1e-7|priceMax=1000|priceTick=1e-7|lotMin=0.01|lotMax=92141578|lotStep=0.01|bidUp=5|bidDown=0.2|askUp=5|askDown=0.2|percentMins=5|minNotional=0.0001|maxNotional=9000000|basePrecision=8|quotePrecision=8|quoteAssetPrecision=8,8,0,1481,2595,1114,1857.75,1758,8,1,0,0,0,,,,0,,,,,0,0,,1481-1481|1602-1602|1720-1720|1734-1734|1782-1782|1802-1802|2146-2146|2595-2595
priceMin=0.0001|priceMax=1000|priceTick=0.0001|lotMin=1|lotMax=92141578|lotStep=1|bidUp=1.2|bidDown=0.5|askUp=2|askDown=0.8|percentMins=5|minNotional=5|maxNotional=9000000|basePrecision=8|quotePrecision=8|quoteAssetPrecision=8,8,0,1516,2884,1368,2012.375,1961,8,1,0,0,0,,,,0,,,,,0,0,,1516-1516|1585-1585|1702-1702|1757-1757|2165-2165|2196-2196|2294-2294|2884-2884
priceMin=0.001|priceMax=10000|priceTick=0.001|lotMin=0.001|lotMax=9222449|lotStep=0.001|bidUp=1.2|bidDown=0.5|askUp=2|askDown=0.8|percentMins=5|minNotional=5|maxNotional=9000000|basePrecision=8|quotePrecision=8|quoteAssetPrecision=8,8,0,1835,3555,1720,2901,3108,8,1,0,0,0,,,,0,,,,,0,0,,1835-1835|2150-2150|2685-2685|3034-3034|3182-3182|3214-3214|3553-3553|3555-3555
priceMin=0.0001|priceMax=1000|priceTick=0.0001|lotMin=0.01|lotMax=92141578|lotStep=0.01|bidUp=2|bidDown=0.5|askUp=2|askDown=0.5|percentMins=5|minNotional=5|maxNotional=9000000|basePrecision=8|quotePrecision=8|quoteAssetPrecision=8,8,0,1912,2931,1019,2473.375,2457,8,1,0,0,0,,,,0,,,,,0,0,,1912-1912|2064-2064|2341-2341|2434-2434|2480-2480|2790-2790|2835-2835|2931-2931
priceMin=0.000001|priceMax=100|priceTick=0.000001|lotMin=1|lotMax=913205152|lotStep=1|bidUp=1.2|bidDown=0.5|askUp=2|askDown=0.8|percentMins=5|minNotional=5|maxNotional=9000000|basePrecision=8|quotePrecision=8|quoteAssetPrecision=8,8,0,2161,3363,1202,2957.625,3143.5,6,2,0,0,0,,,,0,,,,,0,0,,2161-2161|2346-2346|3011-3011|3143-3144|3246-3247|3363-3363
priceMin=0.00001|priceMax=100|priceTick=0.00001|lotMin=1|lotMax=913205152|lotStep=1|bidUp=2|bidDown=0.5|askUp=2|askDown=0.5|percentMins=5|minNotional=5|maxNotional=9000000|basePrecision=8|quotePrecision=8|quoteAssetPrecision=8,8,0,2878,3319,441,3137.875,3119.5,8,1,0,0,0,,,,0,,,,,0,0,,2878-2878|3028-3028|3078-3078|3114-3114|3125-3125|3249-3249|3312-3312|3319-3319
priceMin=1e-8|priceMax=1000|priceTick=1e-8|lotMin=0.1|lotMax=90000000|lotStep=0.1|bidUp=1.2|bidDown=0.5|askUp=2|askDown=0.8|percentMins=5|minNotional=0.0001|maxNotional=9000000|basePrecision=8|quotePrecision=8|quoteAssetPrecision=8,7,0,90,1095,1005,487.57142857142856,471,7,1,0,0,0,,,,0,,,,,0,0,,90-90|171-171|328-328|471-471|620-620|638-638|1095-1095
priceMin=1e-8|priceMax=1000|priceTick=1e-8|lotMin=0.01|lotMax=90000000|lotStep=0.01|bidUp=5|bidDown=0.2|askUp=5|askDown=0.2|percentMins=5|minNotional=0.0001|maxNotional=9000000|basePrecision=8|quotePrecision=8|quoteAssetPrecision=8,7,0,194,1348,1154,1053,1309,7,1,0,0,0,,,,0,,,,,0,0,,194-194|907-907|956-956|1309-1309|1325-1325|1332-1332|1348-1348
priceMin=0.000001|priceMax=1000|priceTick=0.000001|lotMin=0.1|lotMax=9000000|lotStep=0.1|bidUp=5|bidDown=0.2|askUp=5|askDown=0.2|percentMins=5|minNotional=0.05|maxNotional=9000000|basePrecision=8|quotePrecision=8|quoteAssetPrecision=8,7,0,285,1056,771,692.7142857142857,712,7,1,0,0,0,,,,0,,,,,0,0,,285-285|345-345|619-619|712-712|896-896|936-936|1056-1056
priceMin=1e-7|priceMax=1000|priceTick=1e-7|lotMin=1|lotMax=90000000|lotStep=1|bidUp=5|bidDown=0.2|askUp=5|askDown=0.2|percentMins=5|minNotional=10|maxNotional=9000000|basePrecision=8|quotePrecision=8|quoteAssetPrecision=8,7,0,459,840,381,627.1428571428571,559,5,2,0,0,0,,,,0,,,,,0,0,,459-459|554-555|559-559|584-584|839-840
priceMin=0.00001|priceMax=100|priceTick=0.00001|lotMin=1|lotMax=913205152|lotStep=1|bidUp=5|bidDown=0.2|askUp=5|askDown=0.2|percentMins=5|minNotional=5|maxNotional=9000000|basePrecision=8|quotePrecision=8|quoteAssetPrecision=8,7,0,1618,3194,1576,2766.285714285714,3062,7,1,0,0,0,,,,0,,,,,0,0,,1618-1618|2153-2153|3042-3042|3062-3062|3138-3138|3157-3157|3194-3194
priceMin=1e-8|priceMax=1|priceTick=1e-8|lotMin=1|lotMax=46116860414|lotStep=1|bidUp=5|bidDown=0.2|askUp=5|askDown=0.2|percentMins=5|minNotional=0.01|maxNotional=9000000|basePrecision=8|quotePrecision=8|quoteAssetPrecision=8,7,0,3041,3193,152,3129.8571428571427,3137,7,1,0,0,0,,,,0,,,,,0,0,,3041-3041|3113-3113|3124-3124|3137-3137|3145-3145|3156-3156|3193-3193
priceMin=1e-8|priceMax=1|priceTick=1e-8|lotMin=0.1|lotMax=46116860414|lotStep=0.1|bidUp=5|bidDown=0.2|askUp=5|askDown=0.2|percentMins=5|minNotional=0.01|maxNotional=9000000|basePrecision=8|quotePrecision=8|quoteAssetPrecision=8,7,0,3082,3218,136,3145.4285714285716,3150,7,1,0,0,0,,,,0,,,,,0,0,,3082-3082|3093-3093|3100-3100|3150-3150|3177-3177|3198-3198|3218-3218
priceMin=0.000001|priceMax=1000|priceTick=0.000001|lotMin=0.001|lotMax=10000000|lotStep=0.001|bidUp=5|bidDown=0.2|askUp=5|askDown=0.2|percentMins=5|minNotional=0.0001|maxNotional=9000000|basePrecision=8|quotePrecision=8|quoteAssetPrecision=8,6,0,115,1047,932,443.8333333333333,400.5,5,2,0,0,0,,,,0,,,,,0,0,,115-115|165-165|400-401|535-535|1047-1047
priceMin=0.01|priceMax=1000000|priceTick=0.01|lotMin=0.00001|lotMax=9000|lotStep=0.00001|bidUp=5|bidDown=0.2|askUp=5|askDown=0.2|percentMins=5|minNotional=10|maxNotional=9000000|basePrecision=8|quotePrecision=8|quoteAssetPrecision=8,6,0,405,2067,1662,1207.5,1078.5,6,1,0,0,0,,,,0,,,,,0,0,,405-405|614-614|886-886|1271-1271|2002-2002|2067-2067
priceMin=0.00001|priceMax=1000|priceTick=0.00001|lotMin=0.1|lotMax=9000000|lotStep=0.1|bidUp=5|bidDown=0.2|askUp=5|askDown=0.2|percentMins=5|minNotional=5|maxNotional=9000000|basePrecision=8|quotePrecision=8|quoteAssetPrecision=8,6,0,596,917,321,720,697,6,1,0,0,0,,,,0,,,,,0,0,,596-596|649-649|678-678|716-716|764-764|917-917
priceMin=0.000001|priceMax=1000|priceTick=0.000001|lotMin=1|lotMax=92141578|lotStep=1|bidUp=5|bidDown=0.2|askUp=5|askDown=0.2|percentMins=5|minNotional=5|maxNotional=9000000|basePrecision=8|quotePrecision=8|quoteAssetPrecision=8,6,0,599,2807,2208,1325.3333333333333,1017,6,1,0,0,0,,,,0,,,,,0,0,,599-599|672-672|810-810|1224-1224|1840-1840|2807-2807
priceMin=0.01|priceMax=10000|priceTick=0.01|lotMin=0.01|lotMax=90000|lotStep=0.01|bidUp=5|bidDown=0.2|askUp=5|askDown=0.2|percentMins=5|minNotional=5|maxNotional=9000000|basePrecision=8|quotePrecision=8|quoteAssetPrecision=8,6,0,636,2340,1704,1294.8333333333333,1011.5,6,1,0,0,0,,,,0,,,,,0,0,,636-636|780-780|972-972|1051-1051|1990-1990|2340-2340
priceMin=0.00001|priceMax=1000|priceTick=0.00001|lotMin=0.1|lotMax=92141578|lotStep=0.1|bidUp=5|bidDown=0.2|askUp=5|askDown=0.2|percentMins=5|minNotional=5|maxNotional=9000000|basePrecision=8|quotePrecision=8|quoteAssetPrecision=8,6,0,1044,2915,1871,2009.6666666666667,2021.5,6,1,0,0,0,,,,0,,,,,0,0,,1044-1044|1441-1441|1547-1547|2496-2496|2615-2615|2915-2915
priceMin=0.0001|priceMax=10000|priceTick=0.0001|lotMin=1|lotMax=9222449|lotStep=1|bidUp=5|bidDown=0.2|askUp=5|askDown=0.2|percentMins=5|minNotional=10|maxNotional=9000000|basePrecision=8|quotePrecision=8|quoteAssetPrecision=8,6,0,1313,1475,162,1383.8333333333333,1356.5,6,1,0,0,0,,,,0,,,,,0,0,,1313-1313|1330-1330|1355-1355|1358-1358|1472-1472|1475-1475
priceMin=0.0001|priceMax=10000|priceTick=0.0001|lotMin=1|lotMax=9222449|lotStep=1|bidUp=5|bidDown=0.2|askUp=5|askDown=0.2|percentMins=5|minNotional=5|maxNotional=9000000|basePrecision=8|quotePrecision=8|quoteAssetPrecision=8,6,0,1314,2367,1053,1863,1898.5,6,1,0,0,0,,,,0,,,,,0,0,,1314-1314|1468-1468|1800-1800|1997-1997|2232-2232|2367-2367
priceMin=1e-7|priceMax=1000|priceTick=1e-7|lotMin=1|lotMax=92141578|lotStep=1|bidUp=5|bidDown=0.2|askUp=5|askDown=0.2|percentMins=5|minNotional=0.05|maxNotional=9000000|basePrecision=8|quotePrecision=8|quoteAssetPrecision=8,6,0,1460,1948,488,1718,1712.5,6,1,0,0,0,,,,0,,,,,0,0,,1460-1460|1591-1591|1674-1674|1751-1751|1884-1884|1948-1948
priceMin=0.01|priceMax=100000|priceTick=0.01|lotMin=0.01|lotMax=922327|lotStep=0.01|bidUp=5|bidDown=0.2|askUp=5|askDown=0.2|percentMins=5|minNotional=10|maxNotional=9000000|basePrecision=8|quotePrecision=8|quoteAssetPrecision=8,6,0,1484,2554,1070,1841,1720,6,1,0,0,0,,,,0,,,,,0,0,,1484-1484|1557-1557|1719-1719|1721-1721|2011-2011|2554-2554
priceMin=0.0001|priceMax=1000|priceTick=0.0001|lotMin=0.001|lotMax=92141578|lotStep=0.001|bidUp=5|bidDown=0.2|askUp=5|askDown=0.2|percentMins=5|minNotional=0.05|maxNotional=9000000|basePrecision=8|quotePrecision=8|quoteAssetPrecision=8,6,0,1525,1731,206,1601.5,1583.5,6,1,0,0,0,,,,0,,,,,0,0,,1525-1525|1549-1549|1568-1568|1599-1599|1637-1637|1731-1731
priceMin=1e-8|priceMax=1000|priceTick=1e-8|lotMin=1|lotMax=92141578|lotStep=1|bidUp=5|bidDown=0.2|askUp=5|askDown=0.2|percentMins=5|minNotional=0.05|maxNotional=9000000|basePrecision=8|quotePrecision=8|quoteAssetPrecision=8,6,0,1772,1932,160,1887.1666666666667,1908.5,4,3,0,0,0,,,,0,,,,,0,0,,1772-1772|1871-1871|1887-1887|1930-1932
priceMin=0.001|priceMax=10000|priceTick=0.001|lotMin=0.01|lotMax=9222449|lotStep=0.01|bidUp=1.3|bidDown=0.5|askUp=2|askDown=0.7|percentMins=5|minNotional=10|maxNotional=90000000|basePrecision=8|quotePrecision=8|quoteAssetPrecision=8,6,0,1798,3280,1482,2609.8333333333335,2656.5,6,1,0,0,0,,,,0,,,,,0,0,,1798-1798|2481-2481|2559-2559|2754-2754|2787-2787|3280-3280
priceMin=0.001|priceMax=100000|priceTick=0.001|lotMin=0.01|lotMax=922327|lotStep=0.01|bidUp=1.3|bidDown=0.5|askUp=2|askDown=0.7|percentMins=5|minNotional=10|maxNotional=90000000|basePrecision=8|quotePrecision=8|quoteAssetPrecision=8,6,0,2000,2836,836,2484,2520.5,6,1,0,0,0,,,,0,,,,,0,0,,2000-2000|2370-2370|2510-2510|2531-2531|2657-2657|2836-2836
priceMin=1e-8|priceMax=1|priceTick=1e-8|lotMin=1|lotMax=46116860414|lotStep=1|bidUp=2|bidDown=0.5|askUp=2|askDown=0.5|percentMins=5|minNotional=0.01|maxNotional=9000000|basePrecision=8|quotePrecision=8|quoteAssetPrecision=8,6,0,2905,3532,627,3214.5,3227.5,6,1,0,0,0,,,,0,,,,,0,0,,2905-2905|3077-3077|3207-3207|3248-3248|3318-3318|3532-3532
priceMin=1e-7|priceMax=1000|priceTick=1e-7|lotMin=0.1|lotMax=90000000|lotStep=0.1|bidUp=5|bidDown=0.2|askUp=5|askDown=0.2|percentMins=5|minNotional=0.0001|maxNotional=9000000|basePrecision=8|quotePrecision=8|quoteAssetPrecision=8,5,0,25,1296,1271,792,1162,5,1,0,0,0,,,,0,,,,,0,0,,25-25|248-248|1162-1162|1229-1229|1296-1296
priceMin=1e-7|priceMax=1000|priceTick=1e-7|lotMin=0.01|lotMax=90000000|lotStep=0.01|bidUp=1.2|bidDown=0.5|askUp=2|askDown=0.8|percentMins=5|minNotional=0.0001|maxNotional=9000000|basePrecision=8|quotePrecision=8|quoteAssetPrecision=8,5,0,44,1050,1006,538.8,501,5,1,0,0,0,,,,0,,,,,0,0,,44-44|59-59|501-501|1040-1040|1050-1050
priceMin=0.0001|priceMax=10000|priceTick=0.0001|lotMin=0.01|lotMax=900000|lotStep=0.01|bidUp=5|bidDown=0.2|askUp=5|askDown=0.2|percentMins=5|minNotional=0.05|maxNotional=9000000|basePrecision=8|quotePrecision=8|quoteAssetPrecision=8,5,0,99,906,807,357.6,311,5,1,0,0,0,,,,0,,,,,0,0,,99-99|153-153|311-311|319-319|906-906
priceMin=0.01|priceMax=1000000|priceTick=0.01|lotMin=0.000001|lotMax=9000|lotStep=0.000001|bidUp=5|bidDown=0.2|askUp=5|askDown=0.2|percentMins=5|minNotional=10|maxNotional=9000000|basePrecision=8|quotePrecision=8|quoteAssetPrecision=8,5,0,454,706,252,653.6,702,3,2,0,0,0,,,,0,,,,,0,0,,454-454|701-702|705-706
priceMin=0.001|priceMax=1000|priceTick=0.001|lotMin=0.1|lotMax=900000|lotStep=0.1|bidUp=5|bidDown=0.2|askUp=5|askDown=0.2|percentMins=5|minNotional=5|maxNotional=9000000|basePrecision=8|quotePrecision=8|quoteAssetPrecision=8,5,0,493,1272,779,1013.2,1096,5,1,0,0,0,,,,0,,,,,0,0,,493-493|935-935|1096-1096|1270-1270|1272-1272
priceMin=0.0001|priceMax=1000|priceTick=0.0001|lotMin=0.1|lotMax=9000000|lotStep=0.1|bidUp=5|bidDown=0.2|askUp=5|askDown=0.2|percentMins=5|minNotional=5|maxNotional=9000000|basePrecision=8|quotePrecision=8|quoteAssetPrecision=8,5,0,499,2414,1915,1642.2,2178,5,1,0,0,0,,,,0,,,,,0,0,,499-499|802-802|2178-2178|2318-2318|2414-2414
priceMin=0.00001|priceMax=1000|priceTick=0.00001|lotMin=1|lotMax=9000000|lotStep=1|bidUp=5|bidDown=0.2|askUp=5|askDown=0.2|percentMins=5|minNotional=5|maxNotional=9000000|basePrecision=8|quotePrecision=8|quoteAssetPrecision=8,5,0,601,1276,675,928.4,879,5,1,0,0,0,,,,0,,,,,0,0,,601-601|622-622|879-879|1264-1264|1276-1276
priceMin=0.00001|priceMax=1000|priceTick=0.00001|lotMin=1|lotMax=900000|lotStep=1|bidUp=2|bidDown=0.5|askUp=2|askDown=0.5|percentMins=5|minNotional=5|maxNotional=9000000|basePrecision=8|quotePrecision=8|quoteAssetPrecision=8,5,0,602,2979,2377,1683.6,1238,5,1,0,0,0,,,,0,,,,,0,0,,602-602|1075-1075|1238-1238|2524-2524|2979-2979
priceMin=0.00001|priceMax=1000|priceTick=0.00001|lotMin=0.01|lotMax=92141578|lotStep=0.01|bidUp=5|bidDown=0.2|askUp=5|askDown=0.2|percentMins=5|minNotional=0.05|maxNotional=9000000|basePrecision=8|quotePrecision=8|quoteAssetPrecision=8,5,0,679,1945,1266,1520.4,1722,5,1,0,0,0,,,,0,,,,,0,0,,679-679|1521-1521|1722-1722|1735-1735|1945-1945
priceMin=34.5|priceMax=51.8|priceTick=0.01|lotMin=1|lotMax=92141578|lotStep=1|bidUp=1.1|bidDown=0.8|askUp=1.2|askDown=0.9|percentMins=5|minNotional=10|maxNotional=90000000|basePrecision=8|quotePrecision=8|quoteAssetPrecision=8,5,0,687,3572,2885,2535.8,2642,5,1,0,0,0,,,,0,,,,,0,0,,687-687|2300-2300|2642-2642|3478-3478|3572-3572
priceMin=0.00001|priceMax=1000|priceTick=0.00001|lotMin=1|lotMax=9000000|lotStep=1|bidUp=2|bidDown=0.5|askUp=2|askDown=0.5|percentMins=5|minNotional=5|maxNotional=9000000|basePrecision=8|quotePrecision=8|quoteAssetPrecision=8,5,0,798,3212,2414,2122.4,2805,5,1,0,0,0,,,,0,,,,,0,0,,798-798|816-816|2805-2805|2981-2981|3212-3212
priceMin=0.000001|priceMax=1000|priceTick=0.000001|lotMin=0.1|lotMax=92141578|lotStep=0.1|bidUp=5|bidDown=0.2|askUp=5|askDown=0.2|percentMins=5|minNotional=10|maxNotional=9000000|basePrecision=8|quotePrecision=8|quoteAssetPrecision=8,5,0,1295,2029,734,1572.6,1390,5,1,0,0,0,,,,0,,,,,0,0,,1295-1295|1381-1381|1390-1390|1768-1768|2029-2029
priceMin=0.001|priceMax=10000|priceTick=0.001|lotMin=0.01|lotMax=90000|lotStep=0.01|bidUp=2|bidDown=0.5|askUp=2|askDown=0.5|percentMins=5|minNotional=5|maxNotional=9000000|basePrecision=8|quotePrecision=8|quoteAssetPrecision=8,5,0,1327,3002,1675,2110,2313,5,1,0,0,0,,,,0,,,,,0,0,,1327-1327|1404-1404|2313-2313|2504-2504|3002-3002
priceMin=0.001|priceMax=100000|priceTick=0.001|lotMin=0.01|lotMax=922327|lotStep=0.01|bidUp=5|bidDown=0.2|askUp=5|askDown=0.2|percentMins=5|minNotional=10|maxNotional=9000000|basePrecision=8|quotePrecision=8|quoteAssetPrecision=8,5,0,1423,1723,300,1536.6,1500,5,1,0,0,0,,,,0,,,,,0,0,,1423-1423|1483-1483|1500-1500|1554-1554|1723-1723
priceMin=0.001|priceMax=10000|priceTick=0.001|lotMin=0.01|lotMax=9222449|lotStep=0.01|bidUp=5|bidDown=0.2|askUp=5|askDown=0.2|percentMins=5|minNotional=10|maxNotional=9000000|basePrecision=8|quotePrecision=8|quoteAssetPrecision=8,5,0,1466,1817,351,1630.6,1612,5,1,0,0,0,,,,0,,,,,0,0,,1466-1466|1522-1522|1612-1612|1736-1736|1817-1817
priceMin=0.1|priceMax=100000|priceTick=0.1|lotMin=0.001|lotMax=922327|lotStep=0.001|bidUp=5|bidDown=0.2|askUp=5|askDown=0.2|percentMins=5|minNotional=10|maxNotional=9000000|basePrecision=8|quotePrecision=8|quoteAssetPrecision=8,5,0,1539,1898,359,1643.4,1598,5,1,0,0,0,,,,0,,,,,0,0,,1539-1539|1550-1550|1598-1598|1632-1632|1898-1898
priceMin=0.000001|priceMax=1000|priceTick=0.000001|lotMin=0.01|lotMax=92141578|lotStep=0.01|bidUp=5|bidDown=0.2|askUp=5|askDown=0.2|percentMins=5|minNotional=0.01|maxNotional=9000000|basePrecision=8|quotePrecision=8|quoteAssetPrecision=8,5,0,1553,2030,477,1868,1900,5,1,0,0,0,,,,0,,,,,0,0,,1553-1553|1869-1869|1900-1900|1988-1988|2030-2030
priceMin=0.001|priceMax=1000|priceTick=0.001|lotMin=0.1|lotMax=92141578|lotStep=0.1|bidUp=2|bidDown=0.5|askUp=2|askDown=0.5|percentMins=5|minNotional=5|maxNotional=9000000|basePrecision=8|quotePrecision=8|quoteAssetPrecision=8,5,0,1586,2545,959,2253.8,2472,5,1,0,0,0,,,,0,,,,,0,0,,1586-1586|2124-2124|2472-2472|2542-2542|2545-2545
priceMin=1e-8|priceMax=1|priceTick=1e-8|lotMin=1|lotMax=46116860414|lotStep=1|bidUp=2|bidDown=0.5|askUp=2|askDown=0.5|percentMins=5|minNotional=0.0001|maxNotional=9000000|basePrecision=8|quotePrecision=8|quoteAssetPrecision=8,5,0,2163,3267,1104,2676.6,2446,5,1,0,0,0,,,,0,,,,,0,0,,2163-2163|2404-2404|2446-2446|3103-3103|3267-3267
priceMin=0.000001|priceMax=1|priceTick=0.000001|lotMin=0.1|lotMax=46116860414|lotStep=0.1|bidUp=5|bidDown=0.2|askUp=5|askDown=0.2|percentMins=5|minNotional=0.01|maxNotional=9000000|basePrecision=8|quotePrecision=8|quoteAssetPrecision=8,5,0,2428,3072,644,2643.2,2541,5,1,0,0,0,,,,0,,,,,0,0,,2428-2428|2437-2437|2541-2541|2738-2738|3072-3072
priceMin=1|priceMax=999996|priceTick=1|lotMin=0.0001|lotMax=92233|lotStep=0.0001|bidUp=1.2|bidDown=0.5|askUp=2|askDown=0.8|percentMins=5|minNotional=100|maxNotional=900000000|basePrecision=8|quotePrecision=8|quoteAssetPrecision=8,5,0,2520,3608,1088,3199.8,3321,5,1,0,0,0,,,,0,,,,,0,0,,2520-2520|2944-2944|3321-3321|3606-3606|3608-3608
priceMin=1e-8|priceMax=1000|priceTick=1e-8|lotMin=1|lotMax=90000000|lotStep=1|bidUp=5|bidDown=0.2|askUp=5|askDown=0.2|percentMins=5|minNotional=0.001|maxNotional=9000000|basePrecision=8|quotePrecision=8|quoteAssetPrecision=8,4,0,6,338,332,156,140,4,1,0,0,0,,,,0,,,,,0,0,,6-6|38-38|242-242|338-338
priceMin=1e-7|priceMax=1000|priceTick=1e-7|lotMin=1|lotMax=90000000|lotStep=1|bidUp=5|bidDown=0.2|askUp=5|askDown=0.2|percentMins=5|minNotional=0.001|maxNotional=9000000|basePrecision=8|quotePrecision=8|quoteAssetPrecision=8,4,0,86,1064,978,371.25,167.5,4,1,0,0,0,,,,0,,,,,0,0,,86-86|128-128|207-207|1064-1064
priceMin=0.00001|priceMax=1000|priceTick=0.00001|lotMin=0.001|lotMax=9000000|lotStep=0.001|bidUp=5|bidDown=0.2|askUp=5|askDown=0.2|percentMins=5|minNotional=0.005|maxNotional=9000000|basePrecision=8|quotePrecision=8|quoteAssetPrecision=8,4,0,124,321,197,193.75,165,4,1,0,0,0,,,,0,,,,,0,0,,124-124|164-164|166-166|321-321
priceMin=0.000001|priceMax=1000|priceTick=0.000001|lotMin=1|lotMax=9000000|lotStep=1|bidUp=5|bidDown=0.2|askUp=5|askDown=0.2|percentMins=5|minNotional=0.01|maxNotional=9000000|basePrecision=8|quotePrecision=8|quoteAssetPrecision=8,4,0,167,1140,973,797.75,942,4,1,0,0,0,,,,0,,,,,0,0,,167-167|940-940|944-944|1140-1140
priceMin=1e-8|priceMax=1000|priceTick=1e-8|lotMin=1|lotMax=9000000|lotStep=1|bidUp=5|bidDown=0.2|askUp=5|askDown=0.2|percentMins=5|minNotional=0.01|maxNotional=9000000|basePrecision=8|quotePrecision=8|quoteAssetPrecision=8,4,0,271,961,690,533.25,450.5,4,1,0,0,0,,,,0,,,,,0,0,,271-271|378-378|523-523|961-961
priceMin=0.00001|priceMax=1000|priceTick=0.00001|lotMin=0.01|lotMax=9000000|lotStep=0.01|bidUp=5|bidDown=0.2|askUp=5|askDown=0.2|percentMins=5|minNotional=0.01|maxNotional=9000000|basePrecision=8|quotePrecision=8|quoteAssetPrecision=8,4,0,352,1102,750,748.25,769.5,4,1,0,0,0,,,,0,,,,,0,0,,352-352|500-500|1039-1039|1102-1102
priceMin=0.001|priceMax=1000|priceTick=0.001|lotMin=0.001|lotMax=900000|lotStep=0.001|bidUp=5|bidDown=0.2|askUp=5|askDown=0.2|percentMins=5|minNotional=0.05|maxNotional=9000000|basePrecision=8|quotePrecision=8|quoteAssetPrecision=8,4,0,396,1338,942,884.5,902,4,1,0,0,0,,,,0,,,,,0,0,,396-396|831-831|973-973|1338-1338
priceMin=0.000001|priceMax=1000|priceTick=0.000001|lotMin=1|lotMax=90000000|lotStep=1|bidUp=5|bidDown=0.2|askUp=5|askDown=0.2|percentMins=5|minNotional=10|maxNotional=9000000|basePrecision=8|quotePrecision=8|quoteAssetPrecision=8,4,0,460,1414,954,772.25,607.5,3,2,0,0,0,,,,0,,,,,0,0,,460-461|754-754|1414-1414
priceMin=1e-7|priceMax=100|priceTick=1e-7|lotMin=1|lotMax=913205152|lotStep=1|bidUp=5|bidDown=0.2|askUp=5|askDown=0.2|percentMins=5|minNotional=10|maxNotional=9000000|basePrecision=8|quotePrecision=8|quoteAssetPrecision=8,4,0,578,2044,1466,1371.75,1432.5,4,1,0,0,0,,,,0,,,,,0,0,,578-578|1395-1395|1470-1470|2044-2044
priceMin=0.1|priceMax=100000|priceTick=0.1|lotMin=0.001|lotMax=900000|lotStep=0.001|bidUp=5|bidDown=0.2|askUp=5|askDown=0.2|percentMins=5|minNotional=5|maxNotional=9000000|basePrecision=8|quotePrecision=8|quoteAssetPrecision=8,4,0,613,921,308,815.5,864,4,1,0,0,0,,,,0,,,,,0,0,,613-613|824-824|904-904|921-921
priceMin=0.01|priceMax=10000|priceTick=0.01|lotMin=0.001|lotMax=9222449|lotStep=0.001|bidUp=1.2|bidDown=0.5|askUp=2|askDown=0.8|percentMins=5|minNotional=5|maxNotional=9000000|basePrecision=8|quotePrecision=8|quoteAssetPrecision=8,4,0,691,3563,2872,2217.75,2308.5,4,1,0,0,0,,,,0,,,,,0,0,,691-691|2100-2100|2517-2517|3563-3563
priceMin=0.00001|priceMax=1000|priceTick=0.00001|lotMin=1|lotMax=9222449|lotStep=1|bidUp=5|bidDown=0.2|askUp=5|askDown=0.2|percentMins=5|minNotional=10|maxNotional=9000000|basePrecision=8|quotePrecision=8|quoteAssetPrecision=8,4,0,746,1320,574,1066.25,1099.5,4,1,0,0,0,,,,0,,,,,0,0,,746-746|891-891|1308-1308|1320-1320
priceMin=0.01|priceMax=100000|priceTick=0.01|lotMin=0.1|lotMax=922327|lotStep=0.1|bidUp=5|bidDown=0.2|askUp=5|askDown=0.2|percentMins=5|minNotional=1000|maxNotional=9000000|basePrecision=8|quotePrecision=8|quoteAssetPrecision=8,4,0,884,900,16,892,892,2,2,0,0,0,,,,0,,,,,0,0,,884-885|899-900
priceMin=1e-8|priceMax=1000|priceTick=1e-8|lotMin=0.01|lotMax=90000000|lotStep=0.01|bidUp=1.2|bidDown=0.5|askUp=2|askDown=0.8|percentMins=5|minNotional=0.0001|maxNotional=9000000|basePrecision=8|quotePrecision=8|quoteAssetPrecision=8,4,0,952,1285,333,1112.75,1107,4,1,0,0,0,,,,0,,,,,0,0,,952-952|1103-1103|1111-1111|1285-1285
priceMin=0.01|priceMax=100000|priceTick=0.01|lotMin=0.1|lotMax=922327|lotStep=0.1|bidUp=5|bidDown=0.2|askUp=5|askDown=0.2|percentMins=5|minNotional=100|maxNotional=90000000|basePrecision=8|quotePrecision=8|quoteAssetPrecision=8,4,0,1343,1726,383,1558,1581.5,4,1,0,0,0,,,,0,,,,,0,0,,1343-1343|1458-1458|1705-1705|1726-1726
priceMin=1e-8|priceMax=1|priceTick=1e-8|lotMin=1|lotMax=46116860414|lotStep=1|bidUp=1.2|bidDown=0.5|askUp=2|askDown=0.8|percentMins=5|minNotional=1|maxNotional=9000000|basePrecision=2|quotePrecision=8|quoteAssetPrecision=8,4,0,1419,2513,1094,1936,1906,4,1,0,0,0,,,,0,,,,,0,0,,1419-1419|1425-1425|2387-2387|2513-2513
priceMin=0.00001|priceMax=1000|priceTick=0.00001|lotMin=0.1|lotMax=92141578|lotStep=0.1|bidUp=5|bidDown=0.2|askUp=5|askDown=0.2|percentMins=5|minNotional=0.05|maxNotional=9000000|basePrecision=8|quotePrecision=8|quoteAssetPrecision=8,4,0,1478,1667,189,1576.5,1580.5,4,1,0,0,0,,,,0,,,,,0,0,,1478-1478|1504-1504|1657-1657|1667-1667
priceMin=0.0001|priceMax=100000|priceTick=0.0001|lotMin=1|lotMax=922327|lotStep=1|bidUp=5|bidDown=0.2|askUp=5|askDown=0.2|percentMins=5|minNotional=10|maxNotional=9000000|basePrecision=8|quotePrecision=8|quoteAssetPrecision=8,4,0,1492,1724,232,1551.75,1495.5,3,2,0,0,0,,,,0,,,,,0,0,,1492-1493|1498-1498|1724-1724
priceMin=1e-7|priceMax=1000|priceTick=1e-7|lotMin=0.1|lotMax=92141578|lotStep=0.1|bidUp=5|bidDown=0.2|askUp=5|askDown=0.2|percentMins=5|minNotional=0.05|maxNotional=9000000|basePrecision=8|quotePrecision=8|quoteAssetPrecision=8,4,0,1545,2023,478,1813,1842,4,1,0,0,0,,,,0,,,,,0,0,,1545-1545|1821-1821|1863-1863|2023-2023
priceMin=0.01|priceMax=100000|priceTick=0.01|lotMin=0.001|lotMax=922327|lotStep=0.001|bidUp=1.2|bidDown=0.5|askUp=2|askDown=0.8|percentMins=5|minNotional=5|maxNotional=9000000|basePrecision=8|quotePrecision=8|quoteAssetPrecision=8,4,0,1551,3036,1485,1954.75,1616,4,1,0,0,0,,,,0,,,,,0,0,,1551-1551|1597-1597|1635-1635|3036-3036
priceMin=0.01|priceMax=100000|priceTick=0.01|lotMin=0.001|lotMax=922327|lotStep=0.001|bidUp=5|bidDown=0.2|askUp=5|askDown=0.2|percentMins=5|minNotional=10|maxNotional=9000000|basePrecision=8|quotePrecision=8|quoteAssetPrecision=8,4,0,1569,1897,328,1681,1629,4,1,0,0,0,,,,0,,,,,0,0,,1569-1569|1622-1622|1636-1636|1897-1897
priceMin=0.00001|priceMax=100|priceTick=0.00001|lotMin=0.1|lotMax=913205152|lotStep=0.1|bidUp=2|bidDown=0.5|askUp=2|askDown=0.5|percentMins=5|minNotional=5|maxNotional=9000000|basePrecision=8|quotePrecision=8|quoteAssetPrecision=8,4,0,1617,3219,1602,2645.5,2873,4,1,0,0,0,,,,0,,,,,0,0,,1617-1617|2848-2848|2898-2898|3219-3219
priceMin=0.001|priceMax=1000|priceTick=0.001|lotMin=0.1|lotMax=92141578|lotStep=0.1|bidUp=1.2|bidDown=0.5|askUp=2|askDown=0.8|percentMins=5|minNotional=5|maxNotional=9000000|basePrecision=8|quotePrecision=8|quoteAssetPrecision=8,4,0,1669,2562,893,2155.75,2196,4,1,0,0,0,,,,0,,,,,0,0,,1669-1669|2158-2158|2234-2234|2562-2562
priceMin=0.000001|priceMax=1000|priceTick=0.000001|lotMin=0.01|lotMax=92141578|lotStep=0.01|bidUp=2|bidDown=0.5|askUp=2|askDown=0.5|percentMins=5|minNotional=0.001|maxNotional=9000000|basePrecision=8|quotePrecision=8|quoteAssetPrecision=8,4,0,1690,2292,602,1971,1951,4,1,0,0,0,,,,0,,,,,0,0,,1690-1690|1759-1759|2143-2143|2292-2292
priceMin=0.0001|priceMax=1000|priceTick=0.0001|lotMin=0.01|lotMax=92141578|lotStep=0.01|bidUp=5|bidDown=0.2|askUp=5|askDown=0.2|percentMins=5|minNotional=5|maxNotional=9000000|basePrecision=8|quotePrecision=8|quoteAssetPrecision=8,4,0,1778,2499,721,2064.5,1990.5,4,1,0,0,0,,,,0,,,,,0,0,,1778-1778|1965-1965|2016-2016|2499-2499
priceMin=0.001|priceMax=10000|priceTick=0.001|lotMin=0.001|lotMax=9222449|lotStep=0.001|bidUp=5|bidDown=0.2|askUp=5|askDown=0.2|percentMins=5|minNotional=10|maxNotional=9000000|basePrecision=8|quotePrecision=8|quoteAssetPrecision=8,4,0,1780,1992,212,1859.25,1832.5,4,1,0,0,0,,,,0,,,,,0,0,,1780-1780|1831-1831|1834-1834|1992-1992
priceMin=0.00001|priceMax=1000|priceTick=0.00001|lotMin=0.01|lotMax=92141578|lotStep=0.01|bidUp=1.2|bidDown=0.5|askUp=2|askDown=0.8|percentMins=5|minNotional=5|maxNotional=9000000|basePrecision=8|quotePrecision=8|quoteAssetPrecision=8,4,0,1807,2834,1027,2405.75,2491,4,1,0,0,0,,,,0,,,,,0,0,,1807-1807|2479-2479|2503-2503|2834-2834
priceMin=0.0001|priceMax=1000|priceTick=0.0001|lotMin=0.1|lotMax=92141578|lotStep=0.1|bidUp=1.3|bidDown=0.5|askUp=2|askDown=0.7|percentMins=5|minNotional=10|maxNotional=90000000|basePrecision=8|quotePrecision=8|quoteAssetPrecision=8,4,0,1814,3095,1281,2310.5,2166.5,4,1,0,0,0,,,,0,,,,,0,0,,1814-1814|1902-1902|2431-2431|3095-3095
priceMin=0.000001|priceMax=1000|priceTick=0.000001|lotMin=0.01|lotMax=92141578|lotStep=0.01|bidUp=5|bidDown=0.2|askUp=5|askDown=0.2|percentMins=5|minNotional=0.05|maxNotional=9000000|basePrecision=8|quotePrecision=8|quoteAssetPrecision=8,4,0,1827,1952,125,1886,1882.5,4,1,0,0,0,,,,0,,,,,0,0,,1827-1827|1842-1842|1923-1923|1952-1952
priceMin=0.00001|priceMax=1000|priceTick=0.00001|lotMin=0.1|lotMax=92141578|lotStep=0.1|bidUp=1.2|bidDown=0.5|askUp=2|askDown=0.8|percentMins=5|minNotional=1|maxNotional=9000000|basePrecision=8|quotePrecision=8|quoteAssetPrecision=8,4,0,1838,2926,1088,2581.25,2780.5,3,2,0,0,0,,,,0,,,,,0,0,,1838-1838|2636-2636|2925-2926
priceMin=1e-7|priceMax=1000|priceTick=1e-7|lotMin=0.01|lotMax=92141578|lotStep=0.01|bidUp=5|bidDown=0.2|askUp=5|askDown=0.2|percentMins=5|minNotional=0.005|maxNotional=9000000|basePrecision=8|quotePrecision=8|quoteAssetPrecision=8,4,0,1864,2072,208,1962.25,1956.5,4,1,0,0,0,,,,0,,,,,0,0,,1864-1864|1918-1918|1995-1995|2072-2072
priceMin=0.000001|priceMax=1000|priceTick=0.000001|lotMin=0.01|lotMax=92141578|lotStep=0.01|bidUp=5|bidDown=0.2|askUp=5|askDown=0.2|percentMins=5|minNotional=0.005|maxNotional=9000000|basePrecision=8|quotePrecision=8|quoteAssetPrecision=8,4,0,1882,2074,192,1972.5,1967,4,1,0,0,0,,,,0,,,,,0,0,,1882-1882|1892-1892|2042-2042|2074-2074
priceMin=0.01|priceMax=100000|priceTick=0.01|lotMin=0.01|lotMax=922327|lotStep=0.01|bidUp=1.3|bidDown=0.5|askUp=2|askDown=0.7|percentMins=5|minNotional=10|maxNotional=90000000|basePrecision=8|quotePrecision=8|quoteAssetPrecision=8,4,0,1962,2488,526,2316.25,2407.5,4,1,0,0,0,,,,0,,,,,0,0,,1962-1962|2349-2349|2466-2466|2488-2488
priceMin=0.01|priceMax=10000|priceTick=0.01|lotMin=0.1|lotMax=9222449|lotStep=0.1|bidUp=2|bidDown=0.5|askUp=2|askDown=0.5|percentMins=5|minNotional=10|maxNotional=90000000|basePrecision=8|quotePrecision=8|quoteAssetPrecision=8,4,0,2076,2618,542,2389.5,2432,4,1,0,0,0,,,,0,,,,,0,0,,2076-2076|2359-2359|2505-2505|2618-2618
priceMin=0.0001|priceMax=10000|priceTick=0.0001|lotMin=1|lotMax=9222449|lotStep=1|bidUp=1.3|bidDown=0.5|askUp=2|askDown=0.7|percentMins=5|minNotional=10|maxNotional=90000000|basePrecision=8|quotePrecision=8|quoteAssetPrecision=8,4,0,2369,2863,494,2530.25,2444.5,4,1,0,0,0,,,,0,,,,,0,0,,2369-2369|2402-2402|2487-2487|2863-2863
priceMin=0.00001|priceMax=100|priceTick=0.00001|lotMin=0.1|lotMax=913205152|lotStep=0.1|bidUp=1.2|bidDown=0.5|askUp=2|askDown=0.8|percentMins=5|minNotional=1|maxNotional=9000000|basePrecision=8|quotePrecision=8|quoteAssetPrecision=8,4,0,2737,2785,48,2767.25,2773.5,4,1,0,0,0,,,,0,,,,,0,0,,2737-2737|2770-2770|2777-2777|2785-2785
priceMin=0.000001|priceMax=1000|priceTick=0.000001|lotMin=0.001|lotMax=92141578|lotStep=0.001|bidUp=5|bidDown=0.2|askUp=5|askDown=0.2|percentMins=5|minNotional=0.0001|maxNotional=9000000|basePrecision=8|quotePrecision=8|quoteAssetPrecision=8,3,0,8,1600,1592,1058.3333333333333,1567,3,1,0,0,0,,,,0,,,,,0,0,,8-8|1567-1567|1600-1600
priceMin=1e-8|priceMax=1000|priceTick=1e-8|lotMin=1|lotMax=9000000|lotStep=1|bidUp=5|bidDown=0.2|askUp=5|askDown=0.2|percentMins=5|minNotional=0.0001|maxNotional=9000000|basePrecision=8|quotePrecision=8|quoteAssetPrecision=8,3,0,19,617,598,246.66666666666666,104,3,1,0,0,0,,,,0,,,,,0,0,,19-19|104-104|617-617
priceMin=0.000001|priceMax=1000|priceTick=0.000001|lotMin=0.1|lotMax=90000000|lotStep=0.1|bidUp=5|bidDown=0.2|askUp=5|askDown=0.2|percentMins=5|minNotional=0.005|maxNotional=9000000|basePrecision=8|quotePrecision=8|quoteAssetPrecision=8,3,0,26,1410,1384,561.6666666666666,249,3,1,0,0,0,,,,0,,,,,0,0,,26-26|249-249|1410-1410
priceMin=1e-7|priceMax=1000|priceTick=1e-7|lotMin=0.1|lotMax=90000000|lotStep=0.1|bidUp=5|bidDown=0.2|askUp=5|askDown=0.2|percentMins=5|minNotional=0.005|maxNotional=9000000|basePrecision=8|quotePrecision=8|quoteAssetPrecision=8,3,0,36,1197,1161,796.3333333333334,1156,3,1,0,0,0,,,,0,,,,,0,0,,36-36|1156-1156|1197-1197
priceMin=0.00001|priceMax=1000|priceTick=0.00001|lotMin=0.001|lotMax=9000000|lotStep=0.001|bidUp=1.2|bidDown=0.5|askUp=2|askDown=0.8|percentMins=5|minNotional=0.001|maxNotional=9000000|basePrecision=8|quotePrecision=8|quoteAssetPrecision=8,3,0,66,1090,1024,448.3333333333333,189,3,1,0,0,0,,,,0,,,,,0,0,,66-66|189-189|1090-1090
priceMin=1e-8|priceMax=1000|priceTick=1e-8|lotMin=1|lotMax=90000000|lotStep=1|bidUp=1.2|bidDown=0.5|askUp=2|askDown=0.8|percentMins=5|minNotional=0.0001|maxNotional=9000000|basePrecision=8|quotePrecision=8|quoteAssetPrecision=8,3,0,83,626,543,422,557,3,1,0,0,0,,,,0,,,,,0,0,,83-83|557-557|626-626
priceMin=1e-7|priceMax=1000|priceTick=1e-7|lotMin=1|lotMax=92141578|lotStep=1|bidUp=5|bidDown=0.2|askUp=5|askDown=0.2|percentMins=5|minNotional=0.005|maxNotional=9000000|basePrecision=8|quotePrecision=8|quoteAssetPrecision=8,3,0,105,1153,1048,486.3333333333333,201,3,1,0,0,0,,,,0,,,,,0,0,,105-105|201-201|1153-1153
priceMin=1e-7|priceMax=10000|priceTick=1e-7|lotMin=1|lotMax=9222449|lotStep=1|bidUp=5|bidDown=0.2|askUp=5|askDown=0.2|percentMins=5|minNotional=0.05|maxNotional=9000000|basePrecision=8|quotePrecision=8|quoteAssetPrecision=8,3,0,265,1491,1226,677.6666666666666,277,3,1,0,0,0,,,,0,,,,,0,0,,265-265|277-277|1491-1491
priceMin=0.000001|priceMax=1000|priceTick=0.000001|lotMin=0.1|lotMax=9000000|lotStep=0.1|bidUp=2|bidDown=0.5|askUp=2|askDown=0.5|percentMins=5|minNotional=0.01|maxNotional=9000000|basePrecision=8|quotePrecision=8|quoteAssetPrecision=8,3,0,297,1122,825,837.6666666666666,1094,3,1,0,0,0,,,,0,,,,,0,0,,297-297|1094-1094|1122-1122
priceMin=0.01|priceMax=1000000|priceTick=0.01|lotMin=0.00001|lotMax=9000|lotStep=0.00001|bidUp=2|bidDown=0.5|askUp=2|askDown=0.5|percentMins=5|minNotional=5|maxNotional=9000000|basePrecision=8|quotePrecision=8|quoteAssetPrecision=8,3,0,312,2744,2432,1325,919,3,1,0,0,0,,,,0,,,,,0,0,,312-312|919-919|2744-2744
priceMin=1e-8|priceMax=1000|priceTick=1e-8|lotMin=0.01|lotMax=90000000|lotStep=0.01|bidUp=2|bidDown=0.5|askUp=2|askDown=0.5|percentMins=5|minNotional=0.0001|maxNotional=9000000|basePrecision=8|quotePrecision=8|quoteAssetPrecision=8,3,0,317,1402,1085,952,1137,3,1,0,0,0,,,,0,,,,,0,0,,317-317|1137-1137|1402-1402
priceMin=0.01|priceMax=100000|priceTick=0.01|lotMin=0.0001|lotMax=90000|lotStep=0.0001|bidUp=5|bidDown=0.2|askUp=5|askDown=0.2|percentMins=5|minNotional=10|maxNotional=9000000|basePrecision=8|quotePrecision=8|quoteAssetPrecision=8,3,0,406,887,481,641.6666666666666,632,3,1,0,0,0,,,,0,,,,,0,0,,406-406|632-632|887-887
priceMin=0.01|priceMax=100000|priceTick=0.01|lotMin=0.001|lotMax=90000|lotStep=0.001|bidUp=5|bidDown=0.2|askUp=5|askDown=0.2|percentMins=5|minNotional=5|maxNotional=9000000|basePrecision=8|quotePrecision=8|quoteAssetPrecision=8,3,0,445,1362,917,813.6666666666666,634,3,1,0,0,0,,,,0,,,,,0,0,,445-445|634-634|1362-1362
priceMin=0.1|priceMax=100000|priceTick=0.1|lotMin=0.001|lotMax=90000|lotStep=0.001|bidUp=5|bidDown=0.2|askUp=5|askDown=0.2|percentMins=5|minNotional=5|maxNotional=9000000|basePrecision=8|quotePrecision=8|quoteAssetPrecision=8,3,0,475,756,281,631.3333333333334,663,3,1,0,0,0,,,,0,,,,,0,0,,475-475|663-663|756-756
priceMin=1e-8|priceMax=100|priceTick=1e-8|lotMin=1|lotMax=913205152|lotStep=1|bidUp=5|bidDown=0.2|askUp=5|askDown=0.2|percentMins=5|minNotional=0.01|maxNotional=9000000|basePrecision=8|quotePrecision=8|quoteAssetPrecision=8,3,0,575,2328,1753,1510,1627,3,1,0,0,0,,,,0,,,,,0,0,,575-575|1627-1627|2328-2328
priceMin=0.0001|priceMax=1000|priceTick=0.0001|lotMin=1|lotMax=9000000|lotStep=1|bidUp=2|bidDown=0.5|askUp=2|askDown=0.5|percentMins=5|minNotional=5|maxNotional=9000000|basePrecision=8|quotePrecision=8|quoteAssetPrecision=8,3,0,630,2819,2189,1945.6666666666667,2388,3,1,0,0,0,,,,0,,,,,0,0,,630-630|2388-2388|2819-2819
priceMin=0.01|priceMax=100000|priceTick=0.01|lotMin=0.01|lotMax=922320|lotStep=0.01|bidUp=5|bidDown=0.2|askUp=5|askDown=0.2|percentMins=5|minNotional=500|maxNotional=900000000|basePrecision=8|quotePrecision=8|quoteAssetPrecision=8,3,0,643,1183,540,966,1072,3,1,0,0,0,,,,0,,,,,0,0,,643-643|1072-1072|1183-1183
priceMin=0.1|priceMax=100000|priceTick=0.1|lotMin=0.001|lotMax=90000|lotStep=0.001|bidUp=5|bidDown=0.2|askUp=5|askDown=0.2|percentMins=5|minNotional=10|maxNotional=9000000|basePrecision=8|quotePrecision=8|quoteAssetPrecision=8,3,0,665,1339,674,1066,1194,3,1,0,0,0,,,,0,,,,,0,0,,665-665|1194-1194|1339-1339
priceMin=0.01|priceMax=10000|priceTick=0.01|lotMin=1|lotMax=9222449|lotStep=1|bidUp=5|bidDown=0.2|askUp=5|askDown=0.2|percentMins=5|minNotional=100|maxNotional=90000000|basePrecision=8|quotePrecision=8|quoteAssetPrecision=8,3,0,668,2260,1592,1505,1587,3,1,0,0,0,,,,0,,,,,0,0,,668-668|1587-1587|2260-2260
priceMin=0.00001|priceMax=1000|priceTick=0.00001|lotMin=1|lotMax=9000000|lotStep=1|bidUp=5|bidDown=0.2|askUp=5|askDown=0.2|percentMins=5|minNotional=10|maxNotional=9000000|basePrecision=8|quotePrecision=8|quoteAssetPrecision=8,3,0,711,2051,1340,1315.6666666666667,1185,3,1,0,0,0,,,,0,,,,,0,0,,711-711|1185-1185|2051-2051
priceMin=0.01|priceMax=100000|priceTick=0.01|lotMin=0.001|lotMax=90000|lotStep=0.001|bidUp=5|bidDown=0.2|askUp=5|askDown=0.2|percentMins=5|minNotional=10|maxNotional=9000000|basePrecision=8|quotePrecision=8|quoteAssetPrecision=8,3,0,725,832,107,771.3333333333334,757,3,1,0,0,0,,,,0,,,,,0,0,,725-725|757-757|832-832
priceMin=0.00001|priceMax=1000|priceTick=0.00001|lotMin=0.1|lotMax=9000000|lotStep=0.1|bidUp=2|bidDown=0.5|askUp=2|askDown=0.5|percentMins=5|minNotional=5|maxNotional=9000000|basePrecision=8|quotePrecision=8|quoteAssetPrecision=8,3,0,775,3160,2385,1580.6666666666667,807,3,1,0,0,0,,,,0,,,,,0,0,,775-775|807-807|3160-3160
priceMin=1|priceMax=50000000|priceTick=1|lotMin=0.001|lotMax=100000|lotStep=0.001|bidUp=5|bidDown=0.2|askUp=5|askDown=0.2|percentMins=5|minNotional=20000|maxNotional=9000000000|basePrecision=8|quotePrecision=2|quoteAssetPrecision=2,3,0,782,1019,237,879,836,3,1,0,0,0,,,,0,,,,,0,0,,782-782|836-836|1019-1019
priceMin=0.00001|priceMax=100000|priceTick=0.00001|lotMin=0.01|lotMax=920000|lotStep=0.01|bidUp=5|bidDown=0.2|askUp=5|askDown=0.2|percentMins=5|minNotional=10|maxNotional=9000000|basePrecision=8|quotePrecision=8|quoteAssetPrecision=8,3,0,854,1126,272,997.6666666666666,1013,3,1,0,0,0,,,,0,,,,,0,0,,854-854|1013-1013|1126-1126
priceMin=0.0001|priceMax=10000|priceTick=0.0001|lotMin=0.1|lotMax=922327|lotStep=0.1|bidUp=5|bidDown=0.2|askUp=5|askDown=0.2|percentMins=5|minNotional=10|maxNotional=9000000|basePrecision=8|quotePrecision=8|quoteAssetPrecision=8,3,0,938,1036,98,993,1005,3,1,0,0,0,,,,0,,,,,0,0,,938-938|1005-1005|1036-1036
priceMin=0.0001|priceMax=100000|priceTick=0.0001|lotMin=0.01|lotMax=920000|lotStep=0.01|bidUp=5|bidDown=0.2|askUp=5|askDown=0.2|percentMins=5|minNotional=10|maxNotional=9000000|basePrecision=8|quotePrecision=8|quoteAssetPrecision=8,3,0,1017,1127,110,1083.3333333333333,1106,3,1,0,0,0,,,,0,,,,,0,0,,1017-1017|1106-1106|1127-1127
priceMin=1e-8|priceMax=1|priceTick=1e-8|lotMin=1|lotMax=46116860414|lotStep=1|bidUp=5|bidDown=0.2|askUp=5|askDown=0.2|percentMins=5|minNotional=0.0001|maxNotional=9000000|basePrecision=8|quotePrecision=8|quoteAssetPrecision=8,3,0,1084,2372,1288,1664.3333333333333,1537,3,1,0,0,0,,,,0,,,,,0,0,,1084-1084|1537-1537|2372-2372
priceMin=0.000001|priceMax=1000|priceTick=0.000001|lotMin=0.01|lotMax=92141578|lotStep=0.01|bidUp=5|bidDown=0.2|askUp=5|askDown=0.2|percentMins=5|minNotional=0.001|maxNotional=9000000|basePrecision=8|quotePrecision=8|quoteAssetPrecision=8,3,0,1245,2339,1094,1883.3333333333333,2066,3,1,0,0,0,,,,0,,,,,0,0,,1245-1245|2066-2066|2339-2339
priceMin=0.00001|priceMax=1000|priceTick=0.00001|lotMin=1|lotMax=92141578|lotStep=1|bidUp=1.3|bidDown=0.5|askUp=2|askDown=0.7|percentMins=5|minNotional=10|maxNotional=90000000|basePrecision=8|quotePrecision=8|quoteAssetPrecision=8,3,0,1317,1933,616,1670,1760,3,1,0,0,0,,,,0,,,,,0,0,,1317-1317|1760-1760|1933-1933
priceMin=0.00001|priceMax=1000|priceTick=0.00001|lotMin=0.01|lotMax=92141578|lotStep=0.01|bidUp=5|bidDown=0.2|askUp=5|askDown=0.2|percentMins=5|minNotional=10|maxNotional=9000000|basePrecision=8|quotePrecision=8|quoteAssetPrecision=8,3,0,1394,1915,521,1741,1914,2,2,0,0,0,,,,0,,,,,0,0,,1394-1394|1914-1915
priceMin=0.00001|priceMax=1000|priceTick=0.00001|lotMin=0.01|lotMax=92141578|lotStep=0.01|bidUp=5|bidDown=0.2|askUp=5|askDown=0.2|percentMins=5|minNotional=0.01|maxNotional=9000000|basePrecision=8|quotePrecision=8|quoteAssetPrecision=8,3,0,1422,2597,1175,1919.3333333333333,1739,3,1,0,0,0,,,,0,,,,,0,0,,1422-1422|1739-1739|2597-2597
priceMin=0.00001|priceMax=10000|priceTick=0.00001|lotMin=1|lotMax=9222449|lotStep=1|bidUp=5|bidDown=0.2|askUp=5|askDown=0.2|percentMins=5|minNotional=10|maxNotional=9000000|basePrecision=8|quotePrecision=8|quoteAssetPrecision=8,3,0,1465,1502,37,1485.3333333333333,1489,3,1,0,0,0,,,,0,,,,,0,0,,1465-1465|1489-1489|1502-1502
priceMin=0.000001|priceMax=1000|priceTick=0.000001|lotMin=1|lotMax=92141578|lotStep=1|bidUp=5|bidDown=0.2|askUp=5|askDown=0.2|percentMins=5|minNotional=0.05|maxNotional=9000000|basePrecision=8|quotePrecision=8|quoteAssetPrecision=8,3,0,1474,1594,120,1525.3333333333333,1508,3,1,0,0,0,,,,0,,,,,0,0,,1474-1474|1508-1508|1594-1594
priceMin=0.01|priceMax=10000|priceTick=0.01|lotMin=0.001|lotMax=9222449|lotStep=0.001|bidUp=5|bidDown=0.2|askUp=5|askDown=0.2|percentMins=5|minNotional=10|maxNotional=9000000|basePrecision=8|quotePrecision=8|quoteAssetPrecision=8,3,0,1526,2099,573,1902.3333333333333,2082,3,1,0,0,0,,,,0,,,,,0,0,,1526-1526|2082-2082|2099-2099
priceMin=0.01|priceMax=10000|priceTick=0.01|lotMin=0.001|lotMax=9222449|lotStep=0.001|bidUp=2|bidDown=0.5|askUp=2|askDown=0.5|percentMins=5|minNotional=5|maxNotional=9000000|basePrecision=8|quotePrecision=8|quoteAssetPrecision=8,3,0,1527,2989,1462,2401,2687,3,1,0,0,0,,,,0,,,,,0,0,,1527-1527|2687-2687|2989-2989
priceMin=0.00001|priceMax=10000|priceTick=0.00001|lotMin=0.01|lotMax=9222449|lotStep=0.01|bidUp=1.2|bidDown=0.5|askUp=2|askDown=0.8|percentMins=5|minNotional=5|maxNotional=9000000|basePrecision=8|quotePrecision=8|quoteAssetPrecision=8,3,0,1611,2812,1201,2317,2528,3,1,0,0,0,,,,0,,,,,0,0,,1611-1611|2528-2528|2812-2812
priceMin=0.0001|priceMax=100|priceTick=0.0001|lotMin=0.1|lotMax=913205152|lotStep=0.1|bidUp=5|bidDown=0.2|askUp=5|askDown=0.2|percentMins=5|minNotional=10|maxNotional=9000000|basePrecision=8|quotePrecision=8|quoteAssetPrecision=8,3,0,1615,2084,469,1771.6666666666667,1616,2,2,0,0,0,,,,0,,,,,0,0,,1615-1616|2084-2084
priceMin=0.01|priceMax=999996|priceTick=0.01|lotMin=0.0001|lotMax=92233|lotStep=0.0001|bidUp=5|bidDown=0.2|askUp=5|askDown=0.2|percentMins=5|minNotional=10|maxNotional=9000000|basePrecision=8|quotePrecision=8|quoteAssetPrecision=8,3,0,1621,1867,246,1758,1786,3,1,0,0,0,,,,0,,,,,0,0,,1621-1621|1786-1786|1867-1867
priceMin=1e-7|priceMax=1000|priceTick=1e-7|lotMin=0.001|lotMax=92141578|lotStep=0.001|bidUp=2|bidDown=0.5|askUp=2|askDown=0.5|percentMins=5|minNotional=0.001|maxNotional=9000000|basePrecision=8|quotePrecision=8|quoteAssetPrecision=8,3,0,1686,1989,303,1845.6666666666667,1862,3,1,0,0,0,,,,0,,,,,0,0,,1686-1686|1862-1862|1989-1989
priceMin=0.01|priceMax=10000|priceTick=0.01|lotMin=0.1|lotMax=9222449|lotStep=0.1|bidUp=5|bidDown=0.2|askUp=5|askDown=0.2|percentMins=5|minNotional=10|maxNotional=9000000|basePrecision=8|quotePrecision=8|quoteAssetPrecision=8,3,0,1761,2675,914,2327.6666666666665,2547,3,1,0,0,0,,,,0,,,,,0,0,,1761-1761|2547-2547|2675-2675
priceMin=0.01|priceMax=100000|priceTick=0.01|lotMin=0.001|lotMax=922327|lotStep=0.001|bidUp=1.3|bidDown=0.5|askUp=2|askDown=0.7|percentMins=5|minNotional=10|maxNotional=90000000|basePrecision=8|quotePrecision=8|quoteAssetPrecision=8,3,0,1811,1996,185,1927.6666666666667,1976,3,1,0,0,0,,,,0,,,,,0,0,,1811-1811|1976-1976|1996-1996
priceMin=0.001|priceMax=10000|priceTick=0.001|lotMin=0.1|lotMax=9222449|lotStep=0.1|bidUp=2|bidDown=0.5|askUp=2|askDown=0.5|percentMins=5|minNotional=5|maxNotional=9000000|basePrecision=8|quotePrecision=8|quoteAssetPrecision=8,3,0,1812,3141,1329,2500.3333333333335,2548,3,1,0,0,0,,,,0,,,,,0,0,,1812-1812|2548-2548|3141-3141
priceMin=1e-8|priceMax=1000|priceTick=1e-8|lotMin=0.001|lotMax=92141578|lotStep=0.001|bidUp=5|bidDown=0.2|askUp=5|askDown=0.2|percentMins=5|minNotional=0.0001|maxNotional=9000000|basePrecision=8|quotePrecision=8|quoteAssetPrecision=8,3,0,1830,2028,198,1949.6666666666667,1991,3,1,0,0,0,,,,0,,,,,0,0,,1830-1830|1991-1991|2028-2028
priceMin=0.000001|priceMax=1000|priceTick=0.000001|lotMin=0.001|lotMax=92141578|lotStep=0.001|bidUp=2|bidDown=0.5|askUp=2|askDown=0.5|percentMins=5|minNotional=0.001|maxNotional=9000000|basePrecision=8|quotePrecision=8|quoteAssetPrecision=8,3,0,1856,1891,35,1868.6666666666667,1859,3,1,0,0,0,,,,0,,,,,0,0,,1856-1856|1859-1859|1891-1891
priceMin=1e-8|priceMax=1000|priceTick=1e-8|lotMin=0.1|lotMax=92141578|lotStep=0.1|bidUp=5|bidDown=0.2|askUp=5|askDown=0.2|percentMins=5|minNotional=0.005|maxNotional=9000000|basePrecision=8|quotePrecision=8|quoteAssetPrecision=8,3,0,1870,2024,154,1966,2004,3,1,0,0,0,,,,0,,,,,0,0,,1870-1870|2004-2004|2024-2024
priceMin=1e-8|priceMax=1000|priceTick=1e-8|lotMin=0.1|lotMax=92141578|lotStep=0.1|bidUp=5|bidDown=0.2|askUp=5|askDown=0.2|percentMins=5|minNotional=0.001|maxNotional=9000000|basePrecision=8|quotePrecision=8|quoteAssetPrecision=8,3,0,1889,2040,151,1958.3333333333333,1946,3,1,0,0,0,,,,0,,,,,0,0,,1889-1889|1946-1946|2040-2040
priceMin=1e-7|priceMax=1000|priceTick=1e-7|lotMin=0.1|lotMax=92141578|lotStep=0.1|bidUp=5|bidDown=0.2|askUp=5|askDown=0.2|percentMins=5|minNotional=0.01|maxNotional=9000000|basePrecision=8|quotePrecision=8|quoteAssetPrecision=8,3,0,1894,1979,85,1937,1938,3,1,0,0,0,,,,0,,,,,0,0,,1894-1894|1938-1938|1979-1979
priceMin=0.1|priceMax=10000|priceTick=0.1|lotMin=0.01|lotMax=9222449|lotStep=0.01|bidUp=1.3|bidDown=0.5|askUp=2|askDown=0.7|percentMins=5|minNotional=10|maxNotional=90000000|basePrecision=8|quotePrecision=8|quoteAssetPrecision=8,3,0,1947,2672,725,2300,2281,3,1,0,0,0,,,,0,,,,,0,0,,1947-1947|2281-2281|2672-2672
priceMin=0.00001|priceMax=1000|priceTick=0.00001|lotMin=0.1|lotMax=92141578|lotStep=0.1|bidUp=5|bidDown=0.2|askUp=5|askDown=0.2|percentMins=5|minNotional=1|maxNotional=9000000|basePrecision=8|quotePrecision=8|quoteAssetPrecision=8,3,0,2022,2941,919,2607,2858,3,1,0,0,0,,,,0,,,,,0,0,,2022-2022|2858-2858|2941-2941
priceMin=1e-7|priceMax=1000|priceTick=1e-7|lotMin=0.1|lotMax=92141578|lotStep=0.1|bidUp=5|bidDown=0.2|askUp=5|askDown=0.2|percentMins=5|minNotional=0.005|maxNotional=9000000|basePrecision=8|quotePrecision=8|quoteAssetPrecision=8,3,0,2039,2069,30,2058.6666666666665,2068,2,2,0,0,0,,,,0,,,,,0,0,,2039-2039|2068-2069
priceMin=0.001|priceMax=1000|priceTick=0.001|lotMin=1|lotMax=92141578|lotStep=1|bidUp=1.2|bidDown=0.8|askUp=1.2|askDown=0.8|percentMins=5|minNotional=20|maxNotional=9000000|basePrecision=8|quotePrecision=8|quoteAssetPrecision=8,3,0,2133,2984,851,2436.3333333333335,2192,3,1,0,0,0,,,,0,,,,,0,0,,2133-2133|2192-2192|2984-2984
priceMin=0.01|priceMax=10000|priceTick=0.01|lotMin=0.001|lotMax=9222449|lotStep=0.001|bidUp=5|bidDown=0.2|askUp=5|askDown=0.2|percentMins=5|minNotional=5|maxNotional=9000000|basePrecision=8|quotePrecision=8|quoteAssetPrecision=8,3,0,2181,2518,337,2316.6666666666665,2251,3,1,0,0,0,,,,0,,,,,0,0,,2181-2181|2251-2251|2518-2518
priceMin=0.1|priceMax=100000|priceTick=0.1|lotMin=0.01|lotMax=922327|lotStep=0.01|bidUp=5|bidDown=0.2|askUp=5|askDown=0.2|percentMins=5|minNotional=10|maxNotional=90000000|basePrecision=8|quotePrecision=8|quoteAssetPrecision=8,3,0,2190,2599,409,2359.3333333333335,2289,3,1,0,0,0,,,,0,,,,,0,0,,2190-2190|2289-2289|2599-2599
priceMin=0.01|priceMax=10000|priceTick=0.01|lotMin=1|lotMax=9222449|lotStep=1|bidUp=1.3|bidDown=0.5|askUp=2|askDown=0.7|percentMins=5|minNotional=10|maxNotional=90000000|basePrecision=8|quotePrecision=8|quoteAssetPrecision=8,3,0,2201,2876,675,2437.6666666666665,2236,3,1,0,0,0,,,,0,,,,,0,0,,2201-2201|2236-2236|2876-2876
priceMin=0.01|priceMax=100000|priceTick=0.01|lotMin=0.1|lotMax=922327|lotStep=0.1|bidUp=5|bidDown=0.2|askUp=5|askDown=0.2|percentMins=5|minNotional=10|maxNotional=90000000|basePrecision=8|quotePrecision=8|quoteAssetPrecision=8,3,0,2288,2315,27,2298.6666666666665,2293,3,1,0,0,0,,,,0,,,,,0,0,,2288-2288|2293-2293|2315-2315
priceMin=0.001|priceMax=10000|priceTick=0.001|lotMin=0.01|lotMax=9222449|lotStep=0.01|bidUp=2|bidDown=0.5|askUp=2|askDown=0.5|percentMins=5|minNotional=5|maxNotional=9000000|basePrecision=8|quotePrecision=8|quoteAssetPrecision=8,3,0,2342,2854,512,2617.3333333333335,2656,3,1,0,0,0,,,,0,,,,,0,0,,2342-2342|2656-2656|2854-2854
priceMin=0.0001|priceMax=10000|priceTick=0.0001|lotMin=0.01|lotMax=9222449|lotStep=0.01|bidUp=2|bidDown=0.5|askUp=2|askDown=0.5|percentMins=5|minNotional=5|maxNotional=9000000|basePrecision=8|quotePrecision=8|quoteAssetPrecision=8,3,0,2351,2530,179,2448.6666666666665,2465,3,1,0,0,0,,,,0,,,,,0,0,,2351-2351|2465-2465|2530-2530
priceMin=1e-8|priceMax=1|priceTick=1e-8|lotMin=0.01|lotMax=46116860414|lotStep=0.01|bidUp=5|bidDown=0.2|askUp=5|askDown=0.2|percentMins=5|minNotional=0.0001|maxNotional=9000000|basePrecision=8|quotePrecision=8|quoteAssetPrecision=8,3,0,2360,2833,473,2557,2478,3,1,0,0,0,,,,0,,,,,0,0,,2360-2360|2478-2478|2833-2833
priceMin=0.0001|priceMax=100|priceTick=0.0001|lotMin=1|lotMax=913205152|lotStep=1|bidUp=5|bidDown=0.2|askUp=5|askDown=0.2|percentMins=5|minNotional=10|maxNotional=90000000|basePrecision=8|quotePrecision=8|quoteAssetPrecision=8,3,0,2723,2935,212,2810.6666666666665,2774,3,1,0,0,0,,,,0,,,,,0,0,,2723-2723|2774-2774|2935-2935
priceMin=0.0001|priceMax=100|priceTick=0.0001|lotMin=0.1|lotMax=913205152|lotStep=0.1|bidUp=2|bidDown=0.5|askUp=2|askDown=0.5|percentMins=5|minNotional=1|maxNotional=9000000|basePrecision=8|quotePrecision=8|quoteAssetPrecision=8,3,0,2776,2789,13,2781.6666666666665,2780,3,1,0,0,0,,,,0,,,,,0,0,,2776-2776|2780-2780|2789-2789
priceMin=0.00001|priceMax=100|priceTick=0.00001|lotMin=0.1|lotMax=913205152|lotStep=0.1|bidUp=5|bidDown=0.2|askUp=5|askDown=0.2|percentMins=5|minNotional=5|maxNotional=9000000|basePrecision=8|quotePrecision=8|quoteAssetPrecision=8,3,0,2847,3224,377,3013.3333333333335,2969,3,1,0,0,0,,,,0,,,,,0,0,,2847-2847|2969-2969|3224-3224
priceMin=0.000001|priceMax=1|priceTick=0.000001|lotMin=0.01|lotMax=46116860414|lotStep=0.01|bidUp=2|bidDown=0.5|askUp=2|askDown=0.5|percentMins=5|minNotional=0.01|maxNotional=9000000|basePrecision=8|quotePrecision=8|quoteAssetPrecision=8,3,0,3324,3343,19,3335,3338,3,1,0,0,0,,,,0,,,,,0,0,,3324-3324|3338-3338|3343-3343
priceMin=0.000001|priceMax=100000|priceTick=0.000001|lotMin=0.001|lotMax=100000|lotStep=0.001|bidUp=1.2|bidDown=0.5|askUp=2|askDown=0.8|percentMins=5|minNotional=0.0001|maxNotional=9000000|basePrecision=8|quotePrecision=8|quoteAssetPrecision=8,2,0,1,2,1,1.5,1.5,1,2,0,0,0,,,,0,,,,,0,0,,1-2
priceMin=1e-7|priceMax=1000|priceTick=1e-7|lotMin=0.1|lotMax=90000000|lotStep=0.1|bidUp=2|bidDown=0.5|askUp=2|askDown=0.5|percentMins=5|minNotional=0.001|maxNotional=9000000|basePrecision=8|quotePrecision=8|quoteAssetPrecision=8,2,0,4,235,231,119.5,119.5,2,1,0,0,0,,,,0,,,,,0,0,,4-4|235-235
priceMin=1e-7|priceMax=1000|priceTick=1e-7|lotMin=0.1|lotMax=90000000|lotStep=0.1|bidUp=2|bidDown=0.5|askUp=2|askDown=0.5|percentMins=5|minNotional=0.0001|maxNotional=9000000|basePrecision=8|quotePrecision=8|quoteAssetPrecision=8,2,0,9,1225,1216,617,617,2,1,0,0,0,,,,0,,,,,0,0,,9-9|1225-1225
priceMin=0.000001|priceMax=1000|priceTick=0.000001|lotMin=0.01|lotMax=92141578|lotStep=0.01|bidUp=5|bidDown=0.2|askUp=5|askDown=0.2|percentMins=5|minNotional=0.0001|maxNotional=9000000|basePrecision=8|quotePrecision=8|quoteAssetPrecision=8,2,0,13,74,61,43.5,43.5,2,1,0,0,0,,,,0,,,,,0,0,,13-13|74-74
priceMin=0.000001|priceMax=1000|priceTick=0.000001|lotMin=0.01|lotMax=90000000|lotStep=0.01|bidUp=5|bidDown=0.2|askUp=5|askDown=0.2|percentMins=5|minNotional=0.001|maxNotional=9000000|basePrecision=8|quotePrecision=8|quoteAssetPrecision=8,2,0,41,195,154,118,118,2,1,0,0,0,,,,0,,,,,0,0,,41-41|195-195
priceMin=1e-7|priceMax=1000|priceTick=1e-7|lotMin=0.001|lotMax=10000000|lotStep=0.001|bidUp=1.2|bidDown=0.5|askUp=2|askDown=0.8|percentMins=5|minNotional=0.0001|maxNotional=9000000|basePrecision=8|quotePrecision=8|quoteAssetPrecision=8,2,0,65,70,5,67.5,67.5,2,1,0,0,0,,,,0,,,,,0,0,,65-65|70-70
priceMin=1e-8|priceMax=1000|priceTick=1e-8|lotMin=1|lotMax=90000000|lotStep=1|bidUp=1.2|bidDown=0.5|askUp=2|askDown=0.8|percentMins=5|minNotional=0.001|maxNotional=9000000|basePrecision=8|quotePrecision=8|quoteAssetPrecision=8,2,0,84,179,95,131.5,131.5,2,1,0,0,0,,,,0,,,,,0,0,,84-84|179-179
priceMin=1e-7|priceMax=1000|priceTick=1e-7|lotMin=0.1|lotMax=90000000|lotStep=0.1|bidUp=1.2|bidDown=0.5|askUp=2|askDown=0.8|percentMins=5|minNotional=0.001|maxNotional=9000000|basePrecision=8|quotePrecision=8|quoteAssetPrecision=8,2,0,91,172,81,131.5,131.5,2,1,0,0,0,,,,0,,,,,0,0,,91-91|172-172
priceMin=0.000001|priceMax=1000|priceTick=0.000001|lotMin=1|lotMax=900000|lotStep=1|bidUp=5|bidDown=0.2|askUp=5|askDown=0.2|percentMins=5|minNotional=0.05|maxNotional=9000000|basePrecision=8|quotePrecision=8|quoteAssetPrecision=8,2,0,101,302,201,201.5,201.5,2,1,0,0,0,,,,0,,,,,0,0,,101-101|302-302
priceMin=0.000001|priceMax=1000|priceTick=0.000001|lotMin=0.1|lotMax=900000|lotStep=0.1|bidUp=5|bidDown=0.2|askUp=5|askDown=0.2|percentMins=5|minNotional=0.05|maxNotional=9000000|basePrecision=8|quotePrecision=8|quoteAssetPrecision=8,2,0,118,240,122,179,179,2,1,0,0,0,,,,0,,,,,0,0,,118-118|240-240
priceMin=0.00001|priceMax=1000|priceTick=0.00001|lotMin=0.01|lotMax=9000000|lotStep=0.01|bidUp=5|bidDown=0.2|askUp=5|askDown=0.2|percentMins=5|minNotional=0.05|maxNotional=9000000|basePrecision=8|quotePrecision=8|quoteAssetPrecision=8,2,0,196,1180,984,688,688,2,1,0,0,0,,,,0,,,,,0,0,,196-196|1180-1180
priceMin=1e-7|priceMax=1000|priceTick=1e-7|lotMin=1|lotMax=9000000|lotStep=1|bidUp=5|bidDown=0.2|askUp=5|askDown=0.2|percentMins=5|minNotional=0.001|maxNotional=9000000|basePrecision=8|quotePrecision=8|quoteAssetPrecision=8,2,0,284,1288,1004,786,786,2,1,0,0,0,,,,0,,,,,0,0,,284-284|1288-1288
priceMin=1e-7|priceMax=1000|priceTick=1e-7|lotMin=0.1|lotMax=90000000|lotStep=0.1|bidUp=5|bidDown=0.2|askUp=5|askDown=0.2|percentMins=5|minNotional=0.001|maxNotional=9000000|basePrecision=8|quotePrecision=8|quoteAssetPrecision=8,2,0,329,1377,1048,853,853,2,1,0,0,0,,,,0,,,,,0,0,,329-329|1377-1377
priceMin=1e-7|priceMax=1000|priceTick=1e-7|lotMin=0.1|lotMax=9000000|lotStep=0.1|bidUp=2|bidDown=0.5|askUp=2|askDown=0.5|percentMins=5|minNotional=0.01|maxNotional=9000000|basePrecision=8|quotePrecision=8|quoteAssetPrecision=8,2,0,331,470,139,400.5,400.5,2,1,0,0,0,,,,0,,,,,0,0,,331-331|470-470
priceMin=0.01|priceMax=100000|priceTick=0.01|lotMin=0.001|lotMax=900000|lotStep=0.001|bidUp=2|bidDown=0.5|askUp=2|askDown=0.5|percentMins=5|minNotional=5|maxNotional=9000000|basePrecision=8|quotePrecision=8|quoteAssetPrecision=8,2,0,412,2706,2294,1559,1559,2,1,0,0,0,,,,0,,,,,0,0,,412-412|2706-2706
priceMin=0.0001|priceMax=10000|priceTick=0.0001|lotMin=0.1|lotMax=9222449|lotStep=0.1|bidUp=2|bidDown=0.5|askUp=2|askDown=0.5|percentMins=5|minNotional=5|maxNotional=9000000|basePrecision=8|quotePrecision=8|quoteAssetPrecision=8,2,0,413,3096,2683,1754.5,1754.5,2,1,0,0,0,,,,0,,,,,0,0,,413-413|3096-3096
priceMin=0.0001|priceMax=1000|priceTick=0.0001|lotMin=0.001|lotMax=900000|lotStep=0.001|bidUp=5|bidDown=0.2|askUp=5|askDown=0.2|percentMins=5|minNotional=0.05|maxNotional=9000000|basePrecision=8|quotePrecision=8|quoteAssetPrecision=8,2,0,476,489,13,482.5,482.5,2,1,0,0,0,,,,0,,,,,0,0,,476-476|489-489
priceMin=1e-7|priceMax=1000|priceTick=1e-7|lotMin=0.1|lotMax=9000000|lotStep=0.1|bidUp=5|bidDown=0.2|askUp=5|askDown=0.2|percentMins=5|minNotional=0.01|maxNotional=9000000|basePrecision=8|quotePrecision=8|quoteAssetPrecision=8,2,0,497,1055,558,776,776,2,1,0,0,0,,,,0,,,,,0,0,,497-497|1055-1055
priceMin=1e-7|priceMax=1000|priceTick=1e-7|lotMin=1|lotMax=92141578|lotStep=1|bidUp=5|bidDown=0.2|askUp=5|askDown=0.2|percentMins=5|minNotional=10|maxNotional=9000000|basePrecision=8|quotePrecision=8|quoteAssetPrecision=8,2,0,583,1849,1266,1216,1216,2,1,0,0,0,,,,0,,,,,0,0,,583-583|1849-1849
priceMin=0.000001|priceMax=1000|priceTick=0.000001|lotMin=1|lotMax=92141578|lotStep=1|bidUp=2|bidDown=0.5|askUp=2|askDown=0.5|percentMins=5|minNotional=5|maxNotional=9000000|basePrecision=8|quotePrecision=8|quoteAssetPrecision=8,2,0,603,3183,2580,1893,1893,2,1,0,0,0,,,,0,,,,,0,0,,603-603|3183-3183
priceMin=0.01|priceMax=10000|priceTick=0.01|lotMin=1|lotMax=9222449|lotStep=1|bidUp=1.2|bidDown=0.8|askUp=1.2|askDown=0.8|percentMins=5|minNotional=100|maxNotional=90000000|basePrecision=8|quotePrecision=8|quoteAssetPrecision=8,2,0,673,688,15,680.5,680.5,2,1,0,0,0,,,,0,,,,,0,0,,673-673|688-688
priceMin=1|priceMax=5000000|priceTick=1|lotMin=0.001|lotMax=9000|lotStep=0.001|bidUp=5|bidDown=0.2|askUp=5|askDown=0.2|percentMins=5|minNotional=1000|maxNotional=9000000|basePrecision=8|quotePrecision=8|quoteAssetPrecision=8,2,0,772,1093,321,932.5,932.5,2,1,0,0,0,,,,0,,,,,0,0,,772-772|1093-1093
priceMin=1|priceMax=9000000000|priceTick=1|lotMin=0.00001|lotMax=100000|lotStep=0.00001|bidUp=5|bidDown=0.2|askUp=5|askDown=0.2|percentMins=5|minNotional=20000|maxNotional=9000000000|basePrecision=8|quotePrecision=2|quoteAssetPrecision=2,2,0,781,834,53,807.5,807.5,2,1,0,0,0,,,,0,,,,,0,0,,781-781|834-834
priceMin=0.01|priceMax=1000000|priceTick=0.01|lotMin=0.00001|lotMax=9000|lotStep=0.00001|bidUp=5|bidDown=0.2|askUp=5|askDown=0.2|percentMins=5|minNotional=5|maxNotional=9000000|basePrecision=8|quotePrecision=8|quoteAssetPrecision=8,2,0,821,2373,1552,1597,1597,2,1,0,0,0,,,,0,,,,,0,0,,821-821|2373-2373
priceMin=0.01|priceMax=100000|priceTick=0.01|lotMin=0.0001|lotMax=90000|lotStep=0.0001|bidUp=5|bidDown=0.2|askUp=5|askDown=0.2|percentMins=5|minNotional=5|maxNotional=9000000|basePrecision=8|quotePrecision=8|quoteAssetPrecision=8,2,0,822,2375,1553,1598.5,1598.5,2,1,0,0,0,,,,0,,,,,0,0,,822-822|2375-2375
priceMin=0.000001|priceMax=1000|priceTick=0.000001|lotMin=0.001|lotMax=10000000|lotStep=0.001|bidUp=2|bidDown=0.5|askUp=2|askDown=0.5|percentMins=5|minNotional=0.0001|maxNotional=9000000|basePrecision=8|quotePrecision=8|quoteAssetPrecision=8,2,0,830,974,144,902,902,2,1,0,0,0,,,,0,,,,,0,0,,830-830|974-974
priceMin=1|priceMax=100099999|priceTick=1|lotMin=0.1|lotMax=1000000|lotStep=0.1|bidUp=1.2|bidDown=0.8|askUp=1.2|askDown=0.8|percentMins=5|minNotional=20000|maxNotional=9000000000|basePrecision=8|quotePrecision=2|quoteAssetPrecision=2,2,0,837,838,1,837.5,837.5,1,2,0,0,0,,,,0,,,,,0,0,,837-838
priceMin=0.00001|priceMax=1000|priceTick=0.00001|lotMin=0.1|lotMax=9000000|lotStep=0.1|bidUp=5|bidDown=0.2|askUp=5|askDown=0.2|percentMins=5|minNotional=0.01|maxNotional=9000000|basePrecision=8|quotePrecision=8|quoteAssetPrecision=8,2,0,847,932,85,889.5,889.5,2,1,0,0,0,,,,0,,,,,0,0,,847-847|932-932
priceMin=0.1|priceMax=100000|priceTick=0.1|lotMin=0.0001|lotMax=90000|lotStep=0.0001|bidUp=5|bidDown=0.2|askUp=5|askDown=0.2|percentMins=5|minNotional=5|maxNotional=9000000|basePrecision=8|quotePrecision=8|quoteAssetPrecision=8,2,0,869,2990,2121,1929.5,1929.5,2,1,0,0,0,,,,0,,,,,0,0,,869-869|2990-2990
priceMin=0.0001|priceMax=1000|priceTick=0.0001|lotMin=1|lotMax=9000000|lotStep=1|bidUp=1.2|bidDown=0.8|askUp=1.2|askDown=0.8|percentMins=5|minNotional=10|maxNotional=9000000|basePrecision=8|quotePrecision=8|quoteAssetPrecision=8,2,0,888,905,17,896.5,896.5,2,1,0,0,0,,,,0,,,,,0,0,,888-888|905-905
priceMin=0.01|priceMax=100000|priceTick=0.01|lotMin=0.0001|lotMax=90000|lotStep=0.0001|bidUp=2|bidDown=0.5|askUp=2|askDown=0.5|percentMins=5|minNotional=5|maxNotional=9000000|basePrecision=8|quotePrecision=8|quoteAssetPrecision=8,2,0,920,2786,1866,1853,1853,2,1,0,0,0,,,,0,,,,,0,0,,920-920|2786-2786
priceMin=0.00001|priceMax=1000|priceTick=0.00001|lotMin=0.1|lotMax=900000|lotStep=0.1|bidUp=5|bidDown=0.2|askUp=5|askDown=0.2|percentMins=5|minNotional=10|maxNotional=9000000|basePrecision=8|quotePrecision=8|quoteAssetPrecision=8,2,0,930,931,1,930.5,930.5,1,2,0,0,0,,,,0,,,,,0,0,,930-931
priceMin=1e-7|priceMax=1000|priceTick=1e-7|lotMin=0.01|lotMax=10000000|lotStep=0.01|bidUp=2|bidDown=0.5|askUp=2|askDown=0.5|percentMins=5|minNotional=0.0001|maxNotional=9000000|basePrecision=8|quotePrecision=8|quoteAssetPrecision=8,2,0,948,1000,52,974,974,2,1,0,0,0,,,,0,,,,,0,0,,948-948|1000-1000
priceMin=0.000001|priceMax=1000|priceTick=0.000001|lotMin=0.01|lotMax=9000000|lotStep=0.01|bidUp=2|bidDown=0.5|askUp=2|askDown=0.5|percentMins=5|minNotional=0.01|maxNotional=9000000|basePrecision=8|quotePrecision=8|quoteAssetPrecision=8,2,0,951,1110,159,1030.5,1030.5,2,1,0,0,0,,,,0,,,,,0,0,,951-951|1110-1110
priceMin=0.000001|priceMax=1000|priceTick=0.000001|lotMin=0.1|lotMax=9000000|lotStep=0.1|bidUp=5|bidDown=0.2|askUp=5|askDown=0.2|percentMins=5|minNotional=10|maxNotional=9000000|basePrecision=8|quotePrecision=8|quoteAssetPrecision=8,2,0,963,1366,403,1164.5,1164.5,2,1,0,0,0,,,,0,,,,,0,0,,963-963|1366-1366
priceMin=0.00001|priceMax=10000|priceTick=0.00001|lotMin=0.0001|lotMax=9222449|lotStep=0.0001|bidUp=1.1|bidDown=0.8|askUp=1.2|askDown=0.9|percentMins=5|minNotional=0.0001|maxNotional=9000000|basePrecision=8|quotePrecision=8|quoteAssetPrecision=8,2,0,966,3547,2581,2256.5,2256.5,2,1,0,0,0,,,,0,,,,,0,0,,966-966|3547-3547
priceMin=1|priceMax=1000000|priceTick=1|lotMin=0.0001|lotMax=9000|lotStep=0.0001|bidUp=5|bidDown=0.2|askUp=5|askDown=0.2|percentMins=5|minNotional=10|maxNotional=9000000|basePrecision=8|quotePrecision=8|quoteAssetPrecision=8,2,0,967,993,26,980,980,2,1,0,0,0,,,,0,,,,,0,0,,967-967|993-993
priceMin=0.00001|priceMax=1000|priceTick=0.00001|lotMin=0.0001|lotMax=92141578|lotStep=0.0001|bidUp=5|bidDown=0.2|askUp=5|askDown=0.2|percentMins=5|minNotional=0.0001|maxNotional=9000000|basePrecision=8|quotePrecision=8|quoteAssetPrecision=8,2,0,992,1128,136,1060,1060,2,1,0,0,0,,,,0,,,,,0,0,,992-992|1128-1128
priceMin=0.0001|priceMax=10000|priceTick=0.0001|lotMin=0.001|lotMax=900000|lotStep=0.001|bidUp=5|bidDown=0.2|askUp=5|askDown=0.2|percentMins=5|minNotional=0.05|maxNotional=9000000|basePrecision=8|quotePrecision=8|quoteAssetPrecision=8,2,0,995,1037,42,1016,1016,2,1,0,0,0,,,,0,,,,,0,0,,995-995|1037-1037
priceMin=0.01|priceMax=100000|priceTick=0.01|lotMin=0.001|lotMax=900000|lotStep=0.001|bidUp=5|bidDown=0.2|askUp=5|askDown=0.2|percentMins=5|minNotional=10|maxNotional=9000000|basePrecision=8|quotePrecision=8|quoteAssetPrecision=8,2,0,997,1038,41,1017.5,1017.5,2,1,0,0,0,,,,0,,,,,0,0,,997-997|1038-1038
priceMin=0.00001|priceMax=10000|priceTick=0.00001|lotMin=0.01|lotMax=900000|lotStep=0.01|bidUp=2|bidDown=0.5|askUp=2|askDown=0.5|percentMins=5|minNotional=0.01|maxNotional=9000000|basePrecision=8|quotePrecision=8|quoteAssetPrecision=8,2,0,999,1076,77,1037.5,1037.5,2,1,0,0,0,,,,0,,,,,0,0,,999-999|1076-1076
priceMin=0.00001|priceMax=1000|priceTick=0.00001|lotMin=1|lotMax=9222449|lotStep=1|bidUp=2|bidDown=0.5|askUp=2|askDown=0.5|percentMins=5|minNotional=5|maxNotional=9000000|basePrecision=8|quotePrecision=8|quoteAssetPrecision=8,2,0,1008,1324,316,1166,1166,2,1,0,0,0,,,,0,,,,,0,0,,1008-1008|1324-1324
priceMin=0.01|priceMax=1000000|priceTick=0.01|lotMin=0.1|lotMax=9200|lotStep=0.1|bidUp=5|bidDown=0.2|askUp=5|askDown=0.2|percentMins=5|minNotional=1000|maxNotional=9000000|basePrecision=8|quotePrecision=8|quoteAssetPrecision=8,2,0,1058,1100,42,1079,1079,2,1,0,0,0,,,,0,,,,,0,0,,1058-1058|1100-1100
priceMin=1e-7|priceMax=1000|priceTick=1e-7|lotMin=0.01|lotMax=90000000|lotStep=0.01|bidUp=2|bidDown=0.5|askUp=2|askDown=0.5|percentMins=5|minNotional=0.0001|maxNotional=9000000|basePrecision=8|quotePrecision=8|quoteAssetPrecision=8,2,0,1077,1299,222,1188,1188,2,1,0,0,0,,,,0,,,,,0,0,,1077-1077|1299-1299
priceMin=0.00001|priceMax=100|priceTick=0.00001|lotMin=1|lotMax=913205152|lotStep=1|bidUp=5|bidDown=0.2|askUp=5|askDown=0.2|percentMins=5|minNotional=10|maxNotional=9000000|basePrecision=8|quotePrecision=8|quoteAssetPrecision=8,2,0,1085,2091,1006,1588,1588,2,1,0,0,0,,,,0,,,,,0,0,,1085-1085|2091-2091
priceMin=4.3|priceMax=6.5|priceTick=0.0001|lotMin=0.1|lotMax=9222449|lotStep=0.1|bidUp=1.1|bidDown=0.8|askUp=1.2|askDown=0.9|percentMins=5|minNotional=10|maxNotional=9000000|basePrecision=8|quotePrecision=8|quoteAssetPrecision=8,2,0,1088,3203,2115,2145.5,2145.5,2,1,0,0,0,,,,0,,,,,0,0,,1088-1088|3203-3203
priceMin=0.001|priceMax=1000|priceTick=0.001|lotMin=0.01|lotMax=900000|lotStep=0.01|bidUp=1.2|bidDown=0.5|askUp=2|askDown=0.8|percentMins=5|minNotional=5|maxNotional=9000000|basePrecision=8|quotePrecision=8|quoteAssetPrecision=8,2,0,1139,3168,2029,2153.5,2153.5,2,1,0,0,0,,,,0,,,,,0,0,,1139-1139|3168-3168
priceMin=1|priceMax=1000007|priceTick=1|lotMin=0.00001|lotMax=92232|lotStep=0.00001|bidUp=5|bidDown=0.2|askUp=5|askDown=0.2|percentMins=5|minNotional=500|maxNotional=900000000|basePrecision=8|quotePrecision=8|quoteAssetPrecision=8,2,0,1204,1266,62,1235,1235,2,1,0,0,0,,,,0,,,,,0,0,,1204-1204|1266-1266
priceMin=0.0001|priceMax=1000|priceTick=0.0001|lotMin=1|lotMax=10000000|lotStep=1|bidUp=1.2|bidDown=0.8|askUp=1.2|askDown=0.8|percentMins=5|minNotional=10|maxNotional=9000000|basePrecision=8|quotePrecision=8|quoteAssetPrecision=8,2,0,1250,2258,1008,1754,1754,2,1,0,0,0,,,,0,,,,,0,0,,1250-1250|2258-2258
priceMin=0.000001|priceMax=1000|priceTick=0.000001|lotMin=0.1|lotMax=92141578|lotStep=0.1|bidUp=5|bidDown=0.2|askUp=5|askDown=0.2|percentMins=5|minNotional=0.005|maxNotional=9000000|basePrecision=8|quotePrecision=8|quoteAssetPrecision=8,2,0,1259,1583,324,1421,1421,2,1,0,0,0,,,,0,,,,,0,0,,1259-1259|1583-1583
priceMin=0.00001|priceMax=10000|priceTick=0.00001|lotMin=0.1|lotMax=9222449|lotStep=0.1|bidUp=1.2|bidDown=0.5|askUp=2|askDown=0.8|percentMins=5|minNotional=5|maxNotional=9000000|basePrecision=8|quotePrecision=8|quoteAssetPrecision=8,2,0,1282,1480,198,1381,1381,2,1,0,0,0,,,,0,,,,,0,0,,1282-1282|1480-1480
priceMin=0.0001|priceMax=1000|priceTick=0.0001|lotMin=0.1|lotMax=9222449|lotStep=0.1|bidUp=2|bidDown=0.5|askUp=2|askDown=0.5|percentMins=5|minNotional=5|maxNotional=9000000|basePrecision=8|quotePrecision=8|quoteAssetPrecision=8,2,0,1321,2793,1472,2057,2057,2,1,0,0,0,,,,0,,,,,0,0,,1321-1321|2793-2793
priceMin=0.000001|priceMax=10000|priceTick=0.000001|lotMin=1|lotMax=9222449|lotStep=1|bidUp=5|bidDown=0.2|askUp=5|askDown=0.2|percentMins=5|minNotional=5|maxNotional=9000000|basePrecision=8|quotePrecision=8|quoteAssetPrecision=8,2,0,1342,2242,900,1792,1792,2,1,0,0,0,,,,0,,,,,0,0,,1342-1342|2242-2242
priceMin=0.00001|priceMax=10000|priceTick=0.00001|lotMin=1|lotMax=9222449|lotStep=1|bidUp=1.2|bidDown=0.5|askUp=2|askDown=0.8|percentMins=5|minNotional=5|maxNotional=9000000|basePrecision=8|quotePrecision=8|quoteAssetPrecision=8,2,0,1359,2590,1231,1974.5,1974.5,2,1,0,0,0,,,,0,,,,,0,0,,1359-1359|2590-2590
priceMin=0.00001|priceMax=10000|priceTick=0.00001|lotMin=0.01|lotMax=9000000|lotStep=0.01|bidUp=5|bidDown=0.2|askUp=5|askDown=0.2|percentMins=5|minNotional=10|maxNotional=9000000|basePrecision=8|quotePrecision=8|quoteAssetPrecision=8,2,0,1363,1970,607,1666.5,1666.5,2,1,0,0,0,,,,0,,,,,0,0,,1363-1363|1970-1970
priceMin=0.1|priceMax=1000000|priceTick=0.1|lotMin=0.001|lotMax=9000|lotStep=0.001|bidUp=5|bidDown=0.2|askUp=5|askDown=0.2|percentMins=5|minNotional=10|maxNotional=9000000|basePrecision=8|quotePrecision=8|quoteAssetPrecision=8,2,0,1371,1372,1,1371.5,1371.5,1,2,0,0,0,,,,0,,,,,0,0,,1371-1372
priceMin=0.01|priceMax=1000|priceTick=0.01|lotMin=0.01|lotMax=92141578|lotStep=0.01|bidUp=5|bidDown=0.2|askUp=5|askDown=0.2|percentMins=5|minNotional=10|maxNotional=9000000|basePrecision=8|quotePrecision=8|quoteAssetPrecision=8,2,0,1388,1389,1,1388.5,1388.5,1,2,0,0,0,,,,0,,,,,0,0,,1388-1389
priceMin=0.00001|priceMax=10000|priceTick=0.00001|lotMin=0.1|lotMax=90000|lotStep=0.1|bidUp=5|bidDown=0.2|askUp=5|askDown=0.2|percentMins=5|minNotional=10|maxNotional=9000000|basePrecision=8|quotePrecision=8|quoteAssetPrecision=8,2,0,1397,1398,1,1397.5,1397.5,1,2,0,0,0,,,,0,,,,,0,0,,1397-1398
priceMin=0.0001|priceMax=1000|priceTick=0.0001|lotMin=1|lotMax=90000000|lotStep=1|bidUp=5|bidDown=0.2|askUp=5|askDown=0.2|percentMins=5|minNotional=10|maxNotional=9000000|basePrecision=8|quotePrecision=8|quoteAssetPrecision=8,2,0,1407,1416,9,1411.5,1411.5,2,1,0,0,0,,,,0,,,,,0,0,,1407-1407|1416-1416
priceMin=1e-8|priceMax=1|priceTick=1e-8|lotMin=1|lotMax=46116860414|lotStep=1|bidUp=5|bidDown=0.2|askUp=5|askDown=0.2|percentMins=5|minNotional=5|maxNotional=9000000|basePrecision=2|quotePrecision=8|quoteAssetPrecision=8,2,0,1420,1677,257,1548.5,1548.5,2,1,0,0,0,,,,0,,,,,0,0,,1420-1420|1677-1677
priceMin=0.001|priceMax=100000|priceTick=0.001|lotMin=0.01|lotMax=100000|lotStep=0.01|bidUp=1.2|bidDown=0.5|askUp=2|askDown=0.8|percentMins=5|minNotional=5|maxNotional=9000000|basePrecision=8|quotePrecision=8|quoteAssetPrecision=8,2,0,1433,2633,1200,2033,2033,2,1,0,0,0,,,,0,,,,,0,0,,1433-1433|2633-2633
priceMin=1e-7|priceMax=1|priceTick=1e-7|lotMin=1|lotMax=46116860414|lotStep=1|bidUp=1.3|bidDown=0.5|askUp=2|askDown=0.7|percentMins=5|minNotional=10|maxNotional=90000000|basePrecision=2|quotePrecision=8|quoteAssetPrecision=8,2,0,1456,2253,797,1854.5,1854.5,2,1,0,0,0,,,,0,,,,,0,0,,1456-1456|2253-2253
priceMin=1|priceMax=500000|priceTick=1|lotMin=0.1|lotMax=184467|lotStep=0.1|bidUp=5|bidDown=0.2|askUp=5|askDown=0.2|percentMins=5|minNotional=20000|maxNotional=9000000000|basePrecision=8|quotePrecision=2|quoteAssetPrecision=2,2,0,1457,1503,46,1480,1480,2,1,0,0,0,,,,0,,,,,0,0,,1457-1457|1503-1503
priceMin=0.000001|priceMax=10000|priceTick=0.000001|lotMin=1|lotMax=9222449|lotStep=1|bidUp=1.2|bidDown=0.5|askUp=2|askDown=0.8|percentMins=5|minNotional=5|maxNotional=9000000|basePrecision=8|quotePrecision=8|quoteAssetPrecision=8,2,0,1463,3380,1917,2421.5,2421.5,2,1,0,0,0,,,,0,,,,,0,0,,1463-1463|3380-3380
priceMin=0.000001|priceMax=10000|priceTick=0.000001|lotMin=1|lotMax=9222449|lotStep=1|bidUp=5|bidDown=0.2|askUp=5|askDown=0.2|percentMins=5|minNotional=10|maxNotional=9000000|basePrecision=8|quotePrecision=8|quoteAssetPrecision=8,2,0,1497,1499,2,1498,1498,2,1,0,0,0,,,,0,,,,,0,0,,1497-1497|1499-1499
priceMin=0.001|priceMax=10000|priceTick=0.001|lotMin=0.1|lotMax=9222449|lotStep=0.1|bidUp=5|bidDown=0.2|askUp=5|askDown=0.2|percentMins=5|minNotional=5|maxNotional=9000000|basePrecision=8|quotePrecision=8|quoteAssetPrecision=8,2,0,1506,1511,5,1508.5,1508.5,2,1,0,0,0,,,,0,,,,,0,0,,1506-1506|1511-1511
priceMin=1|priceMax=999996|priceTick=1|lotMin=0.01|lotMax=92233|lotStep=0.01|bidUp=5|bidDown=0.2|askUp=5|askDown=0.2|percentMins=5|minNotional=100|maxNotional=90000000|basePrecision=8|quotePrecision=8|quoteAssetPrecision=8,2,0,1517,1530,13,1523.5,1523.5,2,1,0,0,0,,,,0,,,,,0,0,,1517-1517|1530-1530
priceMin=0.001|priceMax=10000|priceTick=0.001|lotMin=0.01|lotMax=9222449|lotStep=0.01|bidUp=5|bidDown=0.2|askUp=5|askDown=0.2|percentMins=5|minNotional=5|maxNotional=9000000|basePrecision=8|quotePrecision=8|quoteAssetPrecision=8,2,0,1523,1531,8,1527,1527,2,1,0,0,0,,,,0,,,,,0,0,,1523-1523|1531-1531
priceMin=1e-7|priceMax=1000|priceTick=1e-7|lotMin=0.001|lotMax=92141578|lotStep=0.001|bidUp=5|bidDown=0.2|askUp=5|askDown=0.2|percentMins=5|minNotional=0.0001|maxNotional=9000000|basePrecision=8|quotePrecision=8|quoteAssetPrecision=8,2,0,1524,1833,309,1678.5,1678.5,2,1,0,0,0,,,,0,,,,,0,0,,1524-1524|1833-1833
priceMin=1e-7|priceMax=1000|priceTick=1e-7|lotMin=0.001|lotMax=92141578|lotStep=0.001|bidUp=2|bidDown=0.5|askUp=2|askDown=0.5|percentMins=5|minNotional=0.0001|maxNotional=9000000|basePrecision=8|quotePrecision=8|quoteAssetPrecision=8,2,0,1548,1730,182,1639,1639,2,1,0,0,0,,,,0,,,,,0,0,,1548-1548|1730-1730
priceMin=1e-8|priceMax=1|priceTick=1e-8|lotMin=1|lotMax=46116860414|lotStep=1|bidUp=5|bidDown=0.2|askUp=5|askDown=0.2|percentMins=5|minNotional=10|maxNotional=9000000|basePrecision=2|quotePrecision=8|quoteAssetPrecision=8,2,0,1556,2031,475,1793.5,1793.5,2,1,0,0,0,,,,0,,,,,0,0,,1556-1556|2031-2031
priceMin=1|priceMax=10000000|priceTick=1|lotMin=0.1|lotMax=9223371114|lotStep=0.1|bidUp=5|bidDown=0.2|askUp=5|askDown=0.2|percentMins=5|minNotional=20000|maxNotional=9000000000|basePrecision=8|quotePrecision=2|quoteAssetPrecision=2,2,0,1629,1764,135,1696.5,1696.5,2,1,0,0,0,,,,0,,,,,0,0,,1629-1629|1764-1764
priceMin=1|priceMax=999996|priceTick=1|lotMin=0.001|lotMax=92233|lotStep=0.001|bidUp=5|bidDown=0.2|askUp=5|askDown=0.2|percentMins=5|minNotional=100|maxNotional=90000000|basePrecision=8|quotePrecision=8|quoteAssetPrecision=8,2,0,1649,1799,150,1724,1724,2,1,0,0,0,,,,0,,,,,0,0,,1649-1649|1799-1799
priceMin=1|priceMax=100000000|priceTick=1|lotMin=0.01|lotMax=922337194|lotStep=0.01|bidUp=5|bidDown=0.2|askUp=5|askDown=0.2|percentMins=5|minNotional=20000|maxNotional=9000000000|basePrecision=8|quotePrecision=2|quoteAssetPrecision=2,2,0,1653,1654,1,1653.5,1653.5,1,2,0,0,0,,,,0,,,,,0,0,,1653-1654
priceMin=0.01|priceMax=1000|priceTick=0.01|lotMin=0.01|lotMax=92141578|lotStep=0.01|bidUp=1.3|bidDown=0.5|askUp=2|askDown=0.7|percentMins=5|minNotional=10|maxNotional=90000000|basePrecision=8|quotePrecision=8|quoteAssetPrecision=8,2,0,1691,1940,249,1815.5,1815.5,2,1,0,0,0,,,,0,,,,,0,0,,1691-1691|1940-1940
priceMin=1e-8|priceMax=1000|priceTick=1e-8|lotMin=1|lotMax=92141578|lotStep=1|bidUp=5|bidDown=0.2|askUp=5|askDown=0.2|percentMins=5|minNotional=0.01|maxNotional=9000000|basePrecision=8|quotePrecision=8|quoteAssetPrecision=8,2,0,1713,2007,294,1860,1860,2,1,0,0,0,,,,0,,,,,0,0,,1713-1713|2007-2007
priceMin=0.01|priceMax=10000|priceTick=0.01|lotMin=0.01|lotMax=9222449|lotStep=0.01|bidUp=1.2|bidDown=0.5|askUp=2|askDown=0.8|percentMins=5|minNotional=5|maxNotional=9000000|basePrecision=8|quotePrecision=8|quoteAssetPrecision=8,2,0,1741,2645,904,2193,2193,2,1,0,0,0,,,,0,,,,,0,0,,1741-1741|2645-2645
priceMin=0.001|priceMax=10000|priceTick=0.001|lotMin=0.1|lotMax=9222449|lotStep=0.1|bidUp=2|bidDown=0.5|askUp=2|askDown=0.5|percentMins=5|minNotional=10|maxNotional=90000000|basePrecision=8|quotePrecision=8|quoteAssetPrecision=8,2,0,1762,2832,1070,2297,2297,2,1,0,0,0,,,,0,,,,,0,0,,1762-1762|2832-2832
priceMin=1e-7|priceMax=1000|priceTick=1e-7|lotMin=0.01|lotMax=92141578|lotStep=0.01|bidUp=5|bidDown=0.2|askUp=5|askDown=0.2|percentMins=5|minNotional=0.05|maxNotional=9000000|basePrecision=8|quotePrecision=8|quoteAssetPrecision=8,2,0,1776,1958,182,1867,1867,2,1,0,0,0,,,,0,,,,,0,0,,1776-1776|1958-1958
priceMin=1|priceMax=10000000|priceTick=1|lotMin=0.01|lotMax=9223371110|lotStep=0.01|bidUp=5|bidDown=0.2|askUp=5|askDown=0.2|percentMins=5|minNotional=20000|maxNotional=9000000000|basePrecision=8|quotePrecision=2|quoteAssetPrecision=2,2,0,1818,1819,1,1818.5,1818.5,1,2,0,0,0,,,,0,,,,,0,0,,1818-1819
priceMin=0.01|priceMax=10000|priceTick=0.01|lotMin=0.01|lotMax=9222449|lotStep=0.01|bidUp=5|bidDown=0.2|askUp=5|askDown=0.2|percentMins=5|minNotional=10|maxNotional=90000000|basePrecision=8|quotePrecision=8|quoteAssetPrecision=8,2,0,1826,1841,15,1833.5,1833.5,2,1,0,0,0,,,,0,,,,,0,0,,1826-1826|1841-1841
priceMin=0.00001|priceMax=1000|priceTick=0.00001|lotMin=0.001|lotMax=92141578|lotStep=0.001|bidUp=2|bidDown=0.5|askUp=2|askDown=0.5|percentMins=5|minNotional=0.01|maxNotional=9000000|basePrecision=8|quotePrecision=8|quoteAssetPrecision=8,2,0,1843,2686,843,2264.5,2264.5,2,1,0,0,0,,,,0,,,,,0,0,,1843-1843|2686-2686
priceMin=0.000001|priceMax=1000|priceTick=0.000001|lotMin=0.001|lotMax=92141578|lotStep=0.001|bidUp=5|bidDown=0.2|askUp=5|askDown=0.2|percentMins=5|minNotional=0.05|maxNotional=9000000|basePrecision=8|quotePrecision=8|quoteAssetPrecision=8,2,0,1865,2027,162,1946,1946,2,1,0,0,0,,,,0,,,,,0,0,,1865-1865|2027-2027
priceMin=0.00001|priceMax=1000|priceTick=0.00001|lotMin=0.0001|lotMax=92141578|lotStep=0.0001|bidUp=5|bidDown=0.2|askUp=5|askDown=0.2|percentMins=5|minNotional=0.005|maxNotional=9000000|basePrecision=8|quotePrecision=8|quoteAssetPrecision=8,2,0,1883,1961,78,1922,1922,2,1,0,0,0,,,,0,,,,,0,0,,1883-1883|1961-1961
priceMin=1e-7|priceMax=1000|priceTick=1e-7|lotMin=0.01|lotMax=92141578|lotStep=0.01|bidUp=5|bidDown=0.2|askUp=5|askDown=0.2|percentMins=5|minNotional=0.001|maxNotional=9000000|basePrecision=8|quotePrecision=8|quoteAssetPrecision=8,2,0,1899,1922,23,1910.5,1910.5,2,1,0,0,0,,,,0,,,,,0,0,,1899-1899|1922-1922
priceMin=1e-8|priceMax=0.1|priceTick=1e-8|lotMin=1|lotMax=92233720368|lotStep=1|bidUp=5|bidDown=0.2|askUp=5|askDown=0.2|percentMins=5|minNotional=10|maxNotional=9000000|basePrecision=1|quotePrecision=8|quoteAssetPrecision=8,2,0,1908,2013,105,1960.5,1960.5,2,1,0,0,0,,,,0,,,,,0,0,,1908-1908|2013-2013
priceMin=0.0001|priceMax=1000|priceTick=0.0001|lotMin=1|lotMax=92141578|lotStep=1|bidUp=2|bidDown=0.5|askUp=2|askDown=0.5|percentMins=5|minNotional=10|maxNotional=90000000|basePrecision=8|quotePrecision=8|quoteAssetPrecision=8,2,0,1921,2409,488,2165,2165,2,1,0,0,0,,,,0,,,,,0,0,,1921-1921|2409-2409
priceMin=0.001|priceMax=10000|priceTick=0.001|lotMin=0.01|lotMax=9222449|lotStep=0.01|bidUp=5|bidDown=0.2|askUp=5|askDown=0.2|percentMins=5|minNotional=10|maxNotional=90000000|basePrecision=8|quotePrecision=8|quoteAssetPrecision=8,2,0,1936,2005,69,1970.5,1970.5,2,1,0,0,0,,,,0,,,,,0,0,,1936-1936|2005-2005
priceMin=0.000001|priceMax=1000|priceTick=0.000001|lotMin=0.001|lotMax=92141578|lotStep=0.001|bidUp=5|bidDown=0.2|askUp=5|askDown=0.2|percentMins=5|minNotional=0.005|maxNotional=9000000|basePrecision=8|quotePrecision=8|quoteAssetPrecision=8,2,0,2006,2075,69,2040.5,2040.5,2,1,0,0,0,,,,0,,,,,0,0,,2006-2006|2075-2075
priceMin=0.001|priceMax=1000|priceTick=0.001|lotMin=0.001|lotMax=92141578|lotStep=0.001|bidUp=5|bidDown=0.2|askUp=5|askDown=0.2|percentMins=5|minNotional=10|maxNotional=9000000|basePrecision=8|quotePrecision=8|quoteAssetPrecision=8,2,0,2026,2032,6,2029,2029,2,1,0,0,0,,,,0,,,,,0,0,,2026-2026|2032-2032
priceMin=0.000001|priceMax=100|priceTick=0.000001|lotMin=1|lotMax=913205152|lotStep=1|bidUp=5|bidDown=0.2|askUp=5|askDown=0.2|percentMins=5|minNotional=5|maxNotional=9000000|basePrecision=8|quotePrecision=8|quoteAssetPrecision=8,2,0,2070,3146,1076,2608,2608,2,1,0,0,0,,,,0,,,,,0,0,,2070-2070|3146-3146
priceMin=0.000001|priceMax=100|priceTick=0.000001|lotMin=1|lotMax=913205152|lotStep=1|bidUp=5|bidDown=0.2|askUp=5|askDown=0.2|percentMins=5|minNotional=10|maxNotional=9000000|basePrecision=8|quotePrecision=8|quoteAssetPrecision=8,2,0,2071,2116,45,2093.5,2093.5,2,1,0,0,0,,,,0,,,,,0,0,,2071-2071|2116-2116
priceMin=1e-7|priceMax=100|priceTick=1e-7|lotMin=0.01|lotMax=913205152|lotStep=0.01|bidUp=2|bidDown=0.5|askUp=2|askDown=0.5|percentMins=5|minNotional=0.001|maxNotional=9000000|basePrecision=8|quotePrecision=8|quoteAssetPrecision=8,2,0,2077,2080,3,2078.5,2078.5,2,1,0,0,0,,,,0,,,,,0,0,,2077-2077|2080-2080
priceMin=1e-8|priceMax=10|priceTick=1e-8|lotMin=0.01|lotMax=8384883677|lotStep=0.01|bidUp=1.2|bidDown=0.5|askUp=2|askDown=0.8|percentMins=5|minNotional=5|maxNotional=9000000|basePrecision=8|quotePrecision=8|quoteAssetPrecision=8,2,0,2092,3450,1358,2771,2771,2,1,0,0,0,,,,0,,,,,0,0,,2092-2092|3450-3450
priceMin=1e-8|priceMax=1|priceTick=1e-8|lotMin=0.1|lotMax=46116860414|lotStep=0.1|bidUp=1.2|bidDown=0.5|askUp=2|askDown=0.8|percentMins=5|minNotional=0.0001|maxNotional=9000000|basePrecision=8|quotePrecision=8|quoteAssetPrecision=8,2,0,2166,2256,90,2211,2211,2,1,0,0,0,,,,0,,,,,0,0,,2166-2166|2256-2256
priceMin=0.00001|priceMax=1000|priceTick=0.00001|lotMin=1|lotMax=92141578|lotStep=1|bidUp=5|bidDown=0.2|askUp=5|askDown=0.2|percentMins=5|minNotional=1|maxNotional=9000000|basePrecision=8|quotePrecision=8|quoteAssetPrecision=8,2,0,2169,2296,127,2232.5,2232.5,2,1,0,0,0,,,,0,,,,,0,0,,2169-2169|2296-2296
priceMin=0.1|priceMax=100000|priceTick=0.1|lotMin=0.1|lotMax=922327|lotStep=0.1|bidUp=5|bidDown=0.2|askUp=5|askDown=0.2|percentMins=5|minNotional=100|maxNotional=90000000|basePrecision=8|quotePrecision=8|quoteAssetPrecision=8,2,0,2185,2262,77,2223.5,2223.5,2,1,0,0,0,,,,0,,,,,0,0,,2185-2185|2262-2262
priceMin=3|priceMax=4.3|priceTick=0.001|lotMin=1|lotMax=92141578|lotStep=1|bidUp=1.2|bidDown=0.8|askUp=1.2|askDown=0.8|percentMins=5|minNotional=25|maxNotional=9000000|basePrecision=8|quotePrecision=8|quoteAssetPrecision=8,2,0,2188,2885,697,2536.5,2536.5,2,1,0,0,0,,,,0,,,,,0,0,,2188-2188|2885-2885
priceMin=1140|priceMax=1710|priceTick=0.1|lotMin=1|lotMax=922327|lotStep=1|bidUp=1.1|bidDown=0.8|askUp=1.2|askDown=0.9|percentMins=5|minNotional=2000|maxNotional=900000000|basePrecision=8|quotePrecision=8|quoteAssetPrecision=8,2,0,2193,3682,1489,2937.5,2937.5,2,1,0,0,0,,,,0,,,,,0,0,,2193-2193|3682-3682
priceMin=1e-8|priceMax=1000|priceTick=1e-8|lotMin=0.1|lotMax=92141578|lotStep=0.1|bidUp=1.2|bidDown=0.5|askUp=2|askDown=0.8|percentMins=5|minNotional=0.0001|maxNotional=9000000|basePrecision=8|quotePrecision=8|quoteAssetPrecision=8,2,0,2204,2233,29,2218.5,2218.5,2,1,0,0,0,,,,0,,,,,0,0,,2204-2204|2233-2233
priceMin=1e-8|priceMax=0.1|priceTick=1e-8|lotMin=1|lotMax=92233720368|lotStep=1|bidUp=5|bidDown=0.2|askUp=5|askDown=0.2|percentMins=5|minNotional=1|maxNotional=9000000|basePrecision=2|quotePrecision=8|quoteAssetPrecision=8,2,0,2211,2213,2,2212,2212,2,1,0,0,0,,,,0,,,,,0,0,,2211-2211|2213-2213
priceMin=1|priceMax=9999319|priceTick=1|lotMin=0.0001|lotMax=9223|lotStep=0.0001|bidUp=1.1|bidDown=0.8|askUp=1.2|askDown=0.9|percentMins=5|minNotional=10|maxNotional=90000000|basePrecision=8|quotePrecision=8|quoteAssetPrecision=8,2,0,2228,3548,1320,2888,2888,2,1,0,0,0,,,,0,,,,,0,0,,2228-2228|3548-3548
priceMin=0.001|priceMax=10000|priceTick=0.001|lotMin=1|lotMax=9222449|lotStep=1|bidUp=5|bidDown=0.2|askUp=5|askDown=0.2|percentMins=5|minNotional=10|maxNotional=90000000|basePrecision=8|quotePrecision=8|quoteAssetPrecision=8,2,0,2237,2317,80,2277,2277,2,1,0,0,0,,,,0,,,,,0,0,,2237-2237|2317-2317
priceMin=0.001|priceMax=1000|priceTick=0.001|lotMin=1|lotMax=92141578|lotStep=1|bidUp=2|bidDown=0.5|askUp=2|askDown=0.5|percentMins=5|minNotional=10|maxNotional=90000000|basePrecision=8|quotePrecision=8|quoteAssetPrecision=8,2,0,2249,2659,410,2454,2454,2,1,0,0,0,,,,0,,,,,0,0,,2249-2249|2659-2659
priceMin=0.000001|priceMax=1000|priceTick=0.000001|lotMin=0.01|lotMax=92141578|lotStep=0.01|bidUp=2|bidDown=0.5|askUp=2|askDown=0.5|percentMins=5|minNotional=0.01|maxNotional=9000000|basePrecision=8|quotePrecision=8|quoteAssetPrecision=8,2,0,2278,2655,377,2466.5,2466.5,2,1,0,0,0,,,,0,,,,,0,0,,2278-2278|2655-2655
priceMin=0.001|priceMax=1000|priceTick=0.001|lotMin=0.1|lotMax=900000|lotStep=0.1|bidUp=2|bidDown=0.5|askUp=2|askDown=0.5|percentMins=5|minNotional=5|maxNotional=9000000|basePrecision=8|quotePrecision=8|quoteAssetPrecision=8,2,0,2323,3396,1073,2859.5,2859.5,2,1,0,0,0,,,,0,,,,,0,0,,2323-2323|3396-3396
priceMin=0.000001|priceMax=100|priceTick=0.000001|lotMin=1|lotMax=913205152|lotStep=1|bidUp=1.2|bidDown=0.5|askUp=2|askDown=0.8|percentMins=5|minNotional=1|maxNotional=9000000|basePrecision=8|quotePrecision=8|quoteAssetPrecision=8,2,0,2329,2806,477,2567.5,2567.5,2,1,0,0,0,,,,0,,,,,0,0,,2329-2329|2806-2806
priceMin=0.0001|priceMax=100|priceTick=0.0001|lotMin=1|lotMax=913205152|lotStep=1|bidUp=1.3|bidDown=0.5|askUp=2|askDown=0.7|percentMins=5|minNotional=10|maxNotional=90000000|basePrecision=8|quotePrecision=8|quoteAssetPrecision=8,2,0,2332,2760,428,2546,2546,2,1,0,0,0,,,,0,,,,,0,0,,2332-2332|2760-2760
priceMin=0.0001|priceMax=1000|priceTick=0.0001|lotMin=0.1|lotMax=9000000|lotStep=0.1|bidUp=2|bidDown=0.5|askUp=2|askDown=0.5|percentMins=5|minNotional=5|maxNotional=9000000|basePrecision=8|quotePrecision=8|quoteAssetPrecision=8,2,0,2337,2958,621,2647.5,2647.5,2,1,0,0,0,,,,0,,,,,0,0,,2337-2337|2958-2958
priceMin=0.000001|priceMax=1000|priceTick=0.000001|lotMin=1|lotMax=92141578|lotStep=1|bidUp=1.1|bidDown=0.5|askUp=2|askDown=0.9|percentMins=5|minNotional=5|maxNotional=9000000|basePrecision=8|quotePrecision=8|quoteAssetPrecision=8,2,0,2371,3004,633,2687.5,2687.5,2,1,0,0,0,,,,0,,,,,0,0,,2371-2371|3004-3004
priceMin=1e-8|priceMax=1|priceTick=1e-8|lotMin=1|lotMax=36348600000|lotStep=1|bidUp=2|bidDown=0.5|askUp=2|askDown=0.5|percentMins=5|minNotional=1|maxNotional=9000000|basePrecision=2|quotePrecision=8|quoteAssetPrecision=8,2,0,2385,2745,360,2565,2565,2,1,0,0,0,,,,0,,,,,0,0,,2385-2385|2745-2745
priceMin=0.1|priceMax=100000|priceTick=0.1|lotMin=0.1|lotMax=922327|lotStep=0.1|bidUp=1.3|bidDown=0.5|askUp=2|askDown=0.7|percentMins=5|minNotional=10|maxNotional=90000000|basePrecision=8|quotePrecision=8|quoteAssetPrecision=8,2,0,2484,2933,449,2708.5,2708.5,2,1,0,0,0,,,,0,,,,,0,0,,2484-2484|2933-2933
priceMin=0.0001|priceMax=1000|priceTick=0.0001|lotMin=0.01|lotMax=92141578|lotStep=0.01|bidUp=1.2|bidDown=0.5|askUp=2|askDown=0.8|percentMins=5|minNotional=1|maxNotional=9000000|basePrecision=8|quotePrecision=8|quoteAssetPrecision=8,2,0,2508,2570,62,2539,2539,2,1,0,0,0,,,,0,,,,,0,0,,2508-2508|2570-2570
priceMin=1|priceMax=9999319|priceTick=1|lotMin=0.00001|lotMax=9223|lotStep=0.00001|bidUp=1.2|bidDown=0.5|askUp=2|askDown=0.8|percentMins=5|minNotional=100|maxNotional=900000000|basePrecision=8|quotePrecision=8|quoteAssetPrecision=8,2,0,2522,3466,944,2994,2994,2,1,0,0,0,,,,0,,,,,0,0,,2522-2522|3466-3466
priceMin=1e-7|priceMax=1|priceTick=1e-7|lotMin=1|lotMax=46000000000|lotStep=1|bidUp=1.2|bidDown=0.5|askUp=2|askDown=0.8|percentMins=5|minNotional=1|maxNotional=9000000|basePrecision=2|quotePrecision=8|quoteAssetPrecision=8,2,0,2537,2568,31,2552.5,2552.5,2,1,0,0,0,,,,0,,,,,0,0,,2537-2537|2568-2568
priceMin=14.2|priceMax=21.3|priceTick=0.01|lotMin=1|lotMax=9222449|lotStep=1|bidUp=1.1|bidDown=0.8|askUp=1.2|askDown=0.9|percentMins=5|minNotional=150|maxNotional=9000000|basePrecision=8|quotePrecision=8|quoteAssetPrecision=8,2,0,2580,3468,888,3024,3024,2,1,0,0,0,,,,0,,,,,0,0,,2580-2580|3468-3468
priceMin=0.01|priceMax=100000|priceTick=0.01|lotMin=0.1|lotMax=922327|lotStep=0.1|bidUp=1.2|bidDown=0.5|askUp=2|askDown=0.8|percentMins=5|minNotional=100|maxNotional=900000000|basePrecision=8|quotePrecision=8|quoteAssetPrecision=8,2,0,2608,2611,3,2609.5,2609.5,2,1,0,0,0,,,,0,,,,,0,0,,2608-2608|2611-2611
priceMin=0.000001|priceMax=10|priceTick=0.000001|lotMin=1|lotMax=8000000000|lotStep=1|bidUp=1.2|bidDown=0.5|askUp=2|askDown=0.8|percentMins=5|minNotional=5|maxNotional=9000000|basePrecision=2|quotePrecision=8|quoteAssetPrecision=8,2,0,2628,2647,19,2637.5,2637.5,2,1,0,0,0,,,,0,,,,,0,0,,2628-2628|2647-2647
priceMin=0.01|priceMax=10000|priceTick=0.01|lotMin=0.1|lotMax=9222449|lotStep=0.1|bidUp=1.2|bidDown=0.5|askUp=2|askDown=0.8|percentMins=5|minNotional=10|maxNotional=9000000|basePrecision=8|quotePrecision=8|quoteAssetPrecision=8,2,0,2648,2759,111,2703.5,2703.5,2,1,0,0,0,,,,0,,,,,0,0,,2648-2648|2759-2759
priceMin=0.01|priceMax=10000|priceTick=0.01|lotMin=1|lotMax=9222449|lotStep=1|bidUp=1.2|bidDown=0.5|askUp=2|askDown=0.8|percentMins=5|minNotional=100|maxNotional=900000000|basePrecision=8|quotePrecision=8|quoteAssetPrecision=8,2,0,2702,2903,201,2802.5,2802.5,2,1,0,0,0,,,,0,,,,,0,0,,2702-2702|2903-2903
priceMin=1e-8|priceMax=1|priceTick=1e-8|lotMin=1|lotMax=36348600000|lotStep=1|bidUp=5|bidDown=0.2|askUp=5|askDown=0.2|percentMins=5|minNotional=0.01|maxNotional=9000000|basePrecision=2|quotePrecision=8|quoteAssetPrecision=8,2,0,2708,2748,40,2728,2728,2,1,0,0,0,,,,0,,,,,0,0,,2708-2708|2748-2748
priceMin=1e-7|priceMax=1|priceTick=1e-7|lotMin=1|lotMax=36348600000|lotStep=1|bidUp=2|bidDown=0.5|askUp=2|askDown=0.5|percentMins=5|minNotional=1|maxNotional=9000000|basePrecision=2|quotePrecision=8|quoteAssetPrecision=8,2,0,2709,2741,32,2725,2725,2,1,0,0,0,,,,0,,,,,0,0,,2709-2709|2741-2741
priceMin=0.000001|priceMax=1|priceTick=0.000001|lotMin=1|lotMax=36348600000|lotStep=1|bidUp=5|bidDown=0.2|askUp=5|askDown=0.2|percentMins=5|minNotional=10|maxNotional=9000000|basePrecision=2|quotePrecision=8|quoteAssetPrecision=8,2,0,2713,2755,42,2734,2734,2,1,0,0,0,,,,0,,,,,0,0,,2713-2713|2755-2755
priceMin=0.01|priceMax=10000|priceTick=0.01|lotMin=0.1|lotMax=9222449|lotStep=0.1|bidUp=1.2|bidDown=0.5|askUp=2|askDown=0.8|percentMins=5|minNotional=100|maxNotional=900000000|basePrecision=8|quotePrecision=8|quoteAssetPrecision=8,2,0,2730,2882,152,2806,2806,2,1,0,0,0,,,,0,,,,,0,0,,2730-2730|2882-2882
priceMin=0.000001|priceMax=10|priceTick=0.000001|lotMin=1|lotMax=8384883677|lotStep=1|bidUp=1.2|bidDown=0.5|askUp=2|askDown=0.8|percentMins=5|minNotional=1|maxNotional=9000000|basePrecision=8|quotePrecision=8|quoteAssetPrecision=8,2,0,2735,2814,79,2774.5,2774.5,2,1,0,0,0,,,,0,,,,,0,0,,2735-2735|2814-2814
priceMin=1e-7|priceMax=1|priceTick=1e-7|lotMin=1|lotMax=36348600000|lotStep=1|bidUp=1.2|bidDown=0.5|askUp=2|askDown=0.8|percentMins=5|minNotional=1|maxNotional=9000000|basePrecision=2|quotePrecision=8|quoteAssetPrecision=8,2,0,2736,2809,73,2772.5,2772.5,2,1,0,0,0,,,,0,,,,,0,0,,2736-2736|2809-2809
priceMin=0.0001|priceMax=100|priceTick=0.0001|lotMin=0.1|lotMax=913205152|lotStep=0.1|bidUp=5|bidDown=0.2|askUp=5|askDown=0.2|percentMins=5|minNotional=1|maxNotional=9000000|basePrecision=8|quotePrecision=8|quoteAssetPrecision=8,2,0,2739,2784,45,2761.5,2761.5,2,1,0,0,0,,,,0,,,,,0,0,,2739-2739|2784-2784
priceMin=0.00001|priceMax=10|priceTick=0.00001|lotMin=1|lotMax=8000000000|lotStep=1|bidUp=1.3|bidDown=0.5|askUp=2|askDown=0.7|percentMins=5|minNotional=10|maxNotional=90000000|basePrecision=2|quotePrecision=8|quoteAssetPrecision=8,2,0,2742,2746,4,2744,2744,2,1,0,0,0,,,,0,,,,,0,0,,2742-2742|2746-2746
priceMin=1e-7|priceMax=1|priceTick=1e-7|lotMin=1|lotMax=36348600000|lotStep=1|bidUp=1.2|bidDown=0.5|askUp=2|askDown=0.8|percentMins=5|minNotional=5|maxNotional=9000000|basePrecision=2|quotePrecision=8|quoteAssetPrecision=8,2,0,2747,2813,66,2780,2780,2,1,0,0,0,,,,0,,,,,0,0,,2747-2747|2813-2813
priceMin=0.0001|priceMax=100|priceTick=0.0001|lotMin=0.1|lotMax=913205152|lotStep=0.1|bidUp=1.2|bidDown=0.5|askUp=2|askDown=0.8|percentMins=5|minNotional=1|maxNotional=9000000|basePrecision=8|quotePrecision=8|quoteAssetPrecision=8,2,0,2769,2781,12,2775,2775,2,1,0,0,0,,,,0,,,,,0,0,,2769-2769|2781-2781
priceMin=0.00001|priceMax=1000|priceTick=0.00001|lotMin=0.1|lotMax=92141578|lotStep=0.1|bidUp=1.1|bidDown=0.5|askUp=2|askDown=0.9|percentMins=5|minNotional=5|maxNotional=9000000|basePrecision=8|quotePrecision=8|quoteAssetPrecision=8,2,0,2826,2886,60,2856,2856,2,1,0,0,0,,,,0,,,,,0,0,,2826-2826|2886-2886
priceMin=0.000001|priceMax=1000|priceTick=0.000001|lotMin=0.1|lotMax=92141578|lotStep=0.1|bidUp=1.2|bidDown=0.5|askUp=2|askDown=0.8|percentMins=5|minNotional=1|maxNotional=9000000|basePrecision=8|quotePrecision=8|quoteAssetPrecision=8,2,0,2856,2867,11,2861.5,2861.5,2,1,0,0,0,,,,0,,,,,0,0,,2856-2856|2867-2867
priceMin=0.0001|priceMax=1000|priceTick=0.0001|lotMin=0.001|lotMax=92141578|lotStep=0.001|bidUp=1.2|bidDown=0.5|askUp=2|askDown=0.8|percentMins=5|minNotional=5|maxNotional=9000000|basePrecision=8|quotePrecision=8|quoteAssetPrecision=8,2,0,2918,2919,1,2918.5,2918.5,1,2,0,0,0,,,,0,,,,,0,0,,2918-2919
priceMin=0.000001|priceMax=1|priceTick=0.000001|lotMin=1|lotMax=36348600000|lotStep=1|bidUp=1.2|bidDown=0.5|askUp=2|askDown=0.8|percentMins=5|minNotional=1|maxNotional=9000000|basePrecision=2|quotePrecision=8|quoteAssetPrecision=8,2,0,2923,2924,1,2923.5,2923.5,1,2,0,0,0,,,,0,,,,,0,0,,2923-2924
priceMin=1|priceMax=9999319|priceTick=1|lotMin=0.001|lotMax=9223|lotStep=0.001|bidUp=2|bidDown=0.5|askUp=2|askDown=0.5|percentMins=5|minNotional=2000|maxNotional=900000000|basePrecision=8|quotePrecision=8|quoteAssetPrecision=8,2,0,2955,2956,1,2955.5,2955.5,1,2,0,0,0,,,,0,,,,,0,0,,2955-2956
priceMin=0.00001|priceMax=100|priceTick=0.00001|lotMin=0.1|lotMax=813000000|lotStep=0.1|bidUp=1.2|bidDown=0.5|askUp=2|askDown=0.8|percentMins=5|minNotional=1|maxNotional=9000000|basePrecision=8|quotePrecision=8|quoteAssetPrecision=8,2,0,3018,3019,1,3018.5,3018.5,1,2,0,0,0,,,,0,,,,,0,0,,3018-3019
priceMin=0.00001|priceMax=100|priceTick=0.00001|lotMin=1|lotMax=813000000|lotStep=1|bidUp=1.2|bidDown=0.5|askUp=2|askDown=0.8|percentMins=5|minNotional=1|maxNotional=9000000|basePrecision=8|quotePrecision=8|quoteAssetPrecision=8,2,0,3021,3025,4,3023,3023,2,1,0,0,0,,,,0,,,,,0,0,,3021-3021|3025-3025
priceMin=0.000001|priceMax=10|priceTick=0.000001|lotMin=1|lotMax=8080000000|lotStep=1|bidUp=1.2|bidDown=0.5|askUp=2|askDown=0.8|percentMins=5|minNotional=1|maxNotional=9000000|basePrecision=8|quotePrecision=8|quoteAssetPrecision=8,2,0,3023,3024,1,3023.5,3023.5,1,2,0,0,0,,,,0,,,,,0,0,,3023-3024
priceMin=0.01|priceMax=10000|priceTick=0.01|lotMin=0.01|lotMax=9222449|lotStep=0.01|bidUp=1.2|bidDown=0.5|askUp=2|askDown=0.8|percentMins=5|minNotional=100|maxNotional=900000000|basePrecision=8|quotePrecision=8|quoteAssetPrecision=8,2,0,3128,3465,337,3296.5,3296.5,2,1,0,0,0,,,,0,,,,,0,0,,3128-3128|3465-3465
priceMin=0.000001|priceMax=10|priceTick=0.000001|lotMin=1|lotMax=8384883677|lotStep=1|bidUp=2|bidDown=0.5|askUp=2|askDown=0.5|percentMins=5|minNotional=5|maxNotional=9000000|basePrecision=8|quotePrecision=8|quoteAssetPrecision=8,2,0,3190,3213,23,3201.5,3201.5,2,1,0,0,0,,,,0,,,,,0,0,,3190-3190|3213-3213
priceMin=1e-7|priceMax=1|priceTick=1e-7|lotMin=0.1|lotMax=46116860414|lotStep=0.1|bidUp=1.2|bidDown=0.5|askUp=2|askDown=0.8|percentMins=5|minNotional=0.01|maxNotional=9000000|basePrecision=8|quotePrecision=8|quoteAssetPrecision=8,2,0,3241,3332,91,3286.5,3286.5,2,1,0,0,0,,,,0,,,,,0,0,,3241-3241|3332-3332
priceMin=0.8|priceMax=1.2|priceTick=0.0001|lotMin=1|lotMax=92141578|lotStep=1|bidUp=1.1|bidDown=0.9|askUp=1.1|askDown=0.9|percentMins=5|minNotional=5|maxNotional=9000000|basePrecision=8|quotePrecision=8|quoteAssetPrecision=8,2,0,3244,3245,1,3244.5,3244.5,1,2,0,0,0,,,,0,,,,,0,0,,3244-3245
priceMin=0.01|priceMax=10000|priceTick=0.01|lotMin=0.001|lotMax=9222449|lotStep=0.001|bidUp=1.2|bidDown=0.5|askUp=2|askDown=0.8|percentMins=5|minNotional=1|maxNotional=9000000|basePrecision=8|quotePrecision=8|quoteAssetPrecision=8,2,0,3360,3361,1,3360.5,3360.5,1,2,0,0,0,,,,0,,,,,0,0,,3360-3361
priceMin=0.1|priceMax=100000|priceTick=0.1|lotMin=0.1|lotMax=922327|lotStep=0.1|bidUp=1.3|bidDown=0.5|askUp=2|askDown=0.7|percentMins=5|minNotional=20000|maxNotional=9000000000|basePrecision=8|quotePrecision=2|quoteAssetPrecision=2,2,0,3402,3404,2,3403,3403,2,1,0,0,0,,,,0,,,,,0,0,,3402-3402|3404-3404
priceMin=13531|priceMax=20297|priceTick=1|lotMin=0.01|lotMax=922327|lotStep=0.01|bidUp=1.1|bidDown=0.8|askUp=1.2|askDown=0.9|percentMins=5|minNotional=20000|maxNotional=9000000000|basePrecision=8|quotePrecision=2|quoteAssetPrecision=2,2,0,3433,3529,96,3481,3481,2,1,0,0,0,,,,0,,,,,0,0,,3433-3433|3529-3529
priceMin=0.0091|priceMax=0.0136|priceTick=0.000001|lotMin=1|lotMax=913205152|lotStep=1|bidUp=1.1|bidDown=0.8|askUp=1.2|askDown=0.9|percentMins=5|minNotional=5|maxNotional=9000000|basePrecision=8|quotePrecision=8|quoteAssetPrecision=8,2,0,3446,3486,40,3466,3466,2,1,0,0,0,,,,0,,,,,0,0,,3446-3446|3486-3486
priceMin=0.0001|priceMax=1000|priceTick=0.0001|lotMin=0.1|lotMax=92141578|lotStep=0.1|bidUp=1.2|bidDown=0.5|askUp=2|askDown=0.8|percentMins=5|minNotional=1|maxNotional=9000000|basePrecision=8|quotePrecision=8|quoteAssetPrecision=8,2,0,3459,3460,1,3459.5,3459.5,1,2,0,0,0,,,,0,,,,,0,0,,3459-3460
priceMin=0.01|priceMax=1000|priceTick=0.01|lotMin=0.1|lotMax=92141578|lotStep=0.1|bidUp=1.1|bidDown=0.8|askUp=1.2|askDown=0.9|percentMins=5|minNotional=5|maxNotional=9000000|basePrecision=8|quotePrecision=8|quoteAssetPrecision=8,2,0,3681,3698,17,3689.5,3689.5,2,1,0,0,0,,,,0,,,,,0,0,,3681-3681|3698-3698
priceMin=0.00001|priceMax=922327|priceTick=0.00001|lotMin=0.0001|lotMax=100000|lotStep=0.0001|bidUp=1.2|bidDown=0.5|askUp=2|askDown=0.8|percentMins=5|minNotional=0.0001|maxNotional=9000000|basePrecision=8|quotePrecision=8|quoteAssetPrecision=8,1,0,0,0,0,0,0,1,1,0,0,0,,,,0,,,,,0,0,,0-0
priceMin=1e-8|priceMax=100000|priceTick=1e-8|lotMin=0.01|lotMax=100000|lotStep=0.01|bidUp=2|bidDown=0.5|askUp=2|askDown=0.5|percentMins=5|minNotional=0.0001|maxNotional=9000000|basePrecision=8|quotePrecision=8|quoteAssetPrecision=8,1,0,3,3,0,3,3,1,1,0,0,0,,,,0,,,,,0,0,,3-3
priceMin=0.0001|priceMax=1000|priceTick=0.0001|lotMin=0.001|lotMax=9000000|lotStep=0.001|bidUp=1.2|bidDown=0.5|askUp=2|askDown=0.8|percentMins=5|minNotional=0.001|maxNotional=9000000|basePrecision=8|quotePrecision=8|quoteAssetPrecision=8,1,0,10,10,0,10,10,1,1,0,0,0,,,,0,,,,,0,0,,10-10
priceMin=10|priceMax=1000|priceTick=10|lotMin=10|lotMax=90000000|lotStep=10|bidUp=5|bidDown=0.2|askUp=5|askDown=0.2|percentMins=5|minNotional=0.005|maxNotional=9000000|basePrecision=8|quotePrecision=8|quoteAssetPrecision=8,1,0,34,34,0,34,34,1,1,0,0,0,,,,0,,,,,0,0,,34-34
priceMin=0.000001|priceMax=1000|priceTick=0.000001|lotMin=0.01|lotMax=92141578|lotStep=0.01|bidUp=1.2|bidDown=0.5|askUp=2|askDown=0.8|percentMins=5|minNotional=0.001|maxNotional=9000000|basePrecision=8|quotePrecision=8|quoteAssetPrecision=8,1,0,45,45,0,45,45,1,1,0,0,0,,,,0,,,,,0,0,,45-45
priceMin=0.00001|priceMax=1000|priceTick=0.00001|lotMin=0.01|lotMax=92141578|lotStep=0.01|bidUp=2|bidDown=0.5|askUp=2|askDown=0.5|percentMins=5|minNotional=0.001|maxNotional=9000000|basePrecision=8|quotePrecision=8|quoteAssetPrecision=8,1,0,58,58,0,58,58,1,1,0,0,0,,,,0,,,,,0,0,,58-58
priceMin=0.00001|priceMax=1000|priceTick=0.00001|lotMin=0.001|lotMax=9000000|lotStep=0.001|bidUp=2|bidDown=0.5|askUp=2|askDown=0.5|percentMins=5|minNotional=0.001|maxNotional=9000000|basePrecision=8|quotePrecision=8|quoteAssetPrecision=8,1,0,71,71,0,71,71,1,1,0,0,0,,,,0,,,,,0,0,,71-71
priceMin=1e-8|priceMax=1000|priceTick=1e-8|lotMin=0.1|lotMax=90000000|lotStep=0.1|bidUp=5|bidDown=0.2|askUp=5|askDown=0.2|percentMins=5|minNotional=0.001|maxNotional=9000000|basePrecision=8|quotePrecision=8|quoteAssetPrecision=8,1,0,95,95,0,95,95,1,1,0,0,0,,,,0,,,,,0,0,,95-95
priceMin=0.00001|priceMax=1000|priceTick=0.00001|lotMin=0.001|lotMax=9000000|lotStep=0.001|bidUp=5|bidDown=0.2|askUp=5|askDown=0.2|percentMins=5|minNotional=0.001|maxNotional=9000000|basePrecision=8|quotePrecision=8|quoteAssetPrecision=8,1,0,116,116,0,116,116,1,1,0,0,0,,,,0,,,,,0,0,,116-116
priceMin=0.01|priceMax=100000|priceTick=0.01|lotMin=0.00001|lotMax=900000|lotStep=0.00001|bidUp=5|bidDown=0.2|askUp=5|askDown=0.2|percentMins=5|minNotional=0.05|maxNotional=9000000|basePrecision=8|quotePrecision=8|quoteAssetPrecision=8,1,0,126,126,0,126,126,1,1,0,0,0,,,,0,,,,,0,0,,126-126
priceMin=1e-7|priceMax=1000|priceTick=1e-7|lotMin=1|lotMax=9000000|lotStep=1|bidUp=5|bidDown=0.2|askUp=5|askDown=0.2|percentMins=5|minNotional=0.005|maxNotional=9000000|basePrecision=8|quotePrecision=8|quoteAssetPrecision=8,1,0,140,140,0,140,140,1,1,0,0,0,,,,0,,,,,0,0,,140-140
priceMin=0.00001|priceMax=10000|priceTick=0.00001|lotMin=0.01|lotMax=900000|lotStep=0.01|bidUp=5|bidDown=0.2|askUp=5|askDown=0.2|percentMins=5|minNotional=0.01|maxNotional=9000000|basePrecision=8|quotePrecision=8|quoteAssetPrecision=8,1,0,142,142,0,142,142,1,1,0,0,0,,,,0,,,,,0,0,,142-142
priceMin=1e-7|priceMax=1000|priceTick=1e-7|lotMin=1|lotMax=90000000|lotStep=1|bidUp=2|bidDown=0.5|askUp=2|askDown=0.5|percentMins=5|minNotional=0.001|maxNotional=9000000|basePrecision=8|quotePrecision=8|quoteAssetPrecision=8,1,0,162,162,0,162,162,1,1,0,0,0,,,,0,,,,,0,0,,162-162
priceMin=0.0001|priceMax=1000|priceTick=0.0001|lotMin=0.001|lotMax=900000|lotStep=0.001|bidUp=1.1|bidDown=0.5|askUp=2|askDown=0.9|percentMins=5|minNotional=0.01|maxNotional=9000000|basePrecision=8|quotePrecision=8|quoteAssetPrecision=8,1,0,191,191,0,191,191,1,1,0,0,0,,,,0,,,,,0,0,,191-191
priceMin=1e-8|priceMax=1000|priceTick=1e-8|lotMin=1|lotMax=9000000|lotStep=1|bidUp=2|bidDown=0.5|askUp=2|askDown=0.5|percentMins=5|minNotional=0.001|maxNotional=9000000|basePrecision=8|quotePrecision=8|quoteAssetPrecision=8,1,0,246,246,0,246,246,1,1,0,0,0,,,,0,,,,,0,0,,246-246
priceMin=1e-8|priceMax=1000|priceTick=1e-8|lotMin=1|lotMax=9000000|lotStep=1|bidUp=2|bidDown=0.5|askUp=2|askDown=0.5|percentMins=5|minNotional=0.0001|maxNotional=9000000|basePrecision=8|quotePrecision=8|quoteAssetPrecision=8,1,0,272,272,0,272,272,1,1,0,0,0,,,,0,,,,,0,0,,272-272
priceMin=1e-7|priceMax=1000|priceTick=1e-7|lotMin=0.01|lotMax=9000000|lotStep=0.01|bidUp=5|bidDown=0.2|askUp=5|askDown=0.2|percentMins=5|minNotional=0.0001|maxNotional=9000000|basePrecision=8|quotePrecision=8|quoteAssetPrecision=8,1,0,310,310,0,310,310,1,1,0,0,0,,,,0,,,,,0,0,,310-310
priceMin=0.01|priceMax=1000000|priceTick=0.01|lotMin=0.0001|lotMax=9000|lotStep=0.0001|bidUp=2|bidDown=0.5|askUp=2|askDown=0.5|percentMins=5|minNotional=5|maxNotional=9000000|basePrecision=8|quotePrecision=8|quoteAssetPrecision=8,1,0,314,314,0,314,314,1,1,0,0,0,,,,0,,,,,0,0,,314-314
priceMin=0.000001|priceMax=1000|priceTick=0.000001|lotMin=0.01|lotMax=9000000|lotStep=0.01|bidUp=5|bidDown=0.2|askUp=5|askDown=0.2|percentMins=5|minNotional=0.001|maxNotional=9000000|basePrecision=8|quotePrecision=8|quoteAssetPrecision=8,1,0,318,318,0,318,318,1,1,0,0,0,,,,0,,,,,0,0,,318-318
priceMin=1e-7|priceMax=1000|priceTick=1e-7|lotMin=1|lotMax=9000000|lotStep=1|bidUp=1.2|bidDown=0.5|askUp=2|askDown=0.8|percentMins=5|minNotional=0.01|maxNotional=9000000|basePrecision=8|quotePrecision=8|quoteAssetPrecision=8,1,0,349,349,0,349,349,1,1,0,0,0,,,,0,,,,,0,0,,349-349
priceMin=1e-8|priceMax=1000|priceTick=1e-8|lotMin=1|lotMax=9000000|lotStep=1|bidUp=5|bidDown=0.2|askUp=5|askDown=0.2|percentMins=5|minNotional=0.005|maxNotional=9000000|basePrecision=8|quotePrecision=8|quoteAssetPrecision=8,1,0,362,362,0,362,362,1,1,0,0,0,,,,0,,,,,0,0,,362-362
priceMin=1e-8|priceMax=1000|priceTick=1e-8|lotMin=1|lotMax=92141578|lotStep=1|bidUp=5|bidDown=0.2|askUp=5|askDown=0.2|percentMins=5|minNotional=0.001|maxNotional=9000000|basePrecision=8|quotePrecision=8|quoteAssetPrecision=8,1,0,368,368,0,368,368,1,1,0,0,0,,,,0,,,,,0,0,,368-368
priceMin=0.7|priceMax=1.3|priceTick=0.0001|lotMin=0.01|lotMax=900000|lotStep=0.01|bidUp=1.2|bidDown=0.8|askUp=1.2|askDown=0.8|percentMins=5|minNotional=10|maxNotional=9000000|basePrecision=8|quotePrecision=8|quoteAssetPrecision=8,1,0,392,392,0,392,392,1,1,0,0,0,,,,0,,,,,0,0,,392-392
priceMin=1e-7|priceMax=1000|priceTick=1e-7|lotMin=0.001|lotMax=10000000|lotStep=0.001|bidUp=5|bidDown=0.2|askUp=5|askDown=0.2|percentMins=5|minNotional=0.0001|maxNotional=9000000|basePrecision=8|quotePrecision=8|quoteAssetPrecision=8,1,0,395,395,0,395,395,1,1,0,0,0,,,,0,,,,,0,0,,395-395
priceMin=0.01|priceMax=1000|priceTick=0.01|lotMin=0.00001|lotMax=92141578|lotStep=0.00001|bidUp=5|bidDown=0.2|askUp=5|askDown=0.2|percentMins=5|minNotional=10|maxNotional=9000000|basePrecision=8|quotePrecision=8|quoteAssetPrecision=8,1,0,403,403,0,403,403,1,1,0,0,0,,,,0,,,,,0,0,,403-403
priceMin=0.1|priceMax=10000|priceTick=0.1|lotMin=0.001|lotMax=9222449|lotStep=0.001|bidUp=5|bidDown=0.2|askUp=5|askDown=0.2|percentMins=5|minNotional=10|maxNotional=9000000|basePrecision=8|quotePrecision=8|quoteAssetPrecision=8,1,0,404,404,0,404,404,1,1,0,0,0,,,,0,,,,,0,0,,404-404
priceMin=0.0001|priceMax=1000|priceTick=0.0001|lotMin=0.1|lotMax=9000000|lotStep=0.1|bidUp=1.2|bidDown=0.5|askUp=2|askDown=0.8|percentMins=5|minNotional=10|maxNotional=9000000|basePrecision=8|quotePrecision=8|quoteAssetPrecision=8,1,0,426,426,0,426,426,1,1,0,0,0,,,,0,,,,,0,0,,426-426
priceMin=0.0001|priceMax=1000|priceTick=0.0001|lotMin=0.001|lotMax=900000|lotStep=0.001|bidUp=5|bidDown=0.2|askUp=5|askDown=0.2|percentMins=5|minNotional=0.01|maxNotional=9000000|basePrecision=8|quotePrecision=8|quoteAssetPrecision=8,1,0,474,474,0,474,474,1,1,0,0,0,,,,0,,,,,0,0,,474-474
priceMin=1e-8|priceMax=1000|priceTick=1e-8|lotMin=1|lotMax=9000000|lotStep=1|bidUp=5|bidDown=0.2|askUp=5|askDown=0.2|percentMins=5|minNotional=0.05|maxNotional=9000000|basePrecision=8|quotePrecision=8|quoteAssetPrecision=8,1,0,482,482,0,482,482,1,1,0,0,0,,,,0,,,,,0,0,,482-482
priceMin=1e-8|priceMax=1000|priceTick=1e-8|lotMin=1|lotMax=90000000|lotStep=1|bidUp=5|bidDown=0.2|askUp=5|askDown=0.2|percentMins=5|minNotional=0.01|maxNotional=9000000|basePrecision=8|quotePrecision=8|quoteAssetPrecision=8,1,0,579,579,0,579,579,1,1,0,0,0,,,,0,,,,,0,0,,579-579
priceMin=0.000001|priceMax=5000|priceTick=0.000001|lotMin=0.1|lotMax=18443055|lotStep=0.1|bidUp=2|bidDown=0.5|askUp=2|askDown=0.5|percentMins=5|minNotional=5|maxNotional=9000000|basePrecision=8|quotePrecision=8|quoteAssetPrecision=8,1,0,581,581,0,581,581,1,1,0,0,0,,,,0,,,,,0,0,,581-581
priceMin=0.000001|priceMax=1000|priceTick=0.000001|lotMin=1|lotMax=90000000|lotStep=1|bidUp=2|bidDown=0.5|askUp=2|askDown=0.5|percentMins=5|minNotional=5|maxNotional=9000000|basePrecision=8|quotePrecision=8|quoteAssetPrecision=8,1,0,597,597,0,597,597,1,1,0,0,0,,,,0,,,,,0,0,,597-597
priceMin=0.00001|priceMax=1000|priceTick=0.00001|lotMin=0.1|lotMax=92141578|lotStep=0.1|bidUp=5|bidDown=0.2|askUp=5|askDown=0.2|percentMins=5|minNotional=100|maxNotional=9000000|basePrecision=8|quotePrecision=8|quoteAssetPrecision=8,1,0,605,605,0,605,605,1,1,0,0,0,,,,0,,,,,0,0,,605-605
priceMin=1e-7|priceMax=100|priceTick=1e-7|lotMin=0.1|lotMax=913205152|lotStep=0.1|bidUp=2|bidDown=0.5|askUp=2|askDown=0.5|percentMins=5|minNotional=100|maxNotional=9000000|basePrecision=8|quotePrecision=8|quoteAssetPrecision=8,1,0,606,606,0,606,606,1,1,0,0,0,,,,0,,,,,0,0,,606-606
priceMin=1e-8|priceMax=1000|priceTick=1e-8|lotMin=1|lotMax=9000000|lotStep=1|bidUp=2|bidDown=0.5|askUp=2|askDown=0.5|percentMins=5|minNotional=0.01|maxNotional=9000000|basePrecision=8|quotePrecision=8|quoteAssetPrecision=8,1,0,607,607,0,607,607,1,1,0,0,0,,,,0,,,,,0,0,,607-607
priceMin=0.0001|priceMax=1000|priceTick=0.0001|lotMin=1|lotMax=15000000|lotStep=1|bidUp=5|bidDown=0.2|askUp=5|askDown=0.2|percentMins=5|minNotional=5|maxNotional=9000000|basePrecision=8|quotePrecision=8|quoteAssetPrecision=8,1,0,615,615,0,615,615,1,1,0,0,0,,,,0,,,,,0,0,,615-615
priceMin=1e-8|priceMax=1000|priceTick=1e-8|lotMin=1|lotMax=9000000|lotStep=1|bidUp=1.2|bidDown=0.5|askUp=2|askDown=0.8|percentMins=5|minNotional=0.01|maxNotional=9000000|basePrecision=8|quotePrecision=8|quoteAssetPrecision=8,1,0,625,625,0,625,625,1,1,0,0,0,,,,0,,,,,0,0,,625-625
priceMin=1|priceMax=1000000|priceTick=1|lotMin=0.001|lotMax=90000|lotStep=0.001|bidUp=5|bidDown=0.2|askUp=5|askDown=0.2|percentMins=5|minNotional=500|maxNotional=900000000|basePrecision=8|quotePrecision=8|quoteAssetPrecision=8,1,0,644,644,0,644,644,1,1,0,0,0,,,,0,,,,,0,0,,644-644
priceMin=1|priceMax=1962419582|priceTick=1|lotMin=0.00001|lotMax=46|lotStep=0.00001|bidUp=5|bidDown=0.2|askUp=5|askDown=0.2|percentMins=5|minNotional=500|maxNotional=900000000|basePrecision=8|quotePrecision=8|quoteAssetPrecision=8,1,0,645,645,0,645,645,1,1,0,0,0,,,,0,,,,,0,0,,645-645
priceMin=0.0001|priceMax=1000|priceTick=0.0001|lotMin=1|lotMax=9222449|lotStep=1|bidUp=5|bidDown=0.2|askUp=5|askDown=0.2|percentMins=5|minNotional=5|maxNotional=9000000|basePrecision=8|quotePrecision=8|quoteAssetPrecision=8,1,0,658,658,0,658,658,1,1,0,0,0,,,,0,,,,,0,0,,658-658
priceMin=0.0001|priceMax=1000|priceTick=0.0001|lotMin=0.001|lotMax=900000|lotStep=0.001|bidUp=2|bidDown=0.5|askUp=2|askDown=0.5|percentMins=5|minNotional=0.01|maxNotional=9000000|basePrecision=8|quotePrecision=8|quoteAssetPrecision=8,1,0,659,659,0,659,659,1,1,0,0,0,,,,0,,,,,0,0,,659-659
priceMin=0.000001|priceMax=1000|priceTick=0.000001|lotMin=0.001|lotMax=10000000|lotStep=0.001|bidUp=1.2|bidDown=0.5|askUp=2|askDown=0.8|percentMins=5|minNotional=0.0001|maxNotional=9000000|basePrecision=8|quotePrecision=8|quoteAssetPrecision=8,1,0,660,660,0,660,660,1,1,0,0,0,,,,0,,,,,0,0,,660-660
priceMin=1|priceMax=100000000|priceTick=1|lotMin=0.00001|lotMax=900|lotStep=0.00001|bidUp=5|bidDown=0.2|askUp=5|askDown=0.2|percentMins=5|minNotional=100|maxNotional=90000000|basePrecision=8|quotePrecision=8|quoteAssetPrecision=8,1,0,666,666,0,666,666,1,1,0,0,0,,,,0,,,,,0,0,,666-666
priceMin=0.1|priceMax=4000000|priceTick=0.1|lotMin=0.0001|lotMax=23055|lotStep=0.0001|bidUp=5|bidDown=0.2|askUp=5|askDown=0.2|percentMins=5|minNotional=100|maxNotional=90000000|basePrecision=8|quotePrecision=8|quoteAssetPrecision=8,1,0,667,667,0,667,667,1,1,0,0,0,,,,0,,,,,0,0,,667-667
priceMin=0.01|priceMax=500000|priceTick=0.01|lotMin=0.001|lotMax=184466|lotStep=0.001|bidUp=5|bidDown=0.2|askUp=5|askDown=0.2|percentMins=5|minNotional=100|maxNotional=90000000|basePrecision=8|quotePrecision=8|quoteAssetPrecision=8,1,0,669,669,0,669,669,1,1,0,0,0,,,,0,,,,,0,0,,669-669
priceMin=0.0001|priceMax=100000|priceTick=0.0001|lotMin=0.01|lotMax=922327|lotStep=0.01|bidUp=1.2|bidDown=0.5|askUp=2|askDown=0.8|percentMins=5|minNotional=5|maxNotional=9000000|basePrecision=8|quotePrecision=8|quoteAssetPrecision=8,1,0,681,681,0,681,681,1,1,0,0,0,,,,0,,,,,0,0,,681-681
priceMin=1|priceMax=19998638|priceTick=1|lotMin=0.00001|lotMax=4611|lotStep=0.00001|bidUp=1.3|bidDown=0.5|askUp=2|askDown=0.7|percentMins=5|minNotional=10|maxNotional=90000000|basePrecision=8|quotePrecision=8|quoteAssetPrecision=8,1,0,682,682,0,682,682,1,1,0,0,0,,,,0,,,,,0,0,,682-682
priceMin=1|priceMax=1000000|priceTick=1|lotMin=0.001|lotMax=92232|lotStep=0.001|bidUp=1.3|bidDown=0.5|askUp=2|askDown=0.7|percentMins=5|minNotional=10|maxNotional=90000000|basePrecision=8|quotePrecision=8|quoteAssetPrecision=8,1,0,683,683,0,683,683,1,1,0,0,0,,,,0,,,,,0,0,,683-683
priceMin=0.01|priceMax=1000|priceTick=0.01|lotMin=1|lotMax=922327|lotStep=1|bidUp=1.2|bidDown=0.8|askUp=1.2|askDown=0.8|percentMins=5|minNotional=10|maxNotional=90000000|basePrecision=8|quotePrecision=8|quoteAssetPrecision=8,1,0,684,684,0,684,684,1,1,0,0,0,,,,0,,,,,0,0,,684-684
priceMin=1|priceMax=4999930|priceTick=1|lotMin=0.0001|lotMax=18446|lotStep=0.0001|bidUp=1.3|bidDown=0.5|askUp=2|askDown=0.7|percentMins=5|minNotional=10|maxNotional=90000000|basePrecision=8|quotePrecision=8|quoteAssetPrecision=8,1,0,685,685,0,685,685,1,1,0,0,0,,,,0,,,,,0,0,,685-685
priceMin=0.01|priceMax=100000|priceTick=0.01|lotMin=0.0001|lotMax=90000|lotStep=0.0001|bidUp=1.2|bidDown=0.5|askUp=2|askDown=0.8|percentMins=5|minNotional=5|maxNotional=9000000|basePrecision=8|quotePrecision=8|quoteAssetPrecision=8,1,0,690,690,0,690,690,1,1,0,0,0,,,,0,,,,,0,0,,690-690
priceMin=0.0001|priceMax=1000|priceTick=0.0001|lotMin=0.1|lotMax=900000|lotStep=0.1|bidUp=1.2|bidDown=0.8|askUp=1.2|askDown=0.8|percentMins=5|minNotional=10|maxNotional=9000000|basePrecision=8|quotePrecision=8|quoteAssetPrecision=8,1,0,693,693,0,693,693,1,1,0,0,0,,,,0,,,,,0,0,,693-693
priceMin=0.01|priceMax=1000007|priceTick=0.01|lotMin=0.00001|lotMax=92232|lotStep=0.00001|bidUp=5|bidDown=0.2|askUp=5|askDown=0.2|percentMins=5|minNotional=10|maxNotional=9000000|basePrecision=8|quotePrecision=8|quoteAssetPrecision=8,1,0,729,729,0,729,729,1,1,0,0,0,,,,0,,,,,0,0,,729-729
priceMin=1|priceMax=99928191|priceTick=1|lotMin=0.00001|lotMax=922|lotStep=0.00001|bidUp=2|bidDown=0.5|askUp=2|askDown=0.5|percentMins=5|minNotional=100|maxNotional=9000000|basePrecision=8|quotePrecision=8|quoteAssetPrecision=8,1,0,765,765,0,765,765,1,1,0,0,0,,,,0,,,,,0,0,,765-765
priceMin=1|priceMax=9999319|priceTick=1|lotMin=0.0001|lotMax=9223|lotStep=0.0001|bidUp=2|bidDown=0.5|askUp=2|askDown=0.5|percentMins=5|minNotional=100|maxNotional=9000000|basePrecision=8|quotePrecision=8|quoteAssetPrecision=8,1,0,766,766,0,766,766,1,1,0,0,0,,,,0,,,,,0,0,,766-766
priceMin=0.01|priceMax=100000|priceTick=0.01|lotMin=0.01|lotMax=100000|lotStep=0.01|bidUp=5|bidDown=0.2|askUp=5|askDown=0.2|percentMins=5|minNotional=100|maxNotional=9000000|basePrecision=8|quotePrecision=8|quoteAssetPrecision=8,1,0,767,767,0,767,767,1,1,0,0,0,,,,0,,,,,0,0,,767-767
priceMin=0.0001|priceMax=19.7|priceTick=0.0001|lotMin=1|lotMax=9222449|lotStep=1|bidUp=1.1|bidDown=0.8|askUp=1.2|askDown=0.9|percentMins=5|minNotional=100|maxNotional=9000000|basePrecision=8|quotePrecision=8|quoteAssetPrecision=8,1,0,768,768,0,768,768,1,1,0,0,0,,,,0,,,,,0,0,,768-768
priceMin=0.01|priceMax=10000|priceTick=0.01|lotMin=1|lotMax=9222449|lotStep=1|bidUp=1.2|bidDown=0.8|askUp=1.2|askDown=0.8|percentMins=5|minNotional=100|maxNotional=9000000|basePrecision=8|quotePrecision=8|quoteAssetPrecision=8,1,0,769,769,0,769,769,1,1,0,0,0,,,,0,,,,,0,0,,769-769
priceMin=1|priceMax=700000000|priceTick=1|lotMin=0.000001|lotMax=100|lotStep=0.000001|bidUp=5|bidDown=0.2|askUp=5|askDown=0.2|percentMins=5|minNotional=1000|maxNotional=9000000|basePrecision=8|quotePrecision=8|quoteAssetPrecision=8,1,0,770,770,0,770,770,1,1,0,0,0,,,,0,,,,,0,0,,770-770
priceMin=1|priceMax=10000000|priceTick=1|lotMin=0.00001|lotMax=8000|lotStep=0.00001|bidUp=5|bidDown=0.2|askUp=5|askDown=0.2|percentMins=5|minNotional=1000|maxNotional=9000000|basePrecision=8|quotePrecision=8|quoteAssetPrecision=8,1,0,771,771,0,771,771,1,1,0,0,0,,,,0,,,,,0,0,,771-771
priceMin=0.0001|priceMax=1000|priceTick=0.0001|lotMin=0.001|lotMax=9000000|lotStep=0.001|bidUp=1.2|bidDown=0.5|askUp=2|askDown=0.8|percentMins=5|minNotional=0.01|maxNotional=9000000|basePrecision=8|quotePrecision=8|quoteAssetPrecision=8,1,0,777,777,0,777,777,1,1,0,0,0,,,,0,,,,,0,0,,777-777
priceMin=1e-7|priceMax=1000|priceTick=1e-7|lotMin=0.001|lotMax=90000000|lotStep=0.001|bidUp=1.2|bidDown=0.5|askUp=2|askDown=0.8|percentMins=5|minNotional=0.0001|maxNotional=9000000|basePrecision=8|quotePrecision=8|quoteAssetPrecision=8,1,0,778,778,0,778,778,1,1,0,0,0,,,,0,,,,,0,0,,778-778
priceMin=1|priceMax=100099999|priceTick=1|lotMin=1|lotMax=1000000|lotStep=1|bidUp=1.2|bidDown=0.8|askUp=1.2|askDown=0.8|percentMins=5|minNotional=20000|maxNotional=9000000000|basePrecision=8|quotePrecision=2|quoteAssetPrecision=2,1,0,783,783,0,783,783,1,1,0,0,0,,,,0,,,,,0,0,,783-783
priceMin=1|priceMax=1000000|priceTick=1|lotMin=0.01|lotMax=1000000|lotStep=0.01|bidUp=5|bidDown=0.2|askUp=5|askDown=0.2|percentMins=5|minNotional=20000|maxNotional=9000000000|basePrecision=8|quotePrecision=2|quoteAssetPrecision=2,1,0,784,784,0,784,784,1,1,0,0,0,,,,0,,,,,0,0,,784-784
priceMin=1.673|priceMax=31.78|priceTick=0.001|lotMin=0.01|lotMax=3000|lotStep=0.01|bidUp=5|bidDown=0.2|askUp=5|askDown=0.2|percentMins=5|minNotional=10|maxNotional=9000000|basePrecision=8|quotePrecision=8|quoteAssetPrecision=8,1,0,795,795,0,795,795,1,1,0,0,0,,,,0,,,,,0,0,,795-795
priceMin=0.0001194|priceMax=0.0022672|priceTick=1e-7|lotMin=0.01|lotMax=921415|lotStep=0.01|bidUp=5|bidDown=0.2|askUp=5|askDown=0.2|percentMins=5|minNotional=10|maxNotional=9000000|basePrecision=8|quotePrecision=8|quoteAssetPrecision=8,1,0,796,796,0,796,796,1,1,0,0,0,,,,0,,,,,0,0,,796-796
priceMin=0.001|priceMax=1000|priceTick=0.001|lotMin=0.1|lotMax=900000|lotStep=0.1|bidUp=1.2|bidDown=0.8|askUp=1.2|askDown=0.8|percentMins=5|minNotional=10|maxNotional=9000000|basePrecision=8|quotePrecision=8|quoteAssetPrecision=8,1,0,825,825,0,825,825,1,1,0,0,0,,,,0,,,,,0,0,,825-825
priceMin=1|priceMax=51212504|priceTick=1|lotMin=0.00001|lotMax=1800|lotStep=0.00001|bidUp=2|bidDown=0.5|askUp=2|askDown=0.5|percentMins=5|minNotional=100|maxNotional=90000000|basePrecision=8|quotePrecision=8|quoteAssetPrecision=8,1,0,828,828,0,828,828,1,1,0,0,0,,,,0,,,,,0,0,,828-828
priceMin=36.4|priceMax=54.5|priceTick=0.01|lotMin=1|lotMax=922327|lotStep=1|bidUp=1.1|bidDown=0.8|askUp=1.2|askDown=0.9|percentMins=5|minNotional=100|maxNotional=90000000|basePrecision=8|quotePrecision=8|quoteAssetPrecision=8,1,0,829,829,0,829,829,1,1,0,0,0,,,,0,,,,,0,0,,829-829
priceMin=1|priceMax=900000000|priceTick=1|lotMin=0.0001|lotMax=100000|lotStep=0.0001|bidUp=5|bidDown=0.2|askUp=5|askDown=0.2|percentMins=5|minNotional=20000|maxNotional=9000000000|basePrecision=8|quotePrecision=2|quoteAssetPrecision=2,1,0,835,835,0,835,835,1,1,0,0,0,,,,0,,,,,0,0,,835-835
priceMin=1.18|priceMax=22.415|priceTick=0.001|lotMin=0.01|lotMax=3000|lotStep=0.01|bidUp=5|bidDown=0.2|askUp=5|askDown=0.2|percentMins=5|minNotional=10|maxNotional=9000000|basePrecision=8|quotePrecision=8|quoteAssetPrecision=8,1,0,850,850,0,850,850,1,1,0,0,0,,,,0,,,,,0,0,,850-850
priceMin=0.00459|priceMax=0.08718|priceTick=0.00001|lotMin=0.01|lotMax=100000000|lotStep=0.01|bidUp=5|bidDown=0.2|askUp=5|askDown=0.2|percentMins=5|minNotional=10|maxNotional=9000000|basePrecision=8|quotePrecision=8|quoteAssetPrecision=8,1,0,851,851,0,851,851,1,1,0,0,0,,,,0,,,,,0,0,,851-851
priceMin=0.011|priceMax=0.202|priceTick=0.001|lotMin=0.01|lotMax=920000|lotStep=0.01|bidUp=5|bidDown=0.2|askUp=5|askDown=0.2|percentMins=5|minNotional=10|maxNotional=9000000|basePrecision=8|quotePrecision=8|quoteAssetPrecision=8,1,0,852,852,0,852,852,1,1,0,0,0,,,,0,,,,,0,0,,852-852
priceMin=0.000194|priceMax=0.003671|priceTick=0.000001|lotMin=0.01|lotMax=100000000|lotStep=0.01|bidUp=5|bidDown=0.2|askUp=5|askDown=0.2|percentMins=5|minNotional=10|maxNotional=9000000|basePrecision=8|quotePrecision=8|quoteAssetPrecision=8,1,0,853,853,0,853,853,1,1,0,0,0,,,,0,,,,,0,0,,853-853
priceMin=0.000001|priceMax=921.4|priceTick=0.000001|lotMin=0.01|lotMax=300000|lotStep=0.01|bidUp=5|bidDown=0.2|askUp=5|askDown=0.2|percentMins=5|minNotional=10|maxNotional=9000000|basePrecision=8|quotePrecision=8|quoteAssetPrecision=8,1,0,855,855,0,855,855,1,1,0,0,0,,,,0,,,,,0,0,,855-855
priceMin=0.001|priceMax=1000|priceTick=0.001|lotMin=0.1|lotMax=900000|lotStep=0.1|bidUp=1.2|bidDown=0.8|askUp=1.2|askDown=0.8|percentMins=5|minNotional=5|maxNotional=9000000|basePrecision=8|quotePrecision=8|quoteAssetPrecision=8,1,0,861,861,0,861,861,1,1,0,0,0,,,,0,,,,,0,0,,861-861
priceMin=0.0001|priceMax=1000|priceTick=0.0001|lotMin=1|lotMax=9222448|lotStep=1|bidUp=5|bidDown=0.2|askUp=5|askDown=0.2|percentMins=5|minNotional=10|maxNotional=9000000|basePrecision=8|quotePrecision=8|quoteAssetPrecision=8,1,0,862,862,0,862,862,1,1,0,0,0,,,,0,,,,,0,0,,862-862
priceMin=0.0001|priceMax=10000|priceTick=0.0001|lotMin=0.1|lotMax=922327|lotStep=0.1|bidUp=2|bidDown=0.5|askUp=2|askDown=0.5|percentMins=5|minNotional=5|maxNotional=9000000|basePrecision=8|quotePrecision=8|quoteAssetPrecision=8,1,0,863,863,0,863,863,1,1,0,0,0,,,,0,,,,,0,0,,863-863
priceMin=0.001|priceMax=1000|priceTick=0.001|lotMin=0.0001|lotMax=900000|lotStep=0.0001|bidUp=5|bidDown=0.2|askUp=5|askDown=0.2|percentMins=5|minNotional=0.05|maxNotional=9000000|basePrecision=8|quotePrecision=8|quoteAssetPrecision=8,1,0,867,867,0,867,867,1,1,0,0,0,,,,0,,,,,0,0,,867-867
priceMin=0.00001|priceMax=1000|priceTick=0.00001|lotMin=0.0001|lotMax=10000000|lotStep=0.0001|bidUp=5|bidDown=0.2|askUp=5|askDown=0.2|percentMins=5|minNotional=0.0001|maxNotional=9000000|basePrecision=8|quotePrecision=8|quoteAssetPrecision=8,1,0,868,868,0,868,868,1,1,0,0,0,,,,0,,,,,0,0,,868-868
priceMin=1|priceMax=100000|priceTick=1|lotMin=0.0001|lotMax=90000|lotStep=0.0001|bidUp=5|bidDown=0.2|askUp=5|askDown=0.2|percentMins=5|minNotional=10|maxNotional=9000000|basePrecision=8|quotePrecision=8|quoteAssetPrecision=8,1,0,870,870,0,870,870,1,1,0,0,0,,,,0,,,,,0,0,,870-870
priceMin=6.24|priceMax=118.4|priceTick=0.01|lotMin=0.01|lotMax=500|lotStep=0.01|bidUp=5|bidDown=0.2|askUp=5|askDown=0.2|percentMins=5|minNotional=10|maxNotional=9000000|basePrecision=8|quotePrecision=8|quoteAssetPrecision=8,1,0,892,892,0,892,892,1,1,0,0,0,,,,0,,,,,0,0,,892-892
priceMin=0.000218|priceMax=0.004134|priceTick=0.000001|lotMin=0.01|lotMax=920000|lotStep=0.01|bidUp=5|bidDown=0.2|askUp=5|askDown=0.2|percentMins=5|minNotional=10|maxNotional=9000000|basePrecision=8|quotePrecision=8|quoteAssetPrecision=8,1,0,893,893,0,893,893,1,1,0,0,0,,,,0,,,,,0,0,,893-893
priceMin=0.00026|priceMax=0.004928|priceTick=0.000001|lotMin=0.01|lotMax=920000|lotStep=0.01|bidUp=5|bidDown=0.2|askUp=5|askDown=0.2|percentMins=5|minNotional=10|maxNotional=9000000|basePrecision=8|quotePrecision=8|quoteAssetPrecision=8,1,0,894,894,0,894,894,1,1,0,0,0,,,,0,,,,,0,0,,894-894
priceMin=0.2588|priceMax=4.9169|priceTick=0.0001|lotMin=0.01|lotMax=49991176|lotStep=0.01|bidUp=5|bidDown=0.2|askUp=5|askDown=0.2|percentMins=5|minNotional=10|maxNotional=9000000|basePrecision=8|quotePrecision=8|quoteAssetPrecision=8,1,0,895,895,0,895,895,1,1,0,0,0,,,,0,,,,,0,0,,895-895
priceMin=0.01|priceMax=1000000|priceTick=0.01|lotMin=0.00001|lotMax=10000|lotStep=0.00001|bidUp=5|bidDown=0.2|askUp=5|askDown=0.2|percentMins=5|minNotional=0.05|maxNotional=9000000|basePrecision=8|quotePrecision=8|quoteAssetPrecision=8,1,0,909,909,0,909,909,1,1,0,0,0,,,,0,,,,,0,0,,909-909
priceMin=0.00001|priceMax=100000|priceTick=0.00001|lotMin=0.00001|lotMax=9000|lotStep=0.00001|bidUp=2|bidDown=0.5|askUp=2|askDown=0.5|percentMins=5|minNotional=0.0001|maxNotional=9000000|basePrecision=8|quotePrecision=8|quoteAssetPrecision=8,1,0,910,910,0,910,910,1,1,0,0,0,,,,0,,,,,0,0,,910-910
priceMin=1|priceMax=1000000|priceTick=1|lotMin=0.00001|lotMax=9000|lotStep=0.00001|bidUp=5|bidDown=0.2|askUp=5|askDown=0.2|percentMins=5|minNotional=10|maxNotional=9000000|basePrecision=8|quotePrecision=8|quoteAssetPrecision=8,1,0,911,911,0,911,911,1,1,0,0,0,,,,0,,,,,0,0,,911-911
priceMin=0.8|priceMax=1.2|priceTick=0.0001|lotMin=0.1|lotMax=900000|lotStep=0.1|bidUp=2|bidDown=0.5|askUp=2|askDown=0.5|percentMins=5|minNotional=5|maxNotional=9000000|basePrecision=8|quotePrecision=8|quoteAssetPrecision=8,1,0,922,922,0,922,922,1,1,0,0,0,,,,0,,,,,0,0,,922-922
priceMin=1e-7|priceMax=1000|priceTick=1e-7|lotMin=0.1|lotMax=9000000|lotStep=0.1|bidUp=5|bidDown=0.2|askUp=5|askDown=0.2|percentMins=5|minNotional=0.05|maxNotional=9000000|basePrecision=8|quotePrecision=8|quoteAssetPrecision=8,1,0,928,928,0,928,928,1,1,0,0,0,,,,0,,,,,0,0,,928-928
priceMin=1e-8|priceMax=1000|priceTick=1e-8|lotMin=0.1|lotMax=9000000|lotStep=0.1|bidUp=2|bidDown=0.5|askUp=2|askDown=0.5|percentMins=5|minNotional=0.0001|maxNotional=9000000|basePrecision=8|quotePrecision=8|quoteAssetPrecision=8,1,0,937,937,0,937,937,1,1,0,0,0,,,,0,,,,,0,0,,937-937
priceMin=1e-8|priceMax=1000|priceTick=1e-8|lotMin=0.01|lotMax=9000000|lotStep=0.01|bidUp=5|bidDown=0.2|askUp=5|askDown=0.2|percentMins=5|minNotional=0.05|maxNotional=9000000|basePrecision=8|quotePrecision=8|quoteAssetPrecision=8,1,0,955,955,0,955,955,1,1,0,0,0,,,,0,,,,,0,0,,955-955
priceMin=0.001|priceMax=1000|priceTick=0.001|lotMin=0.0001|lotMax=900000|lotStep=0.0001|bidUp=5|bidDown=0.2|askUp=5|askDown=0.2|percentMins=5|minNotional=0.01|maxNotional=9000000|basePrecision=8|quotePrecision=8|quoteAssetPrecision=8,1,0,965,965,0,965,965,1,1,0,0,0,,,,0,,,,,0,0,,965-965
priceMin=0.0001|priceMax=1000|priceTick=0.0001|lotMin=0.01|lotMax=9000000|lotStep=0.01|bidUp=5|bidDown=0.2|askUp=5|askDown=0.2|percentMins=5|minNotional=0.05|maxNotional=9000000|basePrecision=8|quotePrecision=8|quoteAssetPrecision=8,1,0,969,969,0,969,969,1,1,0,0,0,,,,0,,,,,0,0,,969-969
priceMin=0.000001|priceMax=1000|priceTick=0.000001|lotMin=0.01|lotMax=10000000|lotStep=0.01|bidUp=5|bidDown=0.2|askUp=5|askDown=0.2|percentMins=5|minNotional=0.0001|maxNotional=9000000|basePrecision=8|quotePrecision=8|quoteAssetPrecision=8,1,0,970,970,0,970,970,1,1,0,0,0,,,,0,,,,,0,0,,970-970
priceMin=1|priceMax=100000000|priceTick=1|lotMin=0.00001|lotMax=900|lotStep=0.00001|bidUp=5|bidDown=0.2|askUp=5|askDown=0.2|percentMins=5|minNotional=500|maxNotional=900000000|basePrecision=8|quotePrecision=8|quoteAssetPrecision=8,1,0,977,977,0,977,977,1,1,0,0,0,,,,0,,,,,0,0,,977-977
priceMin=1|priceMax=50000000|priceTick=1|lotMin=0.01|lotMax=100000|lotStep=0.01|bidUp=5|bidDown=0.2|askUp=5|askDown=0.2|percentMins=5|minNotional=20000|maxNotional=9000000000|basePrecision=8|quotePrecision=2|quoteAssetPrecision=2,1,0,978,978,0,978,978,1,1,0,0,0,,,,0,,,,,0,0,,978-978
priceMin=0.001|priceMax=10000|priceTick=0.001|lotMin=0.1|lotMax=922327|lotStep=0.1|bidUp=5|bidDown=0.2|askUp=5|askDown=0.2|percentMins=5|minNotional=10|maxNotional=9000000|basePrecision=8|quotePrecision=8|quoteAssetPrecision=8,1,0,980,980,0,980,980,1,1,0,0,0,,,,0,,,,,0,0,,980-980
priceMin=0.0001|priceMax=1000|priceTick=0.0001|lotMin=0.00001|lotMax=92141578|lotStep=0.00001|bidUp=1.2|bidDown=0.5|askUp=2|askDown=0.8|percentMins=5|minNotional=0.0001|maxNotional=9000000|basePrecision=8|quotePrecision=8|quoteAssetPrecision=8,1,0,985,985,0,985,985,1,1,0,0,0,,,,0,,,,,0,0,,985-985
priceMin=0.01|priceMax=100000|priceTick=0.01|lotMin=0.00001|lotMax=100000|lotStep=0.00001|bidUp=2|bidDown=0.5|askUp=2|askDown=0.5|percentMins=5|minNotional=0.001|maxNotional=9000000|basePrecision=8|quotePrecision=8|quoteAssetPrecision=8,1,0,986,986,0,986,986,1,1,0,0,0,,,,0,,,,,0,0,,986-986
priceMin=0.01|priceMax=1000|priceTick=0.01|lotMin=0.0001|lotMax=90000|lotStep=0.0001|bidUp=5|bidDown=0.2|askUp=5|askDown=0.2|percentMins=5|minNotional=0.05|maxNotional=9000000|basePrecision=8|quotePrecision=8|quoteAssetPrecision=8,1,0,991,991,0,991,991,1,1,0,0,0,,,,0,,,,,0,0,,991-991
priceMin=0.1|priceMax=1000000|priceTick=0.1|lotMin=0.0001|lotMax=9000|lotStep=0.0001|bidUp=5|bidDown=0.2|askUp=5|askDown=0.2|percentMins=5|minNotional=10|maxNotional=9000000|basePrecision=8|quotePrecision=8|quoteAssetPrecision=8,1,0,994,994,0,994,994,1,1,0,0,0,,,,0,,,,,0,0,,994-994
priceMin=1e-7|priceMax=1000|priceTick=1e-7|lotMin=0.001|lotMax=10000000|lotStep=0.001|bidUp=2|bidDown=0.5|askUp=2|askDown=0.5|percentMins=5|minNotional=0.0001|maxNotional=9000000|basePrecision=8|quotePrecision=8|quoteAssetPrecision=8,1,0,996,996,0,996,996,1,1,0,0,0,,,,0,,,,,0,0,,996-996
priceMin=0.01|priceMax=100000|priceTick=0.01|lotMin=0.01|lotMax=900000|lotStep=0.01|bidUp=5|bidDown=0.2|askUp=5|askDown=0.2|percentMins=5|minNotional=10|maxNotional=9000000|basePrecision=8|quotePrecision=8|quoteAssetPrecision=8,1,0,1001,1001,0,1001,1001,1,1,0,0,0,,,,0,,,,,0,0,,1001-1001
priceMin=0.000001|priceMax=1000|priceTick=0.000001|lotMin=0.01|lotMax=9000000|lotStep=0.01|bidUp=5|bidDown=0.2|askUp=5|askDown=0.2|percentMins=5|minNotional=0.05|maxNotional=9000000|basePrecision=8|quotePrecision=8|quoteAssetPrecision=8,1,0,1003,1003,0,1003,1003,1,1,0,0,0,,,,0,,,,,0,0,,1003-1003
priceMin=1e-8|priceMax=1000|priceTick=1e-8|lotMin=0.1|lotMax=9000000|lotStep=0.1|bidUp=5|bidDown=0.2|askUp=5|askDown=0.2|percentMins=5|minNotional=0.0001|maxNotional=9000000|basePrecision=8|quotePrecision=8|quoteAssetPrecision=8,1,0,1009,1009,0,1009,1009,1,1,0,0,0,,,,0,,,,,0,0,,1009-1009
priceMin=0.0212|priceMax=0.4021|priceTick=0.0001|lotMin=0.01|lotMax=920000|lotStep=0.01|bidUp=5|bidDown=0.2|askUp=5|askDown=0.2|percentMins=5|minNotional=10|maxNotional=9000000|basePrecision=8|quotePrecision=8|quoteAssetPrecision=8,1,0,1011,1011,0,1011,1011,1,1,0,0,0,,,,0,,,,,0,0,,1011-1011
priceMin=0.0000376|priceMax=0.0007141|priceTick=1e-7|lotMin=0.01|lotMax=69980060|lotStep=0.01|bidUp=5|bidDown=0.2|askUp=5|askDown=0.2|percentMins=5|minNotional=10|maxNotional=9000000|basePrecision=8|quotePrecision=8|quoteAssetPrecision=8,1,0,1012,1012,0,1012,1012,1,1,0,0,0,,,,0,,,,,0,0,,1012-1012
priceMin=0.001|priceMax=1024|priceTick=0.001|lotMin=0.01|lotMax=89984117|lotStep=0.01|bidUp=5|bidDown=0.2|askUp=5|askDown=0.2|percentMins=5|minNotional=10|maxNotional=9000000|basePrecision=8|quotePrecision=8|quoteAssetPrecision=8,1,0,1014,1014,0,1014,1014,1,1,0,0,0,,,,0,,,,,0,0,,1014-1014
priceMin=0.0091|priceMax=0.1723|priceTick=0.0001|lotMin=0.01|lotMax=920000|lotStep=0.01|bidUp=5|bidDown=0.2|askUp=5|askDown=0.2|percentMins=5|minNotional=10|maxNotional=9000000|basePrecision=8|quotePrecision=8|quoteAssetPrecision=8,1,0,1015,1015,0,1015,1015,1,1,0,0,0,,,,0,,,,,0,0,,1015-1015
priceMin=0.00000812|priceMax=0.00015418|priceTick=1e-8|lotMin=0.01|lotMax=99999999|lotStep=0.01|bidUp=5|bidDown=0.2|askUp=5|askDown=0.2|percentMins=5|minNotional=10|maxNotional=9000000|basePrecision=8|quotePrecision=8|quoteAssetPrecision=8,1,0,1016,1016,0,1016,1016,1,1,0,0,0,,,,0,,,,,0,0,,1016-1016
priceMin=0.001|priceMax=921.4|priceTick=0.001|lotMin=0.01|lotMax=100000000|lotStep=0.01|bidUp=5|bidDown=0.2|askUp=5|askDown=0.2|percentMins=5|minNotional=10|maxNotional=9000000|basePrecision=8|quotePrecision=8|quoteAssetPrecision=8,1,0,1018,1018,0,1018,1018,1,1,0,0,0,,,,0,,,,,0,0,,1018-1018
priceMin=0.01|priceMax=1000000|priceTick=0.01|lotMin=1|lotMax=90000000|lotStep=1|bidUp=5|bidDown=0.2|askUp=5|askDown=0.2|percentMins=5|minNotional=20000|maxNotional=9000000000|basePrecision=8|quotePrecision=2|quoteAssetPrecision=2,1,0,1020,1020,0,1020,1020,1,1,0,0,0,,,,0,,,,,0,0,,1020-1020
priceMin=0.1|priceMax=100000|priceTick=0.1|lotMin=0.1|lotMax=922320|lotStep=0.1|bidUp=1.2|bidDown=0.8|askUp=1.2|askDown=0.8|percentMins=5|minNotional=500|maxNotional=900000000|basePrecision=8|quotePrecision=8|quoteAssetPrecision=8,1,0,1022,1022,0,1022,1022,1,1,0,0,0,,,,0,,,,,0,0,,1022-1022
priceMin=0.00001|priceMax=10000|priceTick=0.00001|lotMin=0.01|lotMax=900000|lotStep=0.01|bidUp=5|bidDown=0.2|askUp=5|askDown=0.2|percentMins=5|minNotional=0.05|maxNotional=9000000|basePrecision=8|quotePrecision=8|quoteAssetPrecision=8,1,0,1027,1027,0,1027,1027,1,1,0,0,0,,,,0,,,,,0,0,,1027-1027
priceMin=1e-7|priceMax=1000|priceTick=1e-7|lotMin=0.01|lotMax=10000000|lotStep=0.01|bidUp=5|bidDown=0.2|askUp=5|askDown=0.2|percentMins=5|minNotional=0.0001|maxNotional=9000000|basePrecision=8|quotePrecision=8|quoteAssetPrecision=8,1,0,1028,1028,0,1028,1028,1,1,0,0,0,,,,0,,,,,0,0,,1028-1028
priceMin=0.0001|priceMax=10000|priceTick=0.0001|lotMin=1|lotMax=922327|lotStep=1|bidUp=5|bidDown=0.2|askUp=5|askDown=0.2|percentMins=5|minNotional=10|maxNotional=9000000|basePrecision=8|quotePrecision=8|quoteAssetPrecision=8,1,0,1030,1030,0,1030,1030,1,1,0,0,0,,,,0,,,,,0,0,,1030-1030
priceMin=0.0486|priceMax=0.923|priceTick=0.0001|lotMin=0.01|lotMax=920000|lotStep=0.01|bidUp=5|bidDown=0.2|askUp=5|askDown=0.2|percentMins=5|minNotional=10|maxNotional=9000000|basePrecision=8|quotePrecision=8|quoteAssetPrecision=8,1,0,1033,1033,0,1033,1033,1,1,0,0,0,,,,0,,,,,0,0,,1033-1033
priceMin=0.2228|priceMax=4.2321|priceTick=0.0001|lotMin=0.01|lotMax=610819340|lotStep=0.01|bidUp=5|bidDown=0.2|askUp=5|askDown=0.2|percentMins=5|minNotional=10|maxNotional=9000000|basePrecision=8|quotePrecision=8|quoteAssetPrecision=8,1,0,1034,1034,0,1034,1034,1,1,0,0,0,,,,0,,,,,0,0,,1034-1034
priceMin=0.01|priceMax=1000007|priceTick=0.01|lotMin=0.1|lotMax=92232|lotStep=0.1|bidUp=5|bidDown=0.2|askUp=5|askDown=0.2|percentMins=5|minNotional=1000|maxNotional=9000000|basePrecision=8|quotePrecision=8|quoteAssetPrecision=8,1,0,1035,1035,0,1035,1035,1,1,0,0,0,,,,0,,,,,0,0,,1035-1035
priceMin=0.0001|priceMax=1000|priceTick=0.0001|lotMin=1|lotMax=900000|lotStep=1|bidUp=2|bidDown=0.5|askUp=2|askDown=0.5|percentMins=5|minNotional=5|maxNotional=9000000|basePrecision=8|quotePrecision=8|quoteAssetPrecision=8,1,0,1046,1046,0,1046,1046,1,1,0,0,0,,,,0,,,,,0,0,,1046-1046
priceMin=0.00001|priceMax=1000|priceTick=0.00001|lotMin=0.01|lotMax=9000000|lotStep=0.01|bidUp=2|bidDown=0.5|askUp=2|askDown=0.5|percentMins=5|minNotional=0.01|maxNotional=9000000|basePrecision=8|quotePrecision=8|quoteAssetPrecision=8,1,0,1049,1049,0,1049,1049,1,1,0,0,0,,,,0,,,,,0,0,,1049-1049
priceMin=1|priceMax=1000000|priceTick=1|lotMin=0.1|lotMax=1000000|lotStep=0.1|bidUp=5|bidDown=0.2|askUp=5|askDown=0.2|percentMins=5|minNotional=20000|maxNotional=9000000000|basePrecision=8|quotePrecision=2|quoteAssetPrecision=2,1,0,1057,1057,0,1057,1057,1,1,0,0,0,,,,0,,,,,0,0,,1057-1057
priceMin=0.000001|priceMax=1000|priceTick=0.000001|lotMin=0.01|lotMax=9000000|lotStep=0.01|bidUp=1.2|bidDown=0.5|askUp=2|askDown=0.8|percentMins=5|minNotional=0.01|maxNotional=9000000|basePrecision=8|quotePrecision=8|quoteAssetPrecision=8,1,0,1065,1065,0,1065,1065,1,1,0,0,0,,,,0,,,,,0,0,,1065-1065
priceMin=0.107|priceMax=2.018|priceTick=0.001|lotMin=0.01|lotMax=920000|lotStep=0.01|bidUp=5|bidDown=0.2|askUp=5|askDown=0.2|percentMins=5|minNotional=10|maxNotional=9000000|basePrecision=8|quotePrecision=8|quoteAssetPrecision=8,1,0,1068,1068,0,1068,1068,1,1,0,0,0,,,,0,,,,,0,0,,1068-1068
priceMin=0.219|priceMax=4.15|priceTick=0.001|lotMin=0.01|lotMax=99999999|lotStep=0.01|bidUp=5|bidDown=0.2|askUp=5|askDown=0.2|percentMins=5|minNotional=10|maxNotional=9000000|basePrecision=8|quotePrecision=8|quoteAssetPrecision=8,1,0,1069,1069,0,1069,1069,1,1,0,0,0,,,,0,,,,,0,0,,1069-1069
priceMin=0.001|priceMax=100000|priceTick=0.001|lotMin=0.1|lotMax=922327|lotStep=0.1|bidUp=2|bidDown=0.5|askUp=2|askDown=0.5|percentMins=5|minNotional=10|maxNotional=90000000|basePrecision=8|quotePrecision=8|quoteAssetPrecision=8,1,0,1073,1073,0,1073,1073,1,1,0,0,0,,,,0,,,,,0,0,,1073-1073
priceMin=0.01|priceMax=1000|priceTick=0.01|lotMin=0.01|lotMax=900000|lotStep=0.01|bidUp=5|bidDown=0.2|askUp=5|askDown=0.2|percentMins=5|minNotional=10|maxNotional=9000000|basePrecision=8|quotePrecision=8|quoteAssetPrecision=8,1,0,1078,1078,0,1078,1078,1,1,0,0,0,,,,0,,,,,0,0,,1078-1078
priceMin=0.01|priceMax=1000|priceTick=0.01|lotMin=0.01|lotMax=900000|lotStep=0.01|bidUp=1.2|bidDown=0.5|askUp=2|askDown=0.8|percentMins=5|minNotional=5|maxNotional=9000000|basePrecision=8|quotePrecision=8|quoteAssetPrecision=8,1,0,1079,1079,0,1079,1079,1,1,0,0,0,,,,0,,,,,0,0,,1079-1079
priceMin=0.0001|priceMax=10000|priceTick=0.0001|lotMin=0.001|lotMax=900000|lotStep=0.001|bidUp=5|bidDown=0.2|askUp=5|askDown=0.2|percentMins=5|minNotional=0.01|maxNotional=9000000|basePrecision=8|quotePrecision=8|quoteAssetPrecision=8,1,0,1086,1086,0,1086,1086,1,1,0,0,0,,,,0,,,,,0,0,,1086-1086
priceMin=1|priceMax=10000000|priceTick=1|lotMin=0.00001|lotMax=9000|lotStep=0.00001|bidUp=1.2|bidDown=0.5|askUp=2|askDown=0.8|percentMins=5|minNotional=10|maxNotional=9000000|basePrecision=8|quotePrecision=8|quoteAssetPrecision=8,1,0,1087,1087,0,1087,1087,1,1,0,0,0,,,,0,,,,,0,0,,1087-1087
priceMin=0.000001|priceMax=1000|priceTick=0.000001|lotMin=0.001|lotMax=92141578|lotStep=0.001|bidUp=1.2|bidDown=0.5|askUp=2|askDown=0.8|percentMins=5|minNotional=0.0001|maxNotional=9000000|basePrecision=8|quotePrecision=8|quoteAssetPrecision=8,1,0,1089,1089,0,1089,1089,1,1,0,0,0,,,,0,,,,,0,0,,1089-1089
priceMin=0.01|priceMax=100000|priceTick=0.01|lotMin=0.001|lotMax=900000|lotStep=0.001|bidUp=5|bidDown=0.2|askUp=5|askDown=0.2|percentMins=5|minNotional=5|maxNotional=9000000|basePrecision=8|quotePrecision=8|quoteAssetPrecision=8,1,0,1091,1091,0,1091,1091,1,1,0,0,0,,,,0,,,,,0,0,,1091-1091
priceMin=0.01745|priceMax=0.33141|priceTick=0.00001|lotMin=0.01|lotMax=920000|lotStep=0.01|bidUp=5|bidDown=0.2|askUp=5|askDown=0.2|percentMins=5|minNotional=10|maxNotional=9000000|basePrecision=8|quotePrecision=8|quoteAssetPrecision=8,1,0,1098,1098,0,1098,1098,1,1,0,0,0,,,,0,,,,,0,0,,1098-1098
priceMin=0.00897|priceMax=0.17035|priceTick=0.00001|lotMin=0.01|lotMax=100000000|lotStep=0.01|bidUp=5|bidDown=0.2|askUp=5|askDown=0.2|percentMins=5|minNotional=10|maxNotional=9000000|basePrecision=8|quotePrecision=8|quoteAssetPrecision=8,1,0,1099,1099,0,1099,1099,1,1,0,0,0,,,,0,,,,,0,0,,1099-1099
priceMin=1e-7|priceMax=4611|priceTick=1e-7|lotMin=0.01|lotMax=19998638|lotStep=0.01|bidUp=5|bidDown=0.2|askUp=5|askDown=0.2|percentMins=5|minNotional=10|maxNotional=9000000|basePrecision=8|quotePrecision=8|quoteAssetPrecision=8,1,0,1107,1107,0,1107,1107,1,1,0,0,0,,,,0,,,,,0,0,,1107-1107
priceMin=0.0117|priceMax=0.2204|priceTick=0.0001|lotMin=0.01|lotMax=920000|lotStep=0.01|bidUp=5|bidDown=0.2|askUp=5|askDown=0.2|percentMins=5|minNotional=10|maxNotional=9000000|basePrecision=8|quotePrecision=8|quoteAssetPrecision=8,1,0,1108,1108,0,1108,1108,1,1,0,0,0,,,,0,,,,,0,0,,1108-1108
priceMin=0.092|priceMax=1.7479|priceTick=0.0001|lotMin=0.01|lotMax=30000|lotStep=0.01|bidUp=5|bidDown=0.2|askUp=5|askDown=0.2|percentMins=5|minNotional=10|maxNotional=9000000|basePrecision=8|quotePrecision=8|quoteAssetPrecision=8,1,0,1109,1109,0,1109,1109,1,1,0,0,0,,,,0,,,,,0,0,,1109-1109
priceMin=0.01|priceMax=200000|priceTick=0.01|lotMin=0.0001|lotMax=45000|lotStep=0.0001|bidUp=1.2|bidDown=0.5|askUp=2|askDown=0.8|percentMins=5|minNotional=10|maxNotional=9000000|basePrecision=8|quotePrecision=8|quoteAssetPrecision=8,1,0,1130,1130,0,1130,1130,1,1,0,0,0,,,,0,,,,,0,0,,1130-1130
priceMin=0.000001|priceMax=1000|priceTick=0.000001|lotMin=1|lotMax=9000000|lotStep=1|bidUp=5|bidDown=0.2|askUp=5|askDown=0.2|percentMins=5|minNotional=1|maxNotional=9000000|basePrecision=8|quotePrecision=8|quoteAssetPrecision=8,1,0,1133,1133,0,1133,1133,1,1,0,0,0,,,,0,,,,,0,0,,1133-1133
priceMin=0.0001|priceMax=1000|priceTick=0.0001|lotMin=0.01|lotMax=900000|lotStep=0.01|bidUp=5|bidDown=0.2|askUp=5|askDown=0.2|percentMins=5|minNotional=0.05|maxNotional=9000000|basePrecision=8|quotePrecision=8|quoteAssetPrecision=8,1,0,1134,1134,0,1134,1134,1,1,0,0,0,,,,0,,,,,0,0,,1134-1134
priceMin=0.01|priceMax=100000|priceTick=0.01|lotMin=0.01|lotMax=90000|lotStep=0.01|bidUp=5|bidDown=0.2|askUp=5|askDown=0.2|percentMins=5|minNotional=10|maxNotional=9000000|basePrecision=8|quotePrecision=8|quoteAssetPrecision=8,1,0,1135,1135,0,1135,1135,1,1,0,0,0,,,,0,,,,,0,0,,1135-1135
priceMin=0.000001|priceMax=1000|priceTick=0.000001|lotMin=0.01|lotMax=9000000|lotStep=0.01|bidUp=5|bidDown=0.2|askUp=5|askDown=0.2|percentMins=5|minNotional=0.01|maxNotional=9000000|basePrecision=8|quotePrecision=8|quoteAssetPrecision=8,1,0,1136,1136,0,1136,1136,1,1,0,0,0,,,,0,,,,,0,0,,1136-1136
priceMin=0.01|priceMax=1000|priceTick=0.01|lotMin=0.01|lotMax=900000|lotStep=0.01|bidUp=5|bidDown=0.2|askUp=5|askDown=0.2|percentMins=5|minNotional=5|maxNotional=9000000|basePrecision=8|quotePrecision=8|quoteAssetPrecision=8,1,0,1138,1138,0,1138,1138,1,1,0,0,0,,,,0,,,,,0,0,,1138-1138
priceMin=1|priceMax=100000|priceTick=1|lotMin=0.001|lotMax=45000|lotStep=0.001|bidUp=1.2|bidDown=0.5|askUp=2|askDown=0.8|percentMins=5|minNotional=10|maxNotional=9000000|basePrecision=8|quotePrecision=8|quoteAssetPrecision=8,1,0,1144,1144,0,1144,1144,1,1,0,0,0,,,,0,,,,,0,0,,1144-1144
priceMin=0.0001|priceMax=1000|priceTick=0.0001|lotMin=0.00001|lotMax=92141578|lotStep=0.00001|bidUp=5|bidDown=0.2|askUp=5|askDown=0.2|percentMins=5|minNotional=0.0001|maxNotional=9000000|basePrecision=8|quotePrecision=8|quoteAssetPrecision=8,1,0,1146,1146,0,1146,1146,1,1,0,0,0,,,,0,,,,,0,0,,1146-1146
priceMin=0.001|priceMax=100000|priceTick=0.001|lotMin=0.00001|lotMax=100000|lotStep=0.00001|bidUp=5|bidDown=0.2|askUp=5|askDown=0.2|percentMins=5|minNotional=0.005|maxNotional=9000000|basePrecision=8|quotePrecision=8|quoteAssetPrecision=8,1,0,1147,1147,0,1147,1147,1,1,0,0,0,,,,0,,,,,0,0,,1147-1147
priceMin=1|priceMax=10001487|priceTick=1|lotMin=0.00001|lotMax=9221|lotStep=0.00001|bidUp=5|bidDown=0.2|askUp=5|askDown=0.2|percentMins=5|minNotional=500|maxNotional=900000000|basePrecision=8|quotePrecision=8|quoteAssetPrecision=8,1,0,1152,1152,0,1152,1152,1,1,0,0,0,,,,0,,,,,0,0,,1152-1152
priceMin=0.001|priceMax=1000|priceTick=0.001|lotMin=0.1|lotMax=9222449|lotStep=0.1|bidUp=1.2|bidDown=0.8|askUp=1.2|askDown=0.8|percentMins=5|minNotional=10|maxNotional=9000000|basePrecision=8|quotePrecision=8|quoteAssetPrecision=8,1,0,1172,1172,0,1172,1172,1,1,0,0,0,,,,0,,,,,0,0,,1172-1172
priceMin=0.00001|priceMax=1000|priceTick=0.00001|lotMin=1|lotMax=9222449|lotStep=1|bidUp=5|bidDown=0.2|askUp=5|askDown=0.2|percentMins=5|minNotional=5|maxNotional=9000000|basePrecision=8|quotePrecision=8|quoteAssetPrecision=8,1,0,1175,1175,0,1175,1175,1,1,0,0,0,,,,0,,,,,0,0,,1175-1175
priceMin=0.0001|priceMax=1000|priceTick=0.0001|lotMin=1|lotMax=9222449|lotStep=1|bidUp=5|bidDown=0.2|askUp=5|askDown=0.2|percentMins=5|minNotional=10|maxNotional=9000000|basePrecision=8|quotePrecision=8|quoteAssetPrecision=8,1,0,1177,1177,0,1177,1177,1,1,0,0,0,,,,0,,,,,0,0,,1177-1177
priceMin=0.0597|priceMax=1.1332|priceTick=0.0001|lotMin=0.01|lotMax=920000|lotStep=0.01|bidUp=5|bidDown=0.2|askUp=5|askDown=0.2|percentMins=5|minNotional=10|maxNotional=9000000|basePrecision=8|quotePrecision=8|quoteAssetPrecision=8,1,0,1178,1178,0,1178,1178,1,1,0,0,0,,,,0,,,,,0,0,,1178-1178
priceMin=0.000471|priceMax=0.008934|priceTick=0.000001|lotMin=0.01|lotMax=100000000|lotStep=0.01|bidUp=5|bidDown=0.2|askUp=5|askDown=0.2|percentMins=5|minNotional=10|maxNotional=9000000|basePrecision=8|quotePrecision=8|quoteAssetPrecision=8,1,0,1179,1179,0,1179,1179,1,1,0,0,0,,,,0,,,,,0,0,,1179-1179
priceMin=0.001|priceMax=100000|priceTick=0.001|lotMin=0.1|lotMax=922327|lotStep=0.1|bidUp=1.2|bidDown=0.5|askUp=2|askDown=0.8|percentMins=5|minNotional=10|maxNotional=9000000|basePrecision=8|quotePrecision=8|quoteAssetPrecision=8,1,0,1182,1182,0,1182,1182,1,1,0,0,0,,,,0,,,,,0,0,,1182-1182
priceMin=1|priceMax=1000000|priceTick=1|lotMin=0.00001|lotMax=9000|lotStep=0.00001|bidUp=5|bidDown=0.2|askUp=5|askDown=0.2|percentMins=5|minNotional=5|maxNotional=9000000|basePrecision=8|quotePrecision=8|quoteAssetPrecision=8,1,0,1188,1188,0,1188,1188,1,1,0,0,0,,,,0,,,,,0,0,,1188-1188
priceMin=0.1|priceMax=1000000|priceTick=0.1|lotMin=1|lotMax=90000000|lotStep=1|bidUp=5|bidDown=0.2|askUp=5|askDown=0.2|percentMins=5|minNotional=20000|maxNotional=9000000000|basePrecision=8|quotePrecision=2|quoteAssetPrecision=2,1,0,1189,1189,0,1189,1189,1,1,0,0,0,,,,0,,,,,0,0,,1189-1189
priceMin=0.00001|priceMax=1000|priceTick=0.00001|lotMin=0.001|lotMax=92141578|lotStep=0.001|bidUp=5|bidDown=0.2|askUp=5|askDown=0.2|percentMins=5|minNotional=0.005|maxNotional=9000000|basePrecision=8|quotePrecision=8|quoteAssetPrecision=8,1,0,1193,1193,0,1193,1193,1,1,0,0,0,,,,0,,,,,0,0,,1193-1193
priceMin=0.00047|priceMax=0.008922|priceTick=0.000001|lotMin=0.01|lotMax=150000|lotStep=0.01|bidUp=5|bidDown=0.2|askUp=5|askDown=0.2|percentMins=5|minNotional=10|maxNotional=9000000|basePrecision=8|quotePrecision=8|quoteAssetPrecision=8,1,0,1199,1199,0,1199,1199,1,1,0,0,0,,,,0,,,,,0,0,,1199-1199
priceMin=3.78|priceMax=71.802|priceTick=0.001|lotMin=0.01|lotMax=19998638|lotStep=0.01|bidUp=5|bidDown=0.2|askUp=5|askDown=0.2|percentMins=5|minNotional=10|maxNotional=9000000|basePrecision=8|quotePrecision=8|quoteAssetPrecision=8,1,0,1200,1200,0,1200,1200,1,1,0,0,0,,,,0,,,,,0,0,,1200-1200
priceMin=0.00244|priceMax=0.04624|priceTick=0.00001|lotMin=0.01|lotMax=920000|lotStep=0.01|bidUp=5|bidDown=0.2|askUp=5|askDown=0.2|percentMins=5|minNotional=10|maxNotional=9000000|basePrecision=8|quotePrecision=8|quoteAssetPrecision=8,1,0,1201,1201,0,1201,1201,1,1,0,0,0,,,,0,,,,,0,0,,1201-1201
priceMin=0.431|priceMax=8.182|priceTick=0.001|lotMin=0.01|lotMax=399280174|lotStep=0.01|bidUp=5|bidDown=0.2|askUp=5|askDown=0.2|percentMins=5|minNotional=10|maxNotional=9000000|basePrecision=8|quotePrecision=8|quoteAssetPrecision=8,1,0,1202,1202,0,1202,1202,1,1,0,0,0,,,,0,,,,,0,0,,1202-1202
priceMin=0.01|priceMax=100000|priceTick=0.01|lotMin=0.01|lotMax=45000|lotStep=0.01|bidUp=1.2|bidDown=0.5|askUp=2|askDown=0.8|percentMins=5|minNotional=10|maxNotional=9000000|basePrecision=8|quotePrecision=8|quoteAssetPrecision=8,1,0,1203,1203,0,1203,1203,1,1,0,0,0,,,,0,,,,,0,0,,1203-1203
priceMin=0.1|priceMax=1000000|priceTick=0.1|lotMin=0.001|lotMax=90000|lotStep=0.001|bidUp=5|bidDown=0.2|askUp=5|askDown=0.2|percentMins=5|minNotional=100|maxNotional=90000000|basePrecision=8|quotePrecision=8|quoteAssetPrecision=8,1,0,1205,1205,0,1205,1205,1,1,0,0,0,,,,0,,,,,0,0,,1205-1205
priceMin=11981|priceMax=35943|priceTick=1|lotMin=1|lotMax=1000000|lotStep=1|bidUp=1.2|bidDown=0.8|askUp=1.2|askDown=0.8|percentMins=5|minNotional=30000|maxNotional=9000000|basePrecision=8|quotePrecision=2|quoteAssetPrecision=2,1,0,1219,1219,0,1219,1219,1,1,0,0,0,,,,0,,,,,0,0,,1219-1219
priceMin=12003|priceMax=36010|priceTick=1|lotMin=1|lotMax=1000000|lotStep=1|bidUp=1.2|bidDown=0.8|askUp=1.2|askDown=0.8|percentMins=5|minNotional=30000|maxNotional=9000000|basePrecision=8|quotePrecision=2|quoteAssetPrecision=2,1,0,1220,1220,0,1220,1220,1,1,0,0,0,,,,0,,,,,0,0,,1220-1220
priceMin=0.0001|priceMax=1000|priceTick=0.0001|lotMin=0.01|lotMax=9222449|lotStep=0.01|bidUp=5|bidDown=0.2|askUp=5|askDown=0.2|percentMins=5|minNotional=10|maxNotional=9000000|basePrecision=8|quotePrecision=8|quoteAssetPrecision=8,1,0,1243,1243,0,1243,1243,1,1,0,0,0,,,,0,,,,,0,0,,1243-1243
priceMin=0.0001|priceMax=1000|priceTick=0.0001|lotMin=1|lotMax=9222449|lotStep=1|bidUp=2|bidDown=0.5|askUp=2|askDown=0.5|percentMins=5|minNotional=5|maxNotional=9000000|basePrecision=8|quotePrecision=8|quoteAssetPrecision=8,1,0,1244,1244,0,1244,1244,1,1,0,0,0,,,,0,,,,,0,0,,1244-1244
priceMin=0.1|priceMax=100000|priceTick=0.1|lotMin=0.001|lotMax=45000|lotStep=0.001|bidUp=1.2|bidDown=0.5|askUp=2|askDown=0.8|percentMins=5|minNotional=10|maxNotional=9000000|basePrecision=8|quotePrecision=8|quoteAssetPrecision=8,1,0,1248,1248,0,1248,1248,1,1,0,0,0,,,,0,,,,,0,0,,1248-1248
priceMin=0.0001|priceMax=1000|priceTick=0.0001|lotMin=0.01|lotMax=9000000|lotStep=0.01|bidUp=1.2|bidDown=0.8|askUp=1.2|askDown=0.8|percentMins=5|minNotional=10|maxNotional=9000000|basePrecision=8|quotePrecision=8|quoteAssetPrecision=8,1,0,1249,1249,0,1249,1249,1,1,0,0,0,,,,0,,,,,0,0,,1249-1249
priceMin=0.6999|priceMax=1.2998|priceTick=0.0001|lotMin=0.1|lotMax=900000|lotStep=0.1|bidUp=1.2|bidDown=0.8|askUp=1.2|askDown=0.8|percentMins=5|minNotional=10|maxNotional=9000000|basePrecision=8|quotePrecision=8|quoteAssetPrecision=8,1,0,1251,1251,0,1251,1251,1,1,0,0,0,,,,0,,,,,0,0,,1251-1251
priceMin=0.0001|priceMax=1000|priceTick=0.0001|lotMin=0.0001|lotMax=92141578|lotStep=0.0001|bidUp=5|bidDown=0.2|askUp=5|askDown=0.2|percentMins=5|minNotional=0.001|maxNotional=9000000|basePrecision=8|quotePrecision=8|quoteAssetPrecision=8,1,0,1261,1261,0,1261,1261,1,1,0,0,0,,,,0,,,,,0,0,,1261-1261
priceMin=0.0001|priceMax=1000|priceTick=0.0001|lotMin=1|lotMax=92141578|lotStep=1|bidUp=1.2|bidDown=0.5|askUp=2|askDown=0.8|percentMins=5|minNotional=10|maxNotional=9000000|basePrecision=8|quotePrecision=8|quoteAssetPrecision=8,1,0,1265,1265,0,1265,1265,1,1,0,0,0,,,,0,,,,,0,0,,1265-1265
priceMin=0.001|priceMax=10000|priceTick=0.001|lotMin=0.1|lotMax=9222449|lotStep=0.1|bidUp=1.2|bidDown=0.5|askUp=2|askDown=0.8|percentMins=5|minNotional=10|maxNotional=9000000|basePrecision=8|quotePrecision=8|quoteAssetPrecision=8,1,0,1305,1305,0,1305,1305,1,1,0,0,0,,,,0,,,,,0,0,,1305-1305
priceMin=0.01|priceMax=100000|priceTick=0.01|lotMin=0.01|lotMax=922327|lotStep=0.01|bidUp=2|bidDown=0.5|askUp=2|askDown=0.5|percentMins=5|minNotional=10|maxNotional=9000000|basePrecision=8|quotePrecision=8|quoteAssetPrecision=8,1,0,1315,1315,0,1315,1315,1,1,0,0,0,,,,0,,,,,0,0,,1315-1315
priceMin=0.001|priceMax=100000|priceTick=0.001|lotMin=0.01|lotMax=90000|lotStep=0.01|bidUp=1.2|bidDown=0.5|askUp=2|askDown=0.8|percentMins=5|minNotional=5|maxNotional=9000000|basePrecision=8|quotePrecision=8|quoteAssetPrecision=8,1,0,1318,1318,0,1318,1318,1,1,0,0,0,,,,0,,,,,0,0,,1318-1318
priceMin=0.00001|priceMax=1000|priceTick=0.00001|lotMin=0.01|lotMax=9222449|lotStep=0.01|bidUp=5|bidDown=0.2|askUp=5|askDown=0.2|percentMins=5|minNotional=10|maxNotional=9000000|basePrecision=8|quotePrecision=8|quoteAssetPrecision=8,1,0,1323,1323,0,1323,1323,1,1,0,0,0,,,,0,,,,,0,0,,1323-1323
priceMin=0.001|priceMax=1000|priceTick=0.001|lotMin=0.01|lotMax=900000|lotStep=0.01|bidUp=5|bidDown=0.2|askUp=5|askDown=0.2|percentMins=5|minNotional=10|maxNotional=9000000|basePrecision=8|quotePrecision=8|quoteAssetPrecision=8,1,0,1333,1333,0,1333,1333,1,1,0,0,0,,,,0,,,,,0,0,,1333-1333
priceMin=0.0001|priceMax=1000|priceTick=0.0001|lotMin=0.01|lotMax=900000|lotStep=0.01|bidUp=1.2|bidDown=0.5|askUp=2|askDown=0.8|percentMins=5|minNotional=5|maxNotional=9000000|basePrecision=8|quotePrecision=8|quoteAssetPrecision=8,1,0,1334,1334,0,1334,1334,1,1,0,0,0,,,,0,,,,,0,0,,1334-1334
priceMin=0.00001|priceMax=1000|priceTick=0.00001|lotMin=1|lotMax=900000|lotStep=1|bidUp=5|bidDown=0.2|askUp=5|askDown=0.2|percentMins=5|minNotional=5|maxNotional=9000000|basePrecision=8|quotePrecision=8|quoteAssetPrecision=8,1,0,1335,1335,0,1335,1335,1,1,0,0,0,,,,0,,,,,0,0,,1335-1335
priceMin=0.000001|priceMax=10000|priceTick=0.000001|lotMin=0.01|lotMax=9222449|lotStep=0.01|bidUp=5|bidDown=0.2|askUp=5|askDown=0.2|percentMins=5|minNotional=10|maxNotional=9000000|basePrecision=8|quotePrecision=8|quoteAssetPrecision=8,1,0,1341,1341,0,1341,1341,1,1,0,0,0,,,,0,,,,,0,0,,1341-1341
priceMin=0.00001|priceMax=10000|priceTick=0.00001|lotMin=0.01|lotMax=90000|lotStep=0.01|bidUp=5|bidDown=0.2|askUp=5|askDown=0.2|percentMins=5|minNotional=10|maxNotional=9000000|basePrecision=8|quotePrecision=8|quoteAssetPrecision=8,1,0,1349,1349,0,1349,1349,1,1,0,0,0,,,,0,,,,,0,0,,1349-1349
priceMin=0.0001|priceMax=10000|priceTick=0.0001|lotMin=0.01|lotMax=90000|lotStep=0.01|bidUp=5|bidDown=0.2|askUp=5|askDown=0.2|percentMins=5|minNotional=5|maxNotional=9000000|basePrecision=8|quotePrecision=8|quoteAssetPrecision=8,1,0,1350,1350,0,1350,1350,1,1,0,0,0,,,,0,,,,,0,0,,1350-1350
priceMin=0.0001|priceMax=10000|priceTick=0.0001|lotMin=1|lotMax=9222449|lotStep=1|bidUp=1.2|bidDown=0.5|askUp=2|askDown=0.8|percentMins=5|minNotional=5|maxNotional=9000000|basePrecision=8|quotePrecision=8|quoteAssetPrecision=8,1,0,1356,1356,0,1356,1356,1,1,0,0,0,,,,0,,,,,0,0,,1356-1356
priceMin=0.0001|priceMax=1000|priceTick=0.0001|lotMin=0.01|lotMax=92141578|lotStep=0.01|bidUp=1.3|bidDown=0.5|askUp=2|askDown=0.7|percentMins=5|minNotional=10|maxNotional=90000000|basePrecision=8|quotePrecision=8|quoteAssetPrecision=8,1,0,1364,1364,0,1364,1364,1,1,0,0,0,,,,0,,,,,0,0,,1364-1364
priceMin=0.00001|priceMax=1000|priceTick=0.00001|lotMin=0.001|lotMax=92141578|lotStep=0.001|bidUp=5|bidDown=0.2|askUp=5|askDown=0.2|percentMins=5|minNotional=0.0001|maxNotional=9000000|basePrecision=8|quotePrecision=8|quoteAssetPrecision=8,1,0,1370,1370,0,1370,1370,1,1,0,0,0,,,,0,,,,,0,0,,1370-1370
priceMin=0.01|priceMax=1000000|priceTick=0.01|lotMin=0.1|lotMax=90000000|lotStep=0.1|bidUp=5|bidDown=0.2|askUp=5|askDown=0.2|percentMins=5|minNotional=20000|maxNotional=9000000000|basePrecision=8|quotePrecision=2|quoteAssetPrecision=2,1,0,1374,1374,0,1374,1374,1,1,0,0,0,,,,0,,,,,0,0,,1374-1374
priceMin=0.00001|priceMax=1000|priceTick=0.00001|lotMin=1|lotMax=900000|lotStep=1|bidUp=5|bidDown=0.2|askUp=5|askDown=0.2|percentMins=5|minNotional=10|maxNotional=9000000|basePrecision=8|quotePrecision=8|quoteAssetPrecision=8,1,0,1384,1384,0,1384,1384,1,1,0,0,0,,,,0,,,,,0,0,,1384-1384
priceMin=0.00633|priceMax=0.120255|priceTick=0.000001|lotMin=0.01|lotMax=300000|lotStep=0.01|bidUp=5|bidDown=0.2|askUp=5|askDown=0.2|percentMins=5|minNotional=10|maxNotional=9000000|basePrecision=8|quotePrecision=8|quoteAssetPrecision=8,1,0,1386,1386,0,1386,1386,1,1,0,0,0,,,,0,,,,,0,0,,1386-1386
priceMin=0.000627|priceMax=0.011903|priceTick=0.000001|lotMin=0.01|lotMax=2999958|lotStep=0.01|bidUp=5|bidDown=0.2|askUp=5|askDown=0.2|percentMins=5|minNotional=10|maxNotional=9000000|basePrecision=8|quotePrecision=8|quoteAssetPrecision=8,1,0,1387,1387,0,1387,1387,1,1,0,0,0,,,,0,,,,,0,0,,1387-1387
priceMin=1|priceMax=1000000|priceTick=1|lotMin=0.001|lotMax=90000|lotStep=0.001|bidUp=5|bidDown=0.2|askUp=5|askDown=0.2|percentMins=5|minNotional=100|maxNotional=90000000|basePrecision=8|quotePrecision=8|quoteAssetPrecision=8,1,0,1391,1391,0,1391,1391,1,1,0,0,0,,,,0,,,,,0,0,,1391-1391
priceMin=0.000001|priceMax=1000|priceTick=0.000001|lotMin=0.01|lotMax=92141578|lotStep=0.01|bidUp=1.2|bidDown=0.5|askUp=2|askDown=0.8|percentMins=5|minNotional=5|maxNotional=9000000|basePrecision=8|quotePrecision=8|quoteAssetPrecision=8,1,0,1393,1393,0,1393,1393,1,1,0,0,0,,,,0,,,,,0,0,,1393-1393
priceMin=0.001|priceMax=100000|priceTick=0.001|lotMin=1|lotMax=922327|lotStep=1|bidUp=5|bidDown=0.2|askUp=5|askDown=0.2|percentMins=5|minNotional=100|maxNotional=90000000|basePrecision=8|quotePrecision=8|quoteAssetPrecision=8,1,0,1406,1406,0,1406,1406,1,1,0,0,0,,,,0,,,,,0,0,,1406-1406
priceMin=0.000001|priceMax=1000|priceTick=0.000001|lotMin=1|lotMax=90000000|lotStep=1|bidUp=1.2|bidDown=0.5|askUp=2|askDown=0.8|percentMins=5|minNotional=5|maxNotional=9000000|basePrecision=8|quotePrecision=8|quoteAssetPrecision=8,1,0,1415,1415,0,1415,1415,1,1,0,0,0,,,,0,,,,,0,0,,1415-1415
priceMin=0.0001|priceMax=1000|priceTick=0.0001|lotMin=1|lotMax=90000000|lotStep=1|bidUp=1.2|bidDown=0.5|askUp=2|askDown=0.8|percentMins=5|minNotional=5|maxNotional=9000000|basePrecision=8|quotePrecision=8|quoteAssetPrecision=8,1,0,1417,1417,0,1417,1417,1,1,0,0,0,,,,0,,,,,0,0,,1417-1417
priceMin=1e-7|priceMax=1000|priceTick=1e-7|lotMin=0.01|lotMax=92141578|lotStep=0.01|bidUp=1.2|bidDown=0.5|askUp=2|askDown=0.8|percentMins=5|minNotional=0.0001|maxNotional=9000000|basePrecision=8|quotePrecision=8|quoteAssetPrecision=8,1,0,1421,1421,0,1421,1421,1,1,0,0,0,,,,0,,,,,0,0,,1421-1421
priceMin=1e-7|priceMax=1|priceTick=1e-7|lotMin=1|lotMax=46116860414|lotStep=1|bidUp=5|bidDown=0.2|askUp=5|askDown=0.2|percentMins=5|minNotional=100|maxNotional=90000000|basePrecision=2|quotePrecision=8|quoteAssetPrecision=8,1,0,1426,1426,0,1426,1426,1,1,0,0,0,,,,0,,,,,0,0,,1426-1426
priceMin=0.1|priceMax=10000|priceTick=0.1|lotMin=0.01|lotMax=9222449|lotStep=0.01|bidUp=5|bidDown=0.2|askUp=5|askDown=0.2|percentMins=5|minNotional=10|maxNotional=9000000|basePrecision=8|quotePrecision=8|quoteAssetPrecision=8,1,0,1428,1428,0,1428,1428,1,1,0,0,0,,,,0,,,,,0,0,,1428-1428
priceMin=1|priceMax=100000|priceTick=1|lotMin=1|lotMax=922327|lotStep=1|bidUp=5|bidDown=0.2|askUp=5|askDown=0.2|percentMins=5|minNotional=20000|maxNotional=9000000000|basePrecision=8|quotePrecision=2|quoteAssetPrecision=2,1,0,1429,1429,0,1429,1429,1,1,0,0,0,,,,0,,,,,0,0,,1429-1429
priceMin=1e-8|priceMax=1000|priceTick=1e-8|lotMin=0.01|lotMax=100000|lotStep=0.01|bidUp=1.1|bidDown=0.5|askUp=2|askDown=0.9|percentMins=5|minNotional=0.0001|maxNotional=9000000|basePrecision=8|quotePrecision=8|quoteAssetPrecision=8,1,0,1430,1430,0,1430,1430,1,1,0,0,0,,,,0,,,,,0,0,,1430-1430
priceMin=0.00001|priceMax=1000|priceTick=0.00001|lotMin=0.01|lotMax=100000|lotStep=0.01|bidUp=5|bidDown=0.2|askUp=5|askDown=0.2|percentMins=5|minNotional=0.05|maxNotional=9000000|basePrecision=8|quotePrecision=8|quoteAssetPrecision=8,1,0,1431,1431,0,1431,1431,1,1,0,0,0,,,,0,,,,,0,0,,1431-1431
priceMin=0.001|priceMax=100000|priceTick=0.001|lotMin=0.01|lotMax=100000|lotStep=0.01|bidUp=5|bidDown=0.2|askUp=5|askDown=0.2|percentMins=5|minNotional=10|maxNotional=9000000|basePrecision=8|quotePrecision=8|quoteAssetPrecision=8,1,0,1432,1432,0,1432,1432,1,1,0,0,0,,,,0,,,,,0,0,,1432-1432
priceMin=0.001|priceMax=10000|priceTick=0.001|lotMin=0.1|lotMax=9222449|lotStep=0.1|bidUp=1.2|bidDown=0.5|askUp=2|askDown=0.8|percentMins=5|minNotional=5|maxNotional=9000000|basePrecision=8|quotePrecision=8|quoteAssetPrecision=8,1,0,1444,1444,0,1444,1444,1,1,0,0,0,,,,0,,,,,0,0,,1444-1444
priceMin=1e-7|priceMax=1000|priceTick=1e-7|lotMin=0.01|lotMax=92141570|lotStep=0.01|bidUp=1.1|bidDown=0.5|askUp=2|askDown=0.9|percentMins=5|minNotional=0.0001|maxNotional=9000000|basePrecision=8|quotePrecision=8|quoteAssetPrecision=8,1,0,1445,1445,0,1445,1445,1,1,0,0,0,,,,0,,,,,0,0,,1445-1445
priceMin=0.00001|priceMax=1000|priceTick=0.00001|lotMin=0.01|lotMax=92141570|lotStep=0.01|bidUp=5|bidDown=0.2|askUp=5|askDown=0.2|percentMins=5|minNotional=0.01|maxNotional=9000000|basePrecision=8|quotePrecision=8|quoteAssetPrecision=8,1,0,1446,1446,0,1446,1446,1,1,0,0,0,,,,0,,,,,0,0,,1446-1446
priceMin=0.01|priceMax=10000|priceTick=0.01|lotMin=0.01|lotMax=9222440|lotStep=0.01|bidUp=5|bidDown=0.2|askUp=5|askDown=0.2|percentMins=5|minNotional=10|maxNotional=9000000|basePrecision=8|quotePrecision=8|quoteAssetPrecision=8,1,0,1447,1447,0,1447,1447,1,1,0,0,0,,,,0,,,,,0,0,,1447-1447
priceMin=0.001|priceMax=10000|priceTick=0.001|lotMin=0.01|lotMax=9222440|lotStep=0.01|bidUp=1.2|bidDown=0.5|askUp=2|askDown=0.8|percentMins=5|minNotional=5|maxNotional=9000000|basePrecision=8|quotePrecision=8|quoteAssetPrecision=8,1,0,1448,1448,0,1448,1448,1,1,0,0,0,,,,0,,,,,0,0,,1448-1448
priceMin=1|priceMax=9999319|priceTick=1|lotMin=0.0001|lotMax=9220|lotStep=0.0001|bidUp=5|bidDown=0.2|askUp=5|askDown=0.2|percentMins=5|minNotional=100|maxNotional=90000000|basePrecision=8|quotePrecision=8|quoteAssetPrecision=8,1,0,1449,1449,0,1449,1449,1,1,0,0,0,,,,0,,,,,0,0,,1449-1449
priceMin=0.001|priceMax=10000|priceTick=0.001|lotMin=0.1|lotMax=9222440|lotStep=0.1|bidUp=5|bidDown=0.2|askUp=5|askDown=0.2|percentMins=5|minNotional=10|maxNotional=9000000|basePrecision=8|quotePrecision=8|quoteAssetPrecision=8,1,0,1450,1450,0,1450,1450,1,1,0,0,0,,,,0,,,,,0,0,,1450-1450
priceMin=0.01|priceMax=10000|priceTick=0.01|lotMin=0.001|lotMax=9222440|lotStep=0.001|bidUp=1.2|bidDown=0.5|askUp=2|askDown=0.8|percentMins=5|minNotional=5|maxNotional=9000000|basePrecision=8|quotePrecision=8|quoteAssetPrecision=8,1,0,1451,1451,0,1451,1451,1,1,0,0,0,,,,0,,,,,0,0,,1451-1451
priceMin=1e-8|priceMax=1|priceTick=1e-8|lotMin=1|lotMax=46116860414|lotStep=1|bidUp=1.2|bidDown=0.5|askUp=2|askDown=0.8|percentMins=5|minNotional=10|maxNotional=9000000|basePrecision=2|quotePrecision=8|quoteAssetPrecision=8,1,0,1452,1452,0,1452,1452,1,1,0,0,0,,,,0,,,,,0,0,,1452-1452
priceMin=0.0001|priceMax=10000|priceTick=0.0001|lotMin=1|lotMax=9222449|lotStep=1|bidUp=2|bidDown=0.5|askUp=2|askDown=0.5|percentMins=5|minNotional=5|maxNotional=9000000|basePrecision=8|quotePrecision=8|quoteAssetPrecision=8,1,0,1476,1476,0,1476,1476,1,1,0,0,0,,,,0,,,,,0,0,,1476-1476
priceMin=0.00001|priceMax=10000|priceTick=0.00001|lotMin=0.01|lotMax=9222449|lotStep=0.01|bidUp=5|bidDown=0.2|askUp=5|askDown=0.2|percentMins=5|minNotional=0.05|maxNotional=9000000|basePrecision=8|quotePrecision=8|quoteAssetPrecision=8,1,0,1482,1482,0,1482,1482,1,1,0,0,0,,,,0,,,,,0,0,,1482-1482
priceMin=0.1|priceMax=10000|priceTick=0.1|lotMin=0.001|lotMax=9222449|lotStep=0.001|bidUp=1.2|bidDown=0.5|askUp=2|askDown=0.8|percentMins=5|minNotional=10|maxNotional=9000000|basePrecision=8|quotePrecision=8|quoteAssetPrecision=8,1,0,1496,1496,0,1496,1496,1,1,0,0,0,,,,0,,,,,0,0,,1496-1496
priceMin=0.0001|priceMax=100000|priceTick=0.0001|lotMin=0.01|lotMax=922327|lotStep=0.01|bidUp=5|bidDown=0.2|askUp=5|askDown=0.2|percentMins=5|minNotional=10|maxNotional=9000000|basePrecision=8|quotePrecision=8|quoteAssetPrecision=8,1,0,1501,1501,0,1501,1501,1,1,0,0,0,,,,0,,,,,0,0,,1501-1501
priceMin=0.1|priceMax=999996|priceTick=0.1|lotMin=0.01|lotMax=92233|lotStep=0.01|bidUp=5|bidDown=0.2|askUp=5|askDown=0.2|percentMins=5|minNotional=100|maxNotional=90000000|basePrecision=8|quotePrecision=8|quoteAssetPrecision=8,1,0,1513,1513,0,1513,1513,1,1,0,0,0,,,,0,,,,,0,0,,1513-1513
priceMin=0.001|priceMax=10000|priceTick=0.001|lotMin=0.000001|lotMax=9222449|lotStep=0.000001|bidUp=5|bidDown=0.2|askUp=5|askDown=0.2|percentMins=5|minNotional=10|maxNotional=9000000|basePrecision=8|quotePrecision=8|quoteAssetPrecision=8,1,0,1518,1518,0,1518,1518,1,1,0,0,0,,,,0,,,,,0,0,,1518-1518
priceMin=0.01|priceMax=100000|priceTick=0.01|lotMin=1|lotMax=922327|lotStep=1|bidUp=1.2|bidDown=0.8|askUp=1.2|askDown=0.8|percentMins=5|minNotional=100|maxNotional=90000000|basePrecision=8|quotePrecision=8|quoteAssetPrecision=8,1,0,1519,1519,0,1519,1519,1,1,0,0,0,,,,0,,,,,0,0,,1519-1519
priceMin=1|priceMax=999996|priceTick=1|lotMin=0.001|lotMax=92233|lotStep=0.001|bidUp=5|bidDown=0.2|askUp=5|askDown=0.2|percentMins=5|minNotional=10|maxNotional=9000000|basePrecision=8|quotePrecision=8|quoteAssetPrecision=8,1,0,1532,1532,0,1532,1532,1,1,0,0,0,,,,0,,,,,0,0,,1532-1532
priceMin=0.001|priceMax=1000|priceTick=0.001|lotMin=0.001|lotMax=92141578|lotStep=0.001|bidUp=5|bidDown=0.2|askUp=5|askDown=0.2|percentMins=5|minNotional=0.05|maxNotional=9000000|basePrecision=8|quotePrecision=8|quoteAssetPrecision=8,1,0,1538,1538,0,1538,1538,1,1,0,0,0,,,,0,,,,,0,0,,1538-1538
priceMin=0.00001|priceMax=100000|priceTick=0.00001|lotMin=0.01|lotMax=922327|lotStep=0.01|bidUp=1.2|bidDown=0.5|askUp=2|askDown=0.8|percentMins=5|minNotional=5|maxNotional=9000000|basePrecision=8|quotePrecision=8|quoteAssetPrecision=8,1,0,1555,1555,0,1555,1555,1,1,0,0,0,,,,0,,,,,0,0,,1555-1555
priceMin=0.01|priceMax=100000|priceTick=0.01|lotMin=0.01|lotMax=922327|lotStep=0.01|bidUp=5|bidDown=0.2|askUp=5|askDown=0.2|percentMins=5|minNotional=5|maxNotional=9000000|basePrecision=8|quotePrecision=8|quoteAssetPrecision=8,1,0,1558,1558,0,1558,1558,1,1,0,0,0,,,,0,,,,,0,0,,1558-1558
priceMin=0.01|priceMax=100000|priceTick=0.01|lotMin=0.001|lotMax=922327|lotStep=0.001|bidUp=2|bidDown=0.5|askUp=2|askDown=0.5|percentMins=5|minNotional=5|maxNotional=9000000|basePrecision=8|quotePrecision=8|quoteAssetPrecision=8,1,0,1570,1570,0,1570,1570,1,1,0,0,0,,,,0,,,,,0,0,,1570-1570
priceMin=1e-8|priceMax=1|priceTick=1e-8|lotMin=1|lotMax=46116860414|lotStep=1|bidUp=1.2|bidDown=0.5|askUp=2|askDown=0.8|percentMins=5|minNotional=5|maxNotional=9000000|basePrecision=2|quotePrecision=8|quoteAssetPrecision=8,1,0,1605,1605,0,1605,1605,1,1,0,0,0,,,,0,,,,,0,0,,1605-1605
priceMin=0.01|priceMax=100000|priceTick=0.01|lotMin=0.001|lotMax=922327|lotStep=0.001|bidUp=5|bidDown=0.2|askUp=5|askDown=0.2|percentMins=5|minNotional=5|maxNotional=9000000|basePrecision=8|quotePrecision=8|quoteAssetPrecision=8,1,0,1607,1607,0,1607,1607,1,1,0,0,0,,,,0,,,,,0,0,,1607-1607
priceMin=1|priceMax=1000000|priceTick=1|lotMin=0.1|lotMax=92233|lotStep=0.1|bidUp=5|bidDown=0.2|askUp=5|askDown=0.2|percentMins=5|minNotional=20000|maxNotional=9000000000|basePrecision=8|quotePrecision=2|quoteAssetPrecision=2,1,0,1608,1608,0,1608,1608,1,1,0,0,0,,,,0,,,,,0,0,,1608-1608
priceMin=0.000001|priceMax=10|priceTick=0.000001|lotMin=0.01|lotMax=8384883677|lotStep=0.01|bidUp=5|bidDown=0.2|askUp=5|askDown=0.2|percentMins=5|minNotional=0.01|maxNotional=9000000|basePrecision=8|quotePrecision=8|quoteAssetPrecision=8,1,0,1613,1613,0,1613,1613,1,1,0,0,0,,,,0,,,,,0,0,,1613-1613
priceMin=1|priceMax=9999998955|priceTick=1|lotMin=0.0001|lotMax=9223372|lotStep=0.0001|bidUp=5|bidDown=0.2|askUp=5|askDown=0.2|percentMins=5|minNotional=20000|maxNotional=9000000000|basePrecision=8|quotePrecision=2|quoteAssetPrecision=2,1,0,1619,1619,0,1619,1619,1,1,0,0,0,,,,0,,,,,0,0,,1619-1619
priceMin=0.01|priceMax=9999319|priceTick=0.01|lotMin=0.00001|lotMax=9223|lotStep=0.00001|bidUp=5|bidDown=0.2|askUp=5|askDown=0.2|percentMins=5|minNotional=10|maxNotional=9000000|basePrecision=8|quotePrecision=8|quoteAssetPrecision=8,1,0,1620,1620,0,1620,1620,1,1,0,0,0,,,,0,,,,,0,0,,1620-1620
priceMin=0.0001|priceMax=1000|priceTick=0.0001|lotMin=0.01|lotMax=92141578|lotStep=0.01|bidUp=1.2|bidDown=0.8|askUp=1.2|askDown=0.8|percentMins=5|minNotional=10|maxNotional=9000000|basePrecision=8|quotePrecision=8|quoteAssetPrecision=8,1,0,1623,1623,0,1623,1623,1,1,0,0,0,,,,0,,,,,0,0,,1623-1623
priceMin=1e-8|priceMax=100|priceTick=1e-8|lotMin=1|lotMax=913205152|lotStep=1|bidUp=5|bidDown=0.2|askUp=5|askDown=0.2|percentMins=5|minNotional=0.0001|maxNotional=9000000|basePrecision=8|quotePrecision=8|quoteAssetPrecision=8,1,0,1628,1628,0,1628,1628,1,1,0,0,0,,,,0,,,,,0,0,,1628-1628
priceMin=1|priceMax=10000000|priceTick=1|lotMin=0.01|lotMax=9223371114|lotStep=0.01|bidUp=5|bidDown=0.2|askUp=5|askDown=0.2|percentMins=5|minNotional=20000|maxNotional=9000000000|basePrecision=8|quotePrecision=2|quoteAssetPrecision=2,1,0,1630,1630,0,1630,1630,1,1,0,0,0,,,,0,,,,,0,0,,1630-1630
priceMin=0.01|priceMax=999996|priceTick=0.01|lotMin=0.01|lotMax=92233|lotStep=0.01|bidUp=5|bidDown=0.2|askUp=5|askDown=0.2|percentMins=5|minNotional=100|maxNotional=90000000|basePrecision=8|quotePrecision=8|quoteAssetPrecision=8,1,0,1633,1633,0,1633,1633,1,1,0,0,0,,,,0,,,,,0,0,,1633-1633
priceMin=0.000001|priceMax=1000|priceTick=0.000001|lotMin=0.001|lotMax=92141578|lotStep=0.001|bidUp=2|bidDown=0.5|askUp=2|askDown=0.5|percentMins=5|minNotional=0.0001|maxNotional=9000000|basePrecision=8|quotePrecision=8|quoteAssetPrecision=8,1,0,1638,1638,0,1638,1638,1,1,0,0,0,,,,0,,,,,0,0,,1638-1638
priceMin=0.001|priceMax=1000|priceTick=0.001|lotMin=1|lotMax=92141578|lotStep=1|bidUp=5|bidDown=0.2|askUp=5|askDown=0.2|percentMins=5|minNotional=100|maxNotional=90000000|basePrecision=8|quotePrecision=8|quoteAssetPrecision=8,1,0,1648,1648,0,1648,1648,1,1,0,0,0,,,,0,,,,,0,0,,1648-1648
priceMin=0.01|priceMax=100000|priceTick=0.01|lotMin=0.01|lotMax=922327|lotStep=0.01|bidUp=1.2|bidDown=0.5|askUp=2|askDown=0.8|percentMins=5|minNotional=10|maxNotional=9000000|basePrecision=8|quotePrecision=8|quoteAssetPrecision=8,1,0,1682,1682,0,1682,1682,1,1,0,0,0,,,,0,,,,,0,0,,1682-1682
priceMin=0.00001|priceMax=10000|priceTick=0.00001|lotMin=0.01|lotMax=9222449|lotStep=0.01|bidUp=5|bidDown=0.2|askUp=5|askDown=0.2|percentMins=5|minNotional=10|maxNotional=9000000|basePrecision=8|quotePrecision=8|quoteAssetPrecision=8,1,0,1684,1684,0,1684,1684,1,1,0,0,0,,,,0,,,,,0,0,,1684-1684
priceMin=0.00001|priceMax=1000|priceTick=0.00001|lotMin=0.001|lotMax=92141578|lotStep=0.001|bidUp=1.2|bidDown=0.5|askUp=2|askDown=0.8|percentMins=5|minNotional=0.001|maxNotional=9000000|basePrecision=8|quotePrecision=8|quoteAssetPrecision=8,1,0,1688,1688,0,1688,1688,1,1,0,0,0,,,,0,,,,,0,0,,1688-1688
priceMin=0.01|priceMax=10000|priceTick=0.01|lotMin=0.1|lotMax=9222449|lotStep=0.1|bidUp=5|bidDown=0.2|askUp=5|askDown=0.2|percentMins=5|minNotional=100|maxNotional=90000000|basePrecision=8|quotePrecision=8|quoteAssetPrecision=8,1,0,1707,1707,0,1707,1707,1,1,0,0,0,,,,0,,,,,0,0,,1707-1707
priceMin=0.00001|priceMax=1000|priceTick=0.00001|lotMin=1|lotMax=92141578|lotStep=1|bidUp=5|bidDown=0.2|askUp=5|askDown=0.2|percentMins=5|minNotional=10|maxNotional=90000000|basePrecision=8|quotePrecision=8|quoteAssetPrecision=8,1,0,1708,1708,0,1708,1708,1,1,0,0,0,,,,0,,,,,0,0,,1708-1708
priceMin=0.1|priceMax=100000|priceTick=0.1|lotMin=1|lotMax=922327|lotStep=1|bidUp=5|bidDown=0.2|askUp=5|askDown=0.2|percentMins=5|minNotional=20000|maxNotional=9000000000|basePrecision=8|quotePrecision=2|quoteAssetPrecision=2,1,0,1709,1709,0,1709,1709,1,1,0,0,0,,,,0,,,,,0,0,,1709-1709
priceMin=1e-7|priceMax=1|priceTick=1e-7|lotMin=1|lotMax=46116860414|lotStep=1|bidUp=2|bidDown=0.5|askUp=2|askDown=0.5|percentMins=5|minNotional=30|maxNotional=9000000|basePrecision=2|quotePrecision=8|quoteAssetPrecision=8,1,0,1710,1710,0,1710,1710,1,1,0,0,0,,,,0,,,,,0,0,,1710-1710
priceMin=1e-8|priceMax=10|priceTick=1e-8|lotMin=0.1|lotMax=8384883677|lotStep=0.1|bidUp=5|bidDown=0.2|askUp=5|askDown=0.2|percentMins=5|minNotional=0.0001|maxNotional=9000000|basePrecision=8|quotePrecision=8|quoteAssetPrecision=8,1,0,1715,1715,0,1715,1715,1,1,0,0,0,,,,0,,,,,0,0,,1715-1715
priceMin=0.000001|priceMax=10|priceTick=0.000001|lotMin=0.1|lotMax=8384883677|lotStep=0.1|bidUp=5|bidDown=0.2|askUp=5|askDown=0.2|percentMins=5|minNotional=0.01|maxNotional=9000000|basePrecision=8|quotePrecision=8|quoteAssetPrecision=8,1,0,1716,1716,0,1716,1716,1,1,0,0,0,,,,0,,,,,0,0,,1716-1716
priceMin=0.000001|priceMax=1000|priceTick=0.000001|lotMin=1|lotMax=92141578|lotStep=1|bidUp=5|bidDown=0.2|askUp=5|askDown=0.2|percentMins=5|minNotional=100|maxNotional=90000000|basePrecision=2|quotePrecision=8|quoteAssetPrecision=8,1,0,1727,1727,0,1727,1727,1,1,0,0,0,,,,0,,,,,0,0,,1727-1727
priceMin=0.01|priceMax=100000000|priceTick=0.01|lotMin=0.01|lotMax=922337194|lotStep=0.01|bidUp=5|bidDown=0.2|askUp=5|askDown=0.2|percentMins=5|minNotional=20000|maxNotional=9000000000|basePrecision=8|quotePrecision=2|quoteAssetPrecision=2,1,0,1728,1728,0,1728,1728,1,1,0,0,0,,,,0,,,,,0,0,,1728-1728
priceMin=0.0001|priceMax=1000|priceTick=0.0001|lotMin=1|lotMax=922327|lotStep=1|bidUp=1.2|bidDown=0.8|askUp=1.2|askDown=0.8|percentMins=5|minNotional=10|maxNotional=9000000|basePrecision=8|quotePrecision=8|quoteAssetPrecision=8,1,0,1729,1729,0,1729,1729,1,1,0,0,0,,,,0,,,,,0,0,,1729-1729
priceMin=0.001|priceMax=100000|priceTick=0.001|lotMin=0.001|lotMax=922327|lotStep=0.001|bidUp=5|bidDown=0.2|askUp=5|askDown=0.2|percentMins=5|minNotional=10|maxNotional=9000000|basePrecision=8|quotePrecision=8|quoteAssetPrecision=8,1,0,1732,1732,0,1732,1732,1,1,0,0,0,,,,0,,,,,0,0,,1732-1732
priceMin=0.001|priceMax=100000|priceTick=0.001|lotMin=0.001|lotMax=922327|lotStep=0.001|bidUp=1.2|bidDown=0.5|askUp=2|askDown=0.8|percentMins=5|minNotional=5|maxNotional=9000000|basePrecision=8|quotePrecision=8|quoteAssetPrecision=8,1,0,1733,1733,0,1733,1733,1,1,0,0,0,,,,0,,,,,0,0,,1733-1733
priceMin=1e-7|priceMax=1000|priceTick=1e-7|lotMin=0.01|lotMax=92141578|lotStep=0.01|bidUp=2|bidDown=0.5|askUp=2|askDown=0.5|percentMins=5|minNotional=0.0001|maxNotional=9000000|basePrecision=8|quotePrecision=8|quoteAssetPrecision=8,1,0,1738,1738,0,1738,1738,1,1,0,0,0,,,,0,,,,,0,0,,1738-1738
priceMin=1e-7|priceMax=1000|priceTick=1e-7|lotMin=0.01|lotMax=92141578|lotStep=0.01|bidUp=2|bidDown=0.5|askUp=2|askDown=0.5|percentMins=5|minNotional=0.001|maxNotional=9000000|basePrecision=8|quotePrecision=8|quoteAssetPrecision=8,1,0,1743,1743,0,1743,1743,1,1,0,0,0,,,,0,,,,,0,0,,1743-1743
priceMin=0.01|priceMax=999990|priceTick=0.01|lotMin=0.01|lotMax=92230|lotStep=0.01|bidUp=5|bidDown=0.2|askUp=5|askDown=0.2|percentMins=5|minNotional=5|maxNotional=9000000|basePrecision=8|quotePrecision=8|quoteAssetPrecision=8,1,0,1748,1748,0,1748,1748,1,1,0,0,0,,,,0,,,,,0,0,,1748-1748
priceMin=1e-8|priceMax=1000|priceTick=1e-8|lotMin=1|lotMax=92141578|lotStep=1|bidUp=2|bidDown=0.5|askUp=2|askDown=0.5|percentMins=5|minNotional=0.001|maxNotional=9000000|basePrecision=8|quotePrecision=8|quoteAssetPrecision=8,1,0,1766,1766,0,1766,1766,1,1,0,0,0,,,,0,,,,,0,0,,1766-1766
priceMin=1e-8|priceMax=1000|priceTick=1e-8|lotMin=0.1|lotMax=92141578|lotStep=0.1|bidUp=5|bidDown=0.2|askUp=5|askDown=0.2|percentMins=5|minNotional=0.05|maxNotional=9000000|basePrecision=8|quotePrecision=8|quoteAssetPrecision=8,1,0,1769,1769,0,1769,1769,1,1,0,0,0,,,,0,,,,,0,0,,1769-1769
priceMin=1e-8|priceMax=1000|priceTick=1e-8|lotMin=0.001|lotMax=92141578|lotStep=0.001|bidUp=2|bidDown=0.5|askUp=2|askDown=0.5|percentMins=5|minNotional=0.0001|maxNotional=9000000|basePrecision=8|quotePrecision=8|quoteAssetPrecision=8,1,0,1779,1779,0,1779,1779,1,1,0,0,0,,,,0,,,,,0,0,,1779-1779
priceMin=0.001|priceMax=10000|priceTick=0.001|lotMin=0.001|lotMax=9222449|lotStep=0.001|bidUp=1.1|bidDown=0.5|askUp=2|askDown=0.9|percentMins=5|minNotional=5|maxNotional=9000000|basePrecision=8|quotePrecision=8|quoteAssetPrecision=8,1,0,1781,1781,0,1781,1781,1,1,0,0,0,,,,0,,,,,0,0,,1781-1781
priceMin=1e-7|priceMax=1000|priceTick=1e-7|lotMin=0.0001|lotMax=92141578|lotStep=0.0001|bidUp=5|bidDown=0.2|askUp=5|askDown=0.2|percentMins=5|minNotional=0.0001|maxNotional=9000000|basePrecision=8|quotePrecision=8|quoteAssetPrecision=8,1,0,1785,1785,0,1785,1785,1,1,0,0,0,,,,0,,,,,0,0,,1785-1785
priceMin=0.01|priceMax=999996|priceTick=0.01|lotMin=0.0001|lotMax=92233|lotStep=0.0001|bidUp=2|bidDown=0.5|askUp=2|askDown=0.5|percentMins=5|minNotional=5|maxNotional=9000000|basePrecision=8|quotePrecision=8|quoteAssetPrecision=8,1,0,1787,1787,0,1787,1787,1,1,0,0,0,,,,0,,,,,0,0,,1787-1787
priceMin=0.0001|priceMax=10000|priceTick=0.0001|lotMin=0.01|lotMax=9222449|lotStep=0.01|bidUp=5|bidDown=0.2|askUp=5|askDown=0.2|percentMins=5|minNotional=10|maxNotional=9000000|basePrecision=8|quotePrecision=8|quoteAssetPrecision=8,1,0,1793,1793,0,1793,1793,1,1,0,0,0,,,,0,,,,,0,0,,1793-1793
priceMin=0.0001|priceMax=10000|priceTick=0.0001|lotMin=0.01|lotMax=9222449|lotStep=0.01|bidUp=5|bidDown=0.2|askUp=5|askDown=0.2|percentMins=5|minNotional=5|maxNotional=9000000|basePrecision=8|quotePrecision=8|quoteAssetPrecision=8,1,0,1794,1794,0,1794,1794,1,1,0,0,0,,,,0,,,,,0,0,,1794-1794
priceMin=0.00001|priceMax=1000|priceTick=0.00001|lotMin=1|lotMax=92141578|lotStep=1|bidUp=2|bidDown=0.5|askUp=2|askDown=0.5|percentMins=5|minNotional=10|maxNotional=90000000|basePrecision=8|quotePrecision=8|quoteAssetPrecision=8,1,0,1797,1797,0,1797,1797,1,1,0,0,0,,,,0,,,,,0,0,,1797-1797
priceMin=0.1|priceMax=100000|priceTick=0.1|lotMin=1|lotMax=9223362229|lotStep=1|bidUp=5|bidDown=0.2|askUp=5|askDown=0.2|percentMins=5|minNotional=20000|maxNotional=9000000000|basePrecision=8|quotePrecision=2|quoteAssetPrecision=2,1,0,1801,1801,0,1801,1801,1,1,0,0,0,,,,0,,,,,0,0,,1801-1801
priceMin=0.0001|priceMax=1000|priceTick=0.0001|lotMin=0.1|lotMax=92141578|lotStep=0.1|bidUp=2|bidDown=0.5|askUp=2|askDown=0.5|percentMins=5|minNotional=10|maxNotional=9000000|basePrecision=8|quotePrecision=8|quoteAssetPrecision=8,1,0,1813,1813,0,1813,1813,1,1,0,0,0,,,,0,,,,,0,0,,1813-1813
priceMin=0.001|priceMax=10000|priceTick=0.001|lotMin=0.001|lotMax=9222449|lotStep=0.001|bidUp=2|bidDown=0.5|askUp=2|askDown=0.5|percentMins=5|minNotional=5|maxNotional=9000000|basePrecision=8|quotePrecision=8|quoteAssetPrecision=8,1,0,1832,1832,0,1832,1832,1,1,0,0,0,,,,0,,,,,0,0,,1832-1832
priceMin=1e-8|priceMax=1000|priceTick=1e-8|lotMin=0.001|lotMax=92141578|lotStep=0.001|bidUp=5|bidDown=0.2|askUp=5|askDown=0.2|percentMins=5|minNotional=0.005|maxNotional=9000000|basePrecision=8|quotePrecision=8|quoteAssetPrecision=8,1,0,1844,1844,0,1844,1844,1,1,0,0,0,,,,0,,,,,0,0,,1844-1844
priceMin=1e-7|priceMax=1000|priceTick=1e-7|lotMin=1|lotMax=92141578|lotStep=1|bidUp=1.2|bidDown=0.5|askUp=2|askDown=0.8|percentMins=5|minNotional=5|maxNotional=9000000|basePrecision=8|quotePrecision=8|quoteAssetPrecision=8,1,0,1848,1848,0,1848,1848,1,1,0,0,0,,,,0,,,,,0,0,,1848-1848
priceMin=1e-8|priceMax=1.3|priceTick=1e-8|lotMin=1|lotMax=92141578|lotStep=1|bidUp=5|bidDown=0.2|askUp=5|askDown=0.2|percentMins=5|minNotional=10|maxNotional=9000000|basePrecision=8|quotePrecision=8|quoteAssetPrecision=8,1,0,1851,1851,0,1851,1851,1,1,0,0,0,,,,0,,,,,0,0,,1851-1851
priceMin=0.000001|priceMax=1.3|priceTick=0.000001|lotMin=1|lotMax=92141578|lotStep=1|bidUp=5|bidDown=0.2|askUp=5|askDown=0.2|percentMins=5|minNotional=10|maxNotional=9000000|basePrecision=8|quotePrecision=8|quoteAssetPrecision=8,1,0,1852,1852,0,1852,1852,1,1,0,0,0,,,,0,,,,,0,0,,1852-1852
priceMin=0.000001|priceMax=1000|priceTick=0.000001|lotMin=0.0001|lotMax=92141578|lotStep=0.0001|bidUp=2|bidDown=0.5|askUp=2|askDown=0.5|percentMins=5|minNotional=0.001|maxNotional=9000000|basePrecision=8|quotePrecision=8|quoteAssetPrecision=8,1,0,1858,1858,0,1858,1858,1,1,0,0,0,,,,0,,,,,0,0,,1858-1858
priceMin=0.0001|priceMax=10000|priceTick=0.0001|lotMin=0.001|lotMax=9221525|lotStep=0.001|bidUp=5|bidDown=0.2|askUp=5|askDown=0.2|percentMins=5|minNotional=10|maxNotional=9000000|basePrecision=8|quotePrecision=8|quoteAssetPrecision=8,1,0,1860,1860,0,1860,1860,1,1,0,0,0,,,,0,,,,,0,0,,1860-1860
priceMin=1e-7|priceMax=10000|priceTick=1e-7|lotMin=0.01|lotMax=9222449|lotStep=0.01|bidUp=5|bidDown=0.2|askUp=5|askDown=0.2|percentMins=5|minNotional=10|maxNotional=9000000|basePrecision=8|quotePrecision=8|quoteAssetPrecision=8,1,0,1861,1861,0,1861,1861,1,1,0,0,0,,,,0,,,,,0,0,,1861-1861
priceMin=1|priceMax=100000000|priceTick=1|lotMin=0.001|lotMax=922337194|lotStep=0.001|bidUp=5|bidDown=0.2|askUp=5|askDown=0.2|percentMins=5|minNotional=20000|maxNotional=9000000000|basePrecision=8|quotePrecision=2|quoteAssetPrecision=2,1,0,1881,1881,0,1881,1881,1,1,0,0,0,,,,0,,,,,0,0,,1881-1881
priceMin=0.1|priceMax=92233|priceTick=0.1|lotMin=0.001|lotMax=92233|lotStep=0.001|bidUp=5|bidDown=0.2|askUp=5|askDown=0.2|percentMins=5|minNotional=100|maxNotional=90000000|basePrecision=8|quotePrecision=8|quoteAssetPrecision=8,1,0,1901,1901,0,1901,1901,1,1,0,0,0,,,,0,,,,,0,0,,1901-1901
priceMin=1e-8|priceMax=0.1|priceTick=1e-8|lotMin=1|lotMax=92233720368|lotStep=1|bidUp=1.2|bidDown=0.5|askUp=2|askDown=0.8|percentMins=5|minNotional=5|maxNotional=9000000|basePrecision=1|quotePrecision=8|quoteAssetPrecision=8,1,0,1907,1907,0,1907,1907,1,1,0,0,0,,,,0,,,,,0,0,,1907-1907
priceMin=1e-8|priceMax=0.1|priceTick=1e-8|lotMin=1|lotMax=92233720368|lotStep=1|bidUp=1.15|bidDown=0.5|askUp=2|askDown=0.85|percentMins=5|minNotional=10|maxNotional=90000000|basePrecision=1|quotePrecision=8|quoteAssetPrecision=8,1,0,1909,1909,0,1909,1909,1,1,0,0,0,,,,0,,,,,0,0,,1909-1909
priceMin=0.0001|priceMax=1000|priceTick=0.0001|lotMin=0.001|lotMax=92141578|lotStep=0.001|bidUp=2|bidDown=0.5|askUp=2|askDown=0.5|percentMins=5|minNotional=0.3|maxNotional=9000000|basePrecision=8|quotePrecision=8|quoteAssetPrecision=8,1,0,1916,1916,0,1916,1916,1,1,0,0,0,,,,0,,,,,0,0,,1916-1916
priceMin=0.00001|priceMax=1000|priceTick=0.00001|lotMin=0.1|lotMax=92141578|lotStep=0.1|bidUp=1.3|bidDown=0.5|askUp=2|askDown=0.7|percentMins=5|minNotional=10|maxNotional=90000000|basePrecision=8|quotePrecision=8|quoteAssetPrecision=8,1,0,1924,1924,0,1924,1924,1,1,0,0,0,,,,0,,,,,0,0,,1924-1924
priceMin=0.001|priceMax=10000|priceTick=0.001|lotMin=0.01|lotMax=9222449|lotStep=0.01|bidUp=2|bidDown=0.5|askUp=2|askDown=0.5|percentMins=5|minNotional=10|maxNotional=90000000|basePrecision=8|quotePrecision=8|quoteAssetPrecision=8,1,0,1953,1953,0,1953,1953,1,1,0,0,0,,,,0,,,,,0,0,,1953-1953
priceMin=0.000001|priceMax=1000|priceTick=0.000001|lotMin=0.001|lotMax=92141578|lotStep=0.001|bidUp=5|bidDown=0.2|askUp=5|askDown=0.2|percentMins=5|minNotional=0.01|maxNotional=9000000|basePrecision=8|quotePrecision=8|quoteAssetPrecision=8,1,0,1980,1980,0,1980,1980,1,1,0,0,0,,,,0,,,,,0,0,,1980-1980
priceMin=0.1|priceMax=100000|priceTick=0.1|lotMin=0.001|lotMax=90000|lotStep=0.001|bidUp=2|bidDown=0.5|askUp=2|askDown=0.5|percentMins=5|minNotional=5|maxNotional=9000000|basePrecision=8|quotePrecision=8|quoteAssetPrecision=8,1,0,1986,1986,0,1986,1986,1,1,0,0,0,,,,0,,,,,0,0,,1986-1986
priceMin=0.001|priceMax=10000|priceTick=0.001|lotMin=0.001|lotMax=9222449|lotStep=0.001|bidUp=5|bidDown=0.2|askUp=5|askDown=0.2|percentMins=5|minNotional=1|maxNotional=9000000|basePrecision=8|quotePrecision=8|quoteAssetPrecision=8,1,0,1993,1993,0,1993,1993,1,1,0,0,0,,,,0,,,,,0,0,,1993-1993
priceMin=1e-7|priceMax=1000|priceTick=1e-7|lotMin=0.001|lotMax=92141578|lotStep=0.001|bidUp=5|bidDown=0.2|askUp=5|askDown=0.2|percentMins=5|minNotional=0.001|maxNotional=9000000|basePrecision=8|quotePrecision=8|quoteAssetPrecision=8,1,0,1994,1994,0,1994,1994,1,1,0,0,0,,,,0,,,,,0,0,,1994-1994
priceMin=0.01|priceMax=999996|priceTick=0.01|lotMin=0.001|lotMax=92233|lotStep=0.001|bidUp=5|bidDown=0.2|askUp=5|askDown=0.2|percentMins=5|minNotional=10|maxNotional=90000000|basePrecision=8|quotePrecision=8|quoteAssetPrecision=8,1,0,2001,2001,0,2001,2001,1,1,0,0,0,,,,0,,,,,0,0,,2001-2001
priceMin=0.0001|priceMax=10000|priceTick=0.0001|lotMin=0.01|lotMax=9222449|lotStep=0.01|bidUp=1.3|bidDown=0.5|askUp=2|askDown=0.7|percentMins=5|minNotional=10|maxNotional=90000000|basePrecision=8|quotePrecision=8|quoteAssetPrecision=8,1,0,2012,2012,0,2012,2012,1,1,0,0,0,,,,0,,,,,0,0,,2012-2012
priceMin=1e-8|priceMax=1000|priceTick=1e-8|lotMin=0.01|lotMax=92141578|lotStep=0.01|bidUp=1.2|bidDown=0.5|askUp=2|askDown=0.8|percentMins=5|minNotional=0.0001|maxNotional=9000000|basePrecision=8|quotePrecision=8|quoteAssetPrecision=8,1,0,2021,2021,0,2021,2021,1,1,0,0,0,,,,0,,,,,0,0,,2021-2021
priceMin=0.001|priceMax=1000|priceTick=0.001|lotMin=0.001|lotMax=92141578|lotStep=0.001|bidUp=5|bidDown=0.2|askUp=5|askDown=0.2|percentMins=5|minNotional=5|maxNotional=9000000|basePrecision=8|quotePrecision=8|quoteAssetPrecision=8,1,0,2025,2025,0,2025,2025,1,1,0,0,0,,,,0,,,,,0,0,,2025-2025
priceMin=0.01|priceMax=100000|priceTick=0.01|lotMin=0.001|lotMax=922327|lotStep=0.001|bidUp=5|bidDown=0.2|askUp=5|askDown=0.2|percentMins=5|minNotional=10|maxNotional=90000000|basePrecision=8|quotePrecision=8|quoteAssetPrecision=8,1,0,2033,2033,0,2033,2033,1,1,0,0,0,,,,0,,,,,0,0,,2033-2033
priceMin=1e-7|priceMax=100|priceTick=1e-7|lotMin=1|lotMax=913205152|lotStep=1|bidUp=5|bidDown=0.2|askUp=5|askDown=0.2|percentMins=5|minNotional=5|maxNotional=9000000|basePrecision=8|quotePrecision=8|quoteAssetPrecision=8,1,0,2043,2043,0,2043,2043,1,1,0,0,0,,,,0,,,,,0,0,,2043-2043
priceMin=1e-8|priceMax=10|priceTick=1e-8|lotMin=0.01|lotMax=8384883677|lotStep=0.01|bidUp=5|bidDown=0.2|askUp=5|askDown=0.2|percentMins=5|minNotional=5|maxNotional=9000000|basePrecision=8|quotePrecision=8|quoteAssetPrecision=8,1,0,2053,2053,0,2053,2053,1,1,0,0,0,,,,0,,,,,0,0,,2053-2053
priceMin=1e-8|priceMax=1000|priceTick=1e-8|lotMin=1|lotMax=92141578|lotStep=1|bidUp=5|bidDown=0.2|askUp=5|askDown=0.2|percentMins=5|minNotional=10|maxNotional=9000000|basePrecision=8|quotePrecision=8|quoteAssetPrecision=8,1,0,2054,2054,0,2054,2054,1,1,0,0,0,,,,0,,,,,0,0,,2054-2054
priceMin=0.000001|priceMax=100|priceTick=0.000001|lotMin=0.001|lotMax=913205152|lotStep=0.001|bidUp=5|bidDown=0.2|askUp=5|askDown=0.2|percentMins=5|minNotional=0.005|maxNotional=9000000|basePrecision=8|quotePrecision=8|quoteAssetPrecision=8,1,0,2079,2079,0,2079,2079,1,1,0,0,0,,,,0,,,,,0,0,,2079-2079
priceMin=1e-8|priceMax=100|priceTick=1e-8|lotMin=0.1|lotMax=913205152|lotStep=0.1|bidUp=2|bidDown=0.5|askUp=2|askDown=0.5|percentMins=5|minNotional=0.0001|maxNotional=9000000|basePrecision=8|quotePrecision=8|quoteAssetPrecision=8,1,0,2083,2083,0,2083,2083,1,1,0,0,0,,,,0,,,,,0,0,,2083-2083
priceMin=0.01|priceMax=1000000|priceTick=0.01|lotMin=0.0001|lotMax=9000|lotStep=0.0001|bidUp=5|bidDown=0.2|askUp=5|askDown=0.2|percentMins=5|minNotional=10|maxNotional=9000000|basePrecision=8|quotePrecision=8|quoteAssetPrecision=8,1,0,2088,2088,0,2088,2088,1,1,0,0,0,,,,0,,,,,0,0,,2088-2088
priceMin=1e-7|priceMax=100|priceTick=1e-7|lotMin=0.001|lotMax=913205152|lotStep=0.001|bidUp=5|bidDown=0.2|askUp=5|askDown=0.2|percentMins=5|minNotional=0.0001|maxNotional=9000000|basePrecision=8|quotePrecision=8|quoteAssetPrecision=8,1,0,2098,2098,0,2098,2098,1,1,0,0,0,,,,0,,,,,0,0,,2098-2098
priceMin=1e-8|priceMax=10|priceTick=1e-8|lotMin=0.01|lotMax=8384883677|lotStep=0.01|bidUp=1.1|bidDown=0.5|askUp=2|askDown=0.9|percentMins=5|minNotional=0.0001|maxNotional=9000000|basePrecision=8|quotePrecision=8|quoteAssetPrecision=8,1,0,2107,2107,0,2107,2107,1,1,0,0,0,,,,0,,,,,0,0,,2107-2107
priceMin=1|priceMax=9999319|priceTick=1|lotMin=0.00001|lotMax=9223|lotStep=0.00001|bidUp=2|bidDown=0.5|askUp=2|askDown=0.5|percentMins=5|minNotional=25|maxNotional=9000000|basePrecision=8|quotePrecision=8|quoteAssetPrecision=8,1,0,2110,2110,0,2110,2110,1,1,0,0,0,,,,0,,,,,0,0,,2110-2110
priceMin=1|priceMax=999996|priceTick=1|lotMin=0.0001|lotMax=92233|lotStep=0.0001|bidUp=2|bidDown=0.5|askUp=2|askDown=0.5|percentMins=5|minNotional=25|maxNotional=9000000|basePrecision=8|quotePrecision=8|quoteAssetPrecision=8,1,0,2111,2111,0,2111,2111,1,1,0,0,0,,,,0,,,,,0,0,,2111-2111
priceMin=0.001|priceMax=1000|priceTick=0.001|lotMin=1|lotMax=92141578|lotStep=1|bidUp=1.2|bidDown=0.8|askUp=1.2|askDown=0.8|percentMins=5|minNotional=25|maxNotional=9000000|basePrecision=8|quotePrecision=8|quoteAssetPrecision=8,1,0,2112,2112,0,2112,2112,1,1,0,0,0,,,,0,,,,,0,0,,2112-2112
priceMin=1e-8|priceMax=10|priceTick=1e-8|lotMin=0.01|lotMax=8384883677|lotStep=0.01|bidUp=5|bidDown=0.2|askUp=5|askDown=0.2|percentMins=5|minNotional=0.0001|maxNotional=9000000|basePrecision=8|quotePrecision=8|quoteAssetPrecision=8,1,0,2117,2117,0,2117,2117,1,1,0,0,0,,,,0,,,,,0,0,,2117-2117
priceMin=0.000001|priceMax=1000|priceTick=0.000001|lotMin=0.1|lotMax=92141578|lotStep=0.1|bidUp=1.1|bidDown=0.5|askUp=2|askDown=0.9|percentMins=5|minNotional=5|maxNotional=9000000|basePrecision=8|quotePrecision=8|quoteAssetPrecision=8,1,0,2122,2122,0,2122,2122,1,1,0,0,0,,,,0,,,,,0,0,,2122-2122
priceMin=1e-8|priceMax=100|priceTick=1e-8|lotMin=1|lotMax=913205152|lotStep=1|bidUp=5|bidDown=0.2|askUp=5|askDown=0.2|percentMins=5|minNotional=0.001|maxNotional=9000000|basePrecision=8|quotePrecision=8|quoteAssetPrecision=8,1,0,2123,2123,0,2123,2123,1,1,0,0,0,,,,0,,,,,0,0,,2123-2123
priceMin=1e-7|priceMax=100|priceTick=1e-7|lotMin=0.1|lotMax=913205152|lotStep=0.1|bidUp=5|bidDown=0.2|askUp=5|askDown=0.2|percentMins=5|minNotional=0.01|maxNotional=9000000|basePrecision=8|quotePrecision=8|quoteAssetPrecision=8,1,0,2129,2129,0,2129,2129,1,1,0,0,0,,,,0,,,,,0,0,,2129-2129
priceMin=0.000001|priceMax=10|priceTick=0.000001|lotMin=0.01|lotMax=8384883677|lotStep=0.01|bidUp=5|bidDown=0.2|askUp=5|askDown=0.2|percentMins=5|minNotional=0.0001|maxNotional=9000000|basePrecision=8|quotePrecision=8|quoteAssetPrecision=8,1,0,2136,2136,0,2136,2136,1,1,0,0,0,,,,0,,,,,0,0,,2136-2136
priceMin=1|priceMax=10000000|priceTick=1|lotMin=0.00001|lotMax=9221|lotStep=0.00001|bidUp=5|bidDown=0.2|askUp=5|askDown=0.2|percentMins=5|minNotional=20|maxNotional=9000000|basePrecision=8|quotePrecision=8|quoteAssetPrecision=8,1,0,2144,2144,0,2144,2144,1,1,0,0,0,,,,0,,,,,0,0,,2144-2144
priceMin=0.01|priceMax=1000000|priceTick=0.01|lotMin=0.0001|lotMax=9000|lotStep=0.0001|bidUp=5|bidDown=0.2|askUp=5|askDown=0.2|percentMins=5|minNotional=5|maxNotional=9000000|basePrecision=8|quotePrecision=8|quoteAssetPrecision=8,1,0,2154,2154,0,2154,2154,1,1,0,0,0,,,,0,,,,,0,0,,2154-2154
priceMin=1e-7|priceMax=1|priceTick=1e-7|lotMin=1|lotMax=46116860414|lotStep=1|bidUp=5|bidDown=0.2|askUp=5|askDown=0.2|percentMins=5|minNotional=0.01|maxNotional=9000000|basePrecision=8|quotePrecision=8|quoteAssetPrecision=8,1,0,2164,2164,0,2164,2164,1,1,0,0,0,,,,0,,,,,0,0,,2164-2164
priceMin=0.01|priceMax=1000|priceTick=0.01|lotMin=1|lotMax=92141578|lotStep=1|bidUp=5|bidDown=0.2|askUp=5|askDown=0.2|percentMins=5|minNotional=10|maxNotional=90000000|basePrecision=8|quotePrecision=8|quoteAssetPrecision=8,1,0,2168,2168,0,2168,2168,1,1,0,0,0,,,,0,,,,,0,0,,2168-2168
priceMin=0.0001|priceMax=1000|priceTick=0.0001|lotMin=1|lotMax=92141578|lotStep=1|bidUp=5|bidDown=0.2|askUp=5|askDown=0.2|percentMins=5|minNotional=1|maxNotional=9000000|basePrecision=8|quotePrecision=8|quoteAssetPrecision=8,1,0,2170,2170,0,2170,2170,1,1,0,0,0,,,,0,,,,,0,0,,2170-2170
priceMin=0.01|priceMax=10000|priceTick=0.01|lotMin=0.001|lotMax=90000|lotStep=0.001|bidUp=2|bidDown=0.5|askUp=2|askDown=0.5|percentMins=5|minNotional=5|maxNotional=9000000|basePrecision=8|quotePrecision=8|quoteAssetPrecision=8,1,0,2180,2180,0,2180,2180,1,1,0,0,0,,,,0,,,,,0,0,,2180-2180
priceMin=0.01|priceMax=100000|priceTick=0.01|lotMin=0.01|lotMax=922327|lotStep=0.01|bidUp=5|bidDown=0.2|askUp=5|askDown=0.2|percentMins=5|minNotional=20|maxNotional=9000000|basePrecision=8|quotePrecision=8|quoteAssetPrecision=8,1,0,2191,2191,0,2191,2191,1,1,0,0,0,,,,0,,,,,0,0,,2191-2191
priceMin=0.00001|priceMax=1000|priceTick=0.00001|lotMin=1|lotMax=9000000|lotStep=1|bidUp=5|bidDown=0.2|askUp=5|askDown=0.2|percentMins=5|minNotional=1|maxNotional=9000000|basePrecision=8|quotePrecision=8|quoteAssetPrecision=8,1,0,2194,2194,0,2194,2194,1,1,0,0,0,,,,0,,,,,0,0,,2194-2194
priceMin=1e-7|priceMax=1000|priceTick=1e-7|lotMin=1|lotMax=92141578|lotStep=1|bidUp=5|bidDown=0.2|askUp=5|askDown=0.2|percentMins=5|minNotional=0.01|maxNotional=9000000|basePrecision=8|quotePrecision=8|quoteAssetPrecision=8,1,0,2198,2198,0,2198,2198,1,1,0,0,0,,,,0,,,,,0,0,,2198-2198
priceMin=0.000001|priceMax=1000|priceTick=0.000001|lotMin=0.1|lotMax=92141578|lotStep=0.1|bidUp=1.1|bidDown=0.5|askUp=2|askDown=0.9|percentMins=5|minNotional=0.01|maxNotional=9000000|basePrecision=8|quotePrecision=8|quoteAssetPrecision=8,1,0,2205,2205,0,2205,2205,1,1,0,0,0,,,,0,,,,,0,0,,2205-2205
priceMin=1e-8|priceMax=0.1|priceTick=1e-8|lotMin=1|lotMax=92233720368|lotStep=1|bidUp=1.3|bidDown=0.5|askUp=2|askDown=0.7|percentMins=5|minNotional=10|maxNotional=90000000|basePrecision=2|quotePrecision=8|quoteAssetPrecision=8,1,0,2215,2215,0,2215,2215,1,1,0,0,0,,,,0,,,,,0,0,,2215-2215
priceMin=0.0001|priceMax=1000|priceTick=0.0001|lotMin=0.0001|lotMax=92141578|lotStep=0.0001|bidUp=1.2|bidDown=0.5|askUp=2|askDown=0.8|percentMins=5|minNotional=0.001|maxNotional=9000000|basePrecision=8|quotePrecision=8|quoteAssetPrecision=8,1,0,2216,2216,0,2216,2216,1,1,0,0,0,,,,0,,,,,0,0,,2216-2216
priceMin=0.000001|priceMax=0.1|priceTick=0.000001|lotMin=1|lotMax=92233720368|lotStep=1|bidUp=1.3|bidDown=0.5|askUp=2|askDown=0.7|percentMins=5|minNotional=10|maxNotional=90000000|basePrecision=2|quotePrecision=8|quoteAssetPrecision=8,1,0,2219,2219,0,2219,2219,1,1,0,0,0,,,,0,,,,,0,0,,2219-2219
priceMin=1|priceMax=1356378240|priceTick=1|lotMin=0.00001|lotMax=67|lotStep=0.00001|bidUp=1.2|bidDown=0.5|askUp=2|askDown=0.8|percentMins=5|minNotional=2000|maxNotional=900000000|basePrecision=8|quotePrecision=8|quoteAssetPrecision=8,1,0,2226,2226,0,2226,2226,1,1,0,0,0,,,,0,,,,,0,0,,2226-2226
priceMin=1e-8|priceMax=1000|priceTick=1e-8|lotMin=1|lotMax=92141578|lotStep=1|bidUp=2|bidDown=0.5|askUp=2|askDown=0.5|percentMins=5|minNotional=0.0001|maxNotional=9000000|basePrecision=8|quotePrecision=8|quoteAssetPrecision=8,1,0,2229,2229,0,2229,2229,1,1,0,0,0,,,,0,,,,,0,0,,2229-2229
priceMin=0.01|priceMax=1000|priceTick=0.01|lotMin=1|lotMax=92141578|lotStep=1|bidUp=1.2|bidDown=0.8|askUp=1.2|askDown=0.8|percentMins=5|minNotional=10|maxNotional=90000000|basePrecision=8|quotePrecision=8|quoteAssetPrecision=8,1,0,2238,2238,0,2238,2238,1,1,0,0,0,,,,0,,,,,0,0,,2238-2238
priceMin=1e-7|priceMax=1000|priceTick=1e-7|lotMin=0.1|lotMax=92141578|lotStep=0.1|bidUp=1.2|bidDown=0.5|askUp=2|askDown=0.8|percentMins=5|minNotional=0.001|maxNotional=9000000|basePrecision=8|quotePrecision=8|quoteAssetPrecision=8,1,0,2239,2239,0,2239,2239,1,1,0,0,0,,,,0,,,,,0,0,,2239-2239
priceMin=0.01|priceMax=999996|priceTick=0.01|lotMin=0.0001|lotMax=92233|lotStep=0.0001|bidUp=1.2|bidDown=0.5|askUp=2|askDown=0.8|percentMins=5|minNotional=5|maxNotional=9000000|basePrecision=8|quotePrecision=8|quoteAssetPrecision=8,1,0,2248,2248,0,2248,2248,1,1,0,0,0,,,,0,,,,,0,0,,2248-2248
priceMin=1e-7|priceMax=1000|priceTick=1e-7|lotMin=0.1|lotMax=92141578|lotStep=0.1|bidUp=2|bidDown=0.5|askUp=2|askDown=0.5|percentMins=5|minNotional=0.01|maxNotional=9000000|basePrecision=8|quotePrecision=8|quoteAssetPrecision=8,1,0,2273,2273,0,2273,2273,1,1,0,0,0,,,,0,,,,,0,0,,2273-2273
priceMin=0.01|priceMax=100000|priceTick=0.01|lotMin=0.001|lotMax=922327|lotStep=0.001|bidUp=5|bidDown=0.2|askUp=5|askDown=0.2|percentMins=5|minNotional=1|maxNotional=9000000|basePrecision=8|quotePrecision=8|quoteAssetPrecision=8,1,0,2295,2295,0,2295,2295,1,1,0,0,0,,,,0,,,,,0,0,,2295-2295
priceMin=0.000001|priceMax=1000|priceTick=0.000001|lotMin=0.1|lotMax=92141578|lotStep=0.1|bidUp=2|bidDown=0.5|askUp=2|askDown=0.5|percentMins=5|minNotional=0.01|maxNotional=9000000|basePrecision=8|quotePrecision=8|quoteAssetPrecision=8,1,0,2305,2305,0,2305,2305,1,1,0,0,0,,,,0,,,,,0,0,,2305-2305
priceMin=0.00001|priceMax=100|priceTick=0.00001|lotMin=1|lotMax=913205152|lotStep=1|bidUp=5|bidDown=0.2|askUp=5|askDown=0.2|percentMins=5|minNotional=10|maxNotional=90000000|basePrecision=8|quotePrecision=8|quoteAssetPrecision=8,1,0,2308,2308,0,2308,2308,1,1,0,0,0,,,,0,,,,,0,0,,2308-2308
priceMin=0.0001|priceMax=100000|priceTick=0.0001|lotMin=1|lotMax=922327|lotStep=1|bidUp=5|bidDown=0.2|askUp=5|askDown=0.2|percentMins=5|minNotional=5|maxNotional=9000000|basePrecision=8|quotePrecision=8|quoteAssetPrecision=8,1,0,2319,2319,0,2319,2319,1,1,0,0,0,,,,0,,,,,0,0,,2319-2319
priceMin=0.000001|priceMax=100|priceTick=0.000001|lotMin=1|lotMax=913205152|lotStep=1|bidUp=2|bidDown=0.5|askUp=2|askDown=0.5|percentMins=5|minNotional=1|maxNotional=9000000|basePrecision=8|quotePrecision=8|quoteAssetPrecision=8,1,0,2330,2330,0,2330,2330,1,1,0,0,0,,,,0,,,,,0,0,,2330-2330
priceMin=0.00001|priceMax=100|priceTick=0.00001|lotMin=1|lotMax=913205152|lotStep=1|bidUp=5|bidDown=0.2|askUp=5|askDown=0.2|percentMins=5|minNotional=1|maxNotional=9000000|basePrecision=8|quotePrecision=8|quoteAssetPrecision=8,1,0,2331,2331,0,2331,2331,1,1,0,0,0,,,,0,,,,,0,0,,2331-2331
priceMin=0.01|priceMax=100000|priceTick=0.01|lotMin=0.01|lotMax=900000|lotStep=0.01|bidUp=5|bidDown=0.2|askUp=5|askDown=0.2|percentMins=5|minNotional=5|maxNotional=9000000|basePrecision=8|quotePrecision=8|quoteAssetPrecision=8,1,0,2336,2336,0,2336,2336,1,1,0,0,0,,,,0,,,,,0,0,,2336-2336
priceMin=1e-8|priceMax=1|priceTick=1e-8|lotMin=1|lotMax=46116860414|lotStep=1|bidUp=5|bidDown=0.2|askUp=5|askDown=0.2|percentMins=5|minNotional=1|maxNotional=9000000|basePrecision=2|quotePrecision=8|quoteAssetPrecision=8,1,0,2345,2345,0,2345,2345,1,1,0,0,0,,,,0,,,,,0,0,,2345-2345
priceMin=0.0001|priceMax=1000|priceTick=0.0001|lotMin=1|lotMax=92141578|lotStep=1|bidUp=1.1|bidDown=0.5|askUp=2|askDown=0.9|percentMins=5|minNotional=5|maxNotional=9000000|basePrecision=8|quotePrecision=8|quoteAssetPrecision=8,1,0,2352,2352,0,2352,2352,1,1,0,0,0,,,,0,,,,,0,0,,2352-2352
priceMin=0.0001|priceMax=1000|priceTick=0.0001|lotMin=0.01|lotMax=92141578|lotStep=0.01|bidUp=1.1|bidDown=0.5|askUp=2|askDown=0.9|percentMins=5|minNotional=5|maxNotional=9000000|basePrecision=8|quotePrecision=8|quoteAssetPrecision=8,1,0,2361,2361,0,2361,2361,1,1,0,0,0,,,,0,,,,,0,0,,2361-2361
priceMin=0.01|priceMax=100000|priceTick=0.01|lotMin=0.01|lotMax=922327|lotStep=0.01|bidUp=1.15|bidDown=0.5|askUp=2|askDown=0.85|percentMins=5|minNotional=10|maxNotional=90000000|basePrecision=8|quotePrecision=8|quoteAssetPrecision=8,1,0,2362,2362,0,2362,2362,1,1,0,0,0,,,,0,,,,,0,0,,2362-2362
priceMin=0.9|priceMax=1.4|priceTick=0.0001|lotMin=0.1|lotMax=6000000|lotStep=0.1|bidUp=1.2|bidDown=0.8|askUp=1.2|askDown=0.8|percentMins=5|minNotional=5|maxNotional=9000000|basePrecision=8|quotePrecision=8|quoteAssetPrecision=8,1,0,2374,2374,0,2374,2374,1,1,0,0,0,,,,0,,,,,0,0,,2374-2374
priceMin=0.7|priceMax=1.3|priceTick=0.0001|lotMin=0.1|lotMax=92141578|lotStep=0.1|bidUp=1.2|bidDown=0.8|askUp=1.2|askDown=0.8|percentMins=5|minNotional=5|maxNotional=9000000|basePrecision=8|quotePrecision=8|quoteAssetPrecision=8,1,0,2376,2376,0,2376,2376,1,1,0,0,0,,,,0,,,,,0,0,,2376-2376
priceMin=0.000001|priceMax=1|priceTick=0.000001|lotMin=1|lotMax=46116860414|lotStep=1|bidUp=1.3|bidDown=0.5|askUp=2|askDown=0.7|percentMins=5|minNotional=10|maxNotional=90000000|basePrecision=8|quotePrecision=8|quoteAssetPrecision=8,1,0,2379,2379,0,2379,2379,1,1,0,0,0,,,,0,,,,,0,0,,2379-2379
priceMin=0.000001|priceMax=1|priceTick=0.000001|lotMin=1|lotMax=36348600000|lotStep=1|bidUp=1.3|bidDown=0.5|askUp=2|askDown=0.7|percentMins=5|minNotional=10|maxNotional=90000000|basePrecision=2|quotePrecision=8|quoteAssetPrecision=8,1,0,2386,2386,0,2386,2386,1,1,0,0,0,,,,0,,,,,0,0,,2386-2386
priceMin=1e-8|priceMax=1|priceTick=1e-8|lotMin=1|lotMax=46116860414|lotStep=1|bidUp=5|bidDown=0.2|askUp=5|askDown=0.2|percentMins=5|minNotional=0.001|maxNotional=9000000|basePrecision=8|quotePrecision=8|quoteAssetPrecision=8,1,0,2389,2389,0,2389,2389,1,1,0,0,0,,,,0,,,,,0,0,,2389-2389
priceMin=1e-7|priceMax=1|priceTick=1e-7|lotMin=1|lotMax=36348600000|lotStep=1|bidUp=1.3|bidDown=0.5|askUp=2|askDown=0.7|percentMins=5|minNotional=10|maxNotional=90000000|basePrecision=2|quotePrecision=8|quoteAssetPrecision=8,1,0,2395,2395,0,2395,2395,1,1,0,0,0,,,,0,,,,,0,0,,2395-2395
priceMin=0.00001|priceMax=1|priceTick=0.00001|lotMin=0.1|lotMax=46116860414|lotStep=0.1|bidUp=5|bidDown=0.2|askUp=5|askDown=0.2|percentMins=5|minNotional=0.01|maxNotional=9000000|basePrecision=8|quotePrecision=8|quoteAssetPrecision=8,1,0,2398,2398,0,2398,2398,1,1,0,0,0,,,,0,,,,,0,0,,2398-2398
priceMin=0.0001|priceMax=10000|priceTick=0.0001|lotMin=1|lotMax=9222449|lotStep=1|bidUp=1.15|bidDown=0.5|askUp=2|askDown=0.85|percentMins=5|minNotional=10|maxNotional=90000000|basePrecision=8|quotePrecision=8|quoteAssetPrecision=8,1,0,2403,2403,0,2403,2403,1,1,0,0,0,,,,0,,,,,0,0,,2403-2403
priceMin=0.000001|priceMax=1|priceTick=0.000001|lotMin=1|lotMax=46116860414|lotStep=1|bidUp=5|bidDown=0.2|askUp=5|askDown=0.2|percentMins=5|minNotional=0.01|maxNotional=9000000|basePrecision=8|quotePrecision=8|quoteAssetPrecision=8,1,0,2406,2406,0,2406,2406,1,1,0,0,0,,,,0,,,,,0,0,,2406-2406
priceMin=0.0001|priceMax=1000|priceTick=0.0001|lotMin=1|lotMax=92141578|lotStep=1|bidUp=2|bidDown=0.5|askUp=2|askDown=0.5|percentMins=5|minNotional=5|maxNotional=9000000|basePrecision=8|quotePrecision=8|quoteAssetPrecision=8,1,0,2407,2407,0,2407,2407,1,1,0,0,0,,,,0,,,,,0,0,,2407-2407
priceMin=0.001|priceMax=100000|priceTick=0.001|lotMin=0.01|lotMax=922327|lotStep=0.01|bidUp=2|bidDown=0.5|askUp=2|askDown=0.5|percentMins=5|minNotional=5|maxNotional=9000000|basePrecision=8|quotePrecision=8|quoteAssetPrecision=8,1,0,2423,2423,0,2423,2423,1,1,0,0,0,,,,0,,,,,0,0,,2423-2423
priceMin=0.0001|priceMax=1000|priceTick=0.0001|lotMin=0.1|lotMax=900000|lotStep=0.1|bidUp=2|bidDown=0.5|askUp=2|askDown=0.5|percentMins=5|minNotional=5|maxNotional=9000000|basePrecision=8|quotePrecision=8|quoteAssetPrecision=8,1,0,2433,2433,0,2433,2433,1,1,0,0,0,,,,0,,,,,0,0,,2433-2433
priceMin=1e-7|priceMax=1|priceTick=1e-7|lotMin=1|lotMax=46116860414|lotStep=1|bidUp=2|bidDown=0.5|askUp=2|askDown=0.5|percentMins=5|minNotional=0.01|maxNotional=9000000|basePrecision=8|quotePrecision=8|quoteAssetPrecision=8,1,0,2448,2448,0,2448,2448,1,1,0,0,0,,,,0,,,,,0,0,,2448-2448
priceMin=0.001|priceMax=100000|priceTick=0.001|lotMin=0.1|lotMax=922327|lotStep=0.1|bidUp=1.3|bidDown=0.5|askUp=2|askDown=0.7|percentMins=5|minNotional=10|maxNotional=90000000|basePrecision=8|quotePrecision=8|quoteAssetPrecision=8,1,0,2506,2506,0,2506,2506,1,1,0,0,0,,,,0,,,,,0,0,,2506-2506
priceMin=0.0001|priceMax=1000|priceTick=0.0001|lotMin=0.01|lotMax=92141578|lotStep=0.01|bidUp=2|bidDown=0.5|askUp=2|askDown=0.5|percentMins=5|minNotional=1|maxNotional=9000000|basePrecision=8|quotePrecision=8|quoteAssetPrecision=8,1,0,2509,2509,0,2509,2509,1,1,0,0,0,,,,0,,,,,0,0,,2509-2509
priceMin=0.01|priceMax=999996|priceTick=0.01|lotMin=0.01|lotMax=92233|lotStep=0.01|bidUp=1.3|bidDown=0.5|askUp=2|askDown=0.7|percentMins=5|minNotional=10|maxNotional=90000000|basePrecision=8|quotePrecision=8|quoteAssetPrecision=8,1,0,2515,2515,0,2515,2515,1,1,0,0,0,,,,0,,,,,0,0,,2515-2515
priceMin=0.000001|priceMax=1|priceTick=0.000001|lotMin=0.001|lotMax=46116860414|lotStep=0.001|bidUp=5|bidDown=0.2|askUp=5|askDown=0.2|percentMins=5|minNotional=0.0001|maxNotional=9000000|basePrecision=8|quotePrecision=8|quoteAssetPrecision=8,1,0,2516,2516,0,2516,2516,1,1,0,0,0,,,,0,,,,,0,0,,2516-2516
priceMin=1|priceMax=99928191|priceTick=1|lotMin=0.000001|lotMax=922|lotStep=0.000001|bidUp=1.2|bidDown=0.5|askUp=2|askDown=0.8|percentMins=5|minNotional=100|maxNotional=900000000|basePrecision=8|quotePrecision=8|quoteAssetPrecision=8,1,0,2521,2521,0,2521,2521,1,1,0,0,0,,,,0,,,,,0,0,,2521-2521
priceMin=1e-8|priceMax=0.1|priceTick=1e-8|lotMin=1|lotMax=92233720368|lotStep=1|bidUp=2|bidDown=0.5|askUp=2|askDown=0.5|percentMins=5|minNotional=1|maxNotional=9000000|basePrecision=2|quotePrecision=8|quoteAssetPrecision=8,1,0,2523,2523,0,2523,2523,1,1,0,0,0,,,,0,,,,,0,0,,2523-2523
priceMin=0.000001|priceMax=100|priceTick=0.000001|lotMin=0.01|lotMax=913205152|lotStep=0.01|bidUp=5|bidDown=0.2|askUp=5|askDown=0.2|percentMins=5|minNotional=0.01|maxNotional=9000000|basePrecision=8|quotePrecision=8|quoteAssetPrecision=8,1,0,2529,2529,0,2529,2529,1,1,0,0,0,,,,0,,,,,0,0,,2529-2529
priceMin=0.01|priceMax=100000|priceTick=0.01|lotMin=0.01|lotMax=922327|lotStep=0.01|bidUp=5|bidDown=0.2|askUp=5|askDown=0.2|percentMins=5|minNotional=10|maxNotional=90000000|basePrecision=8|quotePrecision=8|quoteAssetPrecision=8,1,0,2533,2533,0,2533,2533,1,1,0,0,0,,,,0,,,,,0,0,,2533-2533
priceMin=0.00001|priceMax=100|priceTick=0.00001|lotMin=1|lotMax=900000000|lotStep=1|bidUp=1.3|bidDown=0.5|askUp=2|askDown=0.7|percentMins=5|minNotional=10|maxNotional=90000000|basePrecision=2|quotePrecision=8|quoteAssetPrecision=8,1,0,2535,2535,0,2535,2535,1,1,0,0,0,,,,0,,,,,0,0,,2535-2535
priceMin=1e-8|priceMax=1|priceTick=1e-8|lotMin=1|lotMax=46000000000|lotStep=1|bidUp=5|bidDown=0.2|askUp=5|askDown=0.2|percentMins=5|minNotional=0.0001|maxNotional=9000000|basePrecision=2|quotePrecision=8|quoteAssetPrecision=8,1,0,2536,2536,0,2536,2536,1,1,0,0,0,,,,0,,,,,0,0,,2536-2536
priceMin=0.000001|priceMax=1|priceTick=0.000001|lotMin=1|lotMax=46000000000|lotStep=1|bidUp=2|bidDown=0.5|askUp=2|askDown=0.5|percentMins=5|minNotional=1|maxNotional=9000000|basePrecision=2|quotePrecision=8|quoteAssetPrecision=8,1,0,2538,2538,0,2538,2538,1,1,0,0,0,,,,0,,,,,0,0,,2538-2538
priceMin=1|priceMax=99928191|priceTick=1|lotMin=0.0001|lotMax=922|lotStep=0.0001|bidUp=5|bidDown=0.2|askUp=5|askDown=0.2|percentMins=5|minNotional=10|maxNotional=90000000|basePrecision=8|quotePrecision=8|quoteAssetPrecision=8,1,0,2552,2552,0,2552,2552,1,1,0,0,0,,,,0,,,,,0,0,,2552-2552
priceMin=1e-7|priceMax=1|priceTick=1e-7|lotMin=0.01|lotMax=46116860414|lotStep=0.01|bidUp=2|bidDown=0.5|askUp=2|askDown=0.5|percentMins=5|minNotional=0.01|maxNotional=9000000|basePrecision=8|quotePrecision=8|quoteAssetPrecision=8,1,0,2557,2557,0,2557,2557,1,1,0,0,0,,,,0,,,,,0,0,,2557-2557
priceMin=0.001|priceMax=10000|priceTick=0.001|lotMin=1|lotMax=9222449|lotStep=1|bidUp=2|bidDown=0.5|askUp=2|askDown=0.5|percentMins=5|minNotional=10|maxNotional=90000000|basePrecision=8|quotePrecision=8|quoteAssetPrecision=8,1,0,2563,2563,0,2563,2563,1,1,0,0,0,,,,0,,,,,0,0,,2563-2563
priceMin=0.000001|priceMax=1|priceTick=0.000001|lotMin=0.1|lotMax=46116860414|lotStep=0.1|bidUp=2|bidDown=0.5|askUp=2|askDown=0.5|percentMins=5|minNotional=0.01|maxNotional=9000000|basePrecision=8|quotePrecision=8|quoteAssetPrecision=8,1,0,2577,2577,0,2577,2577,1,1,0,0,0,,,,0,,,,,0,0,,2577-2577
priceMin=16.57|priceMax=30.77|priceTick=0.01|lotMin=1|lotMax=9222449|lotStep=1|bidUp=1.2|bidDown=0.8|askUp=1.2|askDown=0.8|percentMins=5|minNotional=200|maxNotional=9000000|basePrecision=8|quotePrecision=8|quoteAssetPrecision=8,1,0,2585,2585,0,2585,2585,1,1,0,0,0,,,,0,,,,,0,0,,2585-2585
priceMin=0.000001|priceMax=1000|priceTick=0.000001|lotMin=0.0001|lotMax=92141578|lotStep=0.0001|bidUp=1.2|bidDown=0.5|askUp=2|askDown=0.8|percentMins=5|minNotional=0.0001|maxNotional=9000000|basePrecision=8|quotePrecision=8|quoteAssetPrecision=8,1,0,2586,2586,0,2586,2586,1,1,0,0,0,,,,0,,,,,0,0,,2586-2586
priceMin=1|priceMax=999996|priceTick=1|lotMin=0.0001|lotMax=92233|lotStep=0.0001|bidUp=1.3|bidDown=0.5|askUp=2|askDown=0.7|percentMins=5|minNotional=10|maxNotional=90000000|basePrecision=8|quotePrecision=8|quoteAssetPrecision=8,1,0,2589,2589,0,2589,2589,1,1,0,0,0,,,,0,,,,,0,0,,2589-2589
priceMin=0.1|priceMax=100000|priceTick=0.1|lotMin=0.01|lotMax=922327|lotStep=0.01|bidUp=5|bidDown=0.2|askUp=5|askDown=0.2|percentMins=5|minNotional=10|maxNotional=9000000|basePrecision=8|quotePrecision=8|quoteAssetPrecision=8,1,0,2602,2602,0,2602,2602,1,1,0,0,0,,,,0,,,,,0,0,,2602-2602
priceMin=1e-8|priceMax=0.1|priceTick=1e-8|lotMin=1|lotMax=92233720368|lotStep=1|bidUp=1.2|bidDown=0.5|askUp=2|askDown=0.8|percentMins=5|minNotional=10|maxNotional=9000000|basePrecision=2|quotePrecision=8|quoteAssetPrecision=8,1,0,2606,2606,0,2606,2606,1,1,0,0,0,,,,0,,,,,0,0,,2606-2606
priceMin=0.000001|priceMax=1|priceTick=0.000001|lotMin=1|lotMax=46116860414|lotStep=1|bidUp=1.2|bidDown=0.5|askUp=2|askDown=0.8|percentMins=5|minNotional=100|maxNotional=900000000|basePrecision=2|quotePrecision=8|quoteAssetPrecision=8,1,0,2609,2609,0,2609,2609,1,1,0,0,0,,,,0,,,,,0,0,,2609-2609
priceMin=1|priceMax=9999319|priceTick=1|lotMin=0.001|lotMax=9223|lotStep=0.001|bidUp=1.2|bidDown=0.5|askUp=2|askDown=0.8|percentMins=5|minNotional=100|maxNotional=900000000|basePrecision=8|quotePrecision=8|quoteAssetPrecision=8,1,0,2610,2610,0,2610,2610,1,1,0,0,0,,,,0,,,,,0,0,,2610-2610
priceMin=0.1|priceMax=999996|priceTick=0.1|lotMin=0.01|lotMax=92233|lotStep=0.01|bidUp=1.3|bidDown=0.5|askUp=2|askDown=0.7|percentMins=5|minNotional=10|maxNotional=90000000|basePrecision=8|quotePrecision=8|quoteAssetPrecision=8,1,0,2617,2617,0,2617,2617,1,1,0,0,0,,,,0,,,,,0,0,,2617-2617
priceMin=1e-8|priceMax=1|priceTick=1e-8|lotMin=1|lotMax=40000000000|lotStep=1|bidUp=5|bidDown=0.2|askUp=5|askDown=0.2|percentMins=5|minNotional=0.01|maxNotional=9000000|basePrecision=2|quotePrecision=8|quoteAssetPrecision=8,1,0,2629,2629,0,2629,2629,1,1,0,0,0,,,,0,,,,,0,0,,2629-2629
priceMin=0.000001|priceMax=10|priceTick=0.000001|lotMin=1|lotMax=8000000000|lotStep=1|bidUp=2|bidDown=0.5|askUp=2|askDown=0.5|percentMins=5|minNotional=5|maxNotional=9000000|basePrecision=2|quotePrecision=8|quoteAssetPrecision=8,1,0,2630,2630,0,2630,2630,1,1,0,0,0,,,,0,,,,,0,0,,2630-2630
priceMin=0.0001|priceMax=100|priceTick=0.0001|lotMin=1|lotMax=900000000|lotStep=1|bidUp=1.3|bidDown=0.5|askUp=2|askDown=0.7|percentMins=5|minNotional=10|maxNotional=90000000|basePrecision=2|quotePrecision=8|quoteAssetPrecision=8,1,0,2631,2631,0,2631,2631,1,1,0,0,0,,,,0,,,,,0,0,,2631-2631
priceMin=0.01|priceMax=100000|priceTick=0.01|lotMin=0.01|lotMax=100000|lotStep=0.01|bidUp=2|bidDown=0.5|askUp=2|askDown=0.5|percentMins=5|minNotional=5|maxNotional=9000000|basePrecision=8|quotePrecision=8|quoteAssetPrecision=8,1,0,2637,2637,0,2637,2637,1,1,0,0,0,,,,0,,,,,0,0,,2637-2637
priceMin=0.01|priceMax=10000|priceTick=0.01|lotMin=0.001|lotMax=90000|lotStep=0.001|bidUp=5|bidDown=0.2|askUp=5|askDown=0.2|percentMins=5|minNotional=5|maxNotional=9000000|basePrecision=8|quotePrecision=8|quoteAssetPrecision=8,1,0,2641,2641,0,2641,2641,1,1,0,0,0,,,,0,,,,,0,0,,2641-2641
priceMin=1|priceMax=99928191|priceTick=1|lotMin=0.000001|lotMax=922|lotStep=0.000001|bidUp=1.2|bidDown=0.5|askUp=2|askDown=0.8|percentMins=5|minNotional=150|maxNotional=9000000|basePrecision=8|quotePrecision=8|quoteAssetPrecision=8,1,0,2643,2643,0,2643,2643,1,1,0,0,0,,,,0,,,,,0,0,,2643-2643
priceMin=0.001|priceMax=1000|priceTick=0.001|lotMin=0.1|lotMax=92141578|lotStep=0.1|bidUp=2|bidDown=0.5|askUp=2|askDown=0.5|percentMins=5|minNotional=150|maxNotional=9000000|basePrecision=8|quotePrecision=8|quoteAssetPrecision=8,1,0,2644,2644,0,2644,2644,1,1,0,0,0,,,,0,,,,,0,0,,2644-2644
priceMin=0.01|priceMax=100000|priceTick=0.01|lotMin=0.01|lotMax=922327|lotStep=0.01|bidUp=2|bidDown=0.5|askUp=2|askDown=0.5|percentMins=5|minNotional=10|maxNotional=90000000|basePrecision=8|quotePrecision=8|quoteAssetPrecision=8,1,0,2649,2649,0,2649,2649,1,1,0,0,0,,,,0,,,,,0,0,,2649-2649
priceMin=0.00001|priceMax=1000|priceTick=0.00001|lotMin=0.1|lotMax=92141578|lotStep=0.1|bidUp=2|bidDown=0.5|askUp=2|askDown=0.5|percentMins=5|minNotional=1|maxNotional=9000000|basePrecision=8|quotePrecision=8|quoteAssetPrecision=8,1,0,2650,2650,0,2650,2650,1,1,0,0,0,,,,0,,,,,0,0,,2650-2650
priceMin=2480|priceMax=3720|priceTick=1|lotMin=1|lotMax=922327|lotStep=1|bidUp=1.1|bidDown=0.8|askUp=1.2|askDown=0.9|percentMins=5|minNotional=4000|maxNotional=5000000000|basePrecision=8|quotePrecision=8|quoteAssetPrecision=8,1,0,2652,2652,0,2652,2652,1,1,0,0,0,,,,0,,,,,0,0,,2652-2652
priceMin=0.00001|priceMax=10|priceTick=0.00001|lotMin=1|lotMax=8000000000|lotStep=1|bidUp=5|bidDown=0.2|askUp=5|askDown=0.2|percentMins=5|minNotional=10|maxNotional=9000000|basePrecision=2|quotePrecision=8|quoteAssetPrecision=8,1,0,2658,2658,0,2658,2658,1,1,0,0,0,,,,0,,,,,0,0,,2658-2658
priceMin=0.001|priceMax=1000|priceTick=0.001|lotMin=0.01|lotMax=92141578|lotStep=0.01|bidUp=2|bidDown=0.5|askUp=2|askDown=0.5|percentMins=5|minNotional=1|maxNotional=9000000|basePrecision=8|quotePrecision=8|quoteAssetPrecision=8,1,0,2660,2660,0,2660,2660,1,1,0,0,0,,,,0,,,,,0,0,,2660-2660
priceMin=0.01|priceMax=10000|priceTick=0.01|lotMin=1|lotMax=9222449|lotStep=1|bidUp=5|bidDown=0.2|askUp=5|askDown=0.2|percentMins=5|minNotional=10|maxNotional=90000000|basePrecision=8|quotePrecision=8|quoteAssetPrecision=8,1,0,2674,2674,0,2674,2674,1,1,0,0,0,,,,0,,,,,0,0,,2674-2674
priceMin=1|priceMax=99928191|priceTick=1|lotMin=0.00001|lotMax=922|lotStep=0.00001|bidUp=1.2|bidDown=0.5|askUp=2|askDown=0.8|percentMins=5|minNotional=2000|maxNotional=900000000|basePrecision=8|quotePrecision=8|quoteAssetPrecision=8,1,0,2681,2681,0,2681,2681,1,1,0,0,0,,,,0,,,,,0,0,,2681-2681
priceMin=1e-7|priceMax=1|priceTick=1e-7|lotMin=0.001|lotMax=46116860414|lotStep=0.001|bidUp=2|bidDown=0.5|askUp=2|askDown=0.5|percentMins=5|minNotional=0.0001|maxNotional=9000000|basePrecision=8|quotePrecision=8|quoteAssetPrecision=8,1,0,2684,2684,0,2684,2684,1,1,0,0,0,,,,0,,,,,0,0,,2684-2684
priceMin=1e-8|priceMax=1|priceTick=1e-8|lotMin=0.01|lotMax=46116860414|lotStep=0.01|bidUp=1.2|bidDown=0.5|askUp=2|askDown=0.8|percentMins=5|minNotional=0.0001|maxNotional=9000000|basePrecision=8|quotePrecision=8|quoteAssetPrecision=8,1,0,2689,2689,0,2689,2689,1,1,0,0,0,,,,0,,,,,0,0,,2689-2689
priceMin=0.01|priceMax=10000|priceTick=0.01|lotMin=0.01|lotMax=9222449|lotStep=0.01|bidUp=1.2|bidDown=0.5|askUp=2|askDown=0.8|percentMins=5|minNotional=10|maxNotional=9000000|basePrecision=8|quotePrecision=8|quoteAssetPrecision=8,1,0,2695,2695,0,2695,2695,1,1,0,0,0,,,,0,,,,,0,0,,2695-2695
priceMin=0.1|priceMax=100000|priceTick=0.1|lotMin=0.01|lotMax=922327|lotStep=0.01|bidUp=2|bidDown=0.5|askUp=2|askDown=0.5|percentMins=5|minNotional=10|maxNotional=90000000|basePrecision=8|quotePrecision=8|quoteAssetPrecision=8,1,0,2699,2699,0,2699,2699,1,1,0,0,0,,,,0,,,,,0,0,,2699-2699
priceMin=1e-8|priceMax=1|priceTick=1e-8|lotMin=1|lotMax=36348600000|lotStep=1|bidUp=2|bidDown=0.5|askUp=2|askDown=0.5|percentMins=5|minNotional=10|maxNotional=9000000|basePrecision=2|quotePrecision=8|quoteAssetPrecision=8,1,0,2700,2700,0,2700,2700,1,1,0,0,0,,,,0,,,,,0,0,,2700-2700
priceMin=0.00001|priceMax=10|priceTick=0.00001|lotMin=1|lotMax=8000000000|lotStep=1|bidUp=5|bidDown=0.2|askUp=5|askDown=0.2|percentMins=5|minNotional=5|maxNotional=9000000|basePrecision=2|quotePrecision=8|quoteAssetPrecision=8,1,0,2701,2701,0,2701,2701,1,1,0,0,0,,,,0,,,,,0,0,,2701-2701
priceMin=0.01|priceMax=10000|priceTick=0.01|lotMin=0.1|lotMax=9222449|lotStep=0.1|bidUp=5|bidDown=0.2|askUp=5|askDown=0.2|percentMins=5|minNotional=100|maxNotional=900000000|basePrecision=8|quotePrecision=8|quoteAssetPrecision=8,1,0,2703,2703,0,2703,2703,1,1,0,0,0,,,,0,,,,,0,0,,2703-2703
priceMin=0.1|priceMax=100000|priceTick=0.1|lotMin=0.1|lotMax=922327|lotStep=0.1|bidUp=1.2|bidDown=0.5|askUp=2|askDown=0.8|percentMins=5|minNotional=100|maxNotional=900000000|basePrecision=8|quotePrecision=8|quoteAssetPrecision=8,1,0,2704,2704,0,2704,2704,1,1,0,0,0,,,,0,,,,,0,0,,2704-2704
priceMin=0.000001|priceMax=10|priceTick=0.000001|lotMin=1|lotMax=8000000000|lotStep=1|bidUp=1.3|bidDown=0.5|askUp=2|askDown=0.7|percentMins=5|minNotional=10|maxNotional=90000000|basePrecision=2|quotePrecision=8|quoteAssetPrecision=8,1,0,2710,2710,0,2710,2710,1,1,0,0,0,,,,0,,,,,0,0,,2710-2710
priceMin=0.8|priceMax=1.2|priceTick=0.0001|lotMin=0.1|lotMax=92141578|lotStep=0.1|bidUp=1.1|bidDown=0.9|askUp=1.1|askDown=0.9|percentMins=5|minNotional=5|maxNotional=9000000|basePrecision=8|quotePrecision=8|quoteAssetPrecision=8,1,0,2711,2711,0,2711,2711,1,1,0,0,0,,,,0,,,,,0,0,,2711-2711
priceMin=1e-7|priceMax=1000|priceTick=1e-7|lotMin=0.1|lotMax=92141578|lotStep=0.1|bidUp=1.2|bidDown=0.5|askUp=2|askDown=0.8|percentMins=5|minNotional=0.01|maxNotional=9000000|basePrecision=8|quotePrecision=8|quoteAssetPrecision=8,1,0,2724,2724,0,2724,2724,1,1,0,0,0,,,,0,,,,,0,0,,2724-2724
priceMin=0.0001|priceMax=10000|priceTick=0.0001|lotMin=0.1|lotMax=9222449|lotStep=0.1|bidUp=1.2|bidDown=0.5|askUp=2|askDown=0.8|percentMins=5|minNotional=10|maxNotional=9000000|basePrecision=8|quotePrecision=8|quoteAssetPrecision=8,1,0,2725,2725,0,2725,2725,1,1,0,0,0,,,,0,,,,,0,0,,2725-2725
priceMin=1e-8|priceMax=1000|priceTick=1e-8|lotMin=0.1|lotMax=92141578|lotStep=0.1|bidUp=2|bidDown=0.5|askUp=2|askDown=0.5|percentMins=5|minNotional=0.001|maxNotional=9000000|basePrecision=8|quotePrecision=8|quoteAssetPrecision=8,1,0,2727,2727,0,2727,2727,1,1,0,0,0,,,,0,,,,,0,0,,2727-2727
priceMin=1e-7|priceMax=1|priceTick=1e-7|lotMin=1|lotMax=36348600000|lotStep=1|bidUp=2|bidDown=0.5|askUp=2|askDown=0.5|percentMins=5|minNotional=5|maxNotional=9000000|basePrecision=2|quotePrecision=8|quoteAssetPrecision=8,1,0,2749,2749,0,2749,2749,1,1,0,0,0,,,,0,,,,,0,0,,2749-2749
priceMin=0.00001|priceMax=100|priceTick=0.00001|lotMin=1|lotMax=913000000|lotStep=1|bidUp=1.3|bidDown=0.5|askUp=2|askDown=0.7|percentMins=5|minNotional=10|maxNotional=90000000|basePrecision=2|quotePrecision=8|quoteAssetPrecision=8,1,0,2750,2750,0,2750,2750,1,1,0,0,0,,,,0,,,,,0,0,,2750-2750
priceMin=1e-8|priceMax=1|priceTick=1e-8|lotMin=1|lotMax=36348600000|lotStep=1|bidUp=5|bidDown=0.2|askUp=5|askDown=0.2|percentMins=5|minNotional=1|maxNotional=9000000|basePrecision=2|quotePrecision=8|quoteAssetPrecision=8,1,0,2756,2756,0,2756,2756,1,1,0,0,0,,,,0,,,,,0,0,,2756-2756
priceMin=0.0001|priceMax=1000|priceTick=0.0001|lotMin=0.001|lotMax=92141578|lotStep=0.001|bidUp=1.2|bidDown=0.5|askUp=2|askDown=0.8|percentMins=5|minNotional=0.05|maxNotional=9000000|basePrecision=8|quotePrecision=8|quoteAssetPrecision=8,1,0,2757,2757,0,2757,2757,1,1,0,0,0,,,,0,,,,,0,0,,2757-2757
priceMin=0.1|priceMax=100000|priceTick=0.1|lotMin=0.001|lotMax=922327|lotStep=0.001|bidUp=1.2|bidDown=0.5|askUp=2|askDown=0.8|percentMins=5|minNotional=5|maxNotional=9000000|basePrecision=8|quotePrecision=8|quoteAssetPrecision=8,1,0,2761,2761,0,2761,2761,1,1,0,0,0,,,,0,,,,,0,0,,2761-2761
priceMin=0.000001|priceMax=10|priceTick=0.000001|lotMin=1|lotMax=8384883677|lotStep=1|bidUp=5|bidDown=0.2|askUp=5|askDown=0.2|percentMins=5|minNotional=1|maxNotional=9000000|basePrecision=8|quotePrecision=8|quoteAssetPrecision=8,1,0,2796,2796,0,2796,2796,1,1,0,0,0,,,,0,,,,,0,0,,2796-2796
priceMin=0.000001|priceMax=1|priceTick=0.000001|lotMin=1|lotMax=46000000000|lotStep=1|bidUp=5|bidDown=0.2|askUp=5|askDown=0.2|percentMins=5|minNotional=1|maxNotional=9000000|basePrecision=2|quotePrecision=8|quoteAssetPrecision=8,1,0,2803,2803,0,2803,2803,1,1,0,0,0,,,,0,,,,,0,0,,2803-2803
priceMin=0.001|priceMax=1000|priceTick=0.001|lotMin=0.01|lotMax=92141578|lotStep=0.01|bidUp=2|bidDown=0.5|askUp=2|askDown=0.5|percentMins=5|minNotional=10|maxNotional=9000000|basePrecision=8|quotePrecision=8|quoteAssetPrecision=8,1,0,2815,2815,0,2815,2815,1,1,0,0,0,,,,0,,,,,0,0,,2815-2815
priceMin=0.000001|priceMax=1000|priceTick=0.000001|lotMin=0.1|lotMax=9000000|lotStep=0.1|bidUp=5|bidDown=0.2|askUp=5|askDown=0.2|percentMins=5|minNotional=5|maxNotional=9000000|basePrecision=8|quotePrecision=8|quoteAssetPrecision=8,1,0,2823,2823,0,2823,2823,1,1,0,0,0,,,,0,,,,,0,0,,2823-2823
priceMin=0.001|priceMax=10000|priceTick=0.001|lotMin=0.1|lotMax=9222449|lotStep=0.1|bidUp=1.15|bidDown=0.5|askUp=2|askDown=0.85|percentMins=5|minNotional=10|maxNotional=90000000|basePrecision=8|quotePrecision=8|quoteAssetPrecision=8,1,0,2841,2841,0,2841,2841,1,1,0,0,0,,,,0,,,,,0,0,,2841-2841
priceMin=1|priceMax=100000|priceTick=1|lotMin=0.001|lotMax=922327|lotStep=0.001|bidUp=1.3|bidDown=0.5|askUp=2|askDown=0.7|percentMins=5|minNotional=10|maxNotional=90000000|basePrecision=8|quotePrecision=8|quoteAssetPrecision=8,1,0,2843,2843,0,2843,2843,1,1,0,0,0,,,,0,,,,,0,0,,2843-2843
priceMin=0.0001|priceMax=1000|priceTick=0.0001|lotMin=1|lotMax=900000|lotStep=1|bidUp=1.1|bidDown=0.5|askUp=2|askDown=0.9|percentMins=5|minNotional=5|maxNotional=9000000|basePrecision=8|quotePrecision=8|quoteAssetPrecision=8,1,0,2846,2846,0,2846,2846,1,1,0,0,0,,,,0,,,,,0,0,,2846-2846
priceMin=0.00001|priceMax=10|priceTick=0.00001|lotMin=0.01|lotMax=8384883677|lotStep=0.01|bidUp=5|bidDown=0.2|askUp=5|askDown=0.2|percentMins=5|minNotional=0.01|maxNotional=9000000|basePrecision=8|quotePrecision=8|quoteAssetPrecision=8,1,0,2853,2853,0,2853,2853,1,1,0,0,0,,,,0,,,,,0,0,,2853-2853
priceMin=1e-8|priceMax=10|priceTick=1e-8|lotMin=0.1|lotMax=8384883677|lotStep=0.1|bidUp=5|bidDown=0.2|askUp=5|askDown=0.2|percentMins=5|minNotional=0.01|maxNotional=9000000|basePrecision=8|quotePrecision=8|quoteAssetPrecision=8,1,0,2857,2857,0,2857,2857,1,1,0,0,0,,,,0,,,,,0,0,,2857-2857
priceMin=0.00001|priceMax=10000|priceTick=0.00001|lotMin=0.1|lotMax=9222449|lotStep=0.1|bidUp=1.3|bidDown=0.5|askUp=2|askDown=0.7|percentMins=5|minNotional=10|maxNotional=90000000|basePrecision=8|quotePrecision=8|quoteAssetPrecision=8,1,0,2859,2859,0,2859,2859,1,1,0,0,0,,,,0,,,,,0,0,,2859-2859
priceMin=1e-8|priceMax=10|priceTick=1e-8|lotMin=1|lotMax=8384883677|lotStep=1|bidUp=5|bidDown=0.2|askUp=5|askDown=0.2|percentMins=5|minNotional=0.01|maxNotional=9000000|basePrecision=8|quotePrecision=8|quoteAssetPrecision=8,1,0,2861,2861,0,2861,2861,1,1,0,0,0,,,,0,,,,,0,0,,2861-2861
priceMin=0.000001|priceMax=1000|priceTick=0.000001|lotMin=1|lotMax=92141578|lotStep=1|bidUp=2|bidDown=0.5|askUp=2|askDown=0.5|percentMins=5|minNotional=1|maxNotional=9000000|basePrecision=8|quotePrecision=8|quoteAssetPrecision=8,1,0,2862,2862,0,2862,2862,1,1,0,0,0,,,,0,,,,,0,0,,2862-2862
priceMin=0.001|priceMax=1000|priceTick=0.001|lotMin=0.1|lotMax=92141578|lotStep=0.1|bidUp=2|bidDown=0.5|askUp=2|askDown=0.5|percentMins=5|minNotional=10|maxNotional=90000000|basePrecision=8|quotePrecision=8|quoteAssetPrecision=8,1,0,2879,2879,0,2879,2879,1,1,0,0,0,,,,0,,,,,0,0,,2879-2879
priceMin=0.1|priceMax=999996|priceTick=0.1|lotMin=0.01|lotMax=92233|lotStep=0.01|bidUp=1.2|bidDown=0.5|askUp=2|askDown=0.8|percentMins=5|minNotional=100|maxNotional=900000000|basePrecision=8|quotePrecision=8|quoteAssetPrecision=8,1,0,2880,2880,0,2880,2880,1,1,0,0,0,,,,0,,,,,0,0,,2880-2880
priceMin=0.01|priceMax=100000|priceTick=0.01|lotMin=0.01|lotMax=922327|lotStep=0.01|bidUp=1.2|bidDown=0.5|askUp=2|askDown=0.8|percentMins=5|minNotional=100|maxNotional=900000000|basePrecision=8|quotePrecision=8|quoteAssetPrecision=8,1,0,2881,2881,0,2881,2881,1,1,0,0,0,,,,0,,,,,0,0,,2881-2881
priceMin=1e-7|priceMax=1|priceTick=1e-7|lotMin=1|lotMax=36348600000|lotStep=1|bidUp=1.2|bidDown=0.5|askUp=2|askDown=0.8|percentMins=5|minNotional=100|maxNotional=900000000|basePrecision=2|quotePrecision=8|quoteAssetPrecision=8,1,0,2883,2883,0,2883,2883,1,1,0,0,0,,,,0,,,,,0,0,,2883-2883
priceMin=1e-8|priceMax=1|priceTick=1e-8|lotMin=0.1|lotMax=46116860414|lotStep=0.1|bidUp=2|bidDown=0.5|askUp=2|askDown=0.5|percentMins=5|minNotional=0.001|maxNotional=9000000|basePrecision=8|quotePrecision=8|quoteAssetPrecision=8,1,0,2896,2896,0,2896,2896,1,1,0,0,0,,,,0,,,,,0,0,,2896-2896
priceMin=0.0001|priceMax=1000|priceTick=0.0001|lotMin=1|lotMax=92141578|lotStep=1|bidUp=1.2|bidDown=0.5|askUp=2|askDown=0.8|percentMins=5|minNotional=100|maxNotional=900000000|basePrecision=8|quotePrecision=8|quoteAssetPrecision=8,1,0,2902,2902,0,2902,2902,1,1,0,0,0,,,,0,,,,,0,0,,2902-2902
priceMin=1e-8|priceMax=100|priceTick=1e-8|lotMin=0.1|lotMax=913205152|lotStep=0.1|bidUp=5|bidDown=0.2|askUp=5|askDown=0.2|percentMins=5|minNotional=0.01|maxNotional=9000000|basePrecision=8|quotePrecision=8|quoteAssetPrecision=8,1,0,2914,2914,0,2914,2914,1,1,0,0,0,,,,0,,,,,0,0,,2914-2914
priceMin=1e-8|priceMax=1|priceTick=1e-8|lotMin=0.001|lotMax=46116860414|lotStep=0.001|bidUp=2|bidDown=0.5|askUp=2|askDown=0.5|percentMins=5|minNotional=0.0001|maxNotional=9000000|basePrecision=8|quotePrecision=8|quoteAssetPrecision=8,1,0,2917,2917,0,2917,2917,1,1,0,0,0,,,,0,,,,,0,0,,2917-2917
priceMin=0.001|priceMax=1000|priceTick=0.001|lotMin=0.001|lotMax=92141578|lotStep=0.001|bidUp=2|bidDown=0.5|askUp=2|askDown=0.5|percentMins=5|minNotional=5|maxNotional=9000000|basePrecision=8|quotePrecision=8|quoteAssetPrecision=8,1,0,2920,2920,0,2920,2920,1,1,0,0,0,,,,0,,,,,0,0,,2920-2920
priceMin=0.000001|priceMax=10|priceTick=0.000001|lotMin=0.001|lotMax=8384883677|lotStep=0.001|bidUp=2|bidDown=0.5|askUp=2|askDown=0.5|percentMins=5|minNotional=0.01|maxNotional=9000000|basePrecision=8|quotePrecision=8|quoteAssetPrecision=8,1,0,2921,2921,0,2921,2921,1,1,0,0,0,,,,0,,,,,0,0,,2921-2921
priceMin=0.001|priceMax=100000|priceTick=0.001|lotMin=0.001|lotMax=922327|lotStep=0.001|bidUp=1.3|bidDown=0.5|askUp=2|askDown=0.7|percentMins=5|minNotional=10|maxNotional=90000000|basePrecision=8|quotePrecision=8|quoteAssetPrecision=8,1,0,2922,2922,0,2922,2922,1,1,0,0,0,,,,0,,,,,0,0,,2922-2922
priceMin=1e-7|priceMax=1|priceTick=1e-7|lotMin=0.01|lotMax=46116860414|lotStep=0.01|bidUp=5|bidDown=0.2|askUp=5|askDown=0.2|percentMins=5|minNotional=0.01|maxNotional=9000000|basePrecision=8|quotePrecision=8|quoteAssetPrecision=8,1,0,2930,2930,0,2930,2930,1,1,0,0,0,,,,0,,,,,0,0,,2930-2930
priceMin=0.001|priceMax=10000|priceTick=0.001|lotMin=0.001|lotMax=9222449|lotStep=0.001|bidUp=2|bidDown=0.5|askUp=2|askDown=0.5|percentMins=5|minNotional=1|maxNotional=9000000|basePrecision=8|quotePrecision=8|quoteAssetPrecision=8,1,0,2934,2934,0,2934,2934,1,1,0,0,0,,,,0,,,,,0,0,,2934-2934
priceMin=1|priceMax=999996|priceTick=1|lotMin=0.001|lotMax=92233|lotStep=0.001|bidUp=1.2|bidDown=0.5|askUp=2|askDown=0.8|percentMins=5|minNotional=100|maxNotional=900000000|basePrecision=8|quotePrecision=8|quoteAssetPrecision=8,1,0,2943,2943,0,2943,2943,1,1,0,0,0,,,,0,,,,,0,0,,2943-2943
priceMin=1|priceMax=100000|priceTick=1|lotMin=0.01|lotMax=922327|lotStep=0.01|bidUp=1.2|bidDown=0.5|askUp=2|askDown=0.8|percentMins=5|minNotional=100|maxNotional=900000000|basePrecision=8|quotePrecision=8|quoteAssetPrecision=8,1,0,2945,2945,0,2945,2945,1,1,0,0,0,,,,0,,,,,0,0,,2945-2945
priceMin=1|priceMax=999996|priceTick=1|lotMin=0.0001|lotMax=92233|lotStep=0.0001|bidUp=1.2|bidDown=0.5|askUp=2|askDown=0.8|percentMins=5|minNotional=150|maxNotional=9000000|basePrecision=8|quotePrecision=8|quoteAssetPrecision=8,1,0,2952,2952,0,2952,2952,1,1,0,0,0,,,,0,,,,,0,0,,2952-2952
priceMin=1|priceMax=100000|priceTick=1|lotMin=0.001|lotMax=922327|lotStep=0.001|bidUp=1.2|bidDown=0.5|askUp=2|askDown=0.8|percentMins=5|minNotional=150|maxNotional=9000000|basePrecision=8|quotePrecision=8|quoteAssetPrecision=8,1,0,2954,2954,0,2954,2954,1,1,0,0,0,,,,0,,,,,0,0,,2954-2954
priceMin=0.01|priceMax=10000|priceTick=0.01|lotMin=0.01|lotMax=9222449|lotStep=0.01|bidUp=2|bidDown=0.5|askUp=2|askDown=0.5|percentMins=5|minNotional=10|maxNotional=9000000|basePrecision=8|quotePrecision=8|quoteAssetPrecision=8,1,0,2957,2957,0,2957,2957,1,1,0,0,0,,,,0,,,,,0,0,,2957-2957
priceMin=0.01|priceMax=10000|priceTick=0.01|lotMin=0.01|lotMax=9222449|lotStep=0.01|bidUp=2|bidDown=0.5|askUp=2|askDown=0.5|percentMins=5|minNotional=5|maxNotional=9000000|basePrecision=8|quotePrecision=8|quoteAssetPrecision=8,1,0,2991,2991,0,2991,2991,1,1,0,0,0,,,,0,,,,,0,0,,2991-2991
priceMin=0.01|priceMax=10000|priceTick=0.01|lotMin=0.1|lotMax=9222449|lotStep=0.1|bidUp=1.3|bidDown=0.5|askUp=2|askDown=0.7|percentMins=5|minNotional=5|maxNotional=90000000|basePrecision=8|quotePrecision=8|quoteAssetPrecision=8,1,0,2999,2999,0,2999,2999,1,1,0,0,0,,,,0,,,,,0,0,,2999-2999
priceMin=16.7|priceMax=25.1|priceTick=0.01|lotMin=1|lotMax=9222449|lotStep=1|bidUp=1.2|bidDown=0.8|askUp=1.2|askDown=0.8|percentMins=5|minNotional=200|maxNotional=9000000|basePrecision=8|quotePrecision=8|quoteAssetPrecision=8,1,0,3005,3005,0,3005,3005,1,1,0,0,0,,,,0,,,,,0,0,,3005-3005
priceMin=1e-8|priceMax=100|priceTick=1e-8|lotMin=1|lotMax=913205152|lotStep=1|bidUp=2|bidDown=0.5|askUp=2|askDown=0.5|percentMins=5|minNotional=0.01|maxNotional=9000000|basePrecision=8|quotePrecision=8|quoteAssetPrecision=8,1,0,3027,3027,0,3027,3027,1,1,0,0,0,,,,0,,,,,0,0,,3027-3027
priceMin=0.00001|priceMax=10|priceTick=0.00001|lotMin=1|lotMax=8384883677|lotStep=1|bidUp=1.2|bidDown=0.5|askUp=2|askDown=0.8|percentMins=5|minNotional=5|maxNotional=9000000|basePrecision=8|quotePrecision=8|quoteAssetPrecision=8,1,0,3046,3046,0,3046,3046,1,1,0,0,0,,,,0,,,,,0,0,,3046-3046
priceMin=0.00001|priceMax=10|priceTick=0.00001|lotMin=1|lotMax=8384883677|lotStep=1|bidUp=2|bidDown=0.5|askUp=2|askDown=0.5|percentMins=5|minNotional=5|maxNotional=9000000|basePrecision=8|quotePrecision=8|quoteAssetPrecision=8,1,0,3047,3047,0,3047,3047,1,1,0,0,0,,,,0,,,,,0,0,,3047-3047
priceMin=0.0001|priceMax=1000|priceTick=0.0001|lotMin=0.1|lotMax=92141578|lotStep=0.1|bidUp=1.1|bidDown=0.5|askUp=2|askDown=0.9|percentMins=5|minNotional=5|maxNotional=9000000|basePrecision=8|quotePrecision=8|quoteAssetPrecision=8,1,0,3120,3120,0,3120,3120,1,1,0,0,0,,,,0,,,,,0,0,,3120-3120
priceMin=127.1|priceMax=190.6|priceTick=0.01|lotMin=0.001|lotMax=9222449|lotStep=0.001|bidUp=1.1|bidDown=0.9|askUp=1.1|askDown=0.9|percentMins=5|minNotional=100|maxNotional=900000000|basePrecision=8|quotePrecision=8|quoteAssetPrecision=8,1,0,3129,3129,0,3129,3129,1,1,0,0,0,,,,0,,,,,0,0,,3129-3129
priceMin=0.00001|priceMax=100|priceTick=0.00001|lotMin=1|lotMax=913205152|lotStep=1|bidUp=2|bidDown=0.5|askUp=2|askDown=0.5|percentMins=5|minNotional=100|maxNotional=900000000|basePrecision=2|quotePrecision=8|quoteAssetPrecision=8,1,0,3153,3153,0,3153,3153,1,1,0,0,0,,,,0,,,,,0,0,,3153-3153
priceMin=0.001|priceMax=10000|priceTick=0.001|lotMin=0.01|lotMax=9222440|lotStep=0.01|bidUp=2|bidDown=0.5|askUp=2|askDown=0.5|percentMins=5|minNotional=5|maxNotional=9000000|basePrecision=8|quotePrecision=8|quoteAssetPrecision=8,1,0,3159,3159,0,3159,3159,1,1,0,0,0,,,,0,,,,,0,0,,3159-3159
priceMin=0.1|priceMax=100000|priceTick=0.1|lotMin=0.01|lotMax=922327|lotStep=0.01|bidUp=1.2|bidDown=0.5|askUp=2|askDown=0.8|percentMins=5|minNotional=100|maxNotional=900000000|basePrecision=8|quotePrecision=8|quoteAssetPrecision=8,1,0,3166,3166,0,3166,3166,1,1,0,0,0,,,,0,,,,,0,0,,3166-3166
priceMin=0.01|priceMax=100000|priceTick=0.01|lotMin=0.001|lotMax=922327|lotStep=0.001|bidUp=1.1|bidDown=0.5|askUp=2|askDown=0.9|percentMins=5|minNotional=5|maxNotional=9000000|basePrecision=8|quotePrecision=8|quoteAssetPrecision=8,1,0,3201,3201,0,3201,3201,1,1,0,0,0,,,,0,,,,,0,0,,3201-3201
priceMin=0.001|priceMax=1000|priceTick=0.001|lotMin=0.01|lotMax=92141578|lotStep=0.01|bidUp=1.1|bidDown=0.5|askUp=2|askDown=0.9|percentMins=5|minNotional=5|maxNotional=9000000|basePrecision=8|quotePrecision=8|quoteAssetPrecision=8,1,0,3210,3210,0,3210,3210,1,1,0,0,0,,,,0,,,,,0,0,,3210-3210
priceMin=0.001|priceMax=1000|priceTick=0.001|lotMin=0.1|lotMax=92141578|lotStep=0.1|bidUp=1.3|bidDown=0.5|askUp=2|askDown=0.7|percentMins=5|minNotional=10|maxNotional=90000000|basePrecision=2|quotePrecision=8|quoteAssetPrecision=8,1,0,3228,3228,0,3228,3228,1,1,0,0,0,,,,0,,,,,0,0,,3228-3228
priceMin=0.01|priceMax=10000|priceTick=0.01|lotMin=0.01|lotMax=90000|lotStep=0.01|bidUp=1.1|bidDown=0.5|askUp=2|askDown=0.9|percentMins=5|minNotional=5|maxNotional=9000000|basePrecision=8|quotePrecision=8|quoteAssetPrecision=8,1,0,3230,3230,0,3230,3230,1,1,0,0,0,,,,0,,,,,0,0,,3230-3230
priceMin=0.001|priceMax=10000|priceTick=0.001|lotMin=0.1|lotMax=90000|lotStep=0.1|bidUp=2|bidDown=0.5|askUp=2|askDown=0.5|percentMins=5|minNotional=5|maxNotional=9000000|basePrecision=8|quotePrecision=8|quoteAssetPrecision=8,1,0,3231,3231,0,3231,3231,1,1,0,0,0,,,,0,,,,,0,0,,3231-3231
priceMin=0.001|priceMax=1000|priceTick=0.001|lotMin=0.1|lotMax=92141578|lotStep=0.1|bidUp=5|bidDown=0.2|askUp=5|askDown=0.2|percentMins=5|minNotional=10|maxNotional=9000000|basePrecision=2|quotePrecision=8|quoteAssetPrecision=8,1,0,3237,3237,0,3237,3237,1,1,0,0,0,,,,0,,,,,0,0,,3237-3237
priceMin=0.0001|priceMax=100|priceTick=0.0001|lotMin=1|lotMax=913205152|lotStep=1|bidUp=1.3|bidDown=0.5|askUp=2|askDown=0.7|percentMins=5|minNotional=10|maxNotional=90000000|basePrecision=2|quotePrecision=8|quoteAssetPrecision=8,1,0,3257,3257,0,3257,3257,1,1,0,0,0,,,,0,,,,,0,0,,3257-3257
priceMin=1e-8|priceMax=1|priceTick=1e-8|lotMin=0.01|lotMax=46116860414|lotStep=0.01|bidUp=2|bidDown=0.5|askUp=2|askDown=0.5|percentMins=5|minNotional=0.01|maxNotional=9000000|basePrecision=8|quotePrecision=8|quoteAssetPrecision=8,1,0,3278,3278,0,3278,3278,1,1,0,0,0,,,,0,,,,,0,0,,3278-3278
priceMin=0.00001|priceMax=10000|priceTick=0.00001|lotMin=0.01|lotMax=9222449|lotStep=0.01|bidUp=2|bidDown=0.5|askUp=2|askDown=0.5|percentMins=5|minNotional=5|maxNotional=9000000|basePrecision=8|quotePrecision=8|quoteAssetPrecision=8,1,0,3304,3304,0,3304,3304,1,1,0,0,0,,,,0,,,,,0,0,,3304-3304
priceMin=0.00001|priceMax=1000|priceTick=0.00001|lotMin=0.01|lotMax=92141578|lotStep=0.01|bidUp=2|bidDown=0.5|askUp=2|askDown=0.5|percentMins=5|minNotional=5|maxNotional=9000000|basePrecision=8|quotePrecision=8|quoteAssetPrecision=8,1,0,3305,3305,0,3305,3305,1,1,0,0,0,,,,0,,,,,0,0,,3305-3305
priceMin=0.0001|priceMax=100|priceTick=0.0001|lotMin=0.1|lotMax=913205152|lotStep=0.1|bidUp=1.1|bidDown=0.5|askUp=2|askDown=0.9|percentMins=5|minNotional=5|maxNotional=9000000|basePrecision=8|quotePrecision=8|quoteAssetPrecision=8,1,0,3333,3333,0,3333,3333,1,1,0,0,0,,,,0,,,,,0,0,,3333-3333
priceMin=0.000001|priceMax=100|priceTick=0.000001|lotMin=1|lotMax=913205152|lotStep=1|bidUp=1.1|bidDown=0.5|askUp=2|askDown=0.9|percentMins=5|minNotional=5|maxNotional=9000000|basePrecision=8|quotePrecision=8|quoteAssetPrecision=8,1,0,3364,3364,0,3364,3364,1,1,0,0,0,,,,0,,,,,0,0,,3364-3364
priceMin=1|priceMax=100000|priceTick=1|lotMin=0.01|lotMax=922327|lotStep=0.01|bidUp=1.3|bidDown=0.5|askUp=2|askDown=0.7|percentMins=5|minNotional=20000|maxNotional=9000000000|basePrecision=8|quotePrecision=2|quoteAssetPrecision=2,1,0,3401,3401,0,3401,3401,1,1,0,0,0,,,,0,,,,,0,0,,3401-3401
priceMin=1|priceMax=999996|priceTick=1|lotMin=0.01|lotMax=92233|lotStep=0.01|bidUp=1.3|bidDown=0.5|askUp=2|askDown=0.7|percentMins=5|minNotional=20000|maxNotional=9000000000|basePrecision=8|quotePrecision=2|quoteAssetPrecision=2,1,0,3403,3403,0,3403,3403,1,1,0,0,0,,,,0,,,,,0,0,,3403-3403
priceMin=1|priceMax=899999|priceTick=1|lotMin=0.01|lotMax=102481|lotStep=0.01|bidUp=1.3|bidDown=0.5|askUp=2|askDown=0.7|percentMins=5|minNotional=20000|maxNotional=9000000000|basePrecision=8|quotePrecision=2|quoteAssetPrecision=2,1,0,3409,3409,0,3409,3409,1,1,0,0,0,,,,0,,,,,0,0,,3409-3409
priceMin=1|priceMax=9999999|priceTick=1|lotMin=0.01|lotMax=9223|lotStep=0.01|bidUp=1.3|bidDown=0.5|askUp=2|askDown=0.7|percentMins=5|minNotional=20000|maxNotional=9000000000|basePrecision=8|quotePrecision=2|quoteAssetPrecision=2,1,0,3410,3410,0,3410,3410,1,1,0,0,0,,,,0,,,,,0,0,,3410-3410
priceMin=0.1|priceMax=600|priceTick=0.1|lotMin=1|lotMax=153467088|lotStep=1|bidUp=2|bidDown=0.5|askUp=2|askDown=0.5|percentMins=5|minNotional=20000|maxNotional=9000000000|basePrecision=2|quotePrecision=2|quoteAssetPrecision=2,1,0,3411,3411,0,3411,3411,1,1,0,0,0,,,,0,,,,,0,0,,3411-3411
priceMin=0.01|priceMax=38|priceTick=0.01|lotMin=1|lotMax=2364967189|lotStep=1|bidUp=1.3|bidDown=0.5|askUp=2|askDown=0.7|percentMins=5|minNotional=20000|maxNotional=9000000000|basePrecision=2|quotePrecision=2|quoteAssetPrecision=2,1,0,3412,3412,0,3412,3412,1,1,0,0,0,,,,0,,,,,0,0,,3412-3412
priceMin=0.01|priceMax=40|priceTick=0.01|lotMin=1|lotMax=2249602936|lotStep=1|bidUp=1.3|bidDown=0.5|askUp=2|askDown=0.7|percentMins=5|minNotional=20000|maxNotional=9000000000|basePrecision=2|quotePrecision=2|quoteAssetPrecision=2,1,0,3413,3413,0,3413,3413,1,1,0,0,0,,,,0,,,,,0,0,,3413-3413
priceMin=1|priceMax=110100|priceTick=1|lotMin=0.1|lotMax=837719|lotStep=0.1|bidUp=1.3|bidDown=0.5|askUp=2|askDown=0.7|percentMins=5|minNotional=20000|maxNotional=9000000000|basePrecision=8|quotePrecision=2|quoteAssetPrecision=2,1,0,3414,3414,0,3414,3414,1,1,0,0,0,,,,0,,,,,0,0,,3414-3414
priceMin=1|priceMax=1451300|priceTick=1|lotMin=0.01|lotMax=63552|lotStep=0.01|bidUp=1.3|bidDown=0.5|askUp=2|askDown=0.7|percentMins=5|minNotional=20000|maxNotional=9000000000|basePrecision=8|quotePrecision=2|quoteAssetPrecision=2,1,0,3415,3415,0,3415,3415,1,1,0,0,0,,,,0,,,,,0,0,,3415-3415
priceMin=1|priceMax=251813150|priceTick=1|lotMin=0.001|lotMax=366|lotStep=0.001|bidUp=1.3|bidDown=0.5|askUp=2|askDown=0.7|percentMins=5|minNotional=20000|maxNotional=9000000000|basePrecision=8|quotePrecision=2|quoteAssetPrecision=2,1,0,3416,3416,0,3416,3416,1,1,0,0,0,,,,0,,,,,0,0,,3416-3416
priceMin=1|priceMax=496850|priceTick=1|lotMin=0.01|lotMax=185636|lotStep=0.01|bidUp=2|bidDown=0.5|askUp=2|askDown=0.5|percentMins=5|minNotional=20000|maxNotional=9000000000|basePrecision=8|quotePrecision=2|quoteAssetPrecision=2,1,0,3417,3417,0,3417,3417,1,1,0,0,0,,,,0,,,,,0,0,,3417-3417
priceMin=1|priceMax=1284900|priceTick=1|lotMin=0.01|lotMax=71782|lotStep=0.01|bidUp=2|bidDown=0.5|askUp=2|askDown=0.5|percentMins=5|minNotional=20000|maxNotional=9000000000|basePrecision=8|quotePrecision=2|quoteAssetPrecision=2,1,0,3418,3418,0,3418,3418,1,1,0,0,0,,,,0,,,,,0,0,,3418-3418
priceMin=1|priceMax=728850|priceTick=1|lotMin=0.01|lotMax=126546|lotStep=0.01|bidUp=1.3|bidDown=0.5|askUp=2|askDown=0.7|percentMins=5|minNotional=20000|maxNotional=9000000000|basePrecision=8|quotePrecision=2|quoteAssetPrecision=2,1,0,3419,3419,0,3419,3419,1,1,0,0,0,,,,0,,,,,0,0,,3419-3419
priceMin=1|priceMax=292950|priceTick=1|lotMin=0.01|lotMax=314843|lotStep=0.01|bidUp=1.3|bidDown=0.5|askUp=2|askDown=0.7|percentMins=5|minNotional=20000|maxNotional=9000000000|basePrecision=8|quotePrecision=2|quoteAssetPrecision=2,1,0,3420,3420,0,3420,3420,1,1,0,0,0,,,,0,,,,,0,0,,3420-3420
priceMin=0.1|priceMax=4855|priceTick=0.1|lotMin=1|lotMax=18993764|lotStep=1|bidUp=1.3|bidDown=0.5|askUp=2|askDown=0.7|percentMins=5|minNotional=20000|maxNotional=9000000000|basePrecision=8|quotePrecision=2|quoteAssetPrecision=2,1,0,3421,3421,0,3421,3421,1,1,0,0,0,,,,0,,,,,0,0,,3421-3421
priceMin=1|priceMax=173700|priceTick=1|lotMin=0.1|lotMax=530991|lotStep=0.1|bidUp=1.3|bidDown=0.5|askUp=2|askDown=0.7|percentMins=5|minNotional=20000|maxNotional=9000000000|basePrecision=8|quotePrecision=2|quoteAssetPrecision=2,1,0,3422,3422,0,3422,3422,1,1,0,0,0,,,,0,,,,,0,0,,3422-3422
priceMin=1|priceMax=284360|priceTick=1|lotMin=0.1|lotMax=324354|lotStep=0.1|bidUp=1.3|bidDown=0.5|askUp=2|askDown=0.7|percentMins=5|minNotional=20000|maxNotional=9000000000|basePrecision=8|quotePrecision=2|quoteAssetPrecision=2,1,0,3423,3423,0,3423,3423,1,1,0,0,0,,,,0,,,,,0,0,,3423-3423
priceMin=1|priceMax=368235275|priceTick=1|lotMin=0.001|lotMax=250|lotStep=0.001|bidUp=1.3|bidDown=0.5|askUp=2|askDown=0.7|percentMins=5|minNotional=20000|maxNotional=9000000000|basePrecision=8|quotePrecision=2|quoteAssetPrecision=2,1,0,3424,3424,0,3424,3424,1,1,0,0,0,,,,0,,,,,0,0,,3424-3424
priceMin=1|priceMax=30028768800|priceTick=1|lotMin=0.00001|lotMax=3|lotStep=0.00001|bidUp=1.3|bidDown=0.5|askUp=2|askDown=0.7|percentMins=5|minNotional=20000|maxNotional=9000000000|basePrecision=8|quotePrecision=2|quoteAssetPrecision=2,1,0,3425,3425,0,3425,3425,1,1,0,0,0,,,,0,,,,,0,0,,3425-3425
priceMin=1|priceMax=101400|priceTick=1|lotMin=1|lotMax=909593|lotStep=1|bidUp=1.3|bidDown=0.5|askUp=2|askDown=0.7|percentMins=5|minNotional=20000|maxNotional=9000000000|basePrecision=8|quotePrecision=2|quoteAssetPrecision=2,1,0,3426,3426,0,3426,3426,1,1,0,0,0,,,,0,,,,,0,0,,3426-3426
priceMin=1|priceMax=1244025250|priceTick=1|lotMin=0.0001|lotMax=74|lotStep=0.0001|bidUp=1.3|bidDown=0.5|askUp=2|askDown=0.7|percentMins=5|minNotional=20000|maxNotional=9000000000|basePrecision=8|quotePrecision=2|quoteAssetPrecision=2,1,0,3427,3427,0,3427,3427,1,1,0,0,0,,,,0,,,,,0,0,,3427-3427
priceMin=0.01|priceMax=100|priceTick=0.01|lotMin=1|lotMax=913205152|lotStep=1|bidUp=2|bidDown=0.5|askUp=2|askDown=0.5|percentMins=5|minNotional=20000|maxNotional=9000000000|basePrecision=2|quotePrecision=2|quoteAssetPrecision=2,1,0,3428,3428,0,3428,3428,1,1,0,0,0,,,,0,,,,,0,0,,3428-3428
priceMin=1|priceMax=428750|priceTick=1|lotMin=0.1|lotMax=215121|lotStep=0.1|bidUp=1.3|bidDown=0.5|askUp=2|askDown=0.7|percentMins=5|minNotional=20000|maxNotional=9000000000|basePrecision=8|quotePrecision=2|quoteAssetPrecision=2,1,0,3429,3429,0,3429,3429,1,1,0,0,0,,,,0,,,,,0,0,,3429-3429
priceMin=1|priceMax=1264450|priceTick=1|lotMin=0.01|lotMax=72943|lotStep=0.01|bidUp=1.3|bidDown=0.5|askUp=2|askDown=0.7|percentMins=5|minNotional=20000|maxNotional=9000000000|basePrecision=8|quotePrecision=2|quoteAssetPrecision=2,1,0,3430,3430,0,3430,3430,1,1,0,0,0,,,,0,,,,,0,0,,3430-3430
priceMin=0.01|priceMax=88496|priceTick=0.01|lotMin=0.1|lotMax=1042224|lotStep=0.1|bidUp=1.3|bidDown=0.5|askUp=2|askDown=0.7|percentMins=5|minNotional=20000|maxNotional=9000000000|basePrecision=8|quotePrecision=2|quoteAssetPrecision=2,1,0,3431,3431,0,3431,3431,1,1,0,0,0,,,,0,,,,,0,0,,3431-3431
priceMin=1|priceMax=1629495|priceTick=1|lotMin=0.1|lotMax=56602|lotStep=0.1|bidUp=1.3|bidDown=0.5|askUp=2|askDown=0.7|percentMins=5|minNotional=20000|maxNotional=9000000000|basePrecision=8|quotePrecision=2|quoteAssetPrecision=2,1,0,3432,3432,0,3432,3432,1,1,0,0,0,,,,0,,,,,0,0,,3432-3432
priceMin=13532|priceMax=20298|priceTick=1|lotMin=0.01|lotMax=50000|lotStep=0.01|bidUp=1.1|bidDown=0.8|askUp=1.2|askDown=0.9|percentMins=5|minNotional=20000|maxNotional=9000000000|basePrecision=8|quotePrecision=2|quoteAssetPrecision=2,1,0,3434,3434,0,3434,3434,1,1,0,0,0,,,,0,,,,,0,0,,3434-3434
priceMin=1|priceMax=70232220|priceTick=1|lotMin=0.0001|lotMax=1313|lotStep=0.0001|bidUp=1.3|bidDown=0.5|askUp=2|askDown=0.7|percentMins=5|minNotional=20000|maxNotional=9000000000|basePrecision=8|quotePrecision=2|quoteAssetPrecision=2,1,0,3435,3435,0,3435,3435,1,1,0,0,0,,,,0,,,,,0,0,,3435-3435
priceMin=0.00001|priceMax=1000|priceTick=0.00001|lotMin=1|lotMax=92141578|lotStep=1|bidUp=1.2|bidDown=0.5|askUp=2|askDown=0.8|percentMins=5|minNotional=1|maxNotional=9000000|basePrecision=8|quotePrecision=8|quoteAssetPrecision=8,1,0,3443,3443,0,3443,3443,1,1,0,0,0,,,,0,,,,,0,0,,3443-3443
priceMin=0.001|priceMax=10000|priceTick=0.001|lotMin=0.1|lotMax=9222449|lotStep=0.1|bidUp=5|bidDown=0.2|askUp=5|askDown=0.2|percentMins=5|minNotional=10|maxNotional=90000000|basePrecision=8|quotePrecision=8|quoteAssetPrecision=8,1,0,3461,3461,0,3461,3461,1,1,0,0,0,,,,0,,,,,0,0,,3461-3461
priceMin=368|priceMax=552|priceTick=0.1|lotMin=0.0001|lotMax=922327|lotStep=0.0001|bidUp=1.1|bidDown=0.8|askUp=1.2|askDown=0.9|percentMins=5|minNotional=3000|maxNotional=500000000|basePrecision=8|quotePrecision=8|quoteAssetPrecision=8,1,0,3577,3577,0,3577,3577,1,1,0,0,0,,,,0,,,,,0,0,,3577-3577
priceMin=2.936|priceMax=4.404|priceTick=0.001|lotMin=0.1|lotMax=92141578|lotStep=0.1|bidUp=1.1|bidDown=0.8|askUp=1.2|askDown=0.9|percentMins=5|minNotional=10|maxNotional=9000000|basePrecision=8|quotePrecision=8|quoteAssetPrecision=8,1,0,3590,3590,0,3590,3590,1,1,0,0,0,,,,0,,,,,0,0,,3590-3590
priceMin=0.00001|priceMax=100|priceTick=0.00001|lotMin=1|lotMax=913205152|lotStep=1|bidUp=1.2|bidDown=0.5|askUp=2|askDown=0.8|percentMins=5|minNotional=100|maxNotional=900000000|basePrecision=8|quotePrecision=8|quoteAssetPrecision=8,1,0,3607,3607,0,3607,3607,1,1,0,0,0,,,,0,,,,,0,0,,3607-3607
priceMin=1|priceMax=9999319|priceTick=1|lotMin=0.01|lotMax=9223|lotStep=0.01|bidUp=1.3|bidDown=0.5|askUp=2|askDown=0.7|percentMins=5|minNotional=20000|maxNotional=9000000000|basePrecision=8|quotePrecision=2|quoteAssetPrecision=2,1,0,3619,3619,0,3619,3619,1,1,0,0,0,,,,0,,,,,0,0,,3619-3619
priceMin=0.01|priceMax=10000|priceTick=0.01|lotMin=0.01|lotMax=9222449|lotStep=0.01|bidUp=1.3|bidDown=0.5|askUp=2|askDown=0.7|percentMins=5|minNotional=100|maxNotional=10000000|basePrecision=8|quotePrecision=8|quoteAssetPrecision=8,1,0,3692,3692,0,3692,3692,1,1,0,0,0,,,,0,,,,,0,0,,3692-3692
priceMin=0.001|priceMax=100|priceTick=0.001|lotMin=0.01|lotMax=913205152|lotStep=0.01|bidUp=1.3|bidDown=0.5|askUp=2|askDown=0.7|percentMins=5|minNotional=100|maxNotional=10000000|basePrecision=8|quotePrecision=8|quoteAssetPrecision=8,1,0,3693,3693,0,3693,3693,1,1,0,0,0,,,,0,,,,,0,0,,3693-3693
