symbol,datasetGroup,apiPosition,netProfit,returnPct,winner,winningPositions,losingPositions,status,baseAsset,quoteAsset,baseAssetPrecision,quotePrecision,quoteAssetPrecision,baseCommissionPrecision,quoteCommissionPrecision,icebergAllowed,ocoAllowed,otoAllowed,opoAllowed,quoteOrderQtyMarketAllowed,allowTrailingStop,cancelReplaceAllowed,amendAllowed,pegInstructionsAllowed,isSpotTradingAllowed,isMarginTradingAllowed,defaultSelfTradePreventionMode,orderTypes,permissions,permissionSets,allowedSelfTradePreventionModes,filters.PRICE_FILTER.minPrice,filters.PRICE_FILTER.maxPrice,filters.PRICE_FILTER.tickSize,filters.LOT_SIZE.minQty,filters.LOT_SIZE.maxQty,filters.LOT_SIZE.stepSize,filters.ICEBERG_PARTS.limit,filters.MARKET_LOT_SIZE.minQty,filters.MARKET_LOT_SIZE.maxQty,filters.MARKET_LOT_SIZE.stepSize,filters.TRAILING_DELTA.minTrailingAboveDelta,filters.TRAILING_DELTA.maxTrailingAboveDelta,filters.TRAILING_DELTA.minTrailingBelowDelta,filters.TRAILING_DELTA.maxTrailingBelowDelta,filters.PERCENT_PRICE_BY_SIDE.bidMultiplierUp,filters.PERCENT_PRICE_BY_SIDE.bidMultiplierDown,filters.PERCENT_PRICE_BY_SIDE.askMultiplierUp,filters.PERCENT_PRICE_BY_SIDE.askMultiplierDown,filters.PERCENT_PRICE_BY_SIDE.avgPriceMins,filters.NOTIONAL.minNotional,filters.NOTIONAL.applyMinToMarket,filters.NOTIONAL.maxNotional,filters.NOTIONAL.applyMaxToMarket,filters.NOTIONAL.avgPriceMins,filters.MAX_NUM_ORDERS.maxNumOrders,filters.MAX_NUM_ORDER_LISTS.maxNumOrderLists,filters.MAX_NUM_ALGO_ORDERS.maxNumAlgoOrders,filters.MAX_NUM_ORDER_AMENDS.maxNumOrderAmends
ZECUSDT,Sample,478,19.093584879365956,0.013936923269610187,true,128,9,TRADING,ZEC,USDT,8,8,8,8,8,true,true,true,true,true,true,true,true,true,true,true,EXPIRE_MAKER,LIMIT|LIMIT_MAKER|MARKET|STOP_LOSS|STOP_LOSS_LIMIT|TAKE_PROFIT|TAKE_PROFIT_LIMIT,,"[[""SPOT"",""MARGIN"",""TRD_GRP_015"",""TRD_GRP_016"",""TRD_GRP_017"",""TRD_GRP_018"",""TRD_GRP_019"",""TRD_GRP_021"",""TRD_GRP_022"",""TRD_GRP_023"",""TRD_GRP_024"",""TRD_GRP_025"",""TRD_GRP_049"",""TRD_GRP_050"",""TRD_GRP_051"",""TRD_GRP_052"",""TRD_GRP_053"",""TRD_GRP_054"",""TRD_GRP_055"",""TRD_GRP_056"",""TRD_GRP_057"",""TRD_GRP_058"",""TRD_GRP_059"",""TRD_GRP_060"",""TRD_GRP_061"",""TRD_GRP_062"",""TRD_GRP_063"",""TRD_GRP_064"",""TRD_GRP_065"",""TRD_GRP_066"",""TRD_GRP_067"",""TRD_GRP_068"",""TRD_GRP_069"",""TRD_GRP_070"",""TRD_GRP_071"",""TRD_GRP_072"",""TRD_GRP_073"",""TRD_GRP_074"",""TRD_GRP_075"",""TRD_GRP_076"",""TRD_GRP_077"",""TRD_GRP_078"",""TRD_GRP_079"",""TRD_GRP_080"",""TRD_GRP_081"",""TRD_GRP_082"",""TRD_GRP_083"",""TRD_GRP_084"",""TRD_GRP_085"",""TRD_GRP_086"",""TRD_GRP_087"",""TRD_GRP_088"",""TRD_GRP_089"",""TRD_GRP_090"",""TRD_GRP_091"",""TRD_GRP_092"",""TRD_GRP_093"",""TRD_GRP_094"",""TRD_GRP_095"",""TRD_GRP_096"",""TRD_GRP_097"",""TRD_GRP_098"",""TRD_GRP_099"",""TRD_GRP_100"",""TRD_GRP_101"",""TRD_GRP_102"",""TRD_GRP_103"",""TRD_GRP_104"",""TRD_GRP_105"",""TRD_GRP_106"",""TRD_GRP_107"",""TRD_GRP_108"",""TRD_GRP_109"",""TRD_GRP_110"",""TRD_GRP_111"",""TRD_GRP_112"",""TRD_GRP_113"",""TRD_GRP_114"",""TRD_GRP_115"",""TRD_GRP_116"",""TRD_GRP_117"",""TRD_GRP_118"",""TRD_GRP_119"",""TRD_GRP_120"",""TRD_GRP_121"",""TRD_GRP_122"",""TRD_GRP_123"",""TRD_GRP_124"",""TRD_GRP_125"",""TRD_GRP_126"",""TRD_GRP_127"",""TRD_GRP_128"",""TRD_GRP_129"",""TRD_GRP_130"",""TRD_GRP_131"",""TRD_GRP_132"",""TRD_GRP_133"",""TRD_GRP_134"",""TRD_GRP_135"",""TRD_GRP_136"",""TRD_GRP_137"",""TRD_GRP_138"",""TRD_GRP_139"",""TRD_GRP_140"",""TRD_GRP_141"",""TRD_GRP_142"",""TRD_GRP_143"",""TRD_GRP_144"",""TRD_GRP_145"",""TRD_GRP_146"",""TRD_GRP_147"",""TRD_GRP_148"",""TRD_GRP_149"",""TRD_GRP_150"",""TRD_GRP_151"",""TRD_GRP_152"",""TRD_GRP_153"",""TRD_GRP_154"",""TRD_GRP_155"",""TRD_GRP_156"",""TRD_GRP_157"",""TRD_GRP_158"",""TRD_GRP_159"",""TRD_GRP_160"",""TRD_GRP_161"",""TRD_GRP_162"",""TRD_GRP_163"",""TRD_GRP_164"",""TRD_GRP_165"",""TRD_GRP_166"",""TRD_GRP_167"",""TRD_GRP_168"",""TRD_GRP_169"",""TRD_GRP_170"",""TRD_GRP_171"",""TRD_GRP_172"",""TRD_GRP_173"",""TRD_GRP_174"",""TRD_GRP_175"",""TRD_GRP_176"",""TRD_GRP_177"",""TRD_GRP_178"",""TRD_GRP_179"",""TRD_GRP_180"",""TRD_GRP_181"",""TRD_GRP_182"",""TRD_GRP_183"",""TRD_GRP_184"",""TRD_GRP_185"",""TRD_GRP_186"",""TRD_GRP_187"",""TRD_GRP_188"",""TRD_GRP_189"",""TRD_GRP_190"",""TRD_GRP_191"",""TRD_GRP_192"",""TRD_GRP_193"",""TRD_GRP_194"",""TRD_GRP_195"",""TRD_GRP_196"",""TRD_GRP_197"",""TRD_GRP_198"",""TRD_GRP_199"",""TRD_GRP_200"",""TRD_GRP_201"",""TRD_GRP_202"",""TRD_GRP_203"",""TRD_GRP_204"",""TRD_GRP_205"",""TRD_GRP_206"",""TRD_GRP_207"",""TRD_GRP_208"",""TRD_GRP_209"",""TRD_GRP_210"",""TRD_GRP_211"",""TRD_GRP_212"",""TRD_GRP_213"",""TRD_GRP_214"",""TRD_GRP_215"",""TRD_GRP_216"",""TRD_GRP_217"",""TRD_GRP_218"",""TRD_GRP_219"",""TRD_GRP_220"",""TRD_GRP_221"",""TRD_GRP_222"",""TRD_GRP_223"",""TRD_GRP_224"",""TRD_GRP_225"",""TRD_GRP_226"",""TRD_GRP_227"",""TRD_GRP_228"",""TRD_GRP_229"",""TRD_GRP_230"",""TRD_GRP_231"",""TRD_GRP_232"",""TRD_GRP_233"",""TRD_GRP_234"",""TRD_GRP_235"",""TRD_GRP_236"",""TRD_GRP_237"",""TRD_GRP_238"",""TRD_GRP_239"",""TRD_GRP_240"",""TRD_GRP_242"",""TRD_GRP_244"",""TRD_GRP_245"",""TRD_GRP_246"",""TRD_GRP_247"",""TRD_GRP_248"",""TRD_GRP_249"",""TRD_GRP_250"",""TRD_GRP_251"",""TRD_GRP_252"",""TRD_GRP_253"",""TRD_GRP_256"",""TRD_GRP_258""]]",EXPIRE_TAKER|EXPIRE_MAKER|EXPIRE_BOTH|DECREMENT|TRANSFER,0.01000000,100000.00000000,0.01000000,0.00100000,90000.00000000,0.00100000,100,0.00000000,891.47963333,0.00000000,10,2000,10,2000,1.2,0.5,2,0.8,5,5.00000000,true,9000000.00000000,false,5,200,20,5,10
YFIUSDT,Sample,913,10.855240665586129,0.009606407668660291,true,88,25,TRADING,YFI,USDT,8,8,8,8,8,true,true,true,true,true,true,true,true,true,true,true,EXPIRE_MAKER,LIMIT|LIMIT_MAKER|MARKET|STOP_LOSS|STOP_LOSS_LIMIT|TAKE_PROFIT|TAKE_PROFIT_LIMIT,,"[[""SPOT"",""MARGIN"",""TRD_GRP_004"",""TRD_GRP_005"",""TRD_GRP_006"",""TRD_GRP_015"",""TRD_GRP_016"",""TRD_GRP_017"",""TRD_GRP_018"",""TRD_GRP_019"",""TRD_GRP_020"",""TRD_GRP_021"",""TRD_GRP_022"",""TRD_GRP_023"",""TRD_GRP_024"",""TRD_GRP_025"",""TRD_GRP_049"",""TRD_GRP_050"",""TRD_GRP_051"",""TRD_GRP_052"",""TRD_GRP_053"",""TRD_GRP_054"",""TRD_GRP_055"",""TRD_GRP_056"",""TRD_GRP_057"",""TRD_GRP_058"",""TRD_GRP_059"",""TRD_GRP_060"",""TRD_GRP_061"",""TRD_GRP_062"",""TRD_GRP_063"",""TRD_GRP_064"",""TRD_GRP_065"",""TRD_GRP_066"",""TRD_GRP_067"",""TRD_GRP_068"",""TRD_GRP_069"",""TRD_GRP_070"",""TRD_GRP_071"",""TRD_GRP_072"",""TRD_GRP_073"",""TRD_GRP_074"",""TRD_GRP_075"",""TRD_GRP_076"",""TRD_GRP_077"",""TRD_GRP_078"",""TRD_GRP_079"",""TRD_GRP_080"",""TRD_GRP_081"",""TRD_GRP_082"",""TRD_GRP_083"",""TRD_GRP_084"",""TRD_GRP_085"",""TRD_GRP_086"",""TRD_GRP_087"",""TRD_GRP_088"",""TRD_GRP_089"",""TRD_GRP_090"",""TRD_GRP_091"",""TRD_GRP_092"",""TRD_GRP_093"",""TRD_GRP_094"",""TRD_GRP_095"",""TRD_GRP_096"",""TRD_GRP_097"",""TRD_GRP_098"",""TRD_GRP_099"",""TRD_GRP_100"",""TRD_GRP_101"",""TRD_GRP_102"",""TRD_GRP_103"",""TRD_GRP_104"",""TRD_GRP_105"",""TRD_GRP_106"",""TRD_GRP_107"",""TRD_GRP_108"",""TRD_GRP_109"",""TRD_GRP_110"",""TRD_GRP_111"",""TRD_GRP_112"",""TRD_GRP_113"",""TRD_GRP_114"",""TRD_GRP_115"",""TRD_GRP_116"",""TRD_GRP_117"",""TRD_GRP_118"",""TRD_GRP_119"",""TRD_GRP_120"",""TRD_GRP_121"",""TRD_GRP_122"",""TRD_GRP_123"",""TRD_GRP_124"",""TRD_GRP_125"",""TRD_GRP_126"",""TRD_GRP_127"",""TRD_GRP_128"",""TRD_GRP_129"",""TRD_GRP_130"",""TRD_GRP_131"",""TRD_GRP_132"",""TRD_GRP_133"",""TRD_GRP_134"",""TRD_GRP_135"",""TRD_GRP_136"",""TRD_GRP_137"",""TRD_GRP_138"",""TRD_GRP_139"",""TRD_GRP_140"",""TRD_GRP_141"",""TRD_GRP_142"",""TRD_GRP_143"",""TRD_GRP_144"",""TRD_GRP_145"",""TRD_GRP_146"",""TRD_GRP_147"",""TRD_GRP_148"",""TRD_GRP_149"",""TRD_GRP_150"",""TRD_GRP_151"",""TRD_GRP_152"",""TRD_GRP_153"",""TRD_GRP_154"",""TRD_GRP_155"",""TRD_GRP_156"",""TRD_GRP_157"",""TRD_GRP_158"",""TRD_GRP_159"",""TRD_GRP_160"",""TRD_GRP_161"",""TRD_GRP_162"",""TRD_GRP_163"",""TRD_GRP_164"",""TRD_GRP_165"",""TRD_GRP_166"",""TRD_GRP_167"",""TRD_GRP_168"",""TRD_GRP_169"",""TRD_GRP_170"",""TRD_GRP_171"",""TRD_GRP_172"",""TRD_GRP_173"",""TRD_GRP_174"",""TRD_GRP_175"",""TRD_GRP_176"",""TRD_GRP_177"",""TRD_GRP_178"",""TRD_GRP_179"",""TRD_GRP_180"",""TRD_GRP_181"",""TRD_GRP_182"",""TRD_GRP_183"",""TRD_GRP_184"",""TRD_GRP_185"",""TRD_GRP_186"",""TRD_GRP_187"",""TRD_GRP_188"",""TRD_GRP_189"",""TRD_GRP_190"",""TRD_GRP_191"",""TRD_GRP_192"",""TRD_GRP_193"",""TRD_GRP_194"",""TRD_GRP_195"",""TRD_GRP_196"",""TRD_GRP_197"",""TRD_GRP_198"",""TRD_GRP_199"",""TRD_GRP_200"",""TRD_GRP_201"",""TRD_GRP_202"",""TRD_GRP_203"",""TRD_GRP_204"",""TRD_GRP_205"",""TRD_GRP_206"",""TRD_GRP_207"",""TRD_GRP_208"",""TRD_GRP_209"",""TRD_GRP_210"",""TRD_GRP_211"",""TRD_GRP_212"",""TRD_GRP_213"",""TRD_GRP_214"",""TRD_GRP_215"",""TRD_GRP_216"",""TRD_GRP_217"",""TRD_GRP_218"",""TRD_GRP_219"",""TRD_GRP_220"",""TRD_GRP_221"",""TRD_GRP_222"",""TRD_GRP_223"",""TRD_GRP_224"",""TRD_GRP_225"",""TRD_GRP_226"",""TRD_GRP_227"",""TRD_GRP_228"",""TRD_GRP_229"",""TRD_GRP_230"",""TRD_GRP_231"",""TRD_GRP_232"",""TRD_GRP_233"",""TRD_GRP_234"",""TRD_GRP_235"",""TRD_GRP_236"",""TRD_GRP_237"",""TRD_GRP_238"",""TRD_GRP_239"",""TRD_GRP_240"",""TRD_GRP_242"",""TRD_GRP_243"",""TRD_GRP_244"",""TRD_GRP_245"",""TRD_GRP_246"",""TRD_GRP_247"",""TRD_GRP_248"",""TRD_GRP_249"",""TRD_GRP_250"",""TRD_GRP_251"",""TRD_GRP_252"",""TRD_GRP_253"",""TRD_GRP_256"",""TRD_GRP_258""]]",EXPIRE_TAKER|EXPIRE_MAKER|EXPIRE_BOTH|DECREMENT|TRANSFER,1.00000000,1000000.00000000,1.00000000,0.00001000,9000.00000000,0.00001000,100,0.00000000,3.54216537,0.00000000,10,2000,10,2000,1.2,0.5,2,0.8,5,5.00000000,true,9000000.00000000,false,5,200,20,5,10
COMPUSDT,Sample,834,8.681159349790141,0.00894964881421664,true,79,18,TRADING,COMP,USDT,8,8,8,8,8,true,true,true,true,true,true,true,true,true,true,true,EXPIRE_MAKER,LIMIT|LIMIT_MAKER|MARKET|STOP_LOSS|STOP_LOSS_LIMIT|TAKE_PROFIT|TAKE_PROFIT_LIMIT,,"[[""SPOT"",""MARGIN"",""TRD_GRP_004"",""TRD_GRP_005"",""TRD_GRP_006"",""TRD_GRP_015"",""TRD_GRP_016"",""TRD_GRP_017"",""TRD_GRP_018"",""TRD_GRP_019"",""TRD_GRP_020"",""TRD_GRP_021"",""TRD_GRP_022"",""TRD_GRP_023"",""TRD_GRP_024"",""TRD_GRP_025"",""TRD_GRP_049"",""TRD_GRP_050"",""TRD_GRP_051"",""TRD_GRP_052"",""TRD_GRP_053"",""TRD_GRP_054"",""TRD_GRP_055"",""TRD_GRP_056"",""TRD_GRP_057"",""TRD_GRP_058"",""TRD_GRP_059"",""TRD_GRP_060"",""TRD_GRP_061"",""TRD_GRP_062"",""TRD_GRP_063"",""TRD_GRP_064"",""TRD_GRP_065"",""TRD_GRP_066"",""TRD_GRP_067"",""TRD_GRP_068"",""TRD_GRP_069"",""TRD_GRP_070"",""TRD_GRP_071"",""TRD_GRP_072"",""TRD_GRP_073"",""TRD_GRP_074"",""TRD_GRP_075"",""TRD_GRP_076"",""TRD_GRP_077"",""TRD_GRP_078"",""TRD_GRP_079"",""TRD_GRP_080"",""TRD_GRP_081"",""TRD_GRP_082"",""TRD_GRP_083"",""TRD_GRP_084"",""TRD_GRP_085"",""TRD_GRP_086"",""TRD_GRP_087"",""TRD_GRP_088"",""TRD_GRP_089"",""TRD_GRP_090"",""TRD_GRP_091"",""TRD_GRP_092"",""TRD_GRP_093"",""TRD_GRP_094"",""TRD_GRP_095"",""TRD_GRP_096"",""TRD_GRP_097"",""TRD_GRP_098"",""TRD_GRP_099"",""TRD_GRP_100"",""TRD_GRP_101"",""TRD_GRP_102"",""TRD_GRP_103"",""TRD_GRP_104"",""TRD_GRP_105"",""TRD_GRP_106"",""TRD_GRP_107"",""TRD_GRP_108"",""TRD_GRP_109"",""TRD_GRP_110"",""TRD_GRP_111"",""TRD_GRP_112"",""TRD_GRP_113"",""TRD_GRP_114"",""TRD_GRP_115"",""TRD_GRP_116"",""TRD_GRP_117"",""TRD_GRP_118"",""TRD_GRP_119"",""TRD_GRP_120"",""TRD_GRP_121"",""TRD_GRP_122"",""TRD_GRP_123"",""TRD_GRP_124"",""TRD_GRP_125"",""TRD_GRP_126"",""TRD_GRP_127"",""TRD_GRP_128"",""TRD_GRP_129"",""TRD_GRP_130"",""TRD_GRP_131"",""TRD_GRP_132"",""TRD_GRP_133"",""TRD_GRP_134"",""TRD_GRP_135"",""TRD_GRP_136"",""TRD_GRP_137"",""TRD_GRP_138"",""TRD_GRP_139"",""TRD_GRP_140"",""TRD_GRP_141"",""TRD_GRP_142"",""TRD_GRP_143"",""TRD_GRP_144"",""TRD_GRP_145"",""TRD_GRP_146"",""TRD_GRP_147"",""TRD_GRP_148"",""TRD_GRP_149"",""TRD_GRP_150"",""TRD_GRP_151"",""TRD_GRP_152"",""TRD_GRP_153"",""TRD_GRP_154"",""TRD_GRP_155"",""TRD_GRP_156"",""TRD_GRP_157"",""TRD_GRP_158"",""TRD_GRP_159"",""TRD_GRP_160"",""TRD_GRP_161"",""TRD_GRP_162"",""TRD_GRP_163"",""TRD_GRP_164"",""TRD_GRP_165"",""TRD_GRP_166"",""TRD_GRP_167"",""TRD_GRP_168"",""TRD_GRP_169"",""TRD_GRP_170"",""TRD_GRP_171"",""TRD_GRP_172"",""TRD_GRP_173"",""TRD_GRP_174"",""TRD_GRP_175"",""TRD_GRP_176"",""TRD_GRP_177"",""TRD_GRP_178"",""TRD_GRP_179"",""TRD_GRP_180"",""TRD_GRP_181"",""TRD_GRP_182"",""TRD_GRP_183"",""TRD_GRP_184"",""TRD_GRP_185"",""TRD_GRP_186"",""TRD_GRP_187"",""TRD_GRP_188"",""TRD_GRP_189"",""TRD_GRP_190"",""TRD_GRP_191"",""TRD_GRP_192"",""TRD_GRP_193"",""TRD_GRP_194"",""TRD_GRP_195"",""TRD_GRP_196"",""TRD_GRP_197"",""TRD_GRP_198"",""TRD_GRP_199"",""TRD_GRP_200"",""TRD_GRP_201"",""TRD_GRP_202"",""TRD_GRP_203"",""TRD_GRP_204"",""TRD_GRP_205"",""TRD_GRP_206"",""TRD_GRP_207"",""TRD_GRP_208"",""TRD_GRP_209"",""TRD_GRP_210"",""TRD_GRP_211"",""TRD_GRP_212"",""TRD_GRP_213"",""TRD_GRP_214"",""TRD_GRP_215"",""TRD_GRP_216"",""TRD_GRP_217"",""TRD_GRP_218"",""TRD_GRP_219"",""TRD_GRP_220"",""TRD_GRP_221"",""TRD_GRP_222"",""TRD_GRP_223"",""TRD_GRP_224"",""TRD_GRP_225"",""TRD_GRP_226"",""TRD_GRP_227"",""TRD_GRP_228"",""TRD_GRP_229"",""TRD_GRP_230"",""TRD_GRP_231"",""TRD_GRP_232"",""TRD_GRP_233"",""TRD_GRP_234"",""TRD_GRP_235"",""TRD_GRP_236"",""TRD_GRP_237"",""TRD_GRP_238"",""TRD_GRP_239"",""TRD_GRP_240"",""TRD_GRP_242"",""TRD_GRP_243"",""TRD_GRP_244"",""TRD_GRP_245"",""TRD_GRP_246"",""TRD_GRP_247"",""TRD_GRP_248"",""TRD_GRP_249"",""TRD_GRP_250"",""TRD_GRP_251"",""TRD_GRP_252"",""TRD_GRP_253"",""TRD_GRP_256"",""TRD_GRP_258""]]",EXPIRE_TAKER|EXPIRE_MAKER|EXPIRE_BOTH|DECREMENT|TRANSFER,0.01000000,100000.00000000,0.01000000,0.00100000,90000.00000000,0.00100000,100,0.00000000,1603.21988333,0.00000000,10,2000,10,2000,1.2,0.5,2,0.8,5,5.00000000,true,9000000.00000000,false,5,200,20,5,10
BTCUSDT,Sample,12,5.414565649921552,0.005156729190401478,true,79,26,TRADING,BTC,USDT,8,8,8,8,8,true,true,true,true,true,true,true,true,true,true,true,EXPIRE_MAKER,LIMIT|LIMIT_MAKER|MARKET|STOP_LOSS|STOP_LOSS_LIMIT|TAKE_PROFIT|TAKE_PROFIT_LIMIT,,"[[""SPOT"",""MARGIN"",""TRD_GRP_004"",""TRD_GRP_005"",""TRD_GRP_006"",""TRD_GRP_015"",""TRD_GRP_016"",""TRD_GRP_017"",""TRD_GRP_018"",""TRD_GRP_019"",""TRD_GRP_020"",""TRD_GRP_021"",""TRD_GRP_022"",""TRD_GRP_023"",""TRD_GRP_024"",""TRD_GRP_025"",""TRD_GRP_049"",""TRD_GRP_050"",""TRD_GRP_051"",""TRD_GRP_052"",""TRD_GRP_053"",""TRD_GRP_054"",""TRD_GRP_055"",""TRD_GRP_056"",""TRD_GRP_057"",""TRD_GRP_058"",""TRD_GRP_059"",""TRD_GRP_060"",""TRD_GRP_061"",""TRD_GRP_062"",""TRD_GRP_063"",""TRD_GRP_064"",""TRD_GRP_065"",""TRD_GRP_066"",""TRD_GRP_067"",""TRD_GRP_068"",""TRD_GRP_069"",""TRD_GRP_070"",""TRD_GRP_071"",""TRD_GRP_072"",""TRD_GRP_073"",""TRD_GRP_074"",""TRD_GRP_075"",""TRD_GRP_076"",""TRD_GRP_077"",""TRD_GRP_078"",""TRD_GRP_079"",""TRD_GRP_080"",""TRD_GRP_081"",""TRD_GRP_082"",""TRD_GRP_083"",""TRD_GRP_084"",""TRD_GRP_085"",""TRD_GRP_086"",""TRD_GRP_087"",""TRD_GRP_088"",""TRD_GRP_089"",""TRD_GRP_090"",""TRD_GRP_091"",""TRD_GRP_092"",""TRD_GRP_093"",""TRD_GRP_094"",""TRD_GRP_095"",""TRD_GRP_096"",""TRD_GRP_097"",""TRD_GRP_098"",""TRD_GRP_099"",""TRD_GRP_100"",""TRD_GRP_101"",""TRD_GRP_102"",""TRD_GRP_103"",""TRD_GRP_104"",""TRD_GRP_105"",""TRD_GRP_106"",""TRD_GRP_107"",""TRD_GRP_108"",""TRD_GRP_109"",""TRD_GRP_110"",""TRD_GRP_111"",""TRD_GRP_112"",""TRD_GRP_113"",""TRD_GRP_114"",""TRD_GRP_115"",""TRD_GRP_116"",""TRD_GRP_117"",""TRD_GRP_118"",""TRD_GRP_119"",""TRD_GRP_120"",""TRD_GRP_121"",""TRD_GRP_122"",""TRD_GRP_123"",""TRD_GRP_124"",""TRD_GRP_125"",""TRD_GRP_126"",""TRD_GRP_127"",""TRD_GRP_128"",""TRD_GRP_129"",""TRD_GRP_130"",""TRD_GRP_131"",""TRD_GRP_132"",""TRD_GRP_133"",""TRD_GRP_134"",""TRD_GRP_135"",""TRD_GRP_136"",""TRD_GRP_137"",""TRD_GRP_138"",""TRD_GRP_139"",""TRD_GRP_140"",""TRD_GRP_141"",""TRD_GRP_142"",""TRD_GRP_143"",""TRD_GRP_144"",""TRD_GRP_145"",""TRD_GRP_146"",""TRD_GRP_147"",""TRD_GRP_148"",""TRD_GRP_149"",""TRD_GRP_150"",""TRD_GRP_151"",""TRD_GRP_152"",""TRD_GRP_153"",""TRD_GRP_154"",""TRD_GRP_155"",""TRD_GRP_156"",""TRD_GRP_157"",""TRD_GRP_158"",""TRD_GRP_159"",""TRD_GRP_160"",""TRD_GRP_161"",""TRD_GRP_162"",""TRD_GRP_163"",""TRD_GRP_164"",""TRD_GRP_165"",""TRD_GRP_166"",""TRD_GRP_167"",""TRD_GRP_168"",""TRD_GRP_169"",""TRD_GRP_170"",""TRD_GRP_171"",""TRD_GRP_172"",""TRD_GRP_173"",""TRD_GRP_174"",""TRD_GRP_175"",""TRD_GRP_176"",""TRD_GRP_177"",""TRD_GRP_178"",""TRD_GRP_179"",""TRD_GRP_180"",""TRD_GRP_181"",""TRD_GRP_182"",""TRD_GRP_183"",""TRD_GRP_184"",""TRD_GRP_185"",""TRD_GRP_186"",""TRD_GRP_187"",""TRD_GRP_188"",""TRD_GRP_189"",""TRD_GRP_190"",""TRD_GRP_191"",""TRD_GRP_192"",""TRD_GRP_193"",""TRD_GRP_194"",""TRD_GRP_195"",""TRD_GRP_196"",""TRD_GRP_197"",""TRD_GRP_198"",""TRD_GRP_199"",""TRD_GRP_200"",""TRD_GRP_201"",""TRD_GRP_202"",""TRD_GRP_203"",""TRD_GRP_204"",""TRD_GRP_205"",""TRD_GRP_206"",""TRD_GRP_207"",""TRD_GRP_208"",""TRD_GRP_209"",""TRD_GRP_210"",""TRD_GRP_211"",""TRD_GRP_212"",""TRD_GRP_213"",""TRD_GRP_214"",""TRD_GRP_215"",""TRD_GRP_216"",""TRD_GRP_217"",""TRD_GRP_218"",""TRD_GRP_219"",""TRD_GRP_220"",""TRD_GRP_221"",""TRD_GRP_222"",""TRD_GRP_223"",""TRD_GRP_224"",""TRD_GRP_225"",""TRD_GRP_226"",""TRD_GRP_227"",""TRD_GRP_228"",""TRD_GRP_229"",""TRD_GRP_230"",""TRD_GRP_231"",""TRD_GRP_232"",""TRD_GRP_233"",""TRD_GRP_234"",""TRD_GRP_235"",""TRD_GRP_236"",""TRD_GRP_237"",""TRD_GRP_238"",""TRD_GRP_239"",""TRD_GRP_240"",""TRD_GRP_242"",""TRD_GRP_243"",""TRD_GRP_244"",""TRD_GRP_245"",""TRD_GRP_246"",""TRD_GRP_247"",""TRD_GRP_248"",""TRD_GRP_249"",""TRD_GRP_250"",""TRD_GRP_251"",""TRD_GRP_252"",""TRD_GRP_253"",""TRD_GRP_256"",""TRD_GRP_258"",""TRD_GRP_259""]]",EXPIRE_TAKER|EXPIRE_MAKER|EXPIRE_BOTH|DECREMENT|TRANSFER,0.01000000,1000000.00000000,0.01000000,0.00001000,9000.00000000,0.00001000,100,0.00000000,129.73847458,0.00000000,10,2000,10,2000,1.2,0.5,2,0.8,5,5.00000000,true,9000000.00000000,false,5,200,20,5,10
DCRUSDT,Sample,883,5.315004369275451,0.005368691282096415,true,58,41,TRADING,DCR,USDT,8,8,8,8,8,true,true,true,true,true,true,true,true,true,true,true,EXPIRE_MAKER,LIMIT|LIMIT_MAKER|MARKET|STOP_LOSS|STOP_LOSS_LIMIT|TAKE_PROFIT|TAKE_PROFIT_LIMIT,,"[[""SPOT"",""MARGIN"",""TRD_GRP_015"",""TRD_GRP_016"",""TRD_GRP_017"",""TRD_GRP_018"",""TRD_GRP_019"",""TRD_GRP_020"",""TRD_GRP_021"",""TRD_GRP_022"",""TRD_GRP_023"",""TRD_GRP_024"",""TRD_GRP_025"",""TRD_GRP_049"",""TRD_GRP_050"",""TRD_GRP_051"",""TRD_GRP_052"",""TRD_GRP_053"",""TRD_GRP_054"",""TRD_GRP_055"",""TRD_GRP_056"",""TRD_GRP_057"",""TRD_GRP_058"",""TRD_GRP_059"",""TRD_GRP_060"",""TRD_GRP_061"",""TRD_GRP_062"",""TRD_GRP_063"",""TRD_GRP_064"",""TRD_GRP_065"",""TRD_GRP_066"",""TRD_GRP_067"",""TRD_GRP_068"",""TRD_GRP_069"",""TRD_GRP_070"",""TRD_GRP_071"",""TRD_GRP_072"",""TRD_GRP_073"",""TRD_GRP_074"",""TRD_GRP_075"",""TRD_GRP_076"",""TRD_GRP_077"",""TRD_GRP_078"",""TRD_GRP_079"",""TRD_GRP_080"",""TRD_GRP_081"",""TRD_GRP_082"",""TRD_GRP_083"",""TRD_GRP_084"",""TRD_GRP_085"",""TRD_GRP_086"",""TRD_GRP_087"",""TRD_GRP_088"",""TRD_GRP_089"",""TRD_GRP_090"",""TRD_GRP_091"",""TRD_GRP_092"",""TRD_GRP_093"",""TRD_GRP_094"",""TRD_GRP_095"",""TRD_GRP_096"",""TRD_GRP_097"",""TRD_GRP_098"",""TRD_GRP_099"",""TRD_GRP_100"",""TRD_GRP_101"",""TRD_GRP_102"",""TRD_GRP_103"",""TRD_GRP_104"",""TRD_GRP_105"",""TRD_GRP_106"",""TRD_GRP_107"",""TRD_GRP_108"",""TRD_GRP_109"",""TRD_GRP_110"",""TRD_GRP_111"",""TRD_GRP_112"",""TRD_GRP_113"",""TRD_GRP_114"",""TRD_GRP_115"",""TRD_GRP_116"",""TRD_GRP_117"",""TRD_GRP_118"",""TRD_GRP_119"",""TRD_GRP_120"",""TRD_GRP_121"",""TRD_GRP_122"",""TRD_GRP_123"",""TRD_GRP_124"",""TRD_GRP_125"",""TRD_GRP_126"",""TRD_GRP_127"",""TRD_GRP_128"",""TRD_GRP_129"",""TRD_GRP_130"",""TRD_GRP_131"",""TRD_GRP_132"",""TRD_GRP_133"",""TRD_GRP_134"",""TRD_GRP_135"",""TRD_GRP_136"",""TRD_GRP_137"",""TRD_GRP_138"",""TRD_GRP_139"",""TRD_GRP_140"",""TRD_GRP_141"",""TRD_GRP_142"",""TRD_GRP_143"",""TRD_GRP_144"",""TRD_GRP_145"",""TRD_GRP_146"",""TRD_GRP_147"",""TRD_GRP_148"",""TRD_GRP_149"",""TRD_GRP_150"",""TRD_GRP_151"",""TRD_GRP_152"",""TRD_GRP_153"",""TRD_GRP_154"",""TRD_GRP_155"",""TRD_GRP_156"",""TRD_GRP_157"",""TRD_GRP_158"",""TRD_GRP_159"",""TRD_GRP_160"",""TRD_GRP_161"",""TRD_GRP_162"",""TRD_GRP_163"",""TRD_GRP_164"",""TRD_GRP_165"",""TRD_GRP_166"",""TRD_GRP_167"",""TRD_GRP_168"",""TRD_GRP_169"",""TRD_GRP_170"",""TRD_GRP_171"",""TRD_GRP_172"",""TRD_GRP_173"",""TRD_GRP_174"",""TRD_GRP_175"",""TRD_GRP_176"",""TRD_GRP_177"",""TRD_GRP_178"",""TRD_GRP_179"",""TRD_GRP_180"",""TRD_GRP_181"",""TRD_GRP_182"",""TRD_GRP_183"",""TRD_GRP_184"",""TRD_GRP_185"",""TRD_GRP_186"",""TRD_GRP_187"",""TRD_GRP_188"",""TRD_GRP_189"",""TRD_GRP_190"",""TRD_GRP_191"",""TRD_GRP_192"",""TRD_GRP_193"",""TRD_GRP_194"",""TRD_GRP_195"",""TRD_GRP_196"",""TRD_GRP_197"",""TRD_GRP_198"",""TRD_GRP_199"",""TRD_GRP_200"",""TRD_GRP_201"",""TRD_GRP_202"",""TRD_GRP_203"",""TRD_GRP_204"",""TRD_GRP_205"",""TRD_GRP_206"",""TRD_GRP_207"",""TRD_GRP_208"",""TRD_GRP_209"",""TRD_GRP_210"",""TRD_GRP_211"",""TRD_GRP_212"",""TRD_GRP_213"",""TRD_GRP_214"",""TRD_GRP_215"",""TRD_GRP_216"",""TRD_GRP_217"",""TRD_GRP_218"",""TRD_GRP_219"",""TRD_GRP_220"",""TRD_GRP_221"",""TRD_GRP_222"",""TRD_GRP_223"",""TRD_GRP_224"",""TRD_GRP_225"",""TRD_GRP_226"",""TRD_GRP_227"",""TRD_GRP_228"",""TRD_GRP_229"",""TRD_GRP_230"",""TRD_GRP_231"",""TRD_GRP_232"",""TRD_GRP_233"",""TRD_GRP_234"",""TRD_GRP_235"",""TRD_GRP_236"",""TRD_GRP_237"",""TRD_GRP_238"",""TRD_GRP_239"",""TRD_GRP_240"",""TRD_GRP_242"",""TRD_GRP_244"",""TRD_GRP_245"",""TRD_GRP_246"",""TRD_GRP_247"",""TRD_GRP_248"",""TRD_GRP_249"",""TRD_GRP_250"",""TRD_GRP_251"",""TRD_GRP_252"",""TRD_GRP_253"",""TRD_GRP_256"",""TRD_GRP_258""]]",EXPIRE_TAKER|EXPIRE_MAKER|EXPIRE_BOTH|DECREMENT|TRANSFER,0.01000000,100000.00000000,0.01000000,0.00100000,900000.00000000,0.00100000,100,0.00000000,494.25340000,0.00000000,10,2000,10,2000,1.2,0.5,2,0.8,5,5.00000000,true,9000000.00000000,false,5,200,20,5,10
SOLUSDT,Sample,780,4.087759926981848,0.0070478619430721515,true,42,16,TRADING,SOL,USDT,8,8,8,8,8,true,true,true,true,true,true,true,true,true,true,true,EXPIRE_MAKER,LIMIT|LIMIT_MAKER|MARKET|STOP_LOSS|STOP_LOSS_LIMIT|TAKE_PROFIT|TAKE_PROFIT_LIMIT,,"[[""SPOT"",""MARGIN"",""TRD_GRP_004"",""TRD_GRP_005"",""TRD_GRP_006"",""TRD_GRP_015"",""TRD_GRP_016"",""TRD_GRP_017"",""TRD_GRP_018"",""TRD_GRP_019"",""TRD_GRP_020"",""TRD_GRP_021"",""TRD_GRP_022"",""TRD_GRP_023"",""TRD_GRP_024"",""TRD_GRP_025"",""TRD_GRP_049"",""TRD_GRP_050"",""TRD_GRP_051"",""TRD_GRP_052"",""TRD_GRP_053"",""TRD_GRP_054"",""TRD_GRP_055"",""TRD_GRP_056"",""TRD_GRP_057"",""TRD_GRP_058"",""TRD_GRP_059"",""TRD_GRP_060"",""TRD_GRP_061"",""TRD_GRP_062"",""TRD_GRP_063"",""TRD_GRP_064"",""TRD_GRP_065"",""TRD_GRP_066"",""TRD_GRP_067"",""TRD_GRP_068"",""TRD_GRP_069"",""TRD_GRP_070"",""TRD_GRP_071"",""TRD_GRP_072"",""TRD_GRP_073"",""TRD_GRP_074"",""TRD_GRP_075"",""TRD_GRP_076"",""TRD_GRP_077"",""TRD_GRP_078"",""TRD_GRP_079"",""TRD_GRP_080"",""TRD_GRP_081"",""TRD_GRP_082"",""TRD_GRP_083"",""TRD_GRP_084"",""TRD_GRP_085"",""TRD_GRP_086"",""TRD_GRP_087"",""TRD_GRP_088"",""TRD_GRP_089"",""TRD_GRP_090"",""TRD_GRP_091"",""TRD_GRP_092"",""TRD_GRP_093"",""TRD_GRP_094"",""TRD_GRP_095"",""TRD_GRP_096"",""TRD_GRP_097"",""TRD_GRP_098"",""TRD_GRP_099"",""TRD_GRP_100"",""TRD_GRP_101"",""TRD_GRP_102"",""TRD_GRP_103"",""TRD_GRP_104"",""TRD_GRP_105"",""TRD_GRP_106"",""TRD_GRP_107"",""TRD_GRP_108"",""TRD_GRP_109"",""TRD_GRP_110"",""TRD_GRP_111"",""TRD_GRP_112"",""TRD_GRP_113"",""TRD_GRP_114"",""TRD_GRP_115"",""TRD_GRP_116"",""TRD_GRP_117"",""TRD_GRP_118"",""TRD_GRP_119"",""TRD_GRP_120"",""TRD_GRP_121"",""TRD_GRP_122"",""TRD_GRP_123"",""TRD_GRP_124"",""TRD_GRP_125"",""TRD_GRP_126"",""TRD_GRP_127"",""TRD_GRP_128"",""TRD_GRP_129"",""TRD_GRP_130"",""TRD_GRP_131"",""TRD_GRP_132"",""TRD_GRP_133"",""TRD_GRP_134"",""TRD_GRP_135"",""TRD_GRP_136"",""TRD_GRP_137"",""TRD_GRP_138"",""TRD_GRP_139"",""TRD_GRP_140"",""TRD_GRP_141"",""TRD_GRP_142"",""TRD_GRP_143"",""TRD_GRP_144"",""TRD_GRP_145"",""TRD_GRP_146"",""TRD_GRP_147"",""TRD_GRP_148"",""TRD_GRP_149"",""TRD_GRP_150"",""TRD_GRP_151"",""TRD_GRP_152"",""TRD_GRP_153"",""TRD_GRP_154"",""TRD_GRP_155"",""TRD_GRP_156"",""TRD_GRP_157"",""TRD_GRP_158"",""TRD_GRP_159"",""TRD_GRP_160"",""TRD_GRP_161"",""TRD_GRP_162"",""TRD_GRP_163"",""TRD_GRP_164"",""TRD_GRP_165"",""TRD_GRP_166"",""TRD_GRP_167"",""TRD_GRP_168"",""TRD_GRP_169"",""TRD_GRP_170"",""TRD_GRP_171"",""TRD_GRP_172"",""TRD_GRP_173"",""TRD_GRP_174"",""TRD_GRP_175"",""TRD_GRP_176"",""TRD_GRP_177"",""TRD_GRP_178"",""TRD_GRP_179"",""TRD_GRP_180"",""TRD_GRP_181"",""TRD_GRP_182"",""TRD_GRP_183"",""TRD_GRP_184"",""TRD_GRP_185"",""TRD_GRP_186"",""TRD_GRP_187"",""TRD_GRP_188"",""TRD_GRP_189"",""TRD_GRP_190"",""TRD_GRP_191"",""TRD_GRP_192"",""TRD_GRP_193"",""TRD_GRP_194"",""TRD_GRP_195"",""TRD_GRP_196"",""TRD_GRP_197"",""TRD_GRP_198"",""TRD_GRP_199"",""TRD_GRP_200"",""TRD_GRP_201"",""TRD_GRP_202"",""TRD_GRP_203"",""TRD_GRP_204"",""TRD_GRP_205"",""TRD_GRP_206"",""TRD_GRP_207"",""TRD_GRP_208"",""TRD_GRP_209"",""TRD_GRP_210"",""TRD_GRP_211"",""TRD_GRP_212"",""TRD_GRP_213"",""TRD_GRP_214"",""TRD_GRP_215"",""TRD_GRP_216"",""TRD_GRP_217"",""TRD_GRP_218"",""TRD_GRP_219"",""TRD_GRP_220"",""TRD_GRP_221"",""TRD_GRP_222"",""TRD_GRP_223"",""TRD_GRP_224"",""TRD_GRP_225"",""TRD_GRP_226"",""TRD_GRP_227"",""TRD_GRP_228"",""TRD_GRP_229"",""TRD_GRP_230"",""TRD_GRP_231"",""TRD_GRP_232"",""TRD_GRP_233"",""TRD_GRP_234"",""TRD_GRP_235"",""TRD_GRP_236"",""TRD_GRP_237"",""TRD_GRP_238"",""TRD_GRP_239"",""TRD_GRP_240"",""TRD_GRP_242"",""TRD_GRP_243"",""TRD_GRP_244"",""TRD_GRP_245"",""TRD_GRP_246"",""TRD_GRP_247"",""TRD_GRP_248"",""TRD_GRP_249"",""TRD_GRP_250"",""TRD_GRP_251"",""TRD_GRP_252"",""TRD_GRP_253"",""TRD_GRP_256"",""TRD_GRP_258""]]",EXPIRE_TAKER|EXPIRE_MAKER|EXPIRE_BOTH|DECREMENT|TRANSFER,0.01000000,10000.00000000,0.01000000,0.00100000,90000.00000000,0.00100000,100,0.00000000,89933.73975416,0.00000000,10,2000,10,2000,1.2,0.5,2,0.8,5,5.00000000,true,9000000.00000000,false,5,200,20,5,10
LTCUSDT,Sample,191,3.923765538256096,0.005302385862508238,true,52,22,TRADING,LTC,USDT,8,8,8,8,8,true,true,true,true,true,true,true,true,true,true,true,EXPIRE_MAKER,LIMIT|LIMIT_MAKER|MARKET|STOP_LOSS|STOP_LOSS_LIMIT|TAKE_PROFIT|TAKE_PROFIT_LIMIT,,"[[""SPOT"",""MARGIN"",""TRD_GRP_004"",""TRD_GRP_005"",""TRD_GRP_006"",""TRD_GRP_015"",""TRD_GRP_016"",""TRD_GRP_017"",""TRD_GRP_018"",""TRD_GRP_019"",""TRD_GRP_020"",""TRD_GRP_021"",""TRD_GRP_022"",""TRD_GRP_023"",""TRD_GRP_024"",""TRD_GRP_025"",""TRD_GRP_049"",""TRD_GRP_050"",""TRD_GRP_051"",""TRD_GRP_052"",""TRD_GRP_053"",""TRD_GRP_054"",""TRD_GRP_055"",""TRD_GRP_056"",""TRD_GRP_057"",""TRD_GRP_058"",""TRD_GRP_059"",""TRD_GRP_060"",""TRD_GRP_061"",""TRD_GRP_062"",""TRD_GRP_063"",""TRD_GRP_064"",""TRD_GRP_065"",""TRD_GRP_066"",""TRD_GRP_067"",""TRD_GRP_068"",""TRD_GRP_069"",""TRD_GRP_070"",""TRD_GRP_071"",""TRD_GRP_072"",""TRD_GRP_073"",""TRD_GRP_074"",""TRD_GRP_075"",""TRD_GRP_076"",""TRD_GRP_077"",""TRD_GRP_078"",""TRD_GRP_079"",""TRD_GRP_080"",""TRD_GRP_081"",""TRD_GRP_082"",""TRD_GRP_083"",""TRD_GRP_084"",""TRD_GRP_085"",""TRD_GRP_086"",""TRD_GRP_087"",""TRD_GRP_088"",""TRD_GRP_089"",""TRD_GRP_090"",""TRD_GRP_091"",""TRD_GRP_092"",""TRD_GRP_093"",""TRD_GRP_094"",""TRD_GRP_095"",""TRD_GRP_096"",""TRD_GRP_097"",""TRD_GRP_098"",""TRD_GRP_099"",""TRD_GRP_100"",""TRD_GRP_101"",""TRD_GRP_102"",""TRD_GRP_103"",""TRD_GRP_104"",""TRD_GRP_105"",""TRD_GRP_106"",""TRD_GRP_107"",""TRD_GRP_108"",""TRD_GRP_109"",""TRD_GRP_110"",""TRD_GRP_111"",""TRD_GRP_112"",""TRD_GRP_113"",""TRD_GRP_114"",""TRD_GRP_115"",""TRD_GRP_116"",""TRD_GRP_117"",""TRD_GRP_118"",""TRD_GRP_119"",""TRD_GRP_120"",""TRD_GRP_121"",""TRD_GRP_122"",""TRD_GRP_123"",""TRD_GRP_124"",""TRD_GRP_125"",""TRD_GRP_126"",""TRD_GRP_127"",""TRD_GRP_128"",""TRD_GRP_129"",""TRD_GRP_130"",""TRD_GRP_131"",""TRD_GRP_132"",""TRD_GRP_133"",""TRD_GRP_134"",""TRD_GRP_135"",""TRD_GRP_136"",""TRD_GRP_137"",""TRD_GRP_138"",""TRD_GRP_139"",""TRD_GRP_140"",""TRD_GRP_141"",""TRD_GRP_142"",""TRD_GRP_143"",""TRD_GRP_144"",""TRD_GRP_145"",""TRD_GRP_146"",""TRD_GRP_147"",""TRD_GRP_148"",""TRD_GRP_149"",""TRD_GRP_150"",""TRD_GRP_151"",""TRD_GRP_152"",""TRD_GRP_153"",""TRD_GRP_154"",""TRD_GRP_155"",""TRD_GRP_156"",""TRD_GRP_157"",""TRD_GRP_158"",""TRD_GRP_159"",""TRD_GRP_160"",""TRD_GRP_161"",""TRD_GRP_162"",""TRD_GRP_163"",""TRD_GRP_164"",""TRD_GRP_165"",""TRD_GRP_166"",""TRD_GRP_167"",""TRD_GRP_168"",""TRD_GRP_169"",""TRD_GRP_170"",""TRD_GRP_171"",""TRD_GRP_172"",""TRD_GRP_173"",""TRD_GRP_174"",""TRD_GRP_175"",""TRD_GRP_176"",""TRD_GRP_177"",""TRD_GRP_178"",""TRD_GRP_179"",""TRD_GRP_180"",""TRD_GRP_181"",""TRD_GRP_182"",""TRD_GRP_183"",""TRD_GRP_184"",""TRD_GRP_185"",""TRD_GRP_186"",""TRD_GRP_187"",""TRD_GRP_188"",""TRD_GRP_189"",""TRD_GRP_190"",""TRD_GRP_191"",""TRD_GRP_192"",""TRD_GRP_193"",""TRD_GRP_194"",""TRD_GRP_195"",""TRD_GRP_196"",""TRD_GRP_197"",""TRD_GRP_198"",""TRD_GRP_199"",""TRD_GRP_200"",""TRD_GRP_201"",""TRD_GRP_202"",""TRD_GRP_203"",""TRD_GRP_204"",""TRD_GRP_205"",""TRD_GRP_206"",""TRD_GRP_207"",""TRD_GRP_208"",""TRD_GRP_209"",""TRD_GRP_210"",""TRD_GRP_211"",""TRD_GRP_212"",""TRD_GRP_213"",""TRD_GRP_214"",""TRD_GRP_215"",""TRD_GRP_216"",""TRD_GRP_217"",""TRD_GRP_218"",""TRD_GRP_219"",""TRD_GRP_220"",""TRD_GRP_221"",""TRD_GRP_222"",""TRD_GRP_223"",""TRD_GRP_224"",""TRD_GRP_225"",""TRD_GRP_226"",""TRD_GRP_227"",""TRD_GRP_228"",""TRD_GRP_229"",""TRD_GRP_230"",""TRD_GRP_231"",""TRD_GRP_232"",""TRD_GRP_233"",""TRD_GRP_234"",""TRD_GRP_235"",""TRD_GRP_236"",""TRD_GRP_237"",""TRD_GRP_238"",""TRD_GRP_239"",""TRD_GRP_240"",""TRD_GRP_242"",""TRD_GRP_243"",""TRD_GRP_244"",""TRD_GRP_245"",""TRD_GRP_246"",""TRD_GRP_247"",""TRD_GRP_248"",""TRD_GRP_249"",""TRD_GRP_250"",""TRD_GRP_251"",""TRD_GRP_252"",""TRD_GRP_253"",""TRD_GRP_256"",""TRD_GRP_258""]]",EXPIRE_TAKER|EXPIRE_MAKER|EXPIRE_BOTH|DECREMENT|TRANSFER,0.01000000,100000.00000000,0.01000000,0.00100000,90000.00000000,0.00100000,100,0.00000000,8160.48570416,0.00000000,10,2000,10,2000,1.2,0.5,2,0.8,5,5.00000000,true,9000000.00000000,false,5,200,20,5,10
ETHUSDT,Sample,13,3.237304214147783,0.004496255852983032,true,50,22,TRADING,ETH,USDT,8,8,8,8,8,true,true,true,true,true,true,true,true,true,true,true,EXPIRE_MAKER,LIMIT|LIMIT_MAKER|MARKET|STOP_LOSS|STOP_LOSS_LIMIT|TAKE_PROFIT|TAKE_PROFIT_LIMIT,,"[[""SPOT"",""MARGIN"",""TRD_GRP_004"",""TRD_GRP_005"",""TRD_GRP_006"",""TRD_GRP_015"",""TRD_GRP_016"",""TRD_GRP_017"",""TRD_GRP_018"",""TRD_GRP_019"",""TRD_GRP_020"",""TRD_GRP_021"",""TRD_GRP_022"",""TRD_GRP_023"",""TRD_GRP_024"",""TRD_GRP_025"",""TRD_GRP_049"",""TRD_GRP_050"",""TRD_GRP_051"",""TRD_GRP_052"",""TRD_GRP_053"",""TRD_GRP_054"",""TRD_GRP_055"",""TRD_GRP_056"",""TRD_GRP_057"",""TRD_GRP_058"",""TRD_GRP_059"",""TRD_GRP_060"",""TRD_GRP_061"",""TRD_GRP_062"",""TRD_GRP_063"",""TRD_GRP_064"",""TRD_GRP_065"",""TRD_GRP_066"",""TRD_GRP_067"",""TRD_GRP_068"",""TRD_GRP_069"",""TRD_GRP_070"",""TRD_GRP_071"",""TRD_GRP_072"",""TRD_GRP_073"",""TRD_GRP_074"",""TRD_GRP_075"",""TRD_GRP_076"",""TRD_GRP_077"",""TRD_GRP_078"",""TRD_GRP_079"",""TRD_GRP_080"",""TRD_GRP_081"",""TRD_GRP_082"",""TRD_GRP_083"",""TRD_GRP_084"",""TRD_GRP_085"",""TRD_GRP_086"",""TRD_GRP_087"",""TRD_GRP_088"",""TRD_GRP_089"",""TRD_GRP_090"",""TRD_GRP_091"",""TRD_GRP_092"",""TRD_GRP_093"",""TRD_GRP_094"",""TRD_GRP_095"",""TRD_GRP_096"",""TRD_GRP_097"",""TRD_GRP_098"",""TRD_GRP_099"",""TRD_GRP_100"",""TRD_GRP_101"",""TRD_GRP_102"",""TRD_GRP_103"",""TRD_GRP_104"",""TRD_GRP_105"",""TRD_GRP_106"",""TRD_GRP_107"",""TRD_GRP_108"",""TRD_GRP_109"",""TRD_GRP_110"",""TRD_GRP_111"",""TRD_GRP_112"",""TRD_GRP_113"",""TRD_GRP_114"",""TRD_GRP_115"",""TRD_GRP_116"",""TRD_GRP_117"",""TRD_GRP_118"",""TRD_GRP_119"",""TRD_GRP_120"",""TRD_GRP_121"",""TRD_GRP_122"",""TRD_GRP_123"",""TRD_GRP_124"",""TRD_GRP_125"",""TRD_GRP_126"",""TRD_GRP_127"",""TRD_GRP_128"",""TRD_GRP_129"",""TRD_GRP_130"",""TRD_GRP_131"",""TRD_GRP_132"",""TRD_GRP_133"",""TRD_GRP_134"",""TRD_GRP_135"",""TRD_GRP_136"",""TRD_GRP_137"",""TRD_GRP_138"",""TRD_GRP_139"",""TRD_GRP_140"",""TRD_GRP_141"",""TRD_GRP_142"",""TRD_GRP_143"",""TRD_GRP_144"",""TRD_GRP_145"",""TRD_GRP_146"",""TRD_GRP_147"",""TRD_GRP_148"",""TRD_GRP_149"",""TRD_GRP_150"",""TRD_GRP_151"",""TRD_GRP_152"",""TRD_GRP_153"",""TRD_GRP_154"",""TRD_GRP_155"",""TRD_GRP_156"",""TRD_GRP_157"",""TRD_GRP_158"",""TRD_GRP_159"",""TRD_GRP_160"",""TRD_GRP_161"",""TRD_GRP_162"",""TRD_GRP_163"",""TRD_GRP_164"",""TRD_GRP_165"",""TRD_GRP_166"",""TRD_GRP_167"",""TRD_GRP_168"",""TRD_GRP_169"",""TRD_GRP_170"",""TRD_GRP_171"",""TRD_GRP_172"",""TRD_GRP_173"",""TRD_GRP_174"",""TRD_GRP_175"",""TRD_GRP_176"",""TRD_GRP_177"",""TRD_GRP_178"",""TRD_GRP_179"",""TRD_GRP_180"",""TRD_GRP_181"",""TRD_GRP_182"",""TRD_GRP_183"",""TRD_GRP_184"",""TRD_GRP_185"",""TRD_GRP_186"",""TRD_GRP_187"",""TRD_GRP_188"",""TRD_GRP_189"",""TRD_GRP_190"",""TRD_GRP_191"",""TRD_GRP_192"",""TRD_GRP_193"",""TRD_GRP_194"",""TRD_GRP_195"",""TRD_GRP_196"",""TRD_GRP_197"",""TRD_GRP_198"",""TRD_GRP_199"",""TRD_GRP_200"",""TRD_GRP_201"",""TRD_GRP_202"",""TRD_GRP_203"",""TRD_GRP_204"",""TRD_GRP_205"",""TRD_GRP_206"",""TRD_GRP_207"",""TRD_GRP_208"",""TRD_GRP_209"",""TRD_GRP_210"",""TRD_GRP_211"",""TRD_GRP_212"",""TRD_GRP_213"",""TRD_GRP_214"",""TRD_GRP_215"",""TRD_GRP_216"",""TRD_GRP_217"",""TRD_GRP_218"",""TRD_GRP_219"",""TRD_GRP_220"",""TRD_GRP_221"",""TRD_GRP_222"",""TRD_GRP_223"",""TRD_GRP_224"",""TRD_GRP_225"",""TRD_GRP_226"",""TRD_GRP_227"",""TRD_GRP_228"",""TRD_GRP_229"",""TRD_GRP_230"",""TRD_GRP_231"",""TRD_GRP_232"",""TRD_GRP_233"",""TRD_GRP_234"",""TRD_GRP_235"",""TRD_GRP_236"",""TRD_GRP_237"",""TRD_GRP_238"",""TRD_GRP_239"",""TRD_GRP_240"",""TRD_GRP_242"",""TRD_GRP_243"",""TRD_GRP_244"",""TRD_GRP_245"",""TRD_GRP_246"",""TRD_GRP_247"",""TRD_GRP_248"",""TRD_GRP_249"",""TRD_GRP_250"",""TRD_GRP_251"",""TRD_GRP_252"",""TRD_GRP_253"",""TRD_GRP_256"",""TRD_GRP_258""]]",EXPIRE_TAKER|EXPIRE_MAKER|EXPIRE_BOTH|DECREMENT|TRANSFER,0.01000000,1000000.00000000,0.01000000,0.00010000,9000.00000000,0.00010000,100,0.00000000,2086.91974250,0.00000000,10,2000,10,2000,1.2,0.5,2,0.8,5,5.00000000,true,9000000.00000000,false,5,200,20,5,10
DASHUSDT,Sample,491,2.744131462295859,0.00397700211926936,true,55,14,TRADING,DASH,USDT,8,8,8,8,8,true,true,true,true,true,true,true,true,true,true,true,EXPIRE_MAKER,LIMIT|LIMIT_MAKER|MARKET|STOP_LOSS|STOP_LOSS_LIMIT|TAKE_PROFIT|TAKE_PROFIT_LIMIT,,"[[""SPOT"",""MARGIN"",""TRD_GRP_015"",""TRD_GRP_016"",""TRD_GRP_017"",""TRD_GRP_018"",""TRD_GRP_019"",""TRD_GRP_020"",""TRD_GRP_021"",""TRD_GRP_022"",""TRD_GRP_023"",""TRD_GRP_024"",""TRD_GRP_025"",""TRD_GRP_049"",""TRD_GRP_050"",""TRD_GRP_051"",""TRD_GRP_052"",""TRD_GRP_053"",""TRD_GRP_054"",""TRD_GRP_055"",""TRD_GRP_056"",""TRD_GRP_057"",""TRD_GRP_058"",""TRD_GRP_059"",""TRD_GRP_060"",""TRD_GRP_061"",""TRD_GRP_062"",""TRD_GRP_063"",""TRD_GRP_064"",""TRD_GRP_065"",""TRD_GRP_066"",""TRD_GRP_067"",""TRD_GRP_068"",""TRD_GRP_069"",""TRD_GRP_070"",""TRD_GRP_071"",""TRD_GRP_072"",""TRD_GRP_073"",""TRD_GRP_074"",""TRD_GRP_075"",""TRD_GRP_076"",""TRD_GRP_077"",""TRD_GRP_078"",""TRD_GRP_079"",""TRD_GRP_080"",""TRD_GRP_081"",""TRD_GRP_082"",""TRD_GRP_083"",""TRD_GRP_084"",""TRD_GRP_085"",""TRD_GRP_086"",""TRD_GRP_087"",""TRD_GRP_088"",""TRD_GRP_089"",""TRD_GRP_090"",""TRD_GRP_091"",""TRD_GRP_092"",""TRD_GRP_093"",""TRD_GRP_094"",""TRD_GRP_095"",""TRD_GRP_096"",""TRD_GRP_097"",""TRD_GRP_098"",""TRD_GRP_099"",""TRD_GRP_100"",""TRD_GRP_101"",""TRD_GRP_102"",""TRD_GRP_103"",""TRD_GRP_104"",""TRD_GRP_105"",""TRD_GRP_106"",""TRD_GRP_107"",""TRD_GRP_108"",""TRD_GRP_109"",""TRD_GRP_110"",""TRD_GRP_111"",""TRD_GRP_112"",""TRD_GRP_113"",""TRD_GRP_114"",""TRD_GRP_115"",""TRD_GRP_116"",""TRD_GRP_117"",""TRD_GRP_118"",""TRD_GRP_119"",""TRD_GRP_120"",""TRD_GRP_121"",""TRD_GRP_122"",""TRD_GRP_123"",""TRD_GRP_124"",""TRD_GRP_125"",""TRD_GRP_126"",""TRD_GRP_127"",""TRD_GRP_128"",""TRD_GRP_129"",""TRD_GRP_130"",""TRD_GRP_131"",""TRD_GRP_132"",""TRD_GRP_133"",""TRD_GRP_134"",""TRD_GRP_135"",""TRD_GRP_136"",""TRD_GRP_137"",""TRD_GRP_138"",""TRD_GRP_139"",""TRD_GRP_140"",""TRD_GRP_141"",""TRD_GRP_142"",""TRD_GRP_143"",""TRD_GRP_144"",""TRD_GRP_145"",""TRD_GRP_146"",""TRD_GRP_147"",""TRD_GRP_148"",""TRD_GRP_149"",""TRD_GRP_150"",""TRD_GRP_151"",""TRD_GRP_152"",""TRD_GRP_153"",""TRD_GRP_154"",""TRD_GRP_155"",""TRD_GRP_156"",""TRD_GRP_157"",""TRD_GRP_158"",""TRD_GRP_159"",""TRD_GRP_160"",""TRD_GRP_161"",""TRD_GRP_162"",""TRD_GRP_163"",""TRD_GRP_164"",""TRD_GRP_165"",""TRD_GRP_166"",""TRD_GRP_167"",""TRD_GRP_168"",""TRD_GRP_169"",""TRD_GRP_170"",""TRD_GRP_171"",""TRD_GRP_172"",""TRD_GRP_173"",""TRD_GRP_174"",""TRD_GRP_175"",""TRD_GRP_176"",""TRD_GRP_177"",""TRD_GRP_178"",""TRD_GRP_179"",""TRD_GRP_180"",""TRD_GRP_181"",""TRD_GRP_182"",""TRD_GRP_183"",""TRD_GRP_184"",""TRD_GRP_185"",""TRD_GRP_186"",""TRD_GRP_187"",""TRD_GRP_188"",""TRD_GRP_189"",""TRD_GRP_190"",""TRD_GRP_191"",""TRD_GRP_192"",""TRD_GRP_193"",""TRD_GRP_194"",""TRD_GRP_195"",""TRD_GRP_196"",""TRD_GRP_197"",""TRD_GRP_198"",""TRD_GRP_199"",""TRD_GRP_200"",""TRD_GRP_201"",""TRD_GRP_202"",""TRD_GRP_203"",""TRD_GRP_204"",""TRD_GRP_205"",""TRD_GRP_206"",""TRD_GRP_207"",""TRD_GRP_208"",""TRD_GRP_209"",""TRD_GRP_210"",""TRD_GRP_211"",""TRD_GRP_212"",""TRD_GRP_213"",""TRD_GRP_214"",""TRD_GRP_215"",""TRD_GRP_216"",""TRD_GRP_217"",""TRD_GRP_218"",""TRD_GRP_219"",""TRD_GRP_220"",""TRD_GRP_221"",""TRD_GRP_222"",""TRD_GRP_223"",""TRD_GRP_224"",""TRD_GRP_225"",""TRD_GRP_226"",""TRD_GRP_227"",""TRD_GRP_228"",""TRD_GRP_229"",""TRD_GRP_230"",""TRD_GRP_231"",""TRD_GRP_232"",""TRD_GRP_233"",""TRD_GRP_234"",""TRD_GRP_235"",""TRD_GRP_236"",""TRD_GRP_237"",""TRD_GRP_238"",""TRD_GRP_239"",""TRD_GRP_240"",""TRD_GRP_242"",""TRD_GRP_244"",""TRD_GRP_245"",""TRD_GRP_246"",""TRD_GRP_247"",""TRD_GRP_248"",""TRD_GRP_249"",""TRD_GRP_250"",""TRD_GRP_251"",""TRD_GRP_252"",""TRD_GRP_253"",""TRD_GRP_256"",""TRD_GRP_258""]]",EXPIRE_TAKER|EXPIRE_MAKER|EXPIRE_BOTH|DECREMENT|TRANSFER,0.01000000,100000.00000000,0.01000000,0.00100000,90000.00000000,0.00100000,100,0.00000000,3052.61434166,0.00000000,10,2000,10,2000,1.2,0.5,2,0.8,5,5.00000000,true,9000000.00000000,false,5,200,20,5,10
LINKUSDT,Sample,432,1.6724414212861214,0.003279296904482591,true,35,16,TRADING,LINK,USDT,8,8,8,8,8,true,true,true,true,true,true,true,true,true,true,true,EXPIRE_MAKER,LIMIT|LIMIT_MAKER|MARKET|STOP_LOSS|STOP_LOSS_LIMIT|TAKE_PROFIT|TAKE_PROFIT_LIMIT,,"[[""SPOT"",""MARGIN"",""TRD_GRP_004"",""TRD_GRP_005"",""TRD_GRP_006"",""TRD_GRP_015"",""TRD_GRP_016"",""TRD_GRP_017"",""TRD_GRP_018"",""TRD_GRP_019"",""TRD_GRP_020"",""TRD_GRP_021"",""TRD_GRP_022"",""TRD_GRP_023"",""TRD_GRP_024"",""TRD_GRP_025"",""TRD_GRP_049"",""TRD_GRP_050"",""TRD_GRP_051"",""TRD_GRP_052"",""TRD_GRP_053"",""TRD_GRP_054"",""TRD_GRP_055"",""TRD_GRP_056"",""TRD_GRP_057"",""TRD_GRP_058"",""TRD_GRP_059"",""TRD_GRP_060"",""TRD_GRP_061"",""TRD_GRP_062"",""TRD_GRP_063"",""TRD_GRP_064"",""TRD_GRP_065"",""TRD_GRP_066"",""TRD_GRP_067"",""TRD_GRP_068"",""TRD_GRP_069"",""TRD_GRP_070"",""TRD_GRP_071"",""TRD_GRP_072"",""TRD_GRP_073"",""TRD_GRP_074"",""TRD_GRP_075"",""TRD_GRP_076"",""TRD_GRP_077"",""TRD_GRP_078"",""TRD_GRP_079"",""TRD_GRP_080"",""TRD_GRP_081"",""TRD_GRP_082"",""TRD_GRP_083"",""TRD_GRP_084"",""TRD_GRP_085"",""TRD_GRP_086"",""TRD_GRP_087"",""TRD_GRP_088"",""TRD_GRP_089"",""TRD_GRP_090"",""TRD_GRP_091"",""TRD_GRP_092"",""TRD_GRP_093"",""TRD_GRP_094"",""TRD_GRP_095"",""TRD_GRP_096"",""TRD_GRP_097"",""TRD_GRP_098"",""TRD_GRP_099"",""TRD_GRP_100"",""TRD_GRP_101"",""TRD_GRP_102"",""TRD_GRP_103"",""TRD_GRP_104"",""TRD_GRP_105"",""TRD_GRP_106"",""TRD_GRP_107"",""TRD_GRP_108"",""TRD_GRP_109"",""TRD_GRP_110"",""TRD_GRP_111"",""TRD_GRP_112"",""TRD_GRP_113"",""TRD_GRP_114"",""TRD_GRP_115"",""TRD_GRP_116"",""TRD_GRP_117"",""TRD_GRP_118"",""TRD_GRP_119"",""TRD_GRP_120"",""TRD_GRP_121"",""TRD_GRP_122"",""TRD_GRP_123"",""TRD_GRP_124"",""TRD_GRP_125"",""TRD_GRP_126"",""TRD_GRP_127"",""TRD_GRP_128"",""TRD_GRP_129"",""TRD_GRP_130"",""TRD_GRP_131"",""TRD_GRP_132"",""TRD_GRP_133"",""TRD_GRP_134"",""TRD_GRP_135"",""TRD_GRP_136"",""TRD_GRP_137"",""TRD_GRP_138"",""TRD_GRP_139"",""TRD_GRP_140"",""TRD_GRP_141"",""TRD_GRP_142"",""TRD_GRP_143"",""TRD_GRP_144"",""TRD_GRP_145"",""TRD_GRP_146"",""TRD_GRP_147"",""TRD_GRP_148"",""TRD_GRP_149"",""TRD_GRP_150"",""TRD_GRP_151"",""TRD_GRP_152"",""TRD_GRP_153"",""TRD_GRP_154"",""TRD_GRP_155"",""TRD_GRP_156"",""TRD_GRP_157"",""TRD_GRP_158"",""TRD_GRP_159"",""TRD_GRP_160"",""TRD_GRP_161"",""TRD_GRP_162"",""TRD_GRP_163"",""TRD_GRP_164"",""TRD_GRP_165"",""TRD_GRP_166"",""TRD_GRP_167"",""TRD_GRP_168"",""TRD_GRP_169"",""TRD_GRP_170"",""TRD_GRP_171"",""TRD_GRP_172"",""TRD_GRP_173"",""TRD_GRP_174"",""TRD_GRP_175"",""TRD_GRP_176"",""TRD_GRP_177"",""TRD_GRP_178"",""TRD_GRP_179"",""TRD_GRP_180"",""TRD_GRP_181"",""TRD_GRP_182"",""TRD_GRP_183"",""TRD_GRP_184"",""TRD_GRP_185"",""TRD_GRP_186"",""TRD_GRP_187"",""TRD_GRP_188"",""TRD_GRP_189"",""TRD_GRP_190"",""TRD_GRP_191"",""TRD_GRP_192"",""TRD_GRP_193"",""TRD_GRP_194"",""TRD_GRP_195"",""TRD_GRP_196"",""TRD_GRP_197"",""TRD_GRP_198"",""TRD_GRP_199"",""TRD_GRP_200"",""TRD_GRP_201"",""TRD_GRP_202"",""TRD_GRP_203"",""TRD_GRP_204"",""TRD_GRP_205"",""TRD_GRP_206"",""TRD_GRP_207"",""TRD_GRP_208"",""TRD_GRP_209"",""TRD_GRP_210"",""TRD_GRP_211"",""TRD_GRP_212"",""TRD_GRP_213"",""TRD_GRP_214"",""TRD_GRP_215"",""TRD_GRP_216"",""TRD_GRP_217"",""TRD_GRP_218"",""TRD_GRP_219"",""TRD_GRP_220"",""TRD_GRP_221"",""TRD_GRP_222"",""TRD_GRP_223"",""TRD_GRP_224"",""TRD_GRP_225"",""TRD_GRP_226"",""TRD_GRP_227"",""TRD_GRP_228"",""TRD_GRP_229"",""TRD_GRP_230"",""TRD_GRP_231"",""TRD_GRP_232"",""TRD_GRP_233"",""TRD_GRP_234"",""TRD_GRP_235"",""TRD_GRP_236"",""TRD_GRP_237"",""TRD_GRP_238"",""TRD_GRP_239"",""TRD_GRP_240"",""TRD_GRP_242"",""TRD_GRP_243"",""TRD_GRP_244"",""TRD_GRP_245"",""TRD_GRP_246"",""TRD_GRP_247"",""TRD_GRP_248"",""TRD_GRP_249"",""TRD_GRP_250"",""TRD_GRP_251"",""TRD_GRP_252"",""TRD_GRP_253"",""TRD_GRP_256"",""TRD_GRP_258""]]",EXPIRE_TAKER|EXPIRE_MAKER|EXPIRE_BOTH|DECREMENT|TRANSFER,0.00100000,10000.00000000,0.00100000,0.01000000,90000.00000000,0.01000000,100,0.00000000,25266.21833333,0.00000000,10,2000,10,2000,1.2,0.5,2,0.8,5,5.00000000,true,9000000.00000000,false,5,200,20,5,10
ONGUSDT,Sample,465,1.2586000000000033,0.017980000000000048,true,7,0,TRADING,ONG,USDT,8,8,8,8,8,true,true,true,true,true,true,true,true,true,true,true,EXPIRE_MAKER,LIMIT|LIMIT_MAKER|MARKET|STOP_LOSS|STOP_LOSS_LIMIT|TAKE_PROFIT|TAKE_PROFIT_LIMIT,,"[[""SPOT"",""MARGIN"",""TRD_GRP_004"",""TRD_GRP_006"",""TRD_GRP_015"",""TRD_GRP_016"",""TRD_GRP_017"",""TRD_GRP_018"",""TRD_GRP_019"",""TRD_GRP_020"",""TRD_GRP_021"",""TRD_GRP_022"",""TRD_GRP_023"",""TRD_GRP_024"",""TRD_GRP_025"",""TRD_GRP_049"",""TRD_GRP_050"",""TRD_GRP_051"",""TRD_GRP_052"",""TRD_GRP_053"",""TRD_GRP_054"",""TRD_GRP_055"",""TRD_GRP_056"",""TRD_GRP_057"",""TRD_GRP_058"",""TRD_GRP_059"",""TRD_GRP_060"",""TRD_GRP_061"",""TRD_GRP_062"",""TRD_GRP_063"",""TRD_GRP_064"",""TRD_GRP_065"",""TRD_GRP_066"",""TRD_GRP_067"",""TRD_GRP_068"",""TRD_GRP_069"",""TRD_GRP_070"",""TRD_GRP_071"",""TRD_GRP_072"",""TRD_GRP_073"",""TRD_GRP_074"",""TRD_GRP_075"",""TRD_GRP_076"",""TRD_GRP_077"",""TRD_GRP_078"",""TRD_GRP_079"",""TRD_GRP_080"",""TRD_GRP_081"",""TRD_GRP_082"",""TRD_GRP_083"",""TRD_GRP_084"",""TRD_GRP_085"",""TRD_GRP_086"",""TRD_GRP_087"",""TRD_GRP_088"",""TRD_GRP_089"",""TRD_GRP_090"",""TRD_GRP_091"",""TRD_GRP_092"",""TRD_GRP_093"",""TRD_GRP_094"",""TRD_GRP_095"",""TRD_GRP_096"",""TRD_GRP_097"",""TRD_GRP_098"",""TRD_GRP_099"",""TRD_GRP_100"",""TRD_GRP_101"",""TRD_GRP_102"",""TRD_GRP_103"",""TRD_GRP_104"",""TRD_GRP_105"",""TRD_GRP_106"",""TRD_GRP_107"",""TRD_GRP_108"",""TRD_GRP_109"",""TRD_GRP_110"",""TRD_GRP_111"",""TRD_GRP_112"",""TRD_GRP_113"",""TRD_GRP_114"",""TRD_GRP_115"",""TRD_GRP_116"",""TRD_GRP_117"",""TRD_GRP_118"",""TRD_GRP_119"",""TRD_GRP_120"",""TRD_GRP_121"",""TRD_GRP_122"",""TRD_GRP_123"",""TRD_GRP_124"",""TRD_GRP_125"",""TRD_GRP_126"",""TRD_GRP_127"",""TRD_GRP_128"",""TRD_GRP_129"",""TRD_GRP_130"",""TRD_GRP_131"",""TRD_GRP_132"",""TRD_GRP_133"",""TRD_GRP_134"",""TRD_GRP_135"",""TRD_GRP_136"",""TRD_GRP_137"",""TRD_GRP_138"",""TRD_GRP_139"",""TRD_GRP_140"",""TRD_GRP_141"",""TRD_GRP_142"",""TRD_GRP_143"",""TRD_GRP_144"",""TRD_GRP_145"",""TRD_GRP_146"",""TRD_GRP_147"",""TRD_GRP_148"",""TRD_GRP_149"",""TRD_GRP_150"",""TRD_GRP_151"",""TRD_GRP_152"",""TRD_GRP_153"",""TRD_GRP_154"",""TRD_GRP_155"",""TRD_GRP_156"",""TRD_GRP_157"",""TRD_GRP_158"",""TRD_GRP_159"",""TRD_GRP_160"",""TRD_GRP_161"",""TRD_GRP_162"",""TRD_GRP_163"",""TRD_GRP_164"",""TRD_GRP_165"",""TRD_GRP_166"",""TRD_GRP_167"",""TRD_GRP_168"",""TRD_GRP_169"",""TRD_GRP_170"",""TRD_GRP_171"",""TRD_GRP_172"",""TRD_GRP_173"",""TRD_GRP_174"",""TRD_GRP_175"",""TRD_GRP_176"",""TRD_GRP_177"",""TRD_GRP_178"",""TRD_GRP_179"",""TRD_GRP_180"",""TRD_GRP_181"",""TRD_GRP_182"",""TRD_GRP_183"",""TRD_GRP_184"",""TRD_GRP_185"",""TRD_GRP_186"",""TRD_GRP_187"",""TRD_GRP_188"",""TRD_GRP_189"",""TRD_GRP_190"",""TRD_GRP_191"",""TRD_GRP_192"",""TRD_GRP_193"",""TRD_GRP_194"",""TRD_GRP_195"",""TRD_GRP_196"",""TRD_GRP_197"",""TRD_GRP_198"",""TRD_GRP_199"",""TRD_GRP_200"",""TRD_GRP_201"",""TRD_GRP_202"",""TRD_GRP_203"",""TRD_GRP_204"",""TRD_GRP_205"",""TRD_GRP_206"",""TRD_GRP_207"",""TRD_GRP_208"",""TRD_GRP_209"",""TRD_GRP_210"",""TRD_GRP_211"",""TRD_GRP_212"",""TRD_GRP_213"",""TRD_GRP_214"",""TRD_GRP_215"",""TRD_GRP_216"",""TRD_GRP_217"",""TRD_GRP_218"",""TRD_GRP_219"",""TRD_GRP_220"",""TRD_GRP_221"",""TRD_GRP_222"",""TRD_GRP_223"",""TRD_GRP_224"",""TRD_GRP_225"",""TRD_GRP_226"",""TRD_GRP_227"",""TRD_GRP_228"",""TRD_GRP_229"",""TRD_GRP_230"",""TRD_GRP_231"",""TRD_GRP_232"",""TRD_GRP_233"",""TRD_GRP_234"",""TRD_GRP_235"",""TRD_GRP_236"",""TRD_GRP_237"",""TRD_GRP_238"",""TRD_GRP_239"",""TRD_GRP_240"",""TRD_GRP_242"",""TRD_GRP_243"",""TRD_GRP_244"",""TRD_GRP_245"",""TRD_GRP_246"",""TRD_GRP_247"",""TRD_GRP_248"",""TRD_GRP_249"",""TRD_GRP_250"",""TRD_GRP_251"",""TRD_GRP_252"",""TRD_GRP_253"",""TRD_GRP_256"",""TRD_GRP_258""]]",EXPIRE_TAKER|EXPIRE_MAKER|EXPIRE_BOTH|DECREMENT|TRANSFER,0.00001000,1000.00000000,0.00001000,1.00000000,900000.00000000,1.00000000,100,0.00000000,169284.52500000,0.00000000,10,2000,10,2000,1.2,0.5,2,0.8,5,5.00000000,true,9000000.00000000,false,5,200,20,5,10
ZENUSDT,Sample,843,1.0768324804883163,0.003589441601627721,true,23,7,TRADING,ZEN,USDT,8,8,8,8,8,true,true,true,true,true,true,true,true,true,true,true,EXPIRE_MAKER,LIMIT|LIMIT_MAKER|MARKET|STOP_LOSS|STOP_LOSS_LIMIT|TAKE_PROFIT|TAKE_PROFIT_LIMIT,,"[[""SPOT"",""MARGIN"",""TRD_GRP_004"",""TRD_GRP_015"",""TRD_GRP_016"",""TRD_GRP_017"",""TRD_GRP_018"",""TRD_GRP_019"",""TRD_GRP_020"",""TRD_GRP_021"",""TRD_GRP_022"",""TRD_GRP_023"",""TRD_GRP_024"",""TRD_GRP_025"",""TRD_GRP_049"",""TRD_GRP_050"",""TRD_GRP_051"",""TRD_GRP_052"",""TRD_GRP_053"",""TRD_GRP_054"",""TRD_GRP_055"",""TRD_GRP_056"",""TRD_GRP_057"",""TRD_GRP_058"",""TRD_GRP_059"",""TRD_GRP_060"",""TRD_GRP_061"",""TRD_GRP_062"",""TRD_GRP_063"",""TRD_GRP_064"",""TRD_GRP_065"",""TRD_GRP_066"",""TRD_GRP_067"",""TRD_GRP_068"",""TRD_GRP_069"",""TRD_GRP_070"",""TRD_GRP_071"",""TRD_GRP_072"",""TRD_GRP_073"",""TRD_GRP_074"",""TRD_GRP_075"",""TRD_GRP_076"",""TRD_GRP_077"",""TRD_GRP_078"",""TRD_GRP_079"",""TRD_GRP_080"",""TRD_GRP_081"",""TRD_GRP_082"",""TRD_GRP_083"",""TRD_GRP_084"",""TRD_GRP_085"",""TRD_GRP_086"",""TRD_GRP_087"",""TRD_GRP_088"",""TRD_GRP_089"",""TRD_GRP_090"",""TRD_GRP_091"",""TRD_GRP_092"",""TRD_GRP_093"",""TRD_GRP_094"",""TRD_GRP_095"",""TRD_GRP_096"",""TRD_GRP_097"",""TRD_GRP_098"",""TRD_GRP_099"",""TRD_GRP_100"",""TRD_GRP_101"",""TRD_GRP_102"",""TRD_GRP_103"",""TRD_GRP_104"",""TRD_GRP_105"",""TRD_GRP_106"",""TRD_GRP_107"",""TRD_GRP_108"",""TRD_GRP_109"",""TRD_GRP_110"",""TRD_GRP_111"",""TRD_GRP_112"",""TRD_GRP_113"",""TRD_GRP_114"",""TRD_GRP_115"",""TRD_GRP_116"",""TRD_GRP_117"",""TRD_GRP_118"",""TRD_GRP_119"",""TRD_GRP_120"",""TRD_GRP_121"",""TRD_GRP_122"",""TRD_GRP_123"",""TRD_GRP_124"",""TRD_GRP_125"",""TRD_GRP_126"",""TRD_GRP_127"",""TRD_GRP_128"",""TRD_GRP_129"",""TRD_GRP_130"",""TRD_GRP_131"",""TRD_GRP_132"",""TRD_GRP_133"",""TRD_GRP_134"",""TRD_GRP_135"",""TRD_GRP_136"",""TRD_GRP_137"",""TRD_GRP_138"",""TRD_GRP_139"",""TRD_GRP_140"",""TRD_GRP_141"",""TRD_GRP_142"",""TRD_GRP_143"",""TRD_GRP_144"",""TRD_GRP_145"",""TRD_GRP_146"",""TRD_GRP_147"",""TRD_GRP_148"",""TRD_GRP_149"",""TRD_GRP_150"",""TRD_GRP_151"",""TRD_GRP_152"",""TRD_GRP_153"",""TRD_GRP_154"",""TRD_GRP_155"",""TRD_GRP_156"",""TRD_GRP_157"",""TRD_GRP_158"",""TRD_GRP_159"",""TRD_GRP_160"",""TRD_GRP_161"",""TRD_GRP_162"",""TRD_GRP_163"",""TRD_GRP_164"",""TRD_GRP_165"",""TRD_GRP_166"",""TRD_GRP_167"",""TRD_GRP_168"",""TRD_GRP_169"",""TRD_GRP_170"",""TRD_GRP_171"",""TRD_GRP_172"",""TRD_GRP_173"",""TRD_GRP_174"",""TRD_GRP_175"",""TRD_GRP_176"",""TRD_GRP_177"",""TRD_GRP_178"",""TRD_GRP_179"",""TRD_GRP_180"",""TRD_GRP_181"",""TRD_GRP_182"",""TRD_GRP_183"",""TRD_GRP_184"",""TRD_GRP_185"",""TRD_GRP_186"",""TRD_GRP_187"",""TRD_GRP_188"",""TRD_GRP_189"",""TRD_GRP_190"",""TRD_GRP_191"",""TRD_GRP_192"",""TRD_GRP_193"",""TRD_GRP_194"",""TRD_GRP_195"",""TRD_GRP_196"",""TRD_GRP_197"",""TRD_GRP_198"",""TRD_GRP_199"",""TRD_GRP_200"",""TRD_GRP_201"",""TRD_GRP_202"",""TRD_GRP_203"",""TRD_GRP_204"",""TRD_GRP_205"",""TRD_GRP_206"",""TRD_GRP_207"",""TRD_GRP_208"",""TRD_GRP_209"",""TRD_GRP_210"",""TRD_GRP_211"",""TRD_GRP_212"",""TRD_GRP_213"",""TRD_GRP_214"",""TRD_GRP_215"",""TRD_GRP_216"",""TRD_GRP_217"",""TRD_GRP_218"",""TRD_GRP_219"",""TRD_GRP_220"",""TRD_GRP_221"",""TRD_GRP_222"",""TRD_GRP_223"",""TRD_GRP_224"",""TRD_GRP_225"",""TRD_GRP_226"",""TRD_GRP_227"",""TRD_GRP_228"",""TRD_GRP_229"",""TRD_GRP_230"",""TRD_GRP_231"",""TRD_GRP_232"",""TRD_GRP_233"",""TRD_GRP_234"",""TRD_GRP_235"",""TRD_GRP_236"",""TRD_GRP_237"",""TRD_GRP_238"",""TRD_GRP_239"",""TRD_GRP_240"",""TRD_GRP_242"",""TRD_GRP_243"",""TRD_GRP_244"",""TRD_GRP_245"",""TRD_GRP_246"",""TRD_GRP_247"",""TRD_GRP_248"",""TRD_GRP_249"",""TRD_GRP_250"",""TRD_GRP_251"",""TRD_GRP_252"",""TRD_GRP_253"",""TRD_GRP_256"",""TRD_GRP_258""]]",EXPIRE_TAKER|EXPIRE_MAKER|EXPIRE_BOTH|DECREMENT|TRANSFER,0.00100000,100000.00000000,0.00100000,0.01000000,900000.00000000,0.01000000,100,0.00000000,8680.39462500,0.00000000,10,2000,10,2000,1.2,0.5,2,0.8,5,5.00000000,true,9000000.00000000,false,5,200,20,5,10
ATOMUSDT,Sample,503,0.928753739074089,0.011609421738426112,true,7,1,TRADING,ATOM,USDT,8,8,8,8,8,true,true,true,true,true,true,true,true,true,true,true,EXPIRE_MAKER,LIMIT|LIMIT_MAKER|MARKET|STOP_LOSS|STOP_LOSS_LIMIT|TAKE_PROFIT|TAKE_PROFIT_LIMIT,,"[[""SPOT"",""MARGIN"",""TRD_GRP_004"",""TRD_GRP_005"",""TRD_GRP_006"",""TRD_GRP_015"",""TRD_GRP_016"",""TRD_GRP_017"",""TRD_GRP_018"",""TRD_GRP_019"",""TRD_GRP_020"",""TRD_GRP_021"",""TRD_GRP_022"",""TRD_GRP_023"",""TRD_GRP_024"",""TRD_GRP_025"",""TRD_GRP_049"",""TRD_GRP_050"",""TRD_GRP_051"",""TRD_GRP_052"",""TRD_GRP_053"",""TRD_GRP_054"",""TRD_GRP_055"",""TRD_GRP_056"",""TRD_GRP_057"",""TRD_GRP_058"",""TRD_GRP_059"",""TRD_GRP_060"",""TRD_GRP_061"",""TRD_GRP_062"",""TRD_GRP_063"",""TRD_GRP_064"",""TRD_GRP_065"",""TRD_GRP_066"",""TRD_GRP_067"",""TRD_GRP_068"",""TRD_GRP_069"",""TRD_GRP_070"",""TRD_GRP_071"",""TRD_GRP_072"",""TRD_GRP_073"",""TRD_GRP_074"",""TRD_GRP_075"",""TRD_GRP_076"",""TRD_GRP_077"",""TRD_GRP_078"",""TRD_GRP_079"",""TRD_GRP_080"",""TRD_GRP_081"",""TRD_GRP_082"",""TRD_GRP_083"",""TRD_GRP_084"",""TRD_GRP_085"",""TRD_GRP_086"",""TRD_GRP_087"",""TRD_GRP_088"",""TRD_GRP_089"",""TRD_GRP_090"",""TRD_GRP_091"",""TRD_GRP_092"",""TRD_GRP_093"",""TRD_GRP_094"",""TRD_GRP_095"",""TRD_GRP_096"",""TRD_GRP_097"",""TRD_GRP_098"",""TRD_GRP_099"",""TRD_GRP_100"",""TRD_GRP_101"",""TRD_GRP_102"",""TRD_GRP_103"",""TRD_GRP_104"",""TRD_GRP_105"",""TRD_GRP_106"",""TRD_GRP_107"",""TRD_GRP_108"",""TRD_GRP_109"",""TRD_GRP_110"",""TRD_GRP_111"",""TRD_GRP_112"",""TRD_GRP_113"",""TRD_GRP_114"",""TRD_GRP_115"",""TRD_GRP_116"",""TRD_GRP_117"",""TRD_GRP_118"",""TRD_GRP_119"",""TRD_GRP_120"",""TRD_GRP_121"",""TRD_GRP_122"",""TRD_GRP_123"",""TRD_GRP_124"",""TRD_GRP_125"",""TRD_GRP_126"",""TRD_GRP_127"",""TRD_GRP_128"",""TRD_GRP_129"",""TRD_GRP_130"",""TRD_GRP_131"",""TRD_GRP_132"",""TRD_GRP_133"",""TRD_GRP_134"",""TRD_GRP_135"",""TRD_GRP_136"",""TRD_GRP_137"",""TRD_GRP_138"",""TRD_GRP_139"",""TRD_GRP_140"",""TRD_GRP_141"",""TRD_GRP_142"",""TRD_GRP_143"",""TRD_GRP_144"",""TRD_GRP_145"",""TRD_GRP_146"",""TRD_GRP_147"",""TRD_GRP_148"",""TRD_GRP_149"",""TRD_GRP_150"",""TRD_GRP_151"",""TRD_GRP_152"",""TRD_GRP_153"",""TRD_GRP_154"",""TRD_GRP_155"",""TRD_GRP_156"",""TRD_GRP_157"",""TRD_GRP_158"",""TRD_GRP_159"",""TRD_GRP_160"",""TRD_GRP_161"",""TRD_GRP_162"",""TRD_GRP_163"",""TRD_GRP_164"",""TRD_GRP_165"",""TRD_GRP_166"",""TRD_GRP_167"",""TRD_GRP_168"",""TRD_GRP_169"",""TRD_GRP_170"",""TRD_GRP_171"",""TRD_GRP_172"",""TRD_GRP_173"",""TRD_GRP_174"",""TRD_GRP_175"",""TRD_GRP_176"",""TRD_GRP_177"",""TRD_GRP_178"",""TRD_GRP_179"",""TRD_GRP_180"",""TRD_GRP_181"",""TRD_GRP_182"",""TRD_GRP_183"",""TRD_GRP_184"",""TRD_GRP_185"",""TRD_GRP_186"",""TRD_GRP_187"",""TRD_GRP_188"",""TRD_GRP_189"",""TRD_GRP_190"",""TRD_GRP_191"",""TRD_GRP_192"",""TRD_GRP_193"",""TRD_GRP_194"",""TRD_GRP_195"",""TRD_GRP_196"",""TRD_GRP_197"",""TRD_GRP_198"",""TRD_GRP_199"",""TRD_GRP_200"",""TRD_GRP_201"",""TRD_GRP_202"",""TRD_GRP_203"",""TRD_GRP_204"",""TRD_GRP_205"",""TRD_GRP_206"",""TRD_GRP_207"",""TRD_GRP_208"",""TRD_GRP_209"",""TRD_GRP_210"",""TRD_GRP_211"",""TRD_GRP_212"",""TRD_GRP_213"",""TRD_GRP_214"",""TRD_GRP_215"",""TRD_GRP_216"",""TRD_GRP_217"",""TRD_GRP_218"",""TRD_GRP_219"",""TRD_GRP_220"",""TRD_GRP_221"",""TRD_GRP_222"",""TRD_GRP_223"",""TRD_GRP_224"",""TRD_GRP_225"",""TRD_GRP_226"",""TRD_GRP_227"",""TRD_GRP_228"",""TRD_GRP_229"",""TRD_GRP_230"",""TRD_GRP_231"",""TRD_GRP_232"",""TRD_GRP_233"",""TRD_GRP_234"",""TRD_GRP_235"",""TRD_GRP_236"",""TRD_GRP_237"",""TRD_GRP_238"",""TRD_GRP_239"",""TRD_GRP_240"",""TRD_GRP_242"",""TRD_GRP_243"",""TRD_GRP_244"",""TRD_GRP_245"",""TRD_GRP_246"",""TRD_GRP_247"",""TRD_GRP_248"",""TRD_GRP_249"",""TRD_GRP_250"",""TRD_GRP_251"",""TRD_GRP_252"",""TRD_GRP_253"",""TRD_GRP_256"",""TRD_GRP_258""]]",EXPIRE_TAKER|EXPIRE_MAKER|EXPIRE_BOTH|DECREMENT|TRANSFER,0.00100000,10000.00000000,0.00100000,0.01000000,90000.00000000,0.01000000,100,0.00000000,50498.79150000,0.00000000,10,2000,10,2000,1.2,0.5,2,0.8,5,5.00000000,true,9000000.00000000,false,5,200,20,5,10
NEOUSDT,Sample,142,0.2854040668351565,0.00570808133670313,true,4,1,TRADING,NEO,USDT,8,8,8,8,8,true,true,true,true,true,true,true,true,true,true,true,EXPIRE_MAKER,LIMIT|LIMIT_MAKER|MARKET|STOP_LOSS|STOP_LOSS_LIMIT|TAKE_PROFIT|TAKE_PROFIT_LIMIT,,"[[""SPOT"",""MARGIN"",""TRD_GRP_004"",""TRD_GRP_006"",""TRD_GRP_015"",""TRD_GRP_016"",""TRD_GRP_017"",""TRD_GRP_018"",""TRD_GRP_019"",""TRD_GRP_020"",""TRD_GRP_021"",""TRD_GRP_022"",""TRD_GRP_023"",""TRD_GRP_024"",""TRD_GRP_025"",""TRD_GRP_049"",""TRD_GRP_050"",""TRD_GRP_051"",""TRD_GRP_052"",""TRD_GRP_053"",""TRD_GRP_054"",""TRD_GRP_055"",""TRD_GRP_056"",""TRD_GRP_057"",""TRD_GRP_058"",""TRD_GRP_059"",""TRD_GRP_060"",""TRD_GRP_061"",""TRD_GRP_062"",""TRD_GRP_063"",""TRD_GRP_064"",""TRD_GRP_065"",""TRD_GRP_066"",""TRD_GRP_067"",""TRD_GRP_068"",""TRD_GRP_069"",""TRD_GRP_070"",""TRD_GRP_071"",""TRD_GRP_072"",""TRD_GRP_073"",""TRD_GRP_074"",""TRD_GRP_075"",""TRD_GRP_076"",""TRD_GRP_077"",""TRD_GRP_078"",""TRD_GRP_079"",""TRD_GRP_080"",""TRD_GRP_081"",""TRD_GRP_082"",""TRD_GRP_083"",""TRD_GRP_084"",""TRD_GRP_085"",""TRD_GRP_086"",""TRD_GRP_087"",""TRD_GRP_088"",""TRD_GRP_089"",""TRD_GRP_090"",""TRD_GRP_091"",""TRD_GRP_092"",""TRD_GRP_093"",""TRD_GRP_094"",""TRD_GRP_095"",""TRD_GRP_096"",""TRD_GRP_097"",""TRD_GRP_098"",""TRD_GRP_099"",""TRD_GRP_100"",""TRD_GRP_101"",""TRD_GRP_102"",""TRD_GRP_103"",""TRD_GRP_104"",""TRD_GRP_105"",""TRD_GRP_106"",""TRD_GRP_107"",""TRD_GRP_108"",""TRD_GRP_109"",""TRD_GRP_110"",""TRD_GRP_111"",""TRD_GRP_112"",""TRD_GRP_113"",""TRD_GRP_114"",""TRD_GRP_115"",""TRD_GRP_116"",""TRD_GRP_117"",""TRD_GRP_118"",""TRD_GRP_119"",""TRD_GRP_120"",""TRD_GRP_121"",""TRD_GRP_122"",""TRD_GRP_123"",""TRD_GRP_124"",""TRD_GRP_125"",""TRD_GRP_126"",""TRD_GRP_127"",""TRD_GRP_128"",""TRD_GRP_129"",""TRD_GRP_130"",""TRD_GRP_131"",""TRD_GRP_132"",""TRD_GRP_133"",""TRD_GRP_134"",""TRD_GRP_135"",""TRD_GRP_136"",""TRD_GRP_137"",""TRD_GRP_138"",""TRD_GRP_139"",""TRD_GRP_140"",""TRD_GRP_141"",""TRD_GRP_142"",""TRD_GRP_143"",""TRD_GRP_144"",""TRD_GRP_145"",""TRD_GRP_146"",""TRD_GRP_147"",""TRD_GRP_148"",""TRD_GRP_149"",""TRD_GRP_150"",""TRD_GRP_151"",""TRD_GRP_152"",""TRD_GRP_153"",""TRD_GRP_154"",""TRD_GRP_155"",""TRD_GRP_156"",""TRD_GRP_157"",""TRD_GRP_158"",""TRD_GRP_159"",""TRD_GRP_160"",""TRD_GRP_161"",""TRD_GRP_162"",""TRD_GRP_163"",""TRD_GRP_164"",""TRD_GRP_165"",""TRD_GRP_166"",""TRD_GRP_167"",""TRD_GRP_168"",""TRD_GRP_169"",""TRD_GRP_170"",""TRD_GRP_171"",""TRD_GRP_172"",""TRD_GRP_173"",""TRD_GRP_174"",""TRD_GRP_175"",""TRD_GRP_176"",""TRD_GRP_177"",""TRD_GRP_178"",""TRD_GRP_179"",""TRD_GRP_180"",""TRD_GRP_181"",""TRD_GRP_182"",""TRD_GRP_183"",""TRD_GRP_184"",""TRD_GRP_185"",""TRD_GRP_186"",""TRD_GRP_187"",""TRD_GRP_188"",""TRD_GRP_189"",""TRD_GRP_190"",""TRD_GRP_191"",""TRD_GRP_192"",""TRD_GRP_193"",""TRD_GRP_194"",""TRD_GRP_195"",""TRD_GRP_196"",""TRD_GRP_197"",""TRD_GRP_198"",""TRD_GRP_199"",""TRD_GRP_200"",""TRD_GRP_201"",""TRD_GRP_202"",""TRD_GRP_203"",""TRD_GRP_204"",""TRD_GRP_205"",""TRD_GRP_206"",""TRD_GRP_207"",""TRD_GRP_208"",""TRD_GRP_209"",""TRD_GRP_210"",""TRD_GRP_211"",""TRD_GRP_212"",""TRD_GRP_213"",""TRD_GRP_214"",""TRD_GRP_215"",""TRD_GRP_216"",""TRD_GRP_217"",""TRD_GRP_218"",""TRD_GRP_219"",""TRD_GRP_220"",""TRD_GRP_221"",""TRD_GRP_222"",""TRD_GRP_223"",""TRD_GRP_224"",""TRD_GRP_225"",""TRD_GRP_226"",""TRD_GRP_227"",""TRD_GRP_228"",""TRD_GRP_229"",""TRD_GRP_230"",""TRD_GRP_231"",""TRD_GRP_232"",""TRD_GRP_233"",""TRD_GRP_234"",""TRD_GRP_235"",""TRD_GRP_236"",""TRD_GRP_237"",""TRD_GRP_238"",""TRD_GRP_239"",""TRD_GRP_240"",""TRD_GRP_242"",""TRD_GRP_243"",""TRD_GRP_244"",""TRD_GRP_245"",""TRD_GRP_246"",""TRD_GRP_247"",""TRD_GRP_248"",""TRD_GRP_249"",""TRD_GRP_250"",""TRD_GRP_251"",""TRD_GRP_252"",""TRD_GRP_253"",""TRD_GRP_256"",""TRD_GRP_258""]]",EXPIRE_TAKER|EXPIRE_MAKER|EXPIRE_BOTH|DECREMENT|TRANSFER,0.00100000,10000.00000000,0.00100000,0.01000000,90000.00000000,0.01000000,100,0.00000000,5739.07350000,0.00000000,10,2000,10,2000,1.2,0.5,2,0.8,5,5.00000000,true,9000000.00000000,false,5,200,20,5,10
CRVUSDT,Sample,940,0.17980000000000174,0.017980000000000173,true,1,0,TRADING,CRV,USDT,8,8,8,8,8,true,true,true,true,true,true,true,true,true,true,true,EXPIRE_MAKER,LIMIT|LIMIT_MAKER|MARKET|STOP_LOSS|STOP_LOSS_LIMIT|TAKE_PROFIT|TAKE_PROFIT_LIMIT,,"[[""SPOT"",""MARGIN"",""TRD_GRP_004"",""TRD_GRP_005"",""TRD_GRP_006"",""TRD_GRP_015"",""TRD_GRP_016"",""TRD_GRP_017"",""TRD_GRP_018"",""TRD_GRP_019"",""TRD_GRP_020"",""TRD_GRP_021"",""TRD_GRP_022"",""TRD_GRP_023"",""TRD_GRP_024"",""TRD_GRP_025"",""TRD_GRP_049"",""TRD_GRP_050"",""TRD_GRP_051"",""TRD_GRP_052"",""TRD_GRP_053"",""TRD_GRP_054"",""TRD_GRP_055"",""TRD_GRP_056"",""TRD_GRP_057"",""TRD_GRP_058"",""TRD_GRP_059"",""TRD_GRP_060"",""TRD_GRP_061"",""TRD_GRP_062"",""TRD_GRP_063"",""TRD_GRP_064"",""TRD_GRP_065"",""TRD_GRP_066"",""TRD_GRP_067"",""TRD_GRP_068"",""TRD_GRP_069"",""TRD_GRP_070"",""TRD_GRP_071"",""TRD_GRP_072"",""TRD_GRP_073"",""TRD_GRP_074"",""TRD_GRP_075"",""TRD_GRP_076"",""TRD_GRP_077"",""TRD_GRP_078"",""TRD_GRP_079"",""TRD_GRP_080"",""TRD_GRP_081"",""TRD_GRP_082"",""TRD_GRP_083"",""TRD_GRP_084"",""TRD_GRP_085"",""TRD_GRP_086"",""TRD_GRP_087"",""TRD_GRP_088"",""TRD_GRP_089"",""TRD_GRP_090"",""TRD_GRP_091"",""TRD_GRP_092"",""TRD_GRP_093"",""TRD_GRP_094"",""TRD_GRP_095"",""TRD_GRP_096"",""TRD_GRP_097"",""TRD_GRP_098"",""TRD_GRP_099"",""TRD_GRP_100"",""TRD_GRP_101"",""TRD_GRP_102"",""TRD_GRP_103"",""TRD_GRP_104"",""TRD_GRP_105"",""TRD_GRP_106"",""TRD_GRP_107"",""TRD_GRP_108"",""TRD_GRP_109"",""TRD_GRP_110"",""TRD_GRP_111"",""TRD_GRP_112"",""TRD_GRP_113"",""TRD_GRP_114"",""TRD_GRP_115"",""TRD_GRP_116"",""TRD_GRP_117"",""TRD_GRP_118"",""TRD_GRP_119"",""TRD_GRP_120"",""TRD_GRP_121"",""TRD_GRP_122"",""TRD_GRP_123"",""TRD_GRP_124"",""TRD_GRP_125"",""TRD_GRP_126"",""TRD_GRP_127"",""TRD_GRP_128"",""TRD_GRP_129"",""TRD_GRP_130"",""TRD_GRP_131"",""TRD_GRP_132"",""TRD_GRP_133"",""TRD_GRP_134"",""TRD_GRP_135"",""TRD_GRP_136"",""TRD_GRP_137"",""TRD_GRP_138"",""TRD_GRP_139"",""TRD_GRP_140"",""TRD_GRP_141"",""TRD_GRP_142"",""TRD_GRP_143"",""TRD_GRP_144"",""TRD_GRP_145"",""TRD_GRP_146"",""TRD_GRP_147"",""TRD_GRP_148"",""TRD_GRP_149"",""TRD_GRP_150"",""TRD_GRP_151"",""TRD_GRP_152"",""TRD_GRP_153"",""TRD_GRP_154"",""TRD_GRP_155"",""TRD_GRP_156"",""TRD_GRP_157"",""TRD_GRP_158"",""TRD_GRP_159"",""TRD_GRP_160"",""TRD_GRP_161"",""TRD_GRP_162"",""TRD_GRP_163"",""TRD_GRP_164"",""TRD_GRP_165"",""TRD_GRP_166"",""TRD_GRP_167"",""TRD_GRP_168"",""TRD_GRP_169"",""TRD_GRP_170"",""TRD_GRP_171"",""TRD_GRP_172"",""TRD_GRP_173"",""TRD_GRP_174"",""TRD_GRP_175"",""TRD_GRP_176"",""TRD_GRP_177"",""TRD_GRP_178"",""TRD_GRP_179"",""TRD_GRP_180"",""TRD_GRP_181"",""TRD_GRP_182"",""TRD_GRP_183"",""TRD_GRP_184"",""TRD_GRP_185"",""TRD_GRP_186"",""TRD_GRP_187"",""TRD_GRP_188"",""TRD_GRP_189"",""TRD_GRP_190"",""TRD_GRP_191"",""TRD_GRP_192"",""TRD_GRP_193"",""TRD_GRP_194"",""TRD_GRP_195"",""TRD_GRP_196"",""TRD_GRP_197"",""TRD_GRP_198"",""TRD_GRP_199"",""TRD_GRP_200"",""TRD_GRP_201"",""TRD_GRP_202"",""TRD_GRP_203"",""TRD_GRP_204"",""TRD_GRP_205"",""TRD_GRP_206"",""TRD_GRP_207"",""TRD_GRP_208"",""TRD_GRP_209"",""TRD_GRP_210"",""TRD_GRP_211"",""TRD_GRP_212"",""TRD_GRP_213"",""TRD_GRP_214"",""TRD_GRP_215"",""TRD_GRP_216"",""TRD_GRP_217"",""TRD_GRP_218"",""TRD_GRP_219"",""TRD_GRP_220"",""TRD_GRP_221"",""TRD_GRP_222"",""TRD_GRP_223"",""TRD_GRP_224"",""TRD_GRP_225"",""TRD_GRP_226"",""TRD_GRP_227"",""TRD_GRP_228"",""TRD_GRP_229"",""TRD_GRP_230"",""TRD_GRP_231"",""TRD_GRP_232"",""TRD_GRP_233"",""TRD_GRP_234"",""TRD_GRP_235"",""TRD_GRP_236"",""TRD_GRP_237"",""TRD_GRP_238"",""TRD_GRP_239"",""TRD_GRP_240"",""TRD_GRP_242"",""TRD_GRP_243"",""TRD_GRP_244"",""TRD_GRP_245"",""TRD_GRP_246"",""TRD_GRP_247"",""TRD_GRP_248"",""TRD_GRP_249"",""TRD_GRP_250"",""TRD_GRP_251"",""TRD_GRP_252"",""TRD_GRP_253"",""TRD_GRP_256"",""TRD_GRP_258""]]",EXPIRE_TAKER|EXPIRE_MAKER|EXPIRE_BOTH|DECREMENT|TRANSFER,0.00010000,10000.00000000,0.00010000,0.10000000,922327.00000000,0.10000000,100,0.00000000,261695.69916666,0.00000000,10,2000,10,2000,1.2,0.5,2,0.8,5,5.00000000,true,9000000.00000000,false,5,200,20,5,10
QTUMUSDT,Sample,280,0.17980000000000085,0.017980000000000086,true,1,0,TRADING,QTUM,USDT,8,8,8,8,8,true,true,true,true,true,true,true,true,true,true,true,EXPIRE_MAKER,LIMIT|LIMIT_MAKER|MARKET|STOP_LOSS|STOP_LOSS_LIMIT|TAKE_PROFIT|TAKE_PROFIT_LIMIT,,"[[""SPOT"",""MARGIN"",""TRD_GRP_004"",""TRD_GRP_006"",""TRD_GRP_015"",""TRD_GRP_016"",""TRD_GRP_017"",""TRD_GRP_018"",""TRD_GRP_019"",""TRD_GRP_020"",""TRD_GRP_021"",""TRD_GRP_022"",""TRD_GRP_023"",""TRD_GRP_024"",""TRD_GRP_025"",""TRD_GRP_049"",""TRD_GRP_050"",""TRD_GRP_051"",""TRD_GRP_052"",""TRD_GRP_053"",""TRD_GRP_054"",""TRD_GRP_055"",""TRD_GRP_056"",""TRD_GRP_057"",""TRD_GRP_058"",""TRD_GRP_059"",""TRD_GRP_060"",""TRD_GRP_061"",""TRD_GRP_062"",""TRD_GRP_063"",""TRD_GRP_064"",""TRD_GRP_065"",""TRD_GRP_066"",""TRD_GRP_067"",""TRD_GRP_068"",""TRD_GRP_069"",""TRD_GRP_070"",""TRD_GRP_071"",""TRD_GRP_072"",""TRD_GRP_073"",""TRD_GRP_074"",""TRD_GRP_075"",""TRD_GRP_076"",""TRD_GRP_077"",""TRD_GRP_078"",""TRD_GRP_079"",""TRD_GRP_080"",""TRD_GRP_081"",""TRD_GRP_082"",""TRD_GRP_083"",""TRD_GRP_084"",""TRD_GRP_085"",""TRD_GRP_086"",""TRD_GRP_087"",""TRD_GRP_088"",""TRD_GRP_089"",""TRD_GRP_090"",""TRD_GRP_091"",""TRD_GRP_092"",""TRD_GRP_093"",""TRD_GRP_094"",""TRD_GRP_095"",""TRD_GRP_096"",""TRD_GRP_097"",""TRD_GRP_098"",""TRD_GRP_099"",""TRD_GRP_100"",""TRD_GRP_101"",""TRD_GRP_102"",""TRD_GRP_103"",""TRD_GRP_104"",""TRD_GRP_105"",""TRD_GRP_106"",""TRD_GRP_107"",""TRD_GRP_108"",""TRD_GRP_109"",""TRD_GRP_110"",""TRD_GRP_111"",""TRD_GRP_112"",""TRD_GRP_113"",""TRD_GRP_114"",""TRD_GRP_115"",""TRD_GRP_116"",""TRD_GRP_117"",""TRD_GRP_118"",""TRD_GRP_119"",""TRD_GRP_120"",""TRD_GRP_121"",""TRD_GRP_122"",""TRD_GRP_123"",""TRD_GRP_124"",""TRD_GRP_125"",""TRD_GRP_126"",""TRD_GRP_127"",""TRD_GRP_128"",""TRD_GRP_129"",""TRD_GRP_130"",""TRD_GRP_131"",""TRD_GRP_132"",""TRD_GRP_133"",""TRD_GRP_134"",""TRD_GRP_135"",""TRD_GRP_136"",""TRD_GRP_137"",""TRD_GRP_138"",""TRD_GRP_139"",""TRD_GRP_140"",""TRD_GRP_141"",""TRD_GRP_142"",""TRD_GRP_143"",""TRD_GRP_144"",""TRD_GRP_145"",""TRD_GRP_146"",""TRD_GRP_147"",""TRD_GRP_148"",""TRD_GRP_149"",""TRD_GRP_150"",""TRD_GRP_151"",""TRD_GRP_152"",""TRD_GRP_153"",""TRD_GRP_154"",""TRD_GRP_155"",""TRD_GRP_156"",""TRD_GRP_157"",""TRD_GRP_158"",""TRD_GRP_159"",""TRD_GRP_160"",""TRD_GRP_161"",""TRD_GRP_162"",""TRD_GRP_163"",""TRD_GRP_164"",""TRD_GRP_165"",""TRD_GRP_166"",""TRD_GRP_167"",""TRD_GRP_168"",""TRD_GRP_169"",""TRD_GRP_170"",""TRD_GRP_171"",""TRD_GRP_172"",""TRD_GRP_173"",""TRD_GRP_174"",""TRD_GRP_175"",""TRD_GRP_176"",""TRD_GRP_177"",""TRD_GRP_178"",""TRD_GRP_179"",""TRD_GRP_180"",""TRD_GRP_181"",""TRD_GRP_182"",""TRD_GRP_183"",""TRD_GRP_184"",""TRD_GRP_185"",""TRD_GRP_186"",""TRD_GRP_187"",""TRD_GRP_188"",""TRD_GRP_189"",""TRD_GRP_190"",""TRD_GRP_191"",""TRD_GRP_192"",""TRD_GRP_193"",""TRD_GRP_194"",""TRD_GRP_195"",""TRD_GRP_196"",""TRD_GRP_197"",""TRD_GRP_198"",""TRD_GRP_199"",""TRD_GRP_200"",""TRD_GRP_201"",""TRD_GRP_202"",""TRD_GRP_203"",""TRD_GRP_204"",""TRD_GRP_205"",""TRD_GRP_206"",""TRD_GRP_207"",""TRD_GRP_208"",""TRD_GRP_209"",""TRD_GRP_210"",""TRD_GRP_211"",""TRD_GRP_212"",""TRD_GRP_213"",""TRD_GRP_214"",""TRD_GRP_215"",""TRD_GRP_216"",""TRD_GRP_217"",""TRD_GRP_218"",""TRD_GRP_219"",""TRD_GRP_220"",""TRD_GRP_221"",""TRD_GRP_222"",""TRD_GRP_223"",""TRD_GRP_224"",""TRD_GRP_225"",""TRD_GRP_226"",""TRD_GRP_227"",""TRD_GRP_228"",""TRD_GRP_229"",""TRD_GRP_230"",""TRD_GRP_231"",""TRD_GRP_232"",""TRD_GRP_233"",""TRD_GRP_234"",""TRD_GRP_235"",""TRD_GRP_236"",""TRD_GRP_237"",""TRD_GRP_238"",""TRD_GRP_239"",""TRD_GRP_240"",""TRD_GRP_242"",""TRD_GRP_243"",""TRD_GRP_244"",""TRD_GRP_245"",""TRD_GRP_246"",""TRD_GRP_247"",""TRD_GRP_248"",""TRD_GRP_249"",""TRD_GRP_250"",""TRD_GRP_251"",""TRD_GRP_252"",""TRD_GRP_253"",""TRD_GRP_256"",""TRD_GRP_258""]]",EXPIRE_TAKER|EXPIRE_MAKER|EXPIRE_BOTH|DECREMENT|TRANSFER,0.00100000,10000.00000000,0.00100000,0.10000000,90000.00000000,0.10000000,100,0.00000000,8393.29708333,0.00000000,10,2000,10,2000,1.2,0.5,2,0.8,5,5.00000000,true,9000000.00000000,false,5,200,20,5,10
STXUSDT,Sample,640,0.17980000000000085,0.017980000000000086,true,1,0,TRADING,STX,USDT,8,8,8,8,8,true,true,true,true,true,true,true,true,true,true,true,EXPIRE_MAKER,LIMIT|LIMIT_MAKER|MARKET|STOP_LOSS|STOP_LOSS_LIMIT|TAKE_PROFIT|TAKE_PROFIT_LIMIT,,"[[""SPOT"",""MARGIN"",""TRD_GRP_004"",""TRD_GRP_006"",""TRD_GRP_015"",""TRD_GRP_016"",""TRD_GRP_017"",""TRD_GRP_018"",""TRD_GRP_019"",""TRD_GRP_020"",""TRD_GRP_021"",""TRD_GRP_022"",""TRD_GRP_023"",""TRD_GRP_024"",""TRD_GRP_025"",""TRD_GRP_049"",""TRD_GRP_050"",""TRD_GRP_051"",""TRD_GRP_052"",""TRD_GRP_053"",""TRD_GRP_054"",""TRD_GRP_055"",""TRD_GRP_056"",""TRD_GRP_057"",""TRD_GRP_058"",""TRD_GRP_059"",""TRD_GRP_060"",""TRD_GRP_061"",""TRD_GRP_062"",""TRD_GRP_063"",""TRD_GRP_064"",""TRD_GRP_065"",""TRD_GRP_066"",""TRD_GRP_067"",""TRD_GRP_068"",""TRD_GRP_069"",""TRD_GRP_070"",""TRD_GRP_071"",""TRD_GRP_072"",""TRD_GRP_073"",""TRD_GRP_074"",""TRD_GRP_075"",""TRD_GRP_076"",""TRD_GRP_077"",""TRD_GRP_078"",""TRD_GRP_079"",""TRD_GRP_080"",""TRD_GRP_081"",""TRD_GRP_082"",""TRD_GRP_083"",""TRD_GRP_084"",""TRD_GRP_085"",""TRD_GRP_086"",""TRD_GRP_087"",""TRD_GRP_088"",""TRD_GRP_089"",""TRD_GRP_090"",""TRD_GRP_091"",""TRD_GRP_092"",""TRD_GRP_093"",""TRD_GRP_094"",""TRD_GRP_095"",""TRD_GRP_096"",""TRD_GRP_097"",""TRD_GRP_098"",""TRD_GRP_099"",""TRD_GRP_100"",""TRD_GRP_101"",""TRD_GRP_102"",""TRD_GRP_103"",""TRD_GRP_104"",""TRD_GRP_105"",""TRD_GRP_106"",""TRD_GRP_107"",""TRD_GRP_108"",""TRD_GRP_109"",""TRD_GRP_110"",""TRD_GRP_111"",""TRD_GRP_112"",""TRD_GRP_113"",""TRD_GRP_114"",""TRD_GRP_115"",""TRD_GRP_116"",""TRD_GRP_117"",""TRD_GRP_118"",""TRD_GRP_119"",""TRD_GRP_120"",""TRD_GRP_121"",""TRD_GRP_122"",""TRD_GRP_123"",""TRD_GRP_124"",""TRD_GRP_125"",""TRD_GRP_126"",""TRD_GRP_127"",""TRD_GRP_128"",""TRD_GRP_129"",""TRD_GRP_130"",""TRD_GRP_131"",""TRD_GRP_132"",""TRD_GRP_133"",""TRD_GRP_134"",""TRD_GRP_135"",""TRD_GRP_136"",""TRD_GRP_137"",""TRD_GRP_138"",""TRD_GRP_139"",""TRD_GRP_140"",""TRD_GRP_141"",""TRD_GRP_142"",""TRD_GRP_143"",""TRD_GRP_144"",""TRD_GRP_145"",""TRD_GRP_146"",""TRD_GRP_147"",""TRD_GRP_148"",""TRD_GRP_149"",""TRD_GRP_150"",""TRD_GRP_151"",""TRD_GRP_152"",""TRD_GRP_153"",""TRD_GRP_154"",""TRD_GRP_155"",""TRD_GRP_156"",""TRD_GRP_157"",""TRD_GRP_158"",""TRD_GRP_159"",""TRD_GRP_160"",""TRD_GRP_161"",""TRD_GRP_162"",""TRD_GRP_163"",""TRD_GRP_164"",""TRD_GRP_165"",""TRD_GRP_166"",""TRD_GRP_167"",""TRD_GRP_168"",""TRD_GRP_169"",""TRD_GRP_170"",""TRD_GRP_171"",""TRD_GRP_172"",""TRD_GRP_173"",""TRD_GRP_174"",""TRD_GRP_175"",""TRD_GRP_176"",""TRD_GRP_177"",""TRD_GRP_178"",""TRD_GRP_179"",""TRD_GRP_180"",""TRD_GRP_181"",""TRD_GRP_182"",""TRD_GRP_183"",""TRD_GRP_184"",""TRD_GRP_185"",""TRD_GRP_186"",""TRD_GRP_187"",""TRD_GRP_188"",""TRD_GRP_189"",""TRD_GRP_190"",""TRD_GRP_191"",""TRD_GRP_192"",""TRD_GRP_193"",""TRD_GRP_194"",""TRD_GRP_195"",""TRD_GRP_196"",""TRD_GRP_197"",""TRD_GRP_198"",""TRD_GRP_199"",""TRD_GRP_200"",""TRD_GRP_201"",""TRD_GRP_202"",""TRD_GRP_203"",""TRD_GRP_204"",""TRD_GRP_205"",""TRD_GRP_206"",""TRD_GRP_207"",""TRD_GRP_208"",""TRD_GRP_209"",""TRD_GRP_210"",""TRD_GRP_211"",""TRD_GRP_212"",""TRD_GRP_213"",""TRD_GRP_214"",""TRD_GRP_215"",""TRD_GRP_216"",""TRD_GRP_217"",""TRD_GRP_218"",""TRD_GRP_219"",""TRD_GRP_220"",""TRD_GRP_221"",""TRD_GRP_222"",""TRD_GRP_223"",""TRD_GRP_224"",""TRD_GRP_225"",""TRD_GRP_226"",""TRD_GRP_227"",""TRD_GRP_228"",""TRD_GRP_229"",""TRD_GRP_230"",""TRD_GRP_231"",""TRD_GRP_232"",""TRD_GRP_233"",""TRD_GRP_234"",""TRD_GRP_235"",""TRD_GRP_236"",""TRD_GRP_237"",""TRD_GRP_238"",""TRD_GRP_239"",""TRD_GRP_240"",""TRD_GRP_242"",""TRD_GRP_243"",""TRD_GRP_244"",""TRD_GRP_245"",""TRD_GRP_246"",""TRD_GRP_247"",""TRD_GRP_248"",""TRD_GRP_249"",""TRD_GRP_250"",""TRD_GRP_251"",""TRD_GRP_252"",""TRD_GRP_253"",""TRD_GRP_256"",""TRD_GRP_258""]]",EXPIRE_TAKER|EXPIRE_MAKER|EXPIRE_BOTH|DECREMENT|TRANSFER,0.00010000,1000.00000000,0.00010000,0.10000000,900000.00000000,0.10000000,100,0.00000000,195570.34375000,0.00000000,10,2000,10,2000,1.2,0.5,2,0.8,5,5.00000000,true,9000000.00000000,false,5,200,20,5,10
ADAUSDT,Sample,297,0,0,false,0,0,TRADING,ADA,USDT,8,8,8,8,8,true,true,true,true,true,true,true,true,true,true,true,EXPIRE_MAKER,LIMIT|LIMIT_MAKER|MARKET|STOP_LOSS|STOP_LOSS_LIMIT|TAKE_PROFIT|TAKE_PROFIT_LIMIT,,"[[""SPOT"",""MARGIN"",""TRD_GRP_004"",""TRD_GRP_005"",""TRD_GRP_006"",""TRD_GRP_015"",""TRD_GRP_016"",""TRD_GRP_017"",""TRD_GRP_018"",""TRD_GRP_019"",""TRD_GRP_020"",""TRD_GRP_021"",""TRD_GRP_022"",""TRD_GRP_023"",""TRD_GRP_024"",""TRD_GRP_025"",""TRD_GRP_049"",""TRD_GRP_050"",""TRD_GRP_051"",""TRD_GRP_052"",""TRD_GRP_053"",""TRD_GRP_054"",""TRD_GRP_055"",""TRD_GRP_056"",""TRD_GRP_057"",""TRD_GRP_058"",""TRD_GRP_059"",""TRD_GRP_060"",""TRD_GRP_061"",""TRD_GRP_062"",""TRD_GRP_063"",""TRD_GRP_064"",""TRD_GRP_065"",""TRD_GRP_066"",""TRD_GRP_067"",""TRD_GRP_068"",""TRD_GRP_069"",""TRD_GRP_070"",""TRD_GRP_071"",""TRD_GRP_072"",""TRD_GRP_073"",""TRD_GRP_074"",""TRD_GRP_075"",""TRD_GRP_076"",""TRD_GRP_077"",""TRD_GRP_078"",""TRD_GRP_079"",""TRD_GRP_080"",""TRD_GRP_081"",""TRD_GRP_082"",""TRD_GRP_083"",""TRD_GRP_084"",""TRD_GRP_085"",""TRD_GRP_086"",""TRD_GRP_087"",""TRD_GRP_088"",""TRD_GRP_089"",""TRD_GRP_090"",""TRD_GRP_091"",""TRD_GRP_092"",""TRD_GRP_093"",""TRD_GRP_094"",""TRD_GRP_095"",""TRD_GRP_096"",""TRD_GRP_097"",""TRD_GRP_098"",""TRD_GRP_099"",""TRD_GRP_100"",""TRD_GRP_101"",""TRD_GRP_102"",""TRD_GRP_103"",""TRD_GRP_104"",""TRD_GRP_105"",""TRD_GRP_106"",""TRD_GRP_107"",""TRD_GRP_108"",""TRD_GRP_109"",""TRD_GRP_110"",""TRD_GRP_111"",""TRD_GRP_112"",""TRD_GRP_113"",""TRD_GRP_114"",""TRD_GRP_115"",""TRD_GRP_116"",""TRD_GRP_117"",""TRD_GRP_118"",""TRD_GRP_119"",""TRD_GRP_120"",""TRD_GRP_121"",""TRD_GRP_122"",""TRD_GRP_123"",""TRD_GRP_124"",""TRD_GRP_125"",""TRD_GRP_126"",""TRD_GRP_127"",""TRD_GRP_128"",""TRD_GRP_129"",""TRD_GRP_130"",""TRD_GRP_131"",""TRD_GRP_132"",""TRD_GRP_133"",""TRD_GRP_134"",""TRD_GRP_135"",""TRD_GRP_136"",""TRD_GRP_137"",""TRD_GRP_138"",""TRD_GRP_139"",""TRD_GRP_140"",""TRD_GRP_141"",""TRD_GRP_142"",""TRD_GRP_143"",""TRD_GRP_144"",""TRD_GRP_145"",""TRD_GRP_146"",""TRD_GRP_147"",""TRD_GRP_148"",""TRD_GRP_149"",""TRD_GRP_150"",""TRD_GRP_151"",""TRD_GRP_152"",""TRD_GRP_153"",""TRD_GRP_154"",""TRD_GRP_155"",""TRD_GRP_156"",""TRD_GRP_157"",""TRD_GRP_158"",""TRD_GRP_159"",""TRD_GRP_160"",""TRD_GRP_161"",""TRD_GRP_162"",""TRD_GRP_163"",""TRD_GRP_164"",""TRD_GRP_165"",""TRD_GRP_166"",""TRD_GRP_167"",""TRD_GRP_168"",""TRD_GRP_169"",""TRD_GRP_170"",""TRD_GRP_171"",""TRD_GRP_172"",""TRD_GRP_173"",""TRD_GRP_174"",""TRD_GRP_175"",""TRD_GRP_176"",""TRD_GRP_177"",""TRD_GRP_178"",""TRD_GRP_179"",""TRD_GRP_180"",""TRD_GRP_181"",""TRD_GRP_182"",""TRD_GRP_183"",""TRD_GRP_184"",""TRD_GRP_185"",""TRD_GRP_186"",""TRD_GRP_187"",""TRD_GRP_188"",""TRD_GRP_189"",""TRD_GRP_190"",""TRD_GRP_191"",""TRD_GRP_192"",""TRD_GRP_193"",""TRD_GRP_194"",""TRD_GRP_195"",""TRD_GRP_196"",""TRD_GRP_197"",""TRD_GRP_198"",""TRD_GRP_199"",""TRD_GRP_200"",""TRD_GRP_201"",""TRD_GRP_202"",""TRD_GRP_203"",""TRD_GRP_204"",""TRD_GRP_205"",""TRD_GRP_206"",""TRD_GRP_207"",""TRD_GRP_208"",""TRD_GRP_209"",""TRD_GRP_210"",""TRD_GRP_211"",""TRD_GRP_212"",""TRD_GRP_213"",""TRD_GRP_214"",""TRD_GRP_215"",""TRD_GRP_216"",""TRD_GRP_217"",""TRD_GRP_218"",""TRD_GRP_219"",""TRD_GRP_220"",""TRD_GRP_221"",""TRD_GRP_222"",""TRD_GRP_223"",""TRD_GRP_224"",""TRD_GRP_225"",""TRD_GRP_226"",""TRD_GRP_227"",""TRD_GRP_228"",""TRD_GRP_229"",""TRD_GRP_230"",""TRD_GRP_231"",""TRD_GRP_232"",""TRD_GRP_233"",""TRD_GRP_234"",""TRD_GRP_235"",""TRD_GRP_236"",""TRD_GRP_237"",""TRD_GRP_238"",""TRD_GRP_239"",""TRD_GRP_240"",""TRD_GRP_242"",""TRD_GRP_243"",""TRD_GRP_244"",""TRD_GRP_245"",""TRD_GRP_246"",""TRD_GRP_247"",""TRD_GRP_248"",""TRD_GRP_249"",""TRD_GRP_250"",""TRD_GRP_251"",""TRD_GRP_252"",""TRD_GRP_253"",""TRD_GRP_256"",""TRD_GRP_258""]]",EXPIRE_TAKER|EXPIRE_MAKER|EXPIRE_BOTH|DECREMENT|TRANSFER,0.00010000,1000.00000000,0.00010000,0.10000000,900000.00000000,0.10000000,100,0.00000000,1801748.79708333,0.00000000,10,2000,10,2000,1.2,0.5,2,0.8,5,5.00000000,true,9000000.00000000,false,5,200,20,5,10
ALGOUSDT,Sample,542,0,0,false,0,0,TRADING,ALGO,USDT,8,8,8,8,8,true,true,true,true,true,true,true,true,true,true,true,EXPIRE_MAKER,LIMIT|LIMIT_MAKER|MARKET|STOP_LOSS|STOP_LOSS_LIMIT|TAKE_PROFIT|TAKE_PROFIT_LIMIT,,"[[""SPOT"",""MARGIN"",""TRD_GRP_004"",""TRD_GRP_005"",""TRD_GRP_006"",""TRD_GRP_015"",""TRD_GRP_016"",""TRD_GRP_017"",""TRD_GRP_018"",""TRD_GRP_019"",""TRD_GRP_020"",""TRD_GRP_021"",""TRD_GRP_022"",""TRD_GRP_023"",""TRD_GRP_024"",""TRD_GRP_025"",""TRD_GRP_049"",""TRD_GRP_050"",""TRD_GRP_051"",""TRD_GRP_052"",""TRD_GRP_053"",""TRD_GRP_054"",""TRD_GRP_055"",""TRD_GRP_056"",""TRD_GRP_057"",""TRD_GRP_058"",""TRD_GRP_059"",""TRD_GRP_060"",""TRD_GRP_061"",""TRD_GRP_062"",""TRD_GRP_063"",""TRD_GRP_064"",""TRD_GRP_065"",""TRD_GRP_066"",""TRD_GRP_067"",""TRD_GRP_068"",""TRD_GRP_069"",""TRD_GRP_070"",""TRD_GRP_071"",""TRD_GRP_072"",""TRD_GRP_073"",""TRD_GRP_074"",""TRD_GRP_075"",""TRD_GRP_076"",""TRD_GRP_077"",""TRD_GRP_078"",""TRD_GRP_079"",""TRD_GRP_080"",""TRD_GRP_081"",""TRD_GRP_082"",""TRD_GRP_083"",""TRD_GRP_084"",""TRD_GRP_085"",""TRD_GRP_086"",""TRD_GRP_087"",""TRD_GRP_088"",""TRD_GRP_089"",""TRD_GRP_090"",""TRD_GRP_091"",""TRD_GRP_092"",""TRD_GRP_093"",""TRD_GRP_094"",""TRD_GRP_095"",""TRD_GRP_096"",""TRD_GRP_097"",""TRD_GRP_098"",""TRD_GRP_099"",""TRD_GRP_100"",""TRD_GRP_101"",""TRD_GRP_102"",""TRD_GRP_103"",""TRD_GRP_104"",""TRD_GRP_105"",""TRD_GRP_106"",""TRD_GRP_107"",""TRD_GRP_108"",""TRD_GRP_109"",""TRD_GRP_110"",""TRD_GRP_111"",""TRD_GRP_112"",""TRD_GRP_113"",""TRD_GRP_114"",""TRD_GRP_115"",""TRD_GRP_116"",""TRD_GRP_117"",""TRD_GRP_118"",""TRD_GRP_119"",""TRD_GRP_120"",""TRD_GRP_121"",""TRD_GRP_122"",""TRD_GRP_123"",""TRD_GRP_124"",""TRD_GRP_125"",""TRD_GRP_126"",""TRD_GRP_127"",""TRD_GRP_128"",""TRD_GRP_129"",""TRD_GRP_130"",""TRD_GRP_131"",""TRD_GRP_132"",""TRD_GRP_133"",""TRD_GRP_134"",""TRD_GRP_135"",""TRD_GRP_136"",""TRD_GRP_137"",""TRD_GRP_138"",""TRD_GRP_139"",""TRD_GRP_140"",""TRD_GRP_141"",""TRD_GRP_142"",""TRD_GRP_143"",""TRD_GRP_144"",""TRD_GRP_145"",""TRD_GRP_146"",""TRD_GRP_147"",""TRD_GRP_148"",""TRD_GRP_149"",""TRD_GRP_150"",""TRD_GRP_151"",""TRD_GRP_152"",""TRD_GRP_153"",""TRD_GRP_154"",""TRD_GRP_155"",""TRD_GRP_156"",""TRD_GRP_157"",""TRD_GRP_158"",""TRD_GRP_159"",""TRD_GRP_160"",""TRD_GRP_161"",""TRD_GRP_162"",""TRD_GRP_163"",""TRD_GRP_164"",""TRD_GRP_165"",""TRD_GRP_166"",""TRD_GRP_167"",""TRD_GRP_168"",""TRD_GRP_169"",""TRD_GRP_170"",""TRD_GRP_171"",""TRD_GRP_172"",""TRD_GRP_173"",""TRD_GRP_174"",""TRD_GRP_175"",""TRD_GRP_176"",""TRD_GRP_177"",""TRD_GRP_178"",""TRD_GRP_179"",""TRD_GRP_180"",""TRD_GRP_181"",""TRD_GRP_182"",""TRD_GRP_183"",""TRD_GRP_184"",""TRD_GRP_185"",""TRD_GRP_186"",""TRD_GRP_187"",""TRD_GRP_188"",""TRD_GRP_189"",""TRD_GRP_190"",""TRD_GRP_191"",""TRD_GRP_192"",""TRD_GRP_193"",""TRD_GRP_194"",""TRD_GRP_195"",""TRD_GRP_196"",""TRD_GRP_197"",""TRD_GRP_198"",""TRD_GRP_199"",""TRD_GRP_200"",""TRD_GRP_201"",""TRD_GRP_202"",""TRD_GRP_203"",""TRD_GRP_204"",""TRD_GRP_205"",""TRD_GRP_206"",""TRD_GRP_207"",""TRD_GRP_208"",""TRD_GRP_209"",""TRD_GRP_210"",""TRD_GRP_211"",""TRD_GRP_212"",""TRD_GRP_213"",""TRD_GRP_214"",""TRD_GRP_215"",""TRD_GRP_216"",""TRD_GRP_217"",""TRD_GRP_218"",""TRD_GRP_219"",""TRD_GRP_220"",""TRD_GRP_221"",""TRD_GRP_222"",""TRD_GRP_223"",""TRD_GRP_224"",""TRD_GRP_225"",""TRD_GRP_226"",""TRD_GRP_227"",""TRD_GRP_228"",""TRD_GRP_229"",""TRD_GRP_230"",""TRD_GRP_231"",""TRD_GRP_232"",""TRD_GRP_233"",""TRD_GRP_234"",""TRD_GRP_235"",""TRD_GRP_236"",""TRD_GRP_237"",""TRD_GRP_238"",""TRD_GRP_239"",""TRD_GRP_240"",""TRD_GRP_242"",""TRD_GRP_243"",""TRD_GRP_244"",""TRD_GRP_245"",""TRD_GRP_246"",""TRD_GRP_247"",""TRD_GRP_248"",""TRD_GRP_249"",""TRD_GRP_250"",""TRD_GRP_251"",""TRD_GRP_252"",""TRD_GRP_253"",""TRD_GRP_256"",""TRD_GRP_258""]]",EXPIRE_TAKER|EXPIRE_MAKER|EXPIRE_BOTH|DECREMENT|TRANSFER,0.00010000,100000.00000000,0.00010000,1.00000000,922327.00000000,1.00000000,100,0.00000000,878957.67500000,0.00000000,10,2000,10,2000,1.2,0.5,2,0.8,5,5.00000000,true,9000000.00000000,false,5,200,20,5,10
ANKRUSDT,Sample,570,0,0,false,0,0,TRADING,ANKR,USDT,8,8,8,8,8,true,true,true,true,true,true,true,true,true,true,true,EXPIRE_MAKER,LIMIT|LIMIT_MAKER|MARKET|STOP_LOSS|STOP_LOSS_LIMIT|TAKE_PROFIT|TAKE_PROFIT_LIMIT,,"[[""SPOT"",""MARGIN"",""TRD_GRP_004"",""TRD_GRP_005"",""TRD_GRP_006"",""TRD_GRP_015"",""TRD_GRP_016"",""TRD_GRP_017"",""TRD_GRP_018"",""TRD_GRP_019"",""TRD_GRP_020"",""TRD_GRP_021"",""TRD_GRP_022"",""TRD_GRP_023"",""TRD_GRP_024"",""TRD_GRP_025"",""TRD_GRP_049"",""TRD_GRP_050"",""TRD_GRP_051"",""TRD_GRP_052"",""TRD_GRP_053"",""TRD_GRP_054"",""TRD_GRP_055"",""TRD_GRP_056"",""TRD_GRP_057"",""TRD_GRP_058"",""TRD_GRP_059"",""TRD_GRP_060"",""TRD_GRP_061"",""TRD_GRP_062"",""TRD_GRP_063"",""TRD_GRP_064"",""TRD_GRP_065"",""TRD_GRP_066"",""TRD_GRP_067"",""TRD_GRP_068"",""TRD_GRP_069"",""TRD_GRP_070"",""TRD_GRP_071"",""TRD_GRP_072"",""TRD_GRP_073"",""TRD_GRP_074"",""TRD_GRP_075"",""TRD_GRP_076"",""TRD_GRP_077"",""TRD_GRP_078"",""TRD_GRP_079"",""TRD_GRP_080"",""TRD_GRP_081"",""TRD_GRP_082"",""TRD_GRP_083"",""TRD_GRP_084"",""TRD_GRP_085"",""TRD_GRP_086"",""TRD_GRP_087"",""TRD_GRP_088"",""TRD_GRP_089"",""TRD_GRP_090"",""TRD_GRP_091"",""TRD_GRP_092"",""TRD_GRP_093"",""TRD_GRP_094"",""TRD_GRP_095"",""TRD_GRP_096"",""TRD_GRP_097"",""TRD_GRP_098"",""TRD_GRP_099"",""TRD_GRP_100"",""TRD_GRP_101"",""TRD_GRP_102"",""TRD_GRP_103"",""TRD_GRP_104"",""TRD_GRP_105"",""TRD_GRP_106"",""TRD_GRP_107"",""TRD_GRP_108"",""TRD_GRP_109"",""TRD_GRP_110"",""TRD_GRP_111"",""TRD_GRP_112"",""TRD_GRP_113"",""TRD_GRP_114"",""TRD_GRP_115"",""TRD_GRP_116"",""TRD_GRP_117"",""TRD_GRP_118"",""TRD_GRP_119"",""TRD_GRP_120"",""TRD_GRP_121"",""TRD_GRP_122"",""TRD_GRP_123"",""TRD_GRP_124"",""TRD_GRP_125"",""TRD_GRP_126"",""TRD_GRP_127"",""TRD_GRP_128"",""TRD_GRP_129"",""TRD_GRP_130"",""TRD_GRP_131"",""TRD_GRP_132"",""TRD_GRP_133"",""TRD_GRP_134"",""TRD_GRP_135"",""TRD_GRP_136"",""TRD_GRP_137"",""TRD_GRP_138"",""TRD_GRP_139"",""TRD_GRP_140"",""TRD_GRP_141"",""TRD_GRP_142"",""TRD_GRP_143"",""TRD_GRP_144"",""TRD_GRP_145"",""TRD_GRP_146"",""TRD_GRP_147"",""TRD_GRP_148"",""TRD_GRP_149"",""TRD_GRP_150"",""TRD_GRP_151"",""TRD_GRP_152"",""TRD_GRP_153"",""TRD_GRP_154"",""TRD_GRP_155"",""TRD_GRP_156"",""TRD_GRP_157"",""TRD_GRP_158"",""TRD_GRP_159"",""TRD_GRP_160"",""TRD_GRP_161"",""TRD_GRP_162"",""TRD_GRP_163"",""TRD_GRP_164"",""TRD_GRP_165"",""TRD_GRP_166"",""TRD_GRP_167"",""TRD_GRP_168"",""TRD_GRP_169"",""TRD_GRP_170"",""TRD_GRP_171"",""TRD_GRP_172"",""TRD_GRP_173"",""TRD_GRP_174"",""TRD_GRP_175"",""TRD_GRP_176"",""TRD_GRP_177"",""TRD_GRP_178"",""TRD_GRP_179"",""TRD_GRP_180"",""TRD_GRP_181"",""TRD_GRP_182"",""TRD_GRP_183"",""TRD_GRP_184"",""TRD_GRP_185"",""TRD_GRP_186"",""TRD_GRP_187"",""TRD_GRP_188"",""TRD_GRP_189"",""TRD_GRP_190"",""TRD_GRP_191"",""TRD_GRP_192"",""TRD_GRP_193"",""TRD_GRP_194"",""TRD_GRP_195"",""TRD_GRP_196"",""TRD_GRP_197"",""TRD_GRP_198"",""TRD_GRP_199"",""TRD_GRP_200"",""TRD_GRP_201"",""TRD_GRP_202"",""TRD_GRP_203"",""TRD_GRP_204"",""TRD_GRP_205"",""TRD_GRP_206"",""TRD_GRP_207"",""TRD_GRP_208"",""TRD_GRP_209"",""TRD_GRP_210"",""TRD_GRP_211"",""TRD_GRP_212"",""TRD_GRP_213"",""TRD_GRP_214"",""TRD_GRP_215"",""TRD_GRP_216"",""TRD_GRP_217"",""TRD_GRP_218"",""TRD_GRP_219"",""TRD_GRP_220"",""TRD_GRP_221"",""TRD_GRP_222"",""TRD_GRP_223"",""TRD_GRP_224"",""TRD_GRP_225"",""TRD_GRP_226"",""TRD_GRP_227"",""TRD_GRP_228"",""TRD_GRP_229"",""TRD_GRP_230"",""TRD_GRP_231"",""TRD_GRP_232"",""TRD_GRP_233"",""TRD_GRP_234"",""TRD_GRP_235"",""TRD_GRP_236"",""TRD_GRP_237"",""TRD_GRP_238"",""TRD_GRP_239"",""TRD_GRP_240"",""TRD_GRP_242"",""TRD_GRP_243"",""TRD_GRP_244"",""TRD_GRP_245"",""TRD_GRP_246"",""TRD_GRP_247"",""TRD_GRP_248"",""TRD_GRP_249"",""TRD_GRP_250"",""TRD_GRP_251"",""TRD_GRP_252"",""TRD_GRP_253"",""TRD_GRP_256"",""TRD_GRP_258""]]",EXPIRE_TAKER|EXPIRE_MAKER|EXPIRE_BOTH|DECREMENT|TRANSFER,0.00001000,1000.00000000,0.00001000,0.10000000,9000000.00000000,0.10000000,100,0.00000000,5485703.49875000,0.00000000,10,2000,10,2000,1.2,0.5,2,0.8,5,5.00000000,true,9000000.00000000,false,5,200,20,5,10
ARPAUSDT,Sample,649,0,0,false,0,0,TRADING,ARPA,USDT,8,8,8,8,8,true,true,true,true,true,true,true,true,true,true,true,EXPIRE_MAKER,LIMIT|LIMIT_MAKER|MARKET|STOP_LOSS|STOP_LOSS_LIMIT|TAKE_PROFIT|TAKE_PROFIT_LIMIT,,"[[""SPOT"",""MARGIN"",""TRD_GRP_004"",""TRD_GRP_005"",""TRD_GRP_006"",""TRD_GRP_015"",""TRD_GRP_016"",""TRD_GRP_017"",""TRD_GRP_018"",""TRD_GRP_019"",""TRD_GRP_020"",""TRD_GRP_021"",""TRD_GRP_022"",""TRD_GRP_023"",""TRD_GRP_024"",""TRD_GRP_025"",""TRD_GRP_049"",""TRD_GRP_050"",""TRD_GRP_051"",""TRD_GRP_052"",""TRD_GRP_053"",""TRD_GRP_054"",""TRD_GRP_055"",""TRD_GRP_056"",""TRD_GRP_057"",""TRD_GRP_058"",""TRD_GRP_059"",""TRD_GRP_060"",""TRD_GRP_061"",""TRD_GRP_062"",""TRD_GRP_063"",""TRD_GRP_064"",""TRD_GRP_065"",""TRD_GRP_066"",""TRD_GRP_067"",""TRD_GRP_068"",""TRD_GRP_069"",""TRD_GRP_070"",""TRD_GRP_071"",""TRD_GRP_072"",""TRD_GRP_073"",""TRD_GRP_074"",""TRD_GRP_075"",""TRD_GRP_076"",""TRD_GRP_077"",""TRD_GRP_078"",""TRD_GRP_079"",""TRD_GRP_080"",""TRD_GRP_081"",""TRD_GRP_082"",""TRD_GRP_083"",""TRD_GRP_084"",""TRD_GRP_085"",""TRD_GRP_086"",""TRD_GRP_087"",""TRD_GRP_088"",""TRD_GRP_089"",""TRD_GRP_090"",""TRD_GRP_091"",""TRD_GRP_092"",""TRD_GRP_093"",""TRD_GRP_094"",""TRD_GRP_095"",""TRD_GRP_096"",""TRD_GRP_097"",""TRD_GRP_098"",""TRD_GRP_099"",""TRD_GRP_100"",""TRD_GRP_101"",""TRD_GRP_102"",""TRD_GRP_103"",""TRD_GRP_104"",""TRD_GRP_105"",""TRD_GRP_106"",""TRD_GRP_107"",""TRD_GRP_108"",""TRD_GRP_109"",""TRD_GRP_110"",""TRD_GRP_111"",""TRD_GRP_112"",""TRD_GRP_113"",""TRD_GRP_114"",""TRD_GRP_115"",""TRD_GRP_116"",""TRD_GRP_117"",""TRD_GRP_118"",""TRD_GRP_119"",""TRD_GRP_120"",""TRD_GRP_121"",""TRD_GRP_122"",""TRD_GRP_123"",""TRD_GRP_124"",""TRD_GRP_125"",""TRD_GRP_126"",""TRD_GRP_127"",""TRD_GRP_128"",""TRD_GRP_129"",""TRD_GRP_130"",""TRD_GRP_131"",""TRD_GRP_132"",""TRD_GRP_133"",""TRD_GRP_134"",""TRD_GRP_135"",""TRD_GRP_136"",""TRD_GRP_137"",""TRD_GRP_138"",""TRD_GRP_139"",""TRD_GRP_140"",""TRD_GRP_141"",""TRD_GRP_142"",""TRD_GRP_143"",""TRD_GRP_144"",""TRD_GRP_145"",""TRD_GRP_146"",""TRD_GRP_147"",""TRD_GRP_148"",""TRD_GRP_149"",""TRD_GRP_150"",""TRD_GRP_151"",""TRD_GRP_152"",""TRD_GRP_153"",""TRD_GRP_154"",""TRD_GRP_155"",""TRD_GRP_156"",""TRD_GRP_157"",""TRD_GRP_158"",""TRD_GRP_159"",""TRD_GRP_160"",""TRD_GRP_161"",""TRD_GRP_162"",""TRD_GRP_163"",""TRD_GRP_164"",""TRD_GRP_165"",""TRD_GRP_166"",""TRD_GRP_167"",""TRD_GRP_168"",""TRD_GRP_169"",""TRD_GRP_170"",""TRD_GRP_171"",""TRD_GRP_172"",""TRD_GRP_173"",""TRD_GRP_174"",""TRD_GRP_175"",""TRD_GRP_176"",""TRD_GRP_177"",""TRD_GRP_178"",""TRD_GRP_179"",""TRD_GRP_180"",""TRD_GRP_181"",""TRD_GRP_182"",""TRD_GRP_183"",""TRD_GRP_184"",""TRD_GRP_185"",""TRD_GRP_186"",""TRD_GRP_187"",""TRD_GRP_188"",""TRD_GRP_189"",""TRD_GRP_190"",""TRD_GRP_191"",""TRD_GRP_192"",""TRD_GRP_193"",""TRD_GRP_194"",""TRD_GRP_195"",""TRD_GRP_196"",""TRD_GRP_197"",""TRD_GRP_198"",""TRD_GRP_199"",""TRD_GRP_200"",""TRD_GRP_201"",""TRD_GRP_202"",""TRD_GRP_203"",""TRD_GRP_204"",""TRD_GRP_205"",""TRD_GRP_206"",""TRD_GRP_207"",""TRD_GRP_208"",""TRD_GRP_209"",""TRD_GRP_210"",""TRD_GRP_211"",""TRD_GRP_212"",""TRD_GRP_213"",""TRD_GRP_214"",""TRD_GRP_215"",""TRD_GRP_216"",""TRD_GRP_217"",""TRD_GRP_218"",""TRD_GRP_219"",""TRD_GRP_220"",""TRD_GRP_221"",""TRD_GRP_222"",""TRD_GRP_223"",""TRD_GRP_224"",""TRD_GRP_225"",""TRD_GRP_226"",""TRD_GRP_227"",""TRD_GRP_228"",""TRD_GRP_229"",""TRD_GRP_230"",""TRD_GRP_231"",""TRD_GRP_232"",""TRD_GRP_233"",""TRD_GRP_234"",""TRD_GRP_235"",""TRD_GRP_236"",""TRD_GRP_237"",""TRD_GRP_238"",""TRD_GRP_239"",""TRD_GRP_240"",""TRD_GRP_242"",""TRD_GRP_243"",""TRD_GRP_244"",""TRD_GRP_245"",""TRD_GRP_246"",""TRD_GRP_247"",""TRD_GRP_248"",""TRD_GRP_249"",""TRD_GRP_250"",""TRD_GRP_251"",""TRD_GRP_252"",""TRD_GRP_253"",""TRD_GRP_256"",""TRD_GRP_258""]]",EXPIRE_TAKER|EXPIRE_MAKER|EXPIRE_BOTH|DECREMENT|TRANSFER,0.00001000,1000.00000000,0.00001000,0.10000000,9000000.00000000,0.10000000,100,0.00000000,941692.50791666,0.00000000,10,2000,10,2000,1.2,0.5,2,0.8,5,5.00000000,true,9000000.00000000,false,5,200,20,5,10
BANDUSDT,Sample,613,0,0,false,0,0,TRADING,BAND,USDT,8,8,8,8,8,true,true,true,true,true,true,true,true,true,true,true,EXPIRE_MAKER,LIMIT|LIMIT_MAKER|MARKET|STOP_LOSS|STOP_LOSS_LIMIT|TAKE_PROFIT|TAKE_PROFIT_LIMIT,,"[[""SPOT"",""MARGIN"",""TRD_GRP_004"",""TRD_GRP_005"",""TRD_GRP_006"",""TRD_GRP_015"",""TRD_GRP_016"",""TRD_GRP_017"",""TRD_GRP_018"",""TRD_GRP_019"",""TRD_GRP_020"",""TRD_GRP_021"",""TRD_GRP_022"",""TRD_GRP_023"",""TRD_GRP_024"",""TRD_GRP_025"",""TRD_GRP_049"",""TRD_GRP_050"",""TRD_GRP_051"",""TRD_GRP_052"",""TRD_GRP_053"",""TRD_GRP_054"",""TRD_GRP_055"",""TRD_GRP_056"",""TRD_GRP_057"",""TRD_GRP_058"",""TRD_GRP_059"",""TRD_GRP_060"",""TRD_GRP_061"",""TRD_GRP_062"",""TRD_GRP_063"",""TRD_GRP_064"",""TRD_GRP_065"",""TRD_GRP_066"",""TRD_GRP_067"",""TRD_GRP_068"",""TRD_GRP_069"",""TRD_GRP_070"",""TRD_GRP_071"",""TRD_GRP_072"",""TRD_GRP_073"",""TRD_GRP_074"",""TRD_GRP_075"",""TRD_GRP_076"",""TRD_GRP_077"",""TRD_GRP_078"",""TRD_GRP_079"",""TRD_GRP_080"",""TRD_GRP_081"",""TRD_GRP_082"",""TRD_GRP_083"",""TRD_GRP_084"",""TRD_GRP_085"",""TRD_GRP_086"",""TRD_GRP_087"",""TRD_GRP_088"",""TRD_GRP_089"",""TRD_GRP_090"",""TRD_GRP_091"",""TRD_GRP_092"",""TRD_GRP_093"",""TRD_GRP_094"",""TRD_GRP_095"",""TRD_GRP_096"",""TRD_GRP_097"",""TRD_GRP_098"",""TRD_GRP_099"",""TRD_GRP_100"",""TRD_GRP_101"",""TRD_GRP_102"",""TRD_GRP_103"",""TRD_GRP_104"",""TRD_GRP_105"",""TRD_GRP_106"",""TRD_GRP_107"",""TRD_GRP_108"",""TRD_GRP_109"",""TRD_GRP_110"",""TRD_GRP_111"",""TRD_GRP_112"",""TRD_GRP_113"",""TRD_GRP_114"",""TRD_GRP_115"",""TRD_GRP_116"",""TRD_GRP_117"",""TRD_GRP_118"",""TRD_GRP_119"",""TRD_GRP_120"",""TRD_GRP_121"",""TRD_GRP_122"",""TRD_GRP_123"",""TRD_GRP_124"",""TRD_GRP_125"",""TRD_GRP_126"",""TRD_GRP_127"",""TRD_GRP_128"",""TRD_GRP_129"",""TRD_GRP_130"",""TRD_GRP_131"",""TRD_GRP_132"",""TRD_GRP_133"",""TRD_GRP_134"",""TRD_GRP_135"",""TRD_GRP_136"",""TRD_GRP_137"",""TRD_GRP_138"",""TRD_GRP_139"",""TRD_GRP_140"",""TRD_GRP_141"",""TRD_GRP_142"",""TRD_GRP_143"",""TRD_GRP_144"",""TRD_GRP_145"",""TRD_GRP_146"",""TRD_GRP_147"",""TRD_GRP_148"",""TRD_GRP_149"",""TRD_GRP_150"",""TRD_GRP_151"",""TRD_GRP_152"",""TRD_GRP_153"",""TRD_GRP_154"",""TRD_GRP_155"",""TRD_GRP_156"",""TRD_GRP_157"",""TRD_GRP_158"",""TRD_GRP_159"",""TRD_GRP_160"",""TRD_GRP_161"",""TRD_GRP_162"",""TRD_GRP_163"",""TRD_GRP_164"",""TRD_GRP_165"",""TRD_GRP_166"",""TRD_GRP_167"",""TRD_GRP_168"",""TRD_GRP_169"",""TRD_GRP_170"",""TRD_GRP_171"",""TRD_GRP_172"",""TRD_GRP_173"",""TRD_GRP_174"",""TRD_GRP_175"",""TRD_GRP_176"",""TRD_GRP_177"",""TRD_GRP_178"",""TRD_GRP_179"",""TRD_GRP_180"",""TRD_GRP_181"",""TRD_GRP_182"",""TRD_GRP_183"",""TRD_GRP_184"",""TRD_GRP_185"",""TRD_GRP_186"",""TRD_GRP_187"",""TRD_GRP_188"",""TRD_GRP_189"",""TRD_GRP_190"",""TRD_GRP_191"",""TRD_GRP_192"",""TRD_GRP_193"",""TRD_GRP_194"",""TRD_GRP_195"",""TRD_GRP_196"",""TRD_GRP_197"",""TRD_GRP_198"",""TRD_GRP_199"",""TRD_GRP_200"",""TRD_GRP_201"",""TRD_GRP_202"",""TRD_GRP_203"",""TRD_GRP_204"",""TRD_GRP_205"",""TRD_GRP_206"",""TRD_GRP_207"",""TRD_GRP_208"",""TRD_GRP_209"",""TRD_GRP_210"",""TRD_GRP_211"",""TRD_GRP_212"",""TRD_GRP_213"",""TRD_GRP_214"",""TRD_GRP_215"",""TRD_GRP_216"",""TRD_GRP_217"",""TRD_GRP_218"",""TRD_GRP_219"",""TRD_GRP_220"",""TRD_GRP_221"",""TRD_GRP_222"",""TRD_GRP_223"",""TRD_GRP_224"",""TRD_GRP_225"",""TRD_GRP_226"",""TRD_GRP_227"",""TRD_GRP_228"",""TRD_GRP_229"",""TRD_GRP_230"",""TRD_GRP_231"",""TRD_GRP_232"",""TRD_GRP_233"",""TRD_GRP_234"",""TRD_GRP_235"",""TRD_GRP_236"",""TRD_GRP_237"",""TRD_GRP_238"",""TRD_GRP_239"",""TRD_GRP_240"",""TRD_GRP_242"",""TRD_GRP_243"",""TRD_GRP_244"",""TRD_GRP_245"",""TRD_GRP_246"",""TRD_GRP_247"",""TRD_GRP_248"",""TRD_GRP_249"",""TRD_GRP_250"",""TRD_GRP_251"",""TRD_GRP_252"",""TRD_GRP_253"",""TRD_GRP_256"",""TRD_GRP_258""]]",EXPIRE_TAKER|EXPIRE_MAKER|EXPIRE_BOTH|DECREMENT|TRANSFER,0.00010000,10000.00000000,0.00010000,0.10000000,90000.00000000,0.10000000,100,0.00000000,33315.68666666,0.00000000,10,2000,10,2000,1.2,0.5,2,0.8,5,5.00000000,true,9000000.00000000,false,5,200,20,5,10
CELRUSDT,Sample,485,0,0,false,0,0,TRADING,CELR,USDT,8,8,8,8,8,true,true,true,true,true,true,true,true,true,true,true,EXPIRE_MAKER,LIMIT|LIMIT_MAKER|MARKET|STOP_LOSS|STOP_LOSS_LIMIT|TAKE_PROFIT|TAKE_PROFIT_LIMIT,,"[[""SPOT"",""MARGIN"",""TRD_GRP_004"",""TRD_GRP_005"",""TRD_GRP_006"",""TRD_GRP_015"",""TRD_GRP_016"",""TRD_GRP_017"",""TRD_GRP_018"",""TRD_GRP_019"",""TRD_GRP_020"",""TRD_GRP_021"",""TRD_GRP_022"",""TRD_GRP_023"",""TRD_GRP_024"",""TRD_GRP_025"",""TRD_GRP_049"",""TRD_GRP_050"",""TRD_GRP_051"",""TRD_GRP_052"",""TRD_GRP_053"",""TRD_GRP_054"",""TRD_GRP_055"",""TRD_GRP_056"",""TRD_GRP_057"",""TRD_GRP_058"",""TRD_GRP_059"",""TRD_GRP_060"",""TRD_GRP_061"",""TRD_GRP_062"",""TRD_GRP_063"",""TRD_GRP_064"",""TRD_GRP_065"",""TRD_GRP_066"",""TRD_GRP_067"",""TRD_GRP_068"",""TRD_GRP_069"",""TRD_GRP_070"",""TRD_GRP_071"",""TRD_GRP_072"",""TRD_GRP_073"",""TRD_GRP_074"",""TRD_GRP_075"",""TRD_GRP_076"",""TRD_GRP_077"",""TRD_GRP_078"",""TRD_GRP_079"",""TRD_GRP_080"",""TRD_GRP_081"",""TRD_GRP_082"",""TRD_GRP_083"",""TRD_GRP_084"",""TRD_GRP_085"",""TRD_GRP_086"",""TRD_GRP_087"",""TRD_GRP_088"",""TRD_GRP_089"",""TRD_GRP_090"",""TRD_GRP_091"",""TRD_GRP_092"",""TRD_GRP_093"",""TRD_GRP_094"",""TRD_GRP_095"",""TRD_GRP_096"",""TRD_GRP_097"",""TRD_GRP_098"",""TRD_GRP_099"",""TRD_GRP_100"",""TRD_GRP_101"",""TRD_GRP_102"",""TRD_GRP_103"",""TRD_GRP_104"",""TRD_GRP_105"",""TRD_GRP_106"",""TRD_GRP_107"",""TRD_GRP_108"",""TRD_GRP_109"",""TRD_GRP_110"",""TRD_GRP_111"",""TRD_GRP_112"",""TRD_GRP_113"",""TRD_GRP_114"",""TRD_GRP_115"",""TRD_GRP_116"",""TRD_GRP_117"",""TRD_GRP_118"",""TRD_GRP_119"",""TRD_GRP_120"",""TRD_GRP_121"",""TRD_GRP_122"",""TRD_GRP_123"",""TRD_GRP_124"",""TRD_GRP_125"",""TRD_GRP_126"",""TRD_GRP_127"",""TRD_GRP_128"",""TRD_GRP_129"",""TRD_GRP_130"",""TRD_GRP_131"",""TRD_GRP_132"",""TRD_GRP_133"",""TRD_GRP_134"",""TRD_GRP_135"",""TRD_GRP_136"",""TRD_GRP_137"",""TRD_GRP_138"",""TRD_GRP_139"",""TRD_GRP_140"",""TRD_GRP_141"",""TRD_GRP_142"",""TRD_GRP_143"",""TRD_GRP_144"",""TRD_GRP_145"",""TRD_GRP_146"",""TRD_GRP_147"",""TRD_GRP_148"",""TRD_GRP_149"",""TRD_GRP_150"",""TRD_GRP_151"",""TRD_GRP_152"",""TRD_GRP_153"",""TRD_GRP_154"",""TRD_GRP_155"",""TRD_GRP_156"",""TRD_GRP_157"",""TRD_GRP_158"",""TRD_GRP_159"",""TRD_GRP_160"",""TRD_GRP_161"",""TRD_GRP_162"",""TRD_GRP_163"",""TRD_GRP_164"",""TRD_GRP_165"",""TRD_GRP_166"",""TRD_GRP_167"",""TRD_GRP_168"",""TRD_GRP_169"",""TRD_GRP_170"",""TRD_GRP_171"",""TRD_GRP_172"",""TRD_GRP_173"",""TRD_GRP_174"",""TRD_GRP_175"",""TRD_GRP_176"",""TRD_GRP_177"",""TRD_GRP_178"",""TRD_GRP_179"",""TRD_GRP_180"",""TRD_GRP_181"",""TRD_GRP_182"",""TRD_GRP_183"",""TRD_GRP_184"",""TRD_GRP_185"",""TRD_GRP_186"",""TRD_GRP_187"",""TRD_GRP_188"",""TRD_GRP_189"",""TRD_GRP_190"",""TRD_GRP_191"",""TRD_GRP_192"",""TRD_GRP_193"",""TRD_GRP_194"",""TRD_GRP_195"",""TRD_GRP_196"",""TRD_GRP_197"",""TRD_GRP_198"",""TRD_GRP_199"",""TRD_GRP_200"",""TRD_GRP_201"",""TRD_GRP_202"",""TRD_GRP_203"",""TRD_GRP_204"",""TRD_GRP_205"",""TRD_GRP_206"",""TRD_GRP_207"",""TRD_GRP_208"",""TRD_GRP_209"",""TRD_GRP_210"",""TRD_GRP_211"",""TRD_GRP_212"",""TRD_GRP_213"",""TRD_GRP_214"",""TRD_GRP_215"",""TRD_GRP_216"",""TRD_GRP_217"",""TRD_GRP_218"",""TRD_GRP_219"",""TRD_GRP_220"",""TRD_GRP_221"",""TRD_GRP_222"",""TRD_GRP_223"",""TRD_GRP_224"",""TRD_GRP_225"",""TRD_GRP_226"",""TRD_GRP_227"",""TRD_GRP_228"",""TRD_GRP_229"",""TRD_GRP_230"",""TRD_GRP_231"",""TRD_GRP_232"",""TRD_GRP_233"",""TRD_GRP_234"",""TRD_GRP_235"",""TRD_GRP_236"",""TRD_GRP_237"",""TRD_GRP_238"",""TRD_GRP_239"",""TRD_GRP_240"",""TRD_GRP_242"",""TRD_GRP_243"",""TRD_GRP_244"",""TRD_GRP_245"",""TRD_GRP_246"",""TRD_GRP_247"",""TRD_GRP_248"",""TRD_GRP_249"",""TRD_GRP_250"",""TRD_GRP_251"",""TRD_GRP_252"",""TRD_GRP_253"",""TRD_GRP_256"",""TRD_GRP_258""]]",EXPIRE_TAKER|EXPIRE_MAKER|EXPIRE_BOTH|DECREMENT|TRANSFER,0.00000100,10000.00000000,0.00000100,0.10000000,9222449.00000000,0.10000000,100,0.00000000,355191.22083333,0.00000000,10,2000,10,2000,1.2,0.5,2,0.8,5,5.00000000,true,9000000.00000000,false,5,200,20,5,10
CHRUSDT,Sample,795,0,0,false,0,0,TRADING,CHR,USDT,8,8,8,8,8,true,true,true,true,true,true,true,true,true,true,true,EXPIRE_MAKER,LIMIT|LIMIT_MAKER|MARKET|STOP_LOSS|STOP_LOSS_LIMIT|TAKE_PROFIT|TAKE_PROFIT_LIMIT,,"[[""SPOT"",""MARGIN"",""TRD_GRP_004"",""TRD_GRP_005"",""TRD_GRP_006"",""TRD_GRP_015"",""TRD_GRP_016"",""TRD_GRP_017"",""TRD_GRP_018"",""TRD_GRP_019"",""TRD_GRP_020"",""TRD_GRP_021"",""TRD_GRP_022"",""TRD_GRP_023"",""TRD_GRP_024"",""TRD_GRP_025"",""TRD_GRP_049"",""TRD_GRP_050"",""TRD_GRP_051"",""TRD_GRP_052"",""TRD_GRP_053"",""TRD_GRP_054"",""TRD_GRP_055"",""TRD_GRP_056"",""TRD_GRP_057"",""TRD_GRP_058"",""TRD_GRP_059"",""TRD_GRP_060"",""TRD_GRP_061"",""TRD_GRP_062"",""TRD_GRP_063"",""TRD_GRP_064"",""TRD_GRP_065"",""TRD_GRP_066"",""TRD_GRP_067"",""TRD_GRP_068"",""TRD_GRP_069"",""TRD_GRP_070"",""TRD_GRP_071"",""TRD_GRP_072"",""TRD_GRP_073"",""TRD_GRP_074"",""TRD_GRP_075"",""TRD_GRP_076"",""TRD_GRP_077"",""TRD_GRP_078"",""TRD_GRP_079"",""TRD_GRP_080"",""TRD_GRP_081"",""TRD_GRP_082"",""TRD_GRP_083"",""TRD_GRP_084"",""TRD_GRP_085"",""TRD_GRP_086"",""TRD_GRP_087"",""TRD_GRP_088"",""TRD_GRP_089"",""TRD_GRP_090"",""TRD_GRP_091"",""TRD_GRP_092"",""TRD_GRP_093"",""TRD_GRP_094"",""TRD_GRP_095"",""TRD_GRP_096"",""TRD_GRP_097"",""TRD_GRP_098"",""TRD_GRP_099"",""TRD_GRP_100"",""TRD_GRP_101"",""TRD_GRP_102"",""TRD_GRP_103"",""TRD_GRP_104"",""TRD_GRP_105"",""TRD_GRP_106"",""TRD_GRP_107"",""TRD_GRP_108"",""TRD_GRP_109"",""TRD_GRP_110"",""TRD_GRP_111"",""TRD_GRP_112"",""TRD_GRP_113"",""TRD_GRP_114"",""TRD_GRP_115"",""TRD_GRP_116"",""TRD_GRP_117"",""TRD_GRP_118"",""TRD_GRP_119"",""TRD_GRP_120"",""TRD_GRP_121"",""TRD_GRP_122"",""TRD_GRP_123"",""TRD_GRP_124"",""TRD_GRP_125"",""TRD_GRP_126"",""TRD_GRP_127"",""TRD_GRP_128"",""TRD_GRP_129"",""TRD_GRP_130"",""TRD_GRP_131"",""TRD_GRP_132"",""TRD_GRP_133"",""TRD_GRP_134"",""TRD_GRP_135"",""TRD_GRP_136"",""TRD_GRP_137"",""TRD_GRP_138"",""TRD_GRP_139"",""TRD_GRP_140"",""TRD_GRP_141"",""TRD_GRP_142"",""TRD_GRP_143"",""TRD_GRP_144"",""TRD_GRP_145"",""TRD_GRP_146"",""TRD_GRP_147"",""TRD_GRP_148"",""TRD_GRP_149"",""TRD_GRP_150"",""TRD_GRP_151"",""TRD_GRP_152"",""TRD_GRP_153"",""TRD_GRP_154"",""TRD_GRP_155"",""TRD_GRP_156"",""TRD_GRP_157"",""TRD_GRP_158"",""TRD_GRP_159"",""TRD_GRP_160"",""TRD_GRP_161"",""TRD_GRP_162"",""TRD_GRP_163"",""TRD_GRP_164"",""TRD_GRP_165"",""TRD_GRP_166"",""TRD_GRP_167"",""TRD_GRP_168"",""TRD_GRP_169"",""TRD_GRP_170"",""TRD_GRP_171"",""TRD_GRP_172"",""TRD_GRP_173"",""TRD_GRP_174"",""TRD_GRP_175"",""TRD_GRP_176"",""TRD_GRP_177"",""TRD_GRP_178"",""TRD_GRP_179"",""TRD_GRP_180"",""TRD_GRP_181"",""TRD_GRP_182"",""TRD_GRP_183"",""TRD_GRP_184"",""TRD_GRP_185"",""TRD_GRP_186"",""TRD_GRP_187"",""TRD_GRP_188"",""TRD_GRP_189"",""TRD_GRP_190"",""TRD_GRP_191"",""TRD_GRP_192"",""TRD_GRP_193"",""TRD_GRP_194"",""TRD_GRP_195"",""TRD_GRP_196"",""TRD_GRP_197"",""TRD_GRP_198"",""TRD_GRP_199"",""TRD_GRP_200"",""TRD_GRP_201"",""TRD_GRP_202"",""TRD_GRP_203"",""TRD_GRP_204"",""TRD_GRP_205"",""TRD_GRP_206"",""TRD_GRP_207"",""TRD_GRP_208"",""TRD_GRP_209"",""TRD_GRP_210"",""TRD_GRP_211"",""TRD_GRP_212"",""TRD_GRP_213"",""TRD_GRP_214"",""TRD_GRP_215"",""TRD_GRP_216"",""TRD_GRP_217"",""TRD_GRP_218"",""TRD_GRP_219"",""TRD_GRP_220"",""TRD_GRP_221"",""TRD_GRP_222"",""TRD_GRP_223"",""TRD_GRP_224"",""TRD_GRP_225"",""TRD_GRP_226"",""TRD_GRP_227"",""TRD_GRP_228"",""TRD_GRP_229"",""TRD_GRP_230"",""TRD_GRP_231"",""TRD_GRP_232"",""TRD_GRP_233"",""TRD_GRP_234"",""TRD_GRP_235"",""TRD_GRP_236"",""TRD_GRP_237"",""TRD_GRP_238"",""TRD_GRP_239"",""TRD_GRP_240"",""TRD_GRP_242"",""TRD_GRP_243"",""TRD_GRP_244"",""TRD_GRP_245"",""TRD_GRP_246"",""TRD_GRP_247"",""TRD_GRP_248"",""TRD_GRP_249"",""TRD_GRP_250"",""TRD_GRP_251"",""TRD_GRP_252"",""TRD_GRP_253"",""TRD_GRP_256"",""TRD_GRP_258""]]",EXPIRE_TAKER|EXPIRE_MAKER|EXPIRE_BOTH|DECREMENT|TRANSFER,0.00001000,1000.00000000,0.00001000,1.00000000,9000000.00000000,1.00000000,100,0.00000000,380551.67500000,0.00000000,10,2000,10,2000,1.2,0.5,2,0.8,5,5.00000000,true,9000000.00000000,false,5,200,20,5,10
CHZUSDT,Sample,610,0,0,false,0,0,TRADING,CHZ,USDT,8,8,8,8,8,true,true,true,true,true,true,true,true,true,true,true,EXPIRE_MAKER,LIMIT|LIMIT_MAKER|MARKET|STOP_LOSS|STOP_LOSS_LIMIT|TAKE_PROFIT|TAKE_PROFIT_LIMIT,,"[[""SPOT"",""MARGIN"",""TRD_GRP_004"",""TRD_GRP_005"",""TRD_GRP_006"",""TRD_GRP_015"",""TRD_GRP_016"",""TRD_GRP_017"",""TRD_GRP_018"",""TRD_GRP_019"",""TRD_GRP_020"",""TRD_GRP_021"",""TRD_GRP_022"",""TRD_GRP_023"",""TRD_GRP_024"",""TRD_GRP_025"",""TRD_GRP_049"",""TRD_GRP_050"",""TRD_GRP_051"",""TRD_GRP_052"",""TRD_GRP_053"",""TRD_GRP_054"",""TRD_GRP_055"",""TRD_GRP_056"",""TRD_GRP_057"",""TRD_GRP_058"",""TRD_GRP_059"",""TRD_GRP_060"",""TRD_GRP_061"",""TRD_GRP_062"",""TRD_GRP_063"",""TRD_GRP_064"",""TRD_GRP_065"",""TRD_GRP_066"",""TRD_GRP_067"",""TRD_GRP_068"",""TRD_GRP_069"",""TRD_GRP_070"",""TRD_GRP_071"",""TRD_GRP_072"",""TRD_GRP_073"",""TRD_GRP_074"",""TRD_GRP_075"",""TRD_GRP_076"",""TRD_GRP_077"",""TRD_GRP_078"",""TRD_GRP_079"",""TRD_GRP_080"",""TRD_GRP_081"",""TRD_GRP_082"",""TRD_GRP_083"",""TRD_GRP_084"",""TRD_GRP_085"",""TRD_GRP_086"",""TRD_GRP_087"",""TRD_GRP_088"",""TRD_GRP_089"",""TRD_GRP_090"",""TRD_GRP_091"",""TRD_GRP_092"",""TRD_GRP_093"",""TRD_GRP_094"",""TRD_GRP_095"",""TRD_GRP_096"",""TRD_GRP_097"",""TRD_GRP_098"",""TRD_GRP_099"",""TRD_GRP_100"",""TRD_GRP_101"",""TRD_GRP_102"",""TRD_GRP_103"",""TRD_GRP_104"",""TRD_GRP_105"",""TRD_GRP_106"",""TRD_GRP_107"",""TRD_GRP_108"",""TRD_GRP_109"",""TRD_GRP_110"",""TRD_GRP_111"",""TRD_GRP_112"",""TRD_GRP_113"",""TRD_GRP_114"",""TRD_GRP_115"",""TRD_GRP_116"",""TRD_GRP_117"",""TRD_GRP_118"",""TRD_GRP_119"",""TRD_GRP_120"",""TRD_GRP_121"",""TRD_GRP_122"",""TRD_GRP_123"",""TRD_GRP_124"",""TRD_GRP_125"",""TRD_GRP_126"",""TRD_GRP_127"",""TRD_GRP_128"",""TRD_GRP_129"",""TRD_GRP_130"",""TRD_GRP_131"",""TRD_GRP_132"",""TRD_GRP_133"",""TRD_GRP_134"",""TRD_GRP_135"",""TRD_GRP_136"",""TRD_GRP_137"",""TRD_GRP_138"",""TRD_GRP_139"",""TRD_GRP_140"",""TRD_GRP_141"",""TRD_GRP_142"",""TRD_GRP_143"",""TRD_GRP_144"",""TRD_GRP_145"",""TRD_GRP_146"",""TRD_GRP_147"",""TRD_GRP_148"",""TRD_GRP_149"",""TRD_GRP_150"",""TRD_GRP_151"",""TRD_GRP_152"",""TRD_GRP_153"",""TRD_GRP_154"",""TRD_GRP_155"",""TRD_GRP_156"",""TRD_GRP_157"",""TRD_GRP_158"",""TRD_GRP_159"",""TRD_GRP_160"",""TRD_GRP_161"",""TRD_GRP_162"",""TRD_GRP_163"",""TRD_GRP_164"",""TRD_GRP_165"",""TRD_GRP_166"",""TRD_GRP_167"",""TRD_GRP_168"",""TRD_GRP_169"",""TRD_GRP_170"",""TRD_GRP_171"",""TRD_GRP_172"",""TRD_GRP_173"",""TRD_GRP_174"",""TRD_GRP_175"",""TRD_GRP_176"",""TRD_GRP_177"",""TRD_GRP_178"",""TRD_GRP_179"",""TRD_GRP_180"",""TRD_GRP_181"",""TRD_GRP_182"",""TRD_GRP_183"",""TRD_GRP_184"",""TRD_GRP_185"",""TRD_GRP_186"",""TRD_GRP_187"",""TRD_GRP_188"",""TRD_GRP_189"",""TRD_GRP_190"",""TRD_GRP_191"",""TRD_GRP_192"",""TRD_GRP_193"",""TRD_GRP_194"",""TRD_GRP_195"",""TRD_GRP_196"",""TRD_GRP_197"",""TRD_GRP_198"",""TRD_GRP_199"",""TRD_GRP_200"",""TRD_GRP_201"",""TRD_GRP_202"",""TRD_GRP_203"",""TRD_GRP_204"",""TRD_GRP_205"",""TRD_GRP_206"",""TRD_GRP_207"",""TRD_GRP_208"",""TRD_GRP_209"",""TRD_GRP_210"",""TRD_GRP_211"",""TRD_GRP_212"",""TRD_GRP_213"",""TRD_GRP_214"",""TRD_GRP_215"",""TRD_GRP_216"",""TRD_GRP_217"",""TRD_GRP_218"",""TRD_GRP_219"",""TRD_GRP_220"",""TRD_GRP_221"",""TRD_GRP_222"",""TRD_GRP_223"",""TRD_GRP_224"",""TRD_GRP_225"",""TRD_GRP_226"",""TRD_GRP_227"",""TRD_GRP_228"",""TRD_GRP_229"",""TRD_GRP_230"",""TRD_GRP_231"",""TRD_GRP_232"",""TRD_GRP_233"",""TRD_GRP_234"",""TRD_GRP_235"",""TRD_GRP_236"",""TRD_GRP_237"",""TRD_GRP_238"",""TRD_GRP_239"",""TRD_GRP_240"",""TRD_GRP_242"",""TRD_GRP_243"",""TRD_GRP_244"",""TRD_GRP_245"",""TRD_GRP_246"",""TRD_GRP_247"",""TRD_GRP_248"",""TRD_GRP_249"",""TRD_GRP_250"",""TRD_GRP_251"",""TRD_GRP_252"",""TRD_GRP_253"",""TRD_GRP_256"",""TRD_GRP_258""]]",EXPIRE_TAKER|EXPIRE_MAKER|EXPIRE_BOTH|DECREMENT|TRANSFER,0.00001000,1000.00000000,0.00001000,1.00000000,9000000.00000000,1.00000000,100,0.00000000,2387819.47916666,0.00000000,10,2000,10,2000,1.2,0.5,2,0.8,5,5.00000000,true,9000000.00000000,false,5,200,20,5,10
COTIUSDT,Sample,753,0,0,false,0,0,TRADING,COTI,USDT,8,8,8,8,8,true,true,true,true,true,true,true,true,true,true,true,EXPIRE_MAKER,LIMIT|LIMIT_MAKER|MARKET|STOP_LOSS|STOP_LOSS_LIMIT|TAKE_PROFIT|TAKE_PROFIT_LIMIT,,"[[""SPOT"",""MARGIN"",""TRD_GRP_004"",""TRD_GRP_005"",""TRD_GRP_006"",""TRD_GRP_015"",""TRD_GRP_016"",""TRD_GRP_017"",""TRD_GRP_018"",""TRD_GRP_019"",""TRD_GRP_020"",""TRD_GRP_021"",""TRD_GRP_022"",""TRD_GRP_023"",""TRD_GRP_024"",""TRD_GRP_025"",""TRD_GRP_049"",""TRD_GRP_050"",""TRD_GRP_051"",""TRD_GRP_052"",""TRD_GRP_053"",""TRD_GRP_054"",""TRD_GRP_055"",""TRD_GRP_056"",""TRD_GRP_057"",""TRD_GRP_058"",""TRD_GRP_059"",""TRD_GRP_060"",""TRD_GRP_061"",""TRD_GRP_062"",""TRD_GRP_063"",""TRD_GRP_064"",""TRD_GRP_065"",""TRD_GRP_066"",""TRD_GRP_067"",""TRD_GRP_068"",""TRD_GRP_069"",""TRD_GRP_070"",""TRD_GRP_071"",""TRD_GRP_072"",""TRD_GRP_073"",""TRD_GRP_074"",""TRD_GRP_075"",""TRD_GRP_076"",""TRD_GRP_077"",""TRD_GRP_078"",""TRD_GRP_079"",""TRD_GRP_080"",""TRD_GRP_081"",""TRD_GRP_082"",""TRD_GRP_083"",""TRD_GRP_084"",""TRD_GRP_085"",""TRD_GRP_086"",""TRD_GRP_087"",""TRD_GRP_088"",""TRD_GRP_089"",""TRD_GRP_090"",""TRD_GRP_091"",""TRD_GRP_092"",""TRD_GRP_093"",""TRD_GRP_094"",""TRD_GRP_095"",""TRD_GRP_096"",""TRD_GRP_097"",""TRD_GRP_098"",""TRD_GRP_099"",""TRD_GRP_100"",""TRD_GRP_101"",""TRD_GRP_102"",""TRD_GRP_103"",""TRD_GRP_104"",""TRD_GRP_105"",""TRD_GRP_106"",""TRD_GRP_107"",""TRD_GRP_108"",""TRD_GRP_109"",""TRD_GRP_110"",""TRD_GRP_111"",""TRD_GRP_112"",""TRD_GRP_113"",""TRD_GRP_114"",""TRD_GRP_115"",""TRD_GRP_116"",""TRD_GRP_117"",""TRD_GRP_118"",""TRD_GRP_119"",""TRD_GRP_120"",""TRD_GRP_121"",""TRD_GRP_122"",""TRD_GRP_123"",""TRD_GRP_124"",""TRD_GRP_125"",""TRD_GRP_126"",""TRD_GRP_127"",""TRD_GRP_128"",""TRD_GRP_129"",""TRD_GRP_130"",""TRD_GRP_131"",""TRD_GRP_132"",""TRD_GRP_133"",""TRD_GRP_134"",""TRD_GRP_135"",""TRD_GRP_136"",""TRD_GRP_137"",""TRD_GRP_138"",""TRD_GRP_139"",""TRD_GRP_140"",""TRD_GRP_141"",""TRD_GRP_142"",""TRD_GRP_143"",""TRD_GRP_144"",""TRD_GRP_145"",""TRD_GRP_146"",""TRD_GRP_147"",""TRD_GRP_148"",""TRD_GRP_149"",""TRD_GRP_150"",""TRD_GRP_151"",""TRD_GRP_152"",""TRD_GRP_153"",""TRD_GRP_154"",""TRD_GRP_155"",""TRD_GRP_156"",""TRD_GRP_157"",""TRD_GRP_158"",""TRD_GRP_159"",""TRD_GRP_160"",""TRD_GRP_161"",""TRD_GRP_162"",""TRD_GRP_163"",""TRD_GRP_164"",""TRD_GRP_165"",""TRD_GRP_166"",""TRD_GRP_167"",""TRD_GRP_168"",""TRD_GRP_169"",""TRD_GRP_170"",""TRD_GRP_171"",""TRD_GRP_172"",""TRD_GRP_173"",""TRD_GRP_174"",""TRD_GRP_175"",""TRD_GRP_176"",""TRD_GRP_177"",""TRD_GRP_178"",""TRD_GRP_179"",""TRD_GRP_180"",""TRD_GRP_181"",""TRD_GRP_182"",""TRD_GRP_183"",""TRD_GRP_184"",""TRD_GRP_185"",""TRD_GRP_186"",""TRD_GRP_187"",""TRD_GRP_188"",""TRD_GRP_189"",""TRD_GRP_190"",""TRD_GRP_191"",""TRD_GRP_192"",""TRD_GRP_193"",""TRD_GRP_194"",""TRD_GRP_195"",""TRD_GRP_196"",""TRD_GRP_197"",""TRD_GRP_198"",""TRD_GRP_199"",""TRD_GRP_200"",""TRD_GRP_201"",""TRD_GRP_202"",""TRD_GRP_203"",""TRD_GRP_204"",""TRD_GRP_205"",""TRD_GRP_206"",""TRD_GRP_207"",""TRD_GRP_208"",""TRD_GRP_209"",""TRD_GRP_210"",""TRD_GRP_211"",""TRD_GRP_212"",""TRD_GRP_213"",""TRD_GRP_214"",""TRD_GRP_215"",""TRD_GRP_216"",""TRD_GRP_217"",""TRD_GRP_218"",""TRD_GRP_219"",""TRD_GRP_220"",""TRD_GRP_221"",""TRD_GRP_222"",""TRD_GRP_223"",""TRD_GRP_224"",""TRD_GRP_225"",""TRD_GRP_226"",""TRD_GRP_227"",""TRD_GRP_228"",""TRD_GRP_229"",""TRD_GRP_230"",""TRD_GRP_231"",""TRD_GRP_232"",""TRD_GRP_233"",""TRD_GRP_234"",""TRD_GRP_235"",""TRD_GRP_236"",""TRD_GRP_237"",""TRD_GRP_238"",""TRD_GRP_239"",""TRD_GRP_240"",""TRD_GRP_242"",""TRD_GRP_243"",""TRD_GRP_244"",""TRD_GRP_245"",""TRD_GRP_246"",""TRD_GRP_247"",""TRD_GRP_248"",""TRD_GRP_249"",""TRD_GRP_250"",""TRD_GRP_251"",""TRD_GRP_252"",""TRD_GRP_253"",""TRD_GRP_256"",""TRD_GRP_258""]]",EXPIRE_TAKER|EXPIRE_MAKER|EXPIRE_BOTH|DECREMENT|TRANSFER,0.00001000,1000.00000000,0.00001000,1.00000000,9000000.00000000,1.00000000,100,0.00000000,1603453.49583333,0.00000000,10,2000,10,2000,1.2,0.5,2,0.8,5,5.00000000,true,9000000.00000000,false,5,200,20,5,10
CTSIUSDT,Sample,787,0,0,false,0,0,TRADING,CTSI,USDT,8,8,8,8,8,true,true,true,true,true,true,true,true,true,true,true,EXPIRE_MAKER,LIMIT|LIMIT_MAKER|MARKET|STOP_LOSS|STOP_LOSS_LIMIT|TAKE_PROFIT|TAKE_PROFIT_LIMIT,,"[[""SPOT"",""MARGIN"",""TRD_GRP_004"",""TRD_GRP_005"",""TRD_GRP_006"",""TRD_GRP_015"",""TRD_GRP_016"",""TRD_GRP_017"",""TRD_GRP_018"",""TRD_GRP_019"",""TRD_GRP_020"",""TRD_GRP_021"",""TRD_GRP_022"",""TRD_GRP_023"",""TRD_GRP_024"",""TRD_GRP_025"",""TRD_GRP_049"",""TRD_GRP_050"",""TRD_GRP_051"",""TRD_GRP_052"",""TRD_GRP_053"",""TRD_GRP_054"",""TRD_GRP_055"",""TRD_GRP_056"",""TRD_GRP_057"",""TRD_GRP_058"",""TRD_GRP_059"",""TRD_GRP_060"",""TRD_GRP_061"",""TRD_GRP_062"",""TRD_GRP_063"",""TRD_GRP_064"",""TRD_GRP_065"",""TRD_GRP_066"",""TRD_GRP_067"",""TRD_GRP_068"",""TRD_GRP_069"",""TRD_GRP_070"",""TRD_GRP_071"",""TRD_GRP_072"",""TRD_GRP_073"",""TRD_GRP_074"",""TRD_GRP_075"",""TRD_GRP_076"",""TRD_GRP_077"",""TRD_GRP_078"",""TRD_GRP_079"",""TRD_GRP_080"",""TRD_GRP_081"",""TRD_GRP_082"",""TRD_GRP_083"",""TRD_GRP_084"",""TRD_GRP_085"",""TRD_GRP_086"",""TRD_GRP_087"",""TRD_GRP_088"",""TRD_GRP_089"",""TRD_GRP_090"",""TRD_GRP_091"",""TRD_GRP_092"",""TRD_GRP_093"",""TRD_GRP_094"",""TRD_GRP_095"",""TRD_GRP_096"",""TRD_GRP_097"",""TRD_GRP_098"",""TRD_GRP_099"",""TRD_GRP_100"",""TRD_GRP_101"",""TRD_GRP_102"",""TRD_GRP_103"",""TRD_GRP_104"",""TRD_GRP_105"",""TRD_GRP_106"",""TRD_GRP_107"",""TRD_GRP_108"",""TRD_GRP_109"",""TRD_GRP_110"",""TRD_GRP_111"",""TRD_GRP_112"",""TRD_GRP_113"",""TRD_GRP_114"",""TRD_GRP_115"",""TRD_GRP_116"",""TRD_GRP_117"",""TRD_GRP_118"",""TRD_GRP_119"",""TRD_GRP_120"",""TRD_GRP_121"",""TRD_GRP_122"",""TRD_GRP_123"",""TRD_GRP_124"",""TRD_GRP_125"",""TRD_GRP_126"",""TRD_GRP_127"",""TRD_GRP_128"",""TRD_GRP_129"",""TRD_GRP_130"",""TRD_GRP_131"",""TRD_GRP_132"",""TRD_GRP_133"",""TRD_GRP_134"",""TRD_GRP_135"",""TRD_GRP_136"",""TRD_GRP_137"",""TRD_GRP_138"",""TRD_GRP_139"",""TRD_GRP_140"",""TRD_GRP_141"",""TRD_GRP_142"",""TRD_GRP_143"",""TRD_GRP_144"",""TRD_GRP_145"",""TRD_GRP_146"",""TRD_GRP_147"",""TRD_GRP_148"",""TRD_GRP_149"",""TRD_GRP_150"",""TRD_GRP_151"",""TRD_GRP_152"",""TRD_GRP_153"",""TRD_GRP_154"",""TRD_GRP_155"",""TRD_GRP_156"",""TRD_GRP_157"",""TRD_GRP_158"",""TRD_GRP_159"",""TRD_GRP_160"",""TRD_GRP_161"",""TRD_GRP_162"",""TRD_GRP_163"",""TRD_GRP_164"",""TRD_GRP_165"",""TRD_GRP_166"",""TRD_GRP_167"",""TRD_GRP_168"",""TRD_GRP_169"",""TRD_GRP_170"",""TRD_GRP_171"",""TRD_GRP_172"",""TRD_GRP_173"",""TRD_GRP_174"",""TRD_GRP_175"",""TRD_GRP_176"",""TRD_GRP_177"",""TRD_GRP_178"",""TRD_GRP_179"",""TRD_GRP_180"",""TRD_GRP_181"",""TRD_GRP_182"",""TRD_GRP_183"",""TRD_GRP_184"",""TRD_GRP_185"",""TRD_GRP_186"",""TRD_GRP_187"",""TRD_GRP_188"",""TRD_GRP_189"",""TRD_GRP_190"",""TRD_GRP_191"",""TRD_GRP_192"",""TRD_GRP_193"",""TRD_GRP_194"",""TRD_GRP_195"",""TRD_GRP_196"",""TRD_GRP_197"",""TRD_GRP_198"",""TRD_GRP_199"",""TRD_GRP_200"",""TRD_GRP_201"",""TRD_GRP_202"",""TRD_GRP_203"",""TRD_GRP_204"",""TRD_GRP_205"",""TRD_GRP_206"",""TRD_GRP_207"",""TRD_GRP_208"",""TRD_GRP_209"",""TRD_GRP_210"",""TRD_GRP_211"",""TRD_GRP_212"",""TRD_GRP_213"",""TRD_GRP_214"",""TRD_GRP_215"",""TRD_GRP_216"",""TRD_GRP_217"",""TRD_GRP_218"",""TRD_GRP_219"",""TRD_GRP_220"",""TRD_GRP_221"",""TRD_GRP_222"",""TRD_GRP_223"",""TRD_GRP_224"",""TRD_GRP_225"",""TRD_GRP_226"",""TRD_GRP_227"",""TRD_GRP_228"",""TRD_GRP_229"",""TRD_GRP_230"",""TRD_GRP_231"",""TRD_GRP_232"",""TRD_GRP_233"",""TRD_GRP_234"",""TRD_GRP_235"",""TRD_GRP_236"",""TRD_GRP_237"",""TRD_GRP_238"",""TRD_GRP_239"",""TRD_GRP_240"",""TRD_GRP_242"",""TRD_GRP_243"",""TRD_GRP_244"",""TRD_GRP_245"",""TRD_GRP_246"",""TRD_GRP_247"",""TRD_GRP_248"",""TRD_GRP_249"",""TRD_GRP_250"",""TRD_GRP_251"",""TRD_GRP_252"",""TRD_GRP_253"",""TRD_GRP_256"",""TRD_GRP_258""]]",EXPIRE_TAKER|EXPIRE_MAKER|EXPIRE_BOTH|DECREMENT|TRANSFER,0.00001000,1000.00000000,0.00001000,1.00000000,9000000.00000000,1.00000000,100,0.00000000,334772.08333333,0.00000000,10,2000,10,2000,1.2,0.5,2,0.8,5,5.00000000,true,9000000.00000000,false,5,200,20,5,10
CVCUSDT,Sample,605,0,0,false,0,0,TRADING,CVC,USDT,8,8,8,8,8,true,true,true,true,true,true,true,true,true,true,true,EXPIRE_MAKER,LIMIT|LIMIT_MAKER|MARKET|STOP_LOSS|STOP_LOSS_LIMIT|TAKE_PROFIT|TAKE_PROFIT_LIMIT,,"[[""SPOT"",""MARGIN"",""TRD_GRP_004"",""TRD_GRP_005"",""TRD_GRP_006"",""TRD_GRP_015"",""TRD_GRP_016"",""TRD_GRP_017"",""TRD_GRP_018"",""TRD_GRP_019"",""TRD_GRP_020"",""TRD_GRP_021"",""TRD_GRP_022"",""TRD_GRP_023"",""TRD_GRP_024"",""TRD_GRP_025"",""TRD_GRP_049"",""TRD_GRP_050"",""TRD_GRP_051"",""TRD_GRP_052"",""TRD_GRP_053"",""TRD_GRP_054"",""TRD_GRP_055"",""TRD_GRP_056"",""TRD_GRP_057"",""TRD_GRP_058"",""TRD_GRP_059"",""TRD_GRP_060"",""TRD_GRP_061"",""TRD_GRP_062"",""TRD_GRP_063"",""TRD_GRP_064"",""TRD_GRP_065"",""TRD_GRP_066"",""TRD_GRP_067"",""TRD_GRP_068"",""TRD_GRP_069"",""TRD_GRP_070"",""TRD_GRP_071"",""TRD_GRP_072"",""TRD_GRP_073"",""TRD_GRP_074"",""TRD_GRP_075"",""TRD_GRP_076"",""TRD_GRP_077"",""TRD_GRP_078"",""TRD_GRP_079"",""TRD_GRP_080"",""TRD_GRP_081"",""TRD_GRP_082"",""TRD_GRP_083"",""TRD_GRP_084"",""TRD_GRP_085"",""TRD_GRP_086"",""TRD_GRP_087"",""TRD_GRP_088"",""TRD_GRP_089"",""TRD_GRP_090"",""TRD_GRP_091"",""TRD_GRP_092"",""TRD_GRP_093"",""TRD_GRP_094"",""TRD_GRP_095"",""TRD_GRP_096"",""TRD_GRP_097"",""TRD_GRP_098"",""TRD_GRP_099"",""TRD_GRP_100"",""TRD_GRP_101"",""TRD_GRP_102"",""TRD_GRP_103"",""TRD_GRP_104"",""TRD_GRP_105"",""TRD_GRP_106"",""TRD_GRP_107"",""TRD_GRP_108"",""TRD_GRP_109"",""TRD_GRP_110"",""TRD_GRP_111"",""TRD_GRP_112"",""TRD_GRP_113"",""TRD_GRP_114"",""TRD_GRP_115"",""TRD_GRP_116"",""TRD_GRP_117"",""TRD_GRP_118"",""TRD_GRP_119"",""TRD_GRP_120"",""TRD_GRP_121"",""TRD_GRP_122"",""TRD_GRP_123"",""TRD_GRP_124"",""TRD_GRP_125"",""TRD_GRP_126"",""TRD_GRP_127"",""TRD_GRP_128"",""TRD_GRP_129"",""TRD_GRP_130"",""TRD_GRP_131"",""TRD_GRP_132"",""TRD_GRP_133"",""TRD_GRP_134"",""TRD_GRP_135"",""TRD_GRP_136"",""TRD_GRP_137"",""TRD_GRP_138"",""TRD_GRP_139"",""TRD_GRP_140"",""TRD_GRP_141"",""TRD_GRP_142"",""TRD_GRP_143"",""TRD_GRP_144"",""TRD_GRP_145"",""TRD_GRP_146"",""TRD_GRP_147"",""TRD_GRP_148"",""TRD_GRP_149"",""TRD_GRP_150"",""TRD_GRP_151"",""TRD_GRP_152"",""TRD_GRP_153"",""TRD_GRP_154"",""TRD_GRP_155"",""TRD_GRP_156"",""TRD_GRP_157"",""TRD_GRP_158"",""TRD_GRP_159"",""TRD_GRP_160"",""TRD_GRP_161"",""TRD_GRP_162"",""TRD_GRP_163"",""TRD_GRP_164"",""TRD_GRP_165"",""TRD_GRP_166"",""TRD_GRP_167"",""TRD_GRP_168"",""TRD_GRP_169"",""TRD_GRP_170"",""TRD_GRP_171"",""TRD_GRP_172"",""TRD_GRP_173"",""TRD_GRP_174"",""TRD_GRP_175"",""TRD_GRP_176"",""TRD_GRP_177"",""TRD_GRP_178"",""TRD_GRP_179"",""TRD_GRP_180"",""TRD_GRP_181"",""TRD_GRP_182"",""TRD_GRP_183"",""TRD_GRP_184"",""TRD_GRP_185"",""TRD_GRP_186"",""TRD_GRP_187"",""TRD_GRP_188"",""TRD_GRP_189"",""TRD_GRP_190"",""TRD_GRP_191"",""TRD_GRP_192"",""TRD_GRP_193"",""TRD_GRP_194"",""TRD_GRP_195"",""TRD_GRP_196"",""TRD_GRP_197"",""TRD_GRP_198"",""TRD_GRP_199"",""TRD_GRP_200"",""TRD_GRP_201"",""TRD_GRP_202"",""TRD_GRP_203"",""TRD_GRP_204"",""TRD_GRP_205"",""TRD_GRP_206"",""TRD_GRP_207"",""TRD_GRP_208"",""TRD_GRP_209"",""TRD_GRP_210"",""TRD_GRP_211"",""TRD_GRP_212"",""TRD_GRP_213"",""TRD_GRP_214"",""TRD_GRP_215"",""TRD_GRP_216"",""TRD_GRP_217"",""TRD_GRP_218"",""TRD_GRP_219"",""TRD_GRP_220"",""TRD_GRP_221"",""TRD_GRP_222"",""TRD_GRP_223"",""TRD_GRP_224"",""TRD_GRP_225"",""TRD_GRP_226"",""TRD_GRP_227"",""TRD_GRP_228"",""TRD_GRP_229"",""TRD_GRP_230"",""TRD_GRP_231"",""TRD_GRP_232"",""TRD_GRP_233"",""TRD_GRP_234"",""TRD_GRP_235"",""TRD_GRP_236"",""TRD_GRP_237"",""TRD_GRP_238"",""TRD_GRP_239"",""TRD_GRP_240"",""TRD_GRP_242"",""TRD_GRP_243"",""TRD_GRP_244"",""TRD_GRP_245"",""TRD_GRP_246"",""TRD_GRP_247"",""TRD_GRP_248"",""TRD_GRP_249"",""TRD_GRP_250"",""TRD_GRP_251"",""TRD_GRP_252"",""TRD_GRP_253"",""TRD_GRP_256"",""TRD_GRP_258""]]",EXPIRE_TAKER|EXPIRE_MAKER|EXPIRE_BOTH|DECREMENT|TRANSFER,0.00001000,1000.00000000,0.00001000,1.00000000,9000000.00000000,1.00000000,100,0.00000000,115047.10416666,0.00000000,10,2000,10,2000,1.2,0.5,2,0.8,5,5.00000000,true,9000000.00000000,false,5,200,20,5,10
DOGEUSDT,Sample,559,0,0,false,0,0,TRADING,DOGE,USDT,8,8,8,8,8,true,true,true,true,true,true,true,true,true,true,true,EXPIRE_MAKER,LIMIT|LIMIT_MAKER|MARKET|STOP_LOSS|STOP_LOSS_LIMIT|TAKE_PROFIT|TAKE_PROFIT_LIMIT,,"[[""SPOT"",""MARGIN"",""TRD_GRP_004"",""TRD_GRP_005"",""TRD_GRP_006"",""TRD_GRP_015"",""TRD_GRP_016"",""TRD_GRP_017"",""TRD_GRP_018"",""TRD_GRP_019"",""TRD_GRP_020"",""TRD_GRP_021"",""TRD_GRP_022"",""TRD_GRP_023"",""TRD_GRP_024"",""TRD_GRP_025"",""TRD_GRP_049"",""TRD_GRP_050"",""TRD_GRP_051"",""TRD_GRP_052"",""TRD_GRP_053"",""TRD_GRP_054"",""TRD_GRP_055"",""TRD_GRP_056"",""TRD_GRP_057"",""TRD_GRP_058"",""TRD_GRP_059"",""TRD_GRP_060"",""TRD_GRP_061"",""TRD_GRP_062"",""TRD_GRP_063"",""TRD_GRP_064"",""TRD_GRP_065"",""TRD_GRP_066"",""TRD_GRP_067"",""TRD_GRP_068"",""TRD_GRP_069"",""TRD_GRP_070"",""TRD_GRP_071"",""TRD_GRP_072"",""TRD_GRP_073"",""TRD_GRP_074"",""TRD_GRP_075"",""TRD_GRP_076"",""TRD_GRP_077"",""TRD_GRP_078"",""TRD_GRP_079"",""TRD_GRP_080"",""TRD_GRP_081"",""TRD_GRP_082"",""TRD_GRP_083"",""TRD_GRP_084"",""TRD_GRP_085"",""TRD_GRP_086"",""TRD_GRP_087"",""TRD_GRP_088"",""TRD_GRP_089"",""TRD_GRP_090"",""TRD_GRP_091"",""TRD_GRP_092"",""TRD_GRP_093"",""TRD_GRP_094"",""TRD_GRP_095"",""TRD_GRP_096"",""TRD_GRP_097"",""TRD_GRP_098"",""TRD_GRP_099"",""TRD_GRP_100"",""TRD_GRP_101"",""TRD_GRP_102"",""TRD_GRP_103"",""TRD_GRP_104"",""TRD_GRP_105"",""TRD_GRP_106"",""TRD_GRP_107"",""TRD_GRP_108"",""TRD_GRP_109"",""TRD_GRP_110"",""TRD_GRP_111"",""TRD_GRP_112"",""TRD_GRP_113"",""TRD_GRP_114"",""TRD_GRP_115"",""TRD_GRP_116"",""TRD_GRP_117"",""TRD_GRP_118"",""TRD_GRP_119"",""TRD_GRP_120"",""TRD_GRP_121"",""TRD_GRP_122"",""TRD_GRP_123"",""TRD_GRP_124"",""TRD_GRP_125"",""TRD_GRP_126"",""TRD_GRP_127"",""TRD_GRP_128"",""TRD_GRP_129"",""TRD_GRP_130"",""TRD_GRP_131"",""TRD_GRP_132"",""TRD_GRP_133"",""TRD_GRP_134"",""TRD_GRP_135"",""TRD_GRP_136"",""TRD_GRP_137"",""TRD_GRP_138"",""TRD_GRP_139"",""TRD_GRP_140"",""TRD_GRP_141"",""TRD_GRP_142"",""TRD_GRP_143"",""TRD_GRP_144"",""TRD_GRP_145"",""TRD_GRP_146"",""TRD_GRP_147"",""TRD_GRP_148"",""TRD_GRP_149"",""TRD_GRP_150"",""TRD_GRP_151"",""TRD_GRP_152"",""TRD_GRP_153"",""TRD_GRP_154"",""TRD_GRP_155"",""TRD_GRP_156"",""TRD_GRP_157"",""TRD_GRP_158"",""TRD_GRP_159"",""TRD_GRP_160"",""TRD_GRP_161"",""TRD_GRP_162"",""TRD_GRP_163"",""TRD_GRP_164"",""TRD_GRP_165"",""TRD_GRP_166"",""TRD_GRP_167"",""TRD_GRP_168"",""TRD_GRP_169"",""TRD_GRP_170"",""TRD_GRP_171"",""TRD_GRP_172"",""TRD_GRP_173"",""TRD_GRP_174"",""TRD_GRP_175"",""TRD_GRP_176"",""TRD_GRP_177"",""TRD_GRP_178"",""TRD_GRP_179"",""TRD_GRP_180"",""TRD_GRP_181"",""TRD_GRP_182"",""TRD_GRP_183"",""TRD_GRP_184"",""TRD_GRP_185"",""TRD_GRP_186"",""TRD_GRP_187"",""TRD_GRP_188"",""TRD_GRP_189"",""TRD_GRP_190"",""TRD_GRP_191"",""TRD_GRP_192"",""TRD_GRP_193"",""TRD_GRP_194"",""TRD_GRP_195"",""TRD_GRP_196"",""TRD_GRP_197"",""TRD_GRP_198"",""TRD_GRP_199"",""TRD_GRP_200"",""TRD_GRP_201"",""TRD_GRP_202"",""TRD_GRP_203"",""TRD_GRP_204"",""TRD_GRP_205"",""TRD_GRP_206"",""TRD_GRP_207"",""TRD_GRP_208"",""TRD_GRP_209"",""TRD_GRP_210"",""TRD_GRP_211"",""TRD_GRP_212"",""TRD_GRP_213"",""TRD_GRP_214"",""TRD_GRP_215"",""TRD_GRP_216"",""TRD_GRP_217"",""TRD_GRP_218"",""TRD_GRP_219"",""TRD_GRP_220"",""TRD_GRP_221"",""TRD_GRP_222"",""TRD_GRP_223"",""TRD_GRP_224"",""TRD_GRP_225"",""TRD_GRP_226"",""TRD_GRP_227"",""TRD_GRP_228"",""TRD_GRP_229"",""TRD_GRP_230"",""TRD_GRP_231"",""TRD_GRP_232"",""TRD_GRP_233"",""TRD_GRP_234"",""TRD_GRP_235"",""TRD_GRP_236"",""TRD_GRP_237"",""TRD_GRP_238"",""TRD_GRP_239"",""TRD_GRP_240"",""TRD_GRP_242"",""TRD_GRP_243"",""TRD_GRP_244"",""TRD_GRP_245"",""TRD_GRP_246"",""TRD_GRP_247"",""TRD_GRP_248"",""TRD_GRP_249"",""TRD_GRP_250"",""TRD_GRP_251"",""TRD_GRP_252"",""TRD_GRP_253"",""TRD_GRP_256"",""TRD_GRP_258""]]",EXPIRE_TAKER|EXPIRE_MAKER|EXPIRE_BOTH|DECREMENT|TRANSFER,0.00001000,1000.00000000,0.00001000,1.00000000,9000000.00000000,1.00000000,100,0.00000000,22777918.92083333,0.00000000,10,2000,10,2000,1.2,0.5,2,0.8,5,1.00000000,true,9000000.00000000,false,5,200,20,5,10
DUSKUSDT,Sample,564,0,0,false,0,0,TRADING,DUSK,USDT,8,8,8,8,8,true,true,true,true,true,true,true,true,true,true,true,EXPIRE_MAKER,LIMIT|LIMIT_MAKER|MARKET|STOP_LOSS|STOP_LOSS_LIMIT|TAKE_PROFIT|TAKE_PROFIT_LIMIT,,"[[""SPOT"",""MARGIN"",""TRD_GRP_004"",""TRD_GRP_005"",""TRD_GRP_015"",""TRD_GRP_016"",""TRD_GRP_017"",""TRD_GRP_018"",""TRD_GRP_019"",""TRD_GRP_020"",""TRD_GRP_021"",""TRD_GRP_022"",""TRD_GRP_023"",""TRD_GRP_024"",""TRD_GRP_025"",""TRD_GRP_049"",""TRD_GRP_050"",""TRD_GRP_051"",""TRD_GRP_052"",""TRD_GRP_053"",""TRD_GRP_054"",""TRD_GRP_055"",""TRD_GRP_056"",""TRD_GRP_057"",""TRD_GRP_058"",""TRD_GRP_059"",""TRD_GRP_060"",""TRD_GRP_061"",""TRD_GRP_062"",""TRD_GRP_063"",""TRD_GRP_064"",""TRD_GRP_065"",""TRD_GRP_066"",""TRD_GRP_067"",""TRD_GRP_068"",""TRD_GRP_069"",""TRD_GRP_070"",""TRD_GRP_071"",""TRD_GRP_072"",""TRD_GRP_073"",""TRD_GRP_074"",""TRD_GRP_075"",""TRD_GRP_076"",""TRD_GRP_077"",""TRD_GRP_078"",""TRD_GRP_079"",""TRD_GRP_080"",""TRD_GRP_081"",""TRD_GRP_082"",""TRD_GRP_083"",""TRD_GRP_084"",""TRD_GRP_085"",""TRD_GRP_086"",""TRD_GRP_087"",""TRD_GRP_088"",""TRD_GRP_089"",""TRD_GRP_090"",""TRD_GRP_091"",""TRD_GRP_092"",""TRD_GRP_093"",""TRD_GRP_094"",""TRD_GRP_095"",""TRD_GRP_096"",""TRD_GRP_097"",""TRD_GRP_098"",""TRD_GRP_099"",""TRD_GRP_100"",""TRD_GRP_101"",""TRD_GRP_102"",""TRD_GRP_103"",""TRD_GRP_104"",""TRD_GRP_105"",""TRD_GRP_106"",""TRD_GRP_107"",""TRD_GRP_108"",""TRD_GRP_109"",""TRD_GRP_110"",""TRD_GRP_111"",""TRD_GRP_112"",""TRD_GRP_113"",""TRD_GRP_114"",""TRD_GRP_115"",""TRD_GRP_116"",""TRD_GRP_117"",""TRD_GRP_118"",""TRD_GRP_119"",""TRD_GRP_120"",""TRD_GRP_121"",""TRD_GRP_122"",""TRD_GRP_123"",""TRD_GRP_124"",""TRD_GRP_125"",""TRD_GRP_126"",""TRD_GRP_127"",""TRD_GRP_128"",""TRD_GRP_129"",""TRD_GRP_130"",""TRD_GRP_131"",""TRD_GRP_132"",""TRD_GRP_133"",""TRD_GRP_134"",""TRD_GRP_135"",""TRD_GRP_136"",""TRD_GRP_137"",""TRD_GRP_138"",""TRD_GRP_139"",""TRD_GRP_140"",""TRD_GRP_141"",""TRD_GRP_142"",""TRD_GRP_143"",""TRD_GRP_144"",""TRD_GRP_145"",""TRD_GRP_146"",""TRD_GRP_147"",""TRD_GRP_148"",""TRD_GRP_149"",""TRD_GRP_150"",""TRD_GRP_151"",""TRD_GRP_152"",""TRD_GRP_153"",""TRD_GRP_154"",""TRD_GRP_155"",""TRD_GRP_156"",""TRD_GRP_157"",""TRD_GRP_158"",""TRD_GRP_159"",""TRD_GRP_160"",""TRD_GRP_161"",""TRD_GRP_162"",""TRD_GRP_163"",""TRD_GRP_164"",""TRD_GRP_165"",""TRD_GRP_166"",""TRD_GRP_167"",""TRD_GRP_168"",""TRD_GRP_169"",""TRD_GRP_170"",""TRD_GRP_171"",""TRD_GRP_172"",""TRD_GRP_173"",""TRD_GRP_174"",""TRD_GRP_175"",""TRD_GRP_176"",""TRD_GRP_177"",""TRD_GRP_178"",""TRD_GRP_179"",""TRD_GRP_180"",""TRD_GRP_181"",""TRD_GRP_182"",""TRD_GRP_183"",""TRD_GRP_184"",""TRD_GRP_185"",""TRD_GRP_186"",""TRD_GRP_187"",""TRD_GRP_188"",""TRD_GRP_189"",""TRD_GRP_190"",""TRD_GRP_191"",""TRD_GRP_192"",""TRD_GRP_193"",""TRD_GRP_194"",""TRD_GRP_195"",""TRD_GRP_196"",""TRD_GRP_197"",""TRD_GRP_198"",""TRD_GRP_199"",""TRD_GRP_200"",""TRD_GRP_201"",""TRD_GRP_202"",""TRD_GRP_203"",""TRD_GRP_204"",""TRD_GRP_205"",""TRD_GRP_206"",""TRD_GRP_207"",""TRD_GRP_208"",""TRD_GRP_209"",""TRD_GRP_210"",""TRD_GRP_211"",""TRD_GRP_212"",""TRD_GRP_213"",""TRD_GRP_214"",""TRD_GRP_215"",""TRD_GRP_216"",""TRD_GRP_217"",""TRD_GRP_218"",""TRD_GRP_219"",""TRD_GRP_220"",""TRD_GRP_221"",""TRD_GRP_222"",""TRD_GRP_223"",""TRD_GRP_224"",""TRD_GRP_225"",""TRD_GRP_226"",""TRD_GRP_227"",""TRD_GRP_228"",""TRD_GRP_229"",""TRD_GRP_230"",""TRD_GRP_231"",""TRD_GRP_232"",""TRD_GRP_233"",""TRD_GRP_234"",""TRD_GRP_235"",""TRD_GRP_236"",""TRD_GRP_237"",""TRD_GRP_238"",""TRD_GRP_239"",""TRD_GRP_240"",""TRD_GRP_242"",""TRD_GRP_243"",""TRD_GRP_244"",""TRD_GRP_245"",""TRD_GRP_246"",""TRD_GRP_247"",""TRD_GRP_248"",""TRD_GRP_249"",""TRD_GRP_250"",""TRD_GRP_251"",""TRD_GRP_252"",""TRD_GRP_253"",""TRD_GRP_256"",""TRD_GRP_258""]]",EXPIRE_TAKER|EXPIRE_MAKER|EXPIRE_BOTH|DECREMENT|TRANSFER,0.00010000,1000.00000000,0.00010000,1.00000000,9222449.00000000,1.00000000,100,0.00000000,121464.86250000,0.00000000,10,2000,10,2000,1.2,0.5,2,0.8,5,5.00000000,true,9000000.00000000,false,5,200,20,5,10
ENJUSDT,Sample,496,0,0,false,0,0,TRADING,ENJ,USDT,8,8,8,8,8,true,true,true,true,true,true,true,true,true,true,true,EXPIRE_MAKER,LIMIT|LIMIT_MAKER|MARKET|STOP_LOSS|STOP_LOSS_LIMIT|TAKE_PROFIT|TAKE_PROFIT_LIMIT,,"[[""SPOT"",""MARGIN"",""TRD_GRP_004"",""TRD_GRP_005"",""TRD_GRP_006"",""TRD_GRP_015"",""TRD_GRP_016"",""TRD_GRP_017"",""TRD_GRP_018"",""TRD_GRP_019"",""TRD_GRP_020"",""TRD_GRP_021"",""TRD_GRP_022"",""TRD_GRP_023"",""TRD_GRP_024"",""TRD_GRP_025"",""TRD_GRP_049"",""TRD_GRP_050"",""TRD_GRP_051"",""TRD_GRP_052"",""TRD_GRP_053"",""TRD_GRP_054"",""TRD_GRP_055"",""TRD_GRP_056"",""TRD_GRP_057"",""TRD_GRP_058"",""TRD_GRP_059"",""TRD_GRP_060"",""TRD_GRP_061"",""TRD_GRP_062"",""TRD_GRP_063"",""TRD_GRP_064"",""TRD_GRP_065"",""TRD_GRP_066"",""TRD_GRP_067"",""TRD_GRP_068"",""TRD_GRP_069"",""TRD_GRP_070"",""TRD_GRP_071"",""TRD_GRP_072"",""TRD_GRP_073"",""TRD_GRP_074"",""TRD_GRP_075"",""TRD_GRP_076"",""TRD_GRP_077"",""TRD_GRP_078"",""TRD_GRP_079"",""TRD_GRP_080"",""TRD_GRP_081"",""TRD_GRP_082"",""TRD_GRP_083"",""TRD_GRP_084"",""TRD_GRP_085"",""TRD_GRP_086"",""TRD_GRP_087"",""TRD_GRP_088"",""TRD_GRP_089"",""TRD_GRP_090"",""TRD_GRP_091"",""TRD_GRP_092"",""TRD_GRP_093"",""TRD_GRP_094"",""TRD_GRP_095"",""TRD_GRP_096"",""TRD_GRP_097"",""TRD_GRP_098"",""TRD_GRP_099"",""TRD_GRP_100"",""TRD_GRP_101"",""TRD_GRP_102"",""TRD_GRP_103"",""TRD_GRP_104"",""TRD_GRP_105"",""TRD_GRP_106"",""TRD_GRP_107"",""TRD_GRP_108"",""TRD_GRP_109"",""TRD_GRP_110"",""TRD_GRP_111"",""TRD_GRP_112"",""TRD_GRP_113"",""TRD_GRP_114"",""TRD_GRP_115"",""TRD_GRP_116"",""TRD_GRP_117"",""TRD_GRP_118"",""TRD_GRP_119"",""TRD_GRP_120"",""TRD_GRP_121"",""TRD_GRP_122"",""TRD_GRP_123"",""TRD_GRP_124"",""TRD_GRP_125"",""TRD_GRP_126"",""TRD_GRP_127"",""TRD_GRP_128"",""TRD_GRP_129"",""TRD_GRP_130"",""TRD_GRP_131"",""TRD_GRP_132"",""TRD_GRP_133"",""TRD_GRP_134"",""TRD_GRP_135"",""TRD_GRP_136"",""TRD_GRP_137"",""TRD_GRP_138"",""TRD_GRP_139"",""TRD_GRP_140"",""TRD_GRP_141"",""TRD_GRP_142"",""TRD_GRP_143"",""TRD_GRP_144"",""TRD_GRP_145"",""TRD_GRP_146"",""TRD_GRP_147"",""TRD_GRP_148"",""TRD_GRP_149"",""TRD_GRP_150"",""TRD_GRP_151"",""TRD_GRP_152"",""TRD_GRP_153"",""TRD_GRP_154"",""TRD_GRP_155"",""TRD_GRP_156"",""TRD_GRP_157"",""TRD_GRP_158"",""TRD_GRP_159"",""TRD_GRP_160"",""TRD_GRP_161"",""TRD_GRP_162"",""TRD_GRP_163"",""TRD_GRP_164"",""TRD_GRP_165"",""TRD_GRP_166"",""TRD_GRP_167"",""TRD_GRP_168"",""TRD_GRP_169"",""TRD_GRP_170"",""TRD_GRP_171"",""TRD_GRP_172"",""TRD_GRP_173"",""TRD_GRP_174"",""TRD_GRP_175"",""TRD_GRP_176"",""TRD_GRP_177"",""TRD_GRP_178"",""TRD_GRP_179"",""TRD_GRP_180"",""TRD_GRP_181"",""TRD_GRP_182"",""TRD_GRP_183"",""TRD_GRP_184"",""TRD_GRP_185"",""TRD_GRP_186"",""TRD_GRP_187"",""TRD_GRP_188"",""TRD_GRP_189"",""TRD_GRP_190"",""TRD_GRP_191"",""TRD_GRP_192"",""TRD_GRP_193"",""TRD_GRP_194"",""TRD_GRP_195"",""TRD_GRP_196"",""TRD_GRP_197"",""TRD_GRP_198"",""TRD_GRP_199"",""TRD_GRP_200"",""TRD_GRP_201"",""TRD_GRP_202"",""TRD_GRP_203"",""TRD_GRP_204"",""TRD_GRP_205"",""TRD_GRP_206"",""TRD_GRP_207"",""TRD_GRP_208"",""TRD_GRP_209"",""TRD_GRP_210"",""TRD_GRP_211"",""TRD_GRP_212"",""TRD_GRP_213"",""TRD_GRP_214"",""TRD_GRP_215"",""TRD_GRP_216"",""TRD_GRP_217"",""TRD_GRP_218"",""TRD_GRP_219"",""TRD_GRP_220"",""TRD_GRP_221"",""TRD_GRP_222"",""TRD_GRP_223"",""TRD_GRP_224"",""TRD_GRP_225"",""TRD_GRP_226"",""TRD_GRP_227"",""TRD_GRP_228"",""TRD_GRP_229"",""TRD_GRP_230"",""TRD_GRP_231"",""TRD_GRP_232"",""TRD_GRP_233"",""TRD_GRP_234"",""TRD_GRP_235"",""TRD_GRP_236"",""TRD_GRP_237"",""TRD_GRP_238"",""TRD_GRP_239"",""TRD_GRP_240"",""TRD_GRP_242"",""TRD_GRP_243"",""TRD_GRP_244"",""TRD_GRP_245"",""TRD_GRP_246"",""TRD_GRP_247"",""TRD_GRP_248"",""TRD_GRP_249"",""TRD_GRP_250"",""TRD_GRP_251"",""TRD_GRP_252"",""TRD_GRP_253"",""TRD_GRP_256"",""TRD_GRP_258""]]",EXPIRE_TAKER|EXPIRE_MAKER|EXPIRE_BOTH|DECREMENT|TRANSFER,0.00001000,1000.00000000,0.00001000,0.10000000,900000.00000000,0.10000000,100,0.00000000,501274.00458333,0.00000000,10,2000,10,2000,1.2,0.5,2,0.8,5,5.00000000,true,9000000.00000000,false,5,200,20,5,10
EURUSDT,Sample,695,0,0,false,0,0,TRADING,EUR,USDT,8,8,8,8,8,true,true,true,true,true,true,true,true,true,true,false,EXPIRE_MAKER,LIMIT|LIMIT_MAKER|MARKET|STOP_LOSS|STOP_LOSS_LIMIT|TAKE_PROFIT|TAKE_PROFIT_LIMIT,,"[[""SPOT"",""TRD_GRP_015"",""TRD_GRP_016"",""TRD_GRP_017"",""TRD_GRP_018"",""TRD_GRP_019"",""TRD_GRP_020"",""TRD_GRP_021"",""TRD_GRP_022"",""TRD_GRP_023"",""TRD_GRP_024"",""TRD_GRP_025"",""TRD_GRP_049"",""TRD_GRP_050"",""TRD_GRP_051"",""TRD_GRP_052"",""TRD_GRP_053"",""TRD_GRP_054"",""TRD_GRP_055"",""TRD_GRP_056"",""TRD_GRP_057"",""TRD_GRP_058"",""TRD_GRP_059"",""TRD_GRP_060"",""TRD_GRP_061"",""TRD_GRP_062"",""TRD_GRP_063"",""TRD_GRP_064"",""TRD_GRP_065"",""TRD_GRP_066"",""TRD_GRP_067"",""TRD_GRP_068"",""TRD_GRP_069"",""TRD_GRP_070"",""TRD_GRP_071"",""TRD_GRP_072"",""TRD_GRP_073"",""TRD_GRP_074"",""TRD_GRP_075"",""TRD_GRP_076"",""TRD_GRP_077"",""TRD_GRP_078"",""TRD_GRP_079"",""TRD_GRP_080"",""TRD_GRP_081"",""TRD_GRP_082"",""TRD_GRP_083"",""TRD_GRP_084"",""TRD_GRP_085"",""TRD_GRP_086"",""TRD_GRP_087"",""TRD_GRP_088"",""TRD_GRP_089"",""TRD_GRP_090"",""TRD_GRP_091"",""TRD_GRP_092"",""TRD_GRP_093"",""TRD_GRP_094"",""TRD_GRP_095"",""TRD_GRP_096"",""TRD_GRP_097"",""TRD_GRP_098"",""TRD_GRP_099"",""TRD_GRP_100"",""TRD_GRP_101"",""TRD_GRP_102"",""TRD_GRP_103"",""TRD_GRP_104"",""TRD_GRP_105"",""TRD_GRP_106"",""TRD_GRP_107"",""TRD_GRP_108"",""TRD_GRP_109"",""TRD_GRP_110"",""TRD_GRP_111"",""TRD_GRP_112"",""TRD_GRP_113"",""TRD_GRP_114"",""TRD_GRP_115"",""TRD_GRP_116"",""TRD_GRP_117"",""TRD_GRP_118"",""TRD_GRP_119"",""TRD_GRP_120"",""TRD_GRP_121"",""TRD_GRP_122"",""TRD_GRP_123"",""TRD_GRP_124"",""TRD_GRP_125"",""TRD_GRP_126"",""TRD_GRP_127"",""TRD_GRP_128"",""TRD_GRP_129"",""TRD_GRP_130"",""TRD_GRP_131"",""TRD_GRP_132"",""TRD_GRP_133"",""TRD_GRP_134"",""TRD_GRP_135"",""TRD_GRP_136"",""TRD_GRP_137"",""TRD_GRP_138"",""TRD_GRP_139"",""TRD_GRP_140"",""TRD_GRP_141"",""TRD_GRP_142"",""TRD_GRP_143"",""TRD_GRP_144"",""TRD_GRP_145"",""TRD_GRP_146"",""TRD_GRP_147"",""TRD_GRP_148"",""TRD_GRP_149"",""TRD_GRP_150"",""TRD_GRP_151"",""TRD_GRP_152"",""TRD_GRP_153"",""TRD_GRP_154"",""TRD_GRP_155"",""TRD_GRP_156"",""TRD_GRP_157"",""TRD_GRP_158"",""TRD_GRP_159"",""TRD_GRP_160"",""TRD_GRP_161"",""TRD_GRP_162"",""TRD_GRP_163"",""TRD_GRP_164"",""TRD_GRP_165"",""TRD_GRP_166"",""TRD_GRP_167"",""TRD_GRP_168"",""TRD_GRP_169"",""TRD_GRP_170"",""TRD_GRP_171"",""TRD_GRP_172"",""TRD_GRP_173"",""TRD_GRP_174"",""TRD_GRP_175"",""TRD_GRP_176"",""TRD_GRP_177"",""TRD_GRP_178"",""TRD_GRP_179"",""TRD_GRP_180"",""TRD_GRP_181"",""TRD_GRP_182"",""TRD_GRP_183"",""TRD_GRP_184"",""TRD_GRP_185"",""TRD_GRP_186"",""TRD_GRP_187"",""TRD_GRP_188"",""TRD_GRP_189"",""TRD_GRP_190"",""TRD_GRP_191"",""TRD_GRP_192"",""TRD_GRP_193"",""TRD_GRP_194"",""TRD_GRP_195"",""TRD_GRP_196"",""TRD_GRP_197"",""TRD_GRP_198"",""TRD_GRP_199"",""TRD_GRP_200"",""TRD_GRP_201"",""TRD_GRP_202"",""TRD_GRP_203"",""TRD_GRP_204"",""TRD_GRP_205"",""TRD_GRP_206"",""TRD_GRP_207"",""TRD_GRP_208"",""TRD_GRP_209"",""TRD_GRP_210"",""TRD_GRP_211"",""TRD_GRP_212"",""TRD_GRP_213"",""TRD_GRP_214"",""TRD_GRP_215"",""TRD_GRP_216"",""TRD_GRP_217"",""TRD_GRP_218"",""TRD_GRP_219"",""TRD_GRP_220"",""TRD_GRP_221"",""TRD_GRP_222"",""TRD_GRP_223"",""TRD_GRP_224"",""TRD_GRP_225"",""TRD_GRP_226"",""TRD_GRP_227"",""TRD_GRP_228"",""TRD_GRP_229"",""TRD_GRP_230"",""TRD_GRP_231"",""TRD_GRP_232"",""TRD_GRP_233"",""TRD_GRP_234"",""TRD_GRP_235"",""TRD_GRP_236"",""TRD_GRP_237"",""TRD_GRP_238"",""TRD_GRP_239"",""TRD_GRP_240"",""TRD_GRP_242"",""TRD_GRP_245"",""TRD_GRP_246"",""TRD_GRP_247"",""TRD_GRP_248"",""TRD_GRP_249"",""TRD_GRP_250"",""TRD_GRP_251"",""TRD_GRP_252"",""TRD_GRP_253"",""TRD_GRP_256"",""TRD_GRP_258"",""MARGIN_001""]]",EXPIRE_TAKER|EXPIRE_MAKER|EXPIRE_BOTH|DECREMENT|TRANSFER,0.90000000,1.40000000,0.00010000,0.10000000,6000000.00000000,0.10000000,100,0.00000000,265417.15541666,0.00000000,10,2000,10,2000,1.1,0.8,1.2,0.9,5,5.00000000,true,9000000.00000000,false,5,200,20,5,10
HBARUSDT,Sample,628,0,0,false,0,0,TRADING,HBAR,USDT,8,8,8,8,8,true,true,true,true,true,true,true,true,true,true,true,EXPIRE_MAKER,LIMIT|LIMIT_MAKER|MARKET|STOP_LOSS|STOP_LOSS_LIMIT|TAKE_PROFIT|TAKE_PROFIT_LIMIT,,"[[""SPOT"",""MARGIN"",""TRD_GRP_004"",""TRD_GRP_005"",""TRD_GRP_006"",""TRD_GRP_015"",""TRD_GRP_016"",""TRD_GRP_017"",""TRD_GRP_018"",""TRD_GRP_019"",""TRD_GRP_020"",""TRD_GRP_021"",""TRD_GRP_022"",""TRD_GRP_023"",""TRD_GRP_024"",""TRD_GRP_025"",""TRD_GRP_049"",""TRD_GRP_050"",""TRD_GRP_051"",""TRD_GRP_052"",""TRD_GRP_053"",""TRD_GRP_054"",""TRD_GRP_055"",""TRD_GRP_056"",""TRD_GRP_057"",""TRD_GRP_058"",""TRD_GRP_059"",""TRD_GRP_060"",""TRD_GRP_061"",""TRD_GRP_062"",""TRD_GRP_063"",""TRD_GRP_064"",""TRD_GRP_065"",""TRD_GRP_066"",""TRD_GRP_067"",""TRD_GRP_068"",""TRD_GRP_069"",""TRD_GRP_070"",""TRD_GRP_071"",""TRD_GRP_072"",""TRD_GRP_073"",""TRD_GRP_074"",""TRD_GRP_075"",""TRD_GRP_076"",""TRD_GRP_077"",""TRD_GRP_078"",""TRD_GRP_079"",""TRD_GRP_080"",""TRD_GRP_081"",""TRD_GRP_082"",""TRD_GRP_083"",""TRD_GRP_084"",""TRD_GRP_085"",""TRD_GRP_086"",""TRD_GRP_087"",""TRD_GRP_088"",""TRD_GRP_089"",""TRD_GRP_090"",""TRD_GRP_091"",""TRD_GRP_092"",""TRD_GRP_093"",""TRD_GRP_094"",""TRD_GRP_095"",""TRD_GRP_096"",""TRD_GRP_097"",""TRD_GRP_098"",""TRD_GRP_099"",""TRD_GRP_100"",""TRD_GRP_101"",""TRD_GRP_102"",""TRD_GRP_103"",""TRD_GRP_104"",""TRD_GRP_105"",""TRD_GRP_106"",""TRD_GRP_107"",""TRD_GRP_108"",""TRD_GRP_109"",""TRD_GRP_110"",""TRD_GRP_111"",""TRD_GRP_112"",""TRD_GRP_113"",""TRD_GRP_114"",""TRD_GRP_115"",""TRD_GRP_116"",""TRD_GRP_117"",""TRD_GRP_118"",""TRD_GRP_119"",""TRD_GRP_120"",""TRD_GRP_121"",""TRD_GRP_122"",""TRD_GRP_123"",""TRD_GRP_124"",""TRD_GRP_125"",""TRD_GRP_126"",""TRD_GRP_127"",""TRD_GRP_128"",""TRD_GRP_129"",""TRD_GRP_130"",""TRD_GRP_131"",""TRD_GRP_132"",""TRD_GRP_133"",""TRD_GRP_134"",""TRD_GRP_135"",""TRD_GRP_136"",""TRD_GRP_137"",""TRD_GRP_138"",""TRD_GRP_139"",""TRD_GRP_140"",""TRD_GRP_141"",""TRD_GRP_142"",""TRD_GRP_143"",""TRD_GRP_144"",""TRD_GRP_145"",""TRD_GRP_146"",""TRD_GRP_147"",""TRD_GRP_148"",""TRD_GRP_149"",""TRD_GRP_150"",""TRD_GRP_151"",""TRD_GRP_152"",""TRD_GRP_153"",""TRD_GRP_154"",""TRD_GRP_155"",""TRD_GRP_156"",""TRD_GRP_157"",""TRD_GRP_158"",""TRD_GRP_159"",""TRD_GRP_160"",""TRD_GRP_161"",""TRD_GRP_162"",""TRD_GRP_163"",""TRD_GRP_164"",""TRD_GRP_165"",""TRD_GRP_166"",""TRD_GRP_167"",""TRD_GRP_168"",""TRD_GRP_169"",""TRD_GRP_170"",""TRD_GRP_171"",""TRD_GRP_172"",""TRD_GRP_173"",""TRD_GRP_174"",""TRD_GRP_175"",""TRD_GRP_176"",""TRD_GRP_177"",""TRD_GRP_178"",""TRD_GRP_179"",""TRD_GRP_180"",""TRD_GRP_181"",""TRD_GRP_182"",""TRD_GRP_183"",""TRD_GRP_184"",""TRD_GRP_185"",""TRD_GRP_186"",""TRD_GRP_187"",""TRD_GRP_188"",""TRD_GRP_189"",""TRD_GRP_190"",""TRD_GRP_191"",""TRD_GRP_192"",""TRD_GRP_193"",""TRD_GRP_194"",""TRD_GRP_195"",""TRD_GRP_196"",""TRD_GRP_197"",""TRD_GRP_198"",""TRD_GRP_199"",""TRD_GRP_200"",""TRD_GRP_201"",""TRD_GRP_202"",""TRD_GRP_203"",""TRD_GRP_204"",""TRD_GRP_205"",""TRD_GRP_206"",""TRD_GRP_207"",""TRD_GRP_208"",""TRD_GRP_209"",""TRD_GRP_210"",""TRD_GRP_211"",""TRD_GRP_212"",""TRD_GRP_213"",""TRD_GRP_214"",""TRD_GRP_215"",""TRD_GRP_216"",""TRD_GRP_217"",""TRD_GRP_218"",""TRD_GRP_219"",""TRD_GRP_220"",""TRD_GRP_221"",""TRD_GRP_222"",""TRD_GRP_223"",""TRD_GRP_224"",""TRD_GRP_225"",""TRD_GRP_226"",""TRD_GRP_227"",""TRD_GRP_228"",""TRD_GRP_229"",""TRD_GRP_230"",""TRD_GRP_231"",""TRD_GRP_232"",""TRD_GRP_233"",""TRD_GRP_234"",""TRD_GRP_235"",""TRD_GRP_236"",""TRD_GRP_237"",""TRD_GRP_238"",""TRD_GRP_239"",""TRD_GRP_240"",""TRD_GRP_242"",""TRD_GRP_243"",""TRD_GRP_244"",""TRD_GRP_245"",""TRD_GRP_246"",""TRD_GRP_247"",""TRD_GRP_248"",""TRD_GRP_249"",""TRD_GRP_250"",""TRD_GRP_251"",""TRD_GRP_252"",""TRD_GRP_253"",""TRD_GRP_256"",""TRD_GRP_258""]]",EXPIRE_TAKER|EXPIRE_MAKER|EXPIRE_BOTH|DECREMENT|TRANSFER,0.00001000,1000.00000000,0.00001000,1.00000000,9000000.00000000,1.00000000,100,0.00000000,3138594.50000000,0.00000000,10,2000,10,2000,1.2,0.5,2,0.8,5,5.00000000,true,9000000.00000000,false,5,200,20,5,10
HIVEUSDT,Sample,792,0,0,false,0,0,TRADING,HIVE,USDT,8,8,8,8,8,true,true,true,true,true,true,true,true,true,true,true,EXPIRE_MAKER,LIMIT|LIMIT_MAKER|MARKET|STOP_LOSS|STOP_LOSS_LIMIT|TAKE_PROFIT|TAKE_PROFIT_LIMIT,,"[[""SPOT"",""MARGIN"",""TRD_GRP_004"",""TRD_GRP_006"",""TRD_GRP_015"",""TRD_GRP_016"",""TRD_GRP_017"",""TRD_GRP_018"",""TRD_GRP_019"",""TRD_GRP_020"",""TRD_GRP_021"",""TRD_GRP_022"",""TRD_GRP_023"",""TRD_GRP_024"",""TRD_GRP_025"",""TRD_GRP_049"",""TRD_GRP_050"",""TRD_GRP_051"",""TRD_GRP_052"",""TRD_GRP_053"",""TRD_GRP_054"",""TRD_GRP_055"",""TRD_GRP_056"",""TRD_GRP_057"",""TRD_GRP_058"",""TRD_GRP_059"",""TRD_GRP_060"",""TRD_GRP_061"",""TRD_GRP_062"",""TRD_GRP_063"",""TRD_GRP_064"",""TRD_GRP_065"",""TRD_GRP_066"",""TRD_GRP_067"",""TRD_GRP_068"",""TRD_GRP_069"",""TRD_GRP_070"",""TRD_GRP_071"",""TRD_GRP_072"",""TRD_GRP_073"",""TRD_GRP_074"",""TRD_GRP_075"",""TRD_GRP_076"",""TRD_GRP_077"",""TRD_GRP_078"",""TRD_GRP_079"",""TRD_GRP_080"",""TRD_GRP_081"",""TRD_GRP_082"",""TRD_GRP_083"",""TRD_GRP_084"",""TRD_GRP_085"",""TRD_GRP_086"",""TRD_GRP_087"",""TRD_GRP_088"",""TRD_GRP_089"",""TRD_GRP_090"",""TRD_GRP_091"",""TRD_GRP_092"",""TRD_GRP_093"",""TRD_GRP_094"",""TRD_GRP_095"",""TRD_GRP_096"",""TRD_GRP_097"",""TRD_GRP_098"",""TRD_GRP_099"",""TRD_GRP_100"",""TRD_GRP_101"",""TRD_GRP_102"",""TRD_GRP_103"",""TRD_GRP_104"",""TRD_GRP_105"",""TRD_GRP_106"",""TRD_GRP_107"",""TRD_GRP_108"",""TRD_GRP_109"",""TRD_GRP_110"",""TRD_GRP_111"",""TRD_GRP_112"",""TRD_GRP_113"",""TRD_GRP_114"",""TRD_GRP_115"",""TRD_GRP_116"",""TRD_GRP_117"",""TRD_GRP_118"",""TRD_GRP_119"",""TRD_GRP_120"",""TRD_GRP_121"",""TRD_GRP_122"",""TRD_GRP_123"",""TRD_GRP_124"",""TRD_GRP_125"",""TRD_GRP_126"",""TRD_GRP_127"",""TRD_GRP_128"",""TRD_GRP_129"",""TRD_GRP_130"",""TRD_GRP_131"",""TRD_GRP_132"",""TRD_GRP_133"",""TRD_GRP_134"",""TRD_GRP_135"",""TRD_GRP_136"",""TRD_GRP_137"",""TRD_GRP_138"",""TRD_GRP_139"",""TRD_GRP_140"",""TRD_GRP_141"",""TRD_GRP_142"",""TRD_GRP_143"",""TRD_GRP_144"",""TRD_GRP_145"",""TRD_GRP_146"",""TRD_GRP_147"",""TRD_GRP_148"",""TRD_GRP_149"",""TRD_GRP_150"",""TRD_GRP_151"",""TRD_GRP_152"",""TRD_GRP_153"",""TRD_GRP_154"",""TRD_GRP_155"",""TRD_GRP_156"",""TRD_GRP_157"",""TRD_GRP_158"",""TRD_GRP_159"",""TRD_GRP_160"",""TRD_GRP_161"",""TRD_GRP_162"",""TRD_GRP_163"",""TRD_GRP_164"",""TRD_GRP_165"",""TRD_GRP_166"",""TRD_GRP_167"",""TRD_GRP_168"",""TRD_GRP_169"",""TRD_GRP_170"",""TRD_GRP_171"",""TRD_GRP_172"",""TRD_GRP_173"",""TRD_GRP_174"",""TRD_GRP_175"",""TRD_GRP_176"",""TRD_GRP_177"",""TRD_GRP_178"",""TRD_GRP_179"",""TRD_GRP_180"",""TRD_GRP_181"",""TRD_GRP_182"",""TRD_GRP_183"",""TRD_GRP_184"",""TRD_GRP_185"",""TRD_GRP_186"",""TRD_GRP_187"",""TRD_GRP_188"",""TRD_GRP_189"",""TRD_GRP_190"",""TRD_GRP_191"",""TRD_GRP_192"",""TRD_GRP_193"",""TRD_GRP_194"",""TRD_GRP_195"",""TRD_GRP_196"",""TRD_GRP_197"",""TRD_GRP_198"",""TRD_GRP_199"",""TRD_GRP_200"",""TRD_GRP_201"",""TRD_GRP_202"",""TRD_GRP_203"",""TRD_GRP_204"",""TRD_GRP_205"",""TRD_GRP_206"",""TRD_GRP_207"",""TRD_GRP_208"",""TRD_GRP_209"",""TRD_GRP_210"",""TRD_GRP_211"",""TRD_GRP_212"",""TRD_GRP_213"",""TRD_GRP_214"",""TRD_GRP_215"",""TRD_GRP_216"",""TRD_GRP_217"",""TRD_GRP_218"",""TRD_GRP_219"",""TRD_GRP_220"",""TRD_GRP_221"",""TRD_GRP_222"",""TRD_GRP_223"",""TRD_GRP_224"",""TRD_GRP_225"",""TRD_GRP_226"",""TRD_GRP_227"",""TRD_GRP_228"",""TRD_GRP_229"",""TRD_GRP_230"",""TRD_GRP_231"",""TRD_GRP_232"",""TRD_GRP_233"",""TRD_GRP_234"",""TRD_GRP_235"",""TRD_GRP_236"",""TRD_GRP_237"",""TRD_GRP_238"",""TRD_GRP_239"",""TRD_GRP_240"",""TRD_GRP_242"",""TRD_GRP_243"",""TRD_GRP_244"",""TRD_GRP_245"",""TRD_GRP_246"",""TRD_GRP_247"",""TRD_GRP_248"",""TRD_GRP_249"",""TRD_GRP_250"",""TRD_GRP_251"",""TRD_GRP_252"",""TRD_GRP_253"",""TRD_GRP_256"",""TRD_GRP_258""]]",EXPIRE_TAKER|EXPIRE_MAKER|EXPIRE_BOTH|DECREMENT|TRANSFER,0.00010000,1000.00000000,0.00010000,1.00000000,900000.00000000,1.00000000,100,0.00000000,192442.67500000,0.00000000,10,2000,10,2000,1.2,0.5,2,0.8,5,5.00000000,true,9000000.00000000,false,5,200,20,5,10
IOTAUSDT,Sample,334,0,0,false,0,0,TRADING,IOTA,USDT,8,8,8,8,8,true,true,true,true,true,true,true,true,true,true,true,EXPIRE_MAKER,LIMIT|LIMIT_MAKER|MARKET|STOP_LOSS|STOP_LOSS_LIMIT|TAKE_PROFIT|TAKE_PROFIT_LIMIT,,"[[""SPOT"",""MARGIN"",""TRD_GRP_004"",""TRD_GRP_005"",""TRD_GRP_006"",""TRD_GRP_015"",""TRD_GRP_016"",""TRD_GRP_017"",""TRD_GRP_018"",""TRD_GRP_019"",""TRD_GRP_020"",""TRD_GRP_021"",""TRD_GRP_022"",""TRD_GRP_023"",""TRD_GRP_024"",""TRD_GRP_025"",""TRD_GRP_049"",""TRD_GRP_050"",""TRD_GRP_051"",""TRD_GRP_052"",""TRD_GRP_053"",""TRD_GRP_054"",""TRD_GRP_055"",""TRD_GRP_056"",""TRD_GRP_057"",""TRD_GRP_058"",""TRD_GRP_059"",""TRD_GRP_060"",""TRD_GRP_061"",""TRD_GRP_062"",""TRD_GRP_063"",""TRD_GRP_064"",""TRD_GRP_065"",""TRD_GRP_066"",""TRD_GRP_067"",""TRD_GRP_068"",""TRD_GRP_069"",""TRD_GRP_070"",""TRD_GRP_071"",""TRD_GRP_072"",""TRD_GRP_073"",""TRD_GRP_074"",""TRD_GRP_075"",""TRD_GRP_076"",""TRD_GRP_077"",""TRD_GRP_078"",""TRD_GRP_079"",""TRD_GRP_080"",""TRD_GRP_081"",""TRD_GRP_082"",""TRD_GRP_083"",""TRD_GRP_084"",""TRD_GRP_085"",""TRD_GRP_086"",""TRD_GRP_087"",""TRD_GRP_088"",""TRD_GRP_089"",""TRD_GRP_090"",""TRD_GRP_091"",""TRD_GRP_092"",""TRD_GRP_093"",""TRD_GRP_094"",""TRD_GRP_095"",""TRD_GRP_096"",""TRD_GRP_097"",""TRD_GRP_098"",""TRD_GRP_099"",""TRD_GRP_100"",""TRD_GRP_101"",""TRD_GRP_102"",""TRD_GRP_103"",""TRD_GRP_104"",""TRD_GRP_105"",""TRD_GRP_106"",""TRD_GRP_107"",""TRD_GRP_108"",""TRD_GRP_109"",""TRD_GRP_110"",""TRD_GRP_111"",""TRD_GRP_112"",""TRD_GRP_113"",""TRD_GRP_114"",""TRD_GRP_115"",""TRD_GRP_116"",""TRD_GRP_117"",""TRD_GRP_118"",""TRD_GRP_119"",""TRD_GRP_120"",""TRD_GRP_121"",""TRD_GRP_122"",""TRD_GRP_123"",""TRD_GRP_124"",""TRD_GRP_125"",""TRD_GRP_126"",""TRD_GRP_127"",""TRD_GRP_128"",""TRD_GRP_129"",""TRD_GRP_130"",""TRD_GRP_131"",""TRD_GRP_132"",""TRD_GRP_133"",""TRD_GRP_134"",""TRD_GRP_135"",""TRD_GRP_136"",""TRD_GRP_137"",""TRD_GRP_138"",""TRD_GRP_139"",""TRD_GRP_140"",""TRD_GRP_141"",""TRD_GRP_142"",""TRD_GRP_143"",""TRD_GRP_144"",""TRD_GRP_145"",""TRD_GRP_146"",""TRD_GRP_147"",""TRD_GRP_148"",""TRD_GRP_149"",""TRD_GRP_150"",""TRD_GRP_151"",""TRD_GRP_152"",""TRD_GRP_153"",""TRD_GRP_154"",""TRD_GRP_155"",""TRD_GRP_156"",""TRD_GRP_157"",""TRD_GRP_158"",""TRD_GRP_159"",""TRD_GRP_160"",""TRD_GRP_161"",""TRD_GRP_162"",""TRD_GRP_163"",""TRD_GRP_164"",""TRD_GRP_165"",""TRD_GRP_166"",""TRD_GRP_167"",""TRD_GRP_168"",""TRD_GRP_169"",""TRD_GRP_170"",""TRD_GRP_171"",""TRD_GRP_172"",""TRD_GRP_173"",""TRD_GRP_174"",""TRD_GRP_175"",""TRD_GRP_176"",""TRD_GRP_177"",""TRD_GRP_178"",""TRD_GRP_179"",""TRD_GRP_180"",""TRD_GRP_181"",""TRD_GRP_182"",""TRD_GRP_183"",""TRD_GRP_184"",""TRD_GRP_185"",""TRD_GRP_186"",""TRD_GRP_187"",""TRD_GRP_188"",""TRD_GRP_189"",""TRD_GRP_190"",""TRD_GRP_191"",""TRD_GRP_192"",""TRD_GRP_193"",""TRD_GRP_194"",""TRD_GRP_195"",""TRD_GRP_196"",""TRD_GRP_197"",""TRD_GRP_198"",""TRD_GRP_199"",""TRD_GRP_200"",""TRD_GRP_201"",""TRD_GRP_202"",""TRD_GRP_203"",""TRD_GRP_204"",""TRD_GRP_205"",""TRD_GRP_206"",""TRD_GRP_207"",""TRD_GRP_208"",""TRD_GRP_209"",""TRD_GRP_210"",""TRD_GRP_211"",""TRD_GRP_212"",""TRD_GRP_213"",""TRD_GRP_214"",""TRD_GRP_215"",""TRD_GRP_216"",""TRD_GRP_217"",""TRD_GRP_218"",""TRD_GRP_219"",""TRD_GRP_220"",""TRD_GRP_221"",""TRD_GRP_222"",""TRD_GRP_223"",""TRD_GRP_224"",""TRD_GRP_225"",""TRD_GRP_226"",""TRD_GRP_227"",""TRD_GRP_228"",""TRD_GRP_229"",""TRD_GRP_230"",""TRD_GRP_231"",""TRD_GRP_232"",""TRD_GRP_233"",""TRD_GRP_234"",""TRD_GRP_235"",""TRD_GRP_236"",""TRD_GRP_237"",""TRD_GRP_238"",""TRD_GRP_239"",""TRD_GRP_240"",""TRD_GRP_242"",""TRD_GRP_243"",""TRD_GRP_244"",""TRD_GRP_245"",""TRD_GRP_246"",""TRD_GRP_247"",""TRD_GRP_248"",""TRD_GRP_249"",""TRD_GRP_250"",""TRD_GRP_251"",""TRD_GRP_252"",""TRD_GRP_253"",""TRD_GRP_256"",""TRD_GRP_258""]]",EXPIRE_TAKER|EXPIRE_MAKER|EXPIRE_BOTH|DECREMENT|TRANSFER,0.00010000,1000.00000000,0.00010000,1.00000000,900000.00000000,1.00000000,100,0.00000000,1370446.05833333,0.00000000,10,2000,10,2000,1.2,0.5,2,0.8,5,5.00000000,true,9000000.00000000,false,5,200,20,5,10
IOTXUSDT,Sample,652,0,0,false,0,0,TRADING,IOTX,USDT,8,8,8,8,8,true,true,true,true,true,true,true,true,true,true,false,EXPIRE_MAKER,LIMIT|LIMIT_MAKER|MARKET|STOP_LOSS|STOP_LOSS_LIMIT|TAKE_PROFIT|TAKE_PROFIT_LIMIT,,"[[""SPOT"",""TRD_GRP_004"",""TRD_GRP_005"",""TRD_GRP_006"",""TRD_GRP_015"",""TRD_GRP_016"",""TRD_GRP_017"",""TRD_GRP_018"",""TRD_GRP_019"",""TRD_GRP_020"",""TRD_GRP_021"",""TRD_GRP_022"",""TRD_GRP_023"",""TRD_GRP_024"",""TRD_GRP_025"",""TRD_GRP_049"",""TRD_GRP_050"",""TRD_GRP_051"",""TRD_GRP_052"",""TRD_GRP_053"",""TRD_GRP_054"",""TRD_GRP_055"",""TRD_GRP_056"",""TRD_GRP_057"",""TRD_GRP_058"",""TRD_GRP_059"",""TRD_GRP_060"",""TRD_GRP_061"",""TRD_GRP_062"",""TRD_GRP_063"",""TRD_GRP_064"",""TRD_GRP_065"",""TRD_GRP_066"",""TRD_GRP_067"",""TRD_GRP_068"",""TRD_GRP_069"",""TRD_GRP_070"",""TRD_GRP_071"",""TRD_GRP_072"",""TRD_GRP_073"",""TRD_GRP_074"",""TRD_GRP_075"",""TRD_GRP_076"",""TRD_GRP_077"",""TRD_GRP_078"",""TRD_GRP_079"",""TRD_GRP_080"",""TRD_GRP_081"",""TRD_GRP_082"",""TRD_GRP_083"",""TRD_GRP_084"",""TRD_GRP_085"",""TRD_GRP_086"",""TRD_GRP_087"",""TRD_GRP_088"",""TRD_GRP_089"",""TRD_GRP_090"",""TRD_GRP_091"",""TRD_GRP_092"",""TRD_GRP_093"",""TRD_GRP_094"",""TRD_GRP_095"",""TRD_GRP_096"",""TRD_GRP_097"",""TRD_GRP_098"",""TRD_GRP_099"",""TRD_GRP_100"",""TRD_GRP_101"",""TRD_GRP_102"",""TRD_GRP_103"",""TRD_GRP_104"",""TRD_GRP_105"",""TRD_GRP_106"",""TRD_GRP_107"",""TRD_GRP_108"",""TRD_GRP_109"",""TRD_GRP_110"",""TRD_GRP_111"",""TRD_GRP_112"",""TRD_GRP_113"",""TRD_GRP_114"",""TRD_GRP_115"",""TRD_GRP_116"",""TRD_GRP_117"",""TRD_GRP_118"",""TRD_GRP_119"",""TRD_GRP_120"",""TRD_GRP_121"",""TRD_GRP_122"",""TRD_GRP_123"",""TRD_GRP_124"",""TRD_GRP_125"",""TRD_GRP_126"",""TRD_GRP_127"",""TRD_GRP_128"",""TRD_GRP_129"",""TRD_GRP_130"",""TRD_GRP_131"",""TRD_GRP_132"",""TRD_GRP_133"",""TRD_GRP_134"",""TRD_GRP_135"",""TRD_GRP_136"",""TRD_GRP_137"",""TRD_GRP_138"",""TRD_GRP_139"",""TRD_GRP_140"",""TRD_GRP_141"",""TRD_GRP_142"",""TRD_GRP_143"",""TRD_GRP_144"",""TRD_GRP_145"",""TRD_GRP_146"",""TRD_GRP_147"",""TRD_GRP_148"",""TRD_GRP_149"",""TRD_GRP_150"",""TRD_GRP_151"",""TRD_GRP_152"",""TRD_GRP_153"",""TRD_GRP_154"",""TRD_GRP_155"",""TRD_GRP_156"",""TRD_GRP_157"",""TRD_GRP_158"",""TRD_GRP_159"",""TRD_GRP_160"",""TRD_GRP_161"",""TRD_GRP_162"",""TRD_GRP_163"",""TRD_GRP_164"",""TRD_GRP_165"",""TRD_GRP_166"",""TRD_GRP_167"",""TRD_GRP_168"",""TRD_GRP_169"",""TRD_GRP_170"",""TRD_GRP_171"",""TRD_GRP_172"",""TRD_GRP_173"",""TRD_GRP_174"",""TRD_GRP_175"",""TRD_GRP_176"",""TRD_GRP_177"",""TRD_GRP_178"",""TRD_GRP_179"",""TRD_GRP_180"",""TRD_GRP_181"",""TRD_GRP_182"",""TRD_GRP_183"",""TRD_GRP_184"",""TRD_GRP_185"",""TRD_GRP_186"",""TRD_GRP_187"",""TRD_GRP_188"",""TRD_GRP_189"",""TRD_GRP_190"",""TRD_GRP_191"",""TRD_GRP_192"",""TRD_GRP_193"",""TRD_GRP_194"",""TRD_GRP_195"",""TRD_GRP_196"",""TRD_GRP_197"",""TRD_GRP_198"",""TRD_GRP_199"",""TRD_GRP_200"",""TRD_GRP_201"",""TRD_GRP_202"",""TRD_GRP_203"",""TRD_GRP_204"",""TRD_GRP_205"",""TRD_GRP_206"",""TRD_GRP_207"",""TRD_GRP_208"",""TRD_GRP_209"",""TRD_GRP_210"",""TRD_GRP_211"",""TRD_GRP_212"",""TRD_GRP_213"",""TRD_GRP_214"",""TRD_GRP_215"",""TRD_GRP_216"",""TRD_GRP_217"",""TRD_GRP_218"",""TRD_GRP_219"",""TRD_GRP_220"",""TRD_GRP_221"",""TRD_GRP_222"",""TRD_GRP_223"",""TRD_GRP_224"",""TRD_GRP_225"",""TRD_GRP_226"",""TRD_GRP_227"",""TRD_GRP_228"",""TRD_GRP_229"",""TRD_GRP_230"",""TRD_GRP_231"",""TRD_GRP_232"",""TRD_GRP_233"",""TRD_GRP_234"",""TRD_GRP_235"",""TRD_GRP_236"",""TRD_GRP_237"",""TRD_GRP_238"",""TRD_GRP_239"",""TRD_GRP_240"",""TRD_GRP_242"",""TRD_GRP_243"",""TRD_GRP_244"",""TRD_GRP_245"",""TRD_GRP_246"",""TRD_GRP_247"",""TRD_GRP_248"",""TRD_GRP_249"",""TRD_GRP_250"",""TRD_GRP_251"",""TRD_GRP_252"",""TRD_GRP_253"",""TRD_GRP_256"",""TRD_GRP_258""]]",EXPIRE_TAKER|EXPIRE_MAKER|EXPIRE_BOTH|DECREMENT|TRANSFER,0.00000100,1000.00000000,0.00000100,1.00000000,92141578.00000000,1.00000000,100,0.00000000,3277268.05833333,0.00000000,10,2000,10,2000,1.2,0.5,2,0.8,5,5.00000000,true,9000000.00000000,false,5,200,20,5,10
KAVAUSDT,Sample,643,0,0,false,0,0,TRADING,KAVA,USDT,8,8,8,8,8,true,true,true,true,true,true,true,true,true,true,true,EXPIRE_MAKER,LIMIT|LIMIT_MAKER|MARKET|STOP_LOSS|STOP_LOSS_LIMIT|TAKE_PROFIT|TAKE_PROFIT_LIMIT,,"[[""SPOT"",""MARGIN"",""TRD_GRP_004"",""TRD_GRP_006"",""TRD_GRP_015"",""TRD_GRP_016"",""TRD_GRP_017"",""TRD_GRP_018"",""TRD_GRP_019"",""TRD_GRP_020"",""TRD_GRP_021"",""TRD_GRP_022"",""TRD_GRP_023"",""TRD_GRP_024"",""TRD_GRP_025"",""TRD_GRP_049"",""TRD_GRP_050"",""TRD_GRP_051"",""TRD_GRP_052"",""TRD_GRP_053"",""TRD_GRP_054"",""TRD_GRP_055"",""TRD_GRP_056"",""TRD_GRP_057"",""TRD_GRP_058"",""TRD_GRP_059"",""TRD_GRP_060"",""TRD_GRP_061"",""TRD_GRP_062"",""TRD_GRP_063"",""TRD_GRP_064"",""TRD_GRP_065"",""TRD_GRP_066"",""TRD_GRP_067"",""TRD_GRP_068"",""TRD_GRP_069"",""TRD_GRP_070"",""TRD_GRP_071"",""TRD_GRP_072"",""TRD_GRP_073"",""TRD_GRP_074"",""TRD_GRP_075"",""TRD_GRP_076"",""TRD_GRP_077"",""TRD_GRP_078"",""TRD_GRP_079"",""TRD_GRP_080"",""TRD_GRP_081"",""TRD_GRP_082"",""TRD_GRP_083"",""TRD_GRP_084"",""TRD_GRP_085"",""TRD_GRP_086"",""TRD_GRP_087"",""TRD_GRP_088"",""TRD_GRP_089"",""TRD_GRP_090"",""TRD_GRP_091"",""TRD_GRP_092"",""TRD_GRP_093"",""TRD_GRP_094"",""TRD_GRP_095"",""TRD_GRP_096"",""TRD_GRP_097"",""TRD_GRP_098"",""TRD_GRP_099"",""TRD_GRP_100"",""TRD_GRP_101"",""TRD_GRP_102"",""TRD_GRP_103"",""TRD_GRP_104"",""TRD_GRP_105"",""TRD_GRP_106"",""TRD_GRP_107"",""TRD_GRP_108"",""TRD_GRP_109"",""TRD_GRP_110"",""TRD_GRP_111"",""TRD_GRP_112"",""TRD_GRP_113"",""TRD_GRP_114"",""TRD_GRP_115"",""TRD_GRP_116"",""TRD_GRP_117"",""TRD_GRP_118"",""TRD_GRP_119"",""TRD_GRP_120"",""TRD_GRP_121"",""TRD_GRP_122"",""TRD_GRP_123"",""TRD_GRP_124"",""TRD_GRP_125"",""TRD_GRP_126"",""TRD_GRP_127"",""TRD_GRP_128"",""TRD_GRP_129"",""TRD_GRP_130"",""TRD_GRP_131"",""TRD_GRP_132"",""TRD_GRP_133"",""TRD_GRP_134"",""TRD_GRP_135"",""TRD_GRP_136"",""TRD_GRP_137"",""TRD_GRP_138"",""TRD_GRP_139"",""TRD_GRP_140"",""TRD_GRP_141"",""TRD_GRP_142"",""TRD_GRP_143"",""TRD_GRP_144"",""TRD_GRP_145"",""TRD_GRP_146"",""TRD_GRP_147"",""TRD_GRP_148"",""TRD_GRP_149"",""TRD_GRP_150"",""TRD_GRP_151"",""TRD_GRP_152"",""TRD_GRP_153"",""TRD_GRP_154"",""TRD_GRP_155"",""TRD_GRP_156"",""TRD_GRP_157"",""TRD_GRP_158"",""TRD_GRP_159"",""TRD_GRP_160"",""TRD_GRP_161"",""TRD_GRP_162"",""TRD_GRP_163"",""TRD_GRP_164"",""TRD_GRP_165"",""TRD_GRP_166"",""TRD_GRP_167"",""TRD_GRP_168"",""TRD_GRP_169"",""TRD_GRP_170"",""TRD_GRP_171"",""TRD_GRP_172"",""TRD_GRP_173"",""TRD_GRP_174"",""TRD_GRP_175"",""TRD_GRP_176"",""TRD_GRP_177"",""TRD_GRP_178"",""TRD_GRP_179"",""TRD_GRP_180"",""TRD_GRP_181"",""TRD_GRP_182"",""TRD_GRP_183"",""TRD_GRP_184"",""TRD_GRP_185"",""TRD_GRP_186"",""TRD_GRP_187"",""TRD_GRP_188"",""TRD_GRP_189"",""TRD_GRP_190"",""TRD_GRP_191"",""TRD_GRP_192"",""TRD_GRP_193"",""TRD_GRP_194"",""TRD_GRP_195"",""TRD_GRP_196"",""TRD_GRP_197"",""TRD_GRP_198"",""TRD_GRP_199"",""TRD_GRP_200"",""TRD_GRP_201"",""TRD_GRP_202"",""TRD_GRP_203"",""TRD_GRP_204"",""TRD_GRP_205"",""TRD_GRP_206"",""TRD_GRP_207"",""TRD_GRP_208"",""TRD_GRP_209"",""TRD_GRP_210"",""TRD_GRP_211"",""TRD_GRP_212"",""TRD_GRP_213"",""TRD_GRP_214"",""TRD_GRP_215"",""TRD_GRP_216"",""TRD_GRP_217"",""TRD_GRP_218"",""TRD_GRP_219"",""TRD_GRP_220"",""TRD_GRP_221"",""TRD_GRP_222"",""TRD_GRP_223"",""TRD_GRP_224"",""TRD_GRP_225"",""TRD_GRP_226"",""TRD_GRP_227"",""TRD_GRP_228"",""TRD_GRP_229"",""TRD_GRP_230"",""TRD_GRP_231"",""TRD_GRP_232"",""TRD_GRP_233"",""TRD_GRP_234"",""TRD_GRP_235"",""TRD_GRP_236"",""TRD_GRP_237"",""TRD_GRP_238"",""TRD_GRP_239"",""TRD_GRP_240"",""TRD_GRP_242"",""TRD_GRP_243"",""TRD_GRP_244"",""TRD_GRP_245"",""TRD_GRP_246"",""TRD_GRP_247"",""TRD_GRP_248"",""TRD_GRP_249"",""TRD_GRP_250"",""TRD_GRP_251"",""TRD_GRP_252"",""TRD_GRP_253"",""TRD_GRP_256"",""TRD_GRP_258""]]",EXPIRE_TAKER|EXPIRE_MAKER|EXPIRE_BOTH|DECREMENT|TRANSFER,0.00001000,1000.00000000,0.00001000,0.10000000,900000.00000000,0.10000000,100,0.00000000,258531.34916666,0.00000000,10,2000,10,2000,1.2,0.5,2,0.8,5,5.00000000,true,9000000.00000000,false,5,200,20,5,10
KNCUSDT,Sample,813,0,0,false,0,0,TRADING,KNC,USDT,8,8,8,8,8,true,true,true,true,true,true,true,true,true,true,true,EXPIRE_MAKER,LIMIT|LIMIT_MAKER|MARKET|STOP_LOSS|STOP_LOSS_LIMIT|TAKE_PROFIT|TAKE_PROFIT_LIMIT,,"[[""SPOT"",""MARGIN"",""TRD_GRP_004"",""TRD_GRP_005"",""TRD_GRP_006"",""TRD_GRP_015"",""TRD_GRP_016"",""TRD_GRP_017"",""TRD_GRP_018"",""TRD_GRP_019"",""TRD_GRP_020"",""TRD_GRP_021"",""TRD_GRP_022"",""TRD_GRP_023"",""TRD_GRP_024"",""TRD_GRP_025"",""TRD_GRP_049"",""TRD_GRP_050"",""TRD_GRP_051"",""TRD_GRP_052"",""TRD_GRP_053"",""TRD_GRP_054"",""TRD_GRP_055"",""TRD_GRP_056"",""TRD_GRP_057"",""TRD_GRP_058"",""TRD_GRP_059"",""TRD_GRP_060"",""TRD_GRP_061"",""TRD_GRP_062"",""TRD_GRP_063"",""TRD_GRP_064"",""TRD_GRP_065"",""TRD_GRP_066"",""TRD_GRP_067"",""TRD_GRP_068"",""TRD_GRP_069"",""TRD_GRP_070"",""TRD_GRP_071"",""TRD_GRP_072"",""TRD_GRP_073"",""TRD_GRP_074"",""TRD_GRP_075"",""TRD_GRP_076"",""TRD_GRP_077"",""TRD_GRP_078"",""TRD_GRP_079"",""TRD_GRP_080"",""TRD_GRP_081"",""TRD_GRP_082"",""TRD_GRP_083"",""TRD_GRP_084"",""TRD_GRP_085"",""TRD_GRP_086"",""TRD_GRP_087"",""TRD_GRP_088"",""TRD_GRP_089"",""TRD_GRP_090"",""TRD_GRP_091"",""TRD_GRP_092"",""TRD_GRP_093"",""TRD_GRP_094"",""TRD_GRP_095"",""TRD_GRP_096"",""TRD_GRP_097"",""TRD_GRP_098"",""TRD_GRP_099"",""TRD_GRP_100"",""TRD_GRP_101"",""TRD_GRP_102"",""TRD_GRP_103"",""TRD_GRP_104"",""TRD_GRP_105"",""TRD_GRP_106"",""TRD_GRP_107"",""TRD_GRP_108"",""TRD_GRP_109"",""TRD_GRP_110"",""TRD_GRP_111"",""TRD_GRP_112"",""TRD_GRP_113"",""TRD_GRP_114"",""TRD_GRP_115"",""TRD_GRP_116"",""TRD_GRP_117"",""TRD_GRP_118"",""TRD_GRP_119"",""TRD_GRP_120"",""TRD_GRP_121"",""TRD_GRP_122"",""TRD_GRP_123"",""TRD_GRP_124"",""TRD_GRP_125"",""TRD_GRP_126"",""TRD_GRP_127"",""TRD_GRP_128"",""TRD_GRP_129"",""TRD_GRP_130"",""TRD_GRP_131"",""TRD_GRP_132"",""TRD_GRP_133"",""TRD_GRP_134"",""TRD_GRP_135"",""TRD_GRP_136"",""TRD_GRP_137"",""TRD_GRP_138"",""TRD_GRP_139"",""TRD_GRP_140"",""TRD_GRP_141"",""TRD_GRP_142"",""TRD_GRP_143"",""TRD_GRP_144"",""TRD_GRP_145"",""TRD_GRP_146"",""TRD_GRP_147"",""TRD_GRP_148"",""TRD_GRP_149"",""TRD_GRP_150"",""TRD_GRP_151"",""TRD_GRP_152"",""TRD_GRP_153"",""TRD_GRP_154"",""TRD_GRP_155"",""TRD_GRP_156"",""TRD_GRP_157"",""TRD_GRP_158"",""TRD_GRP_159"",""TRD_GRP_160"",""TRD_GRP_161"",""TRD_GRP_162"",""TRD_GRP_163"",""TRD_GRP_164"",""TRD_GRP_165"",""TRD_GRP_166"",""TRD_GRP_167"",""TRD_GRP_168"",""TRD_GRP_169"",""TRD_GRP_170"",""TRD_GRP_171"",""TRD_GRP_172"",""TRD_GRP_173"",""TRD_GRP_174"",""TRD_GRP_175"",""TRD_GRP_176"",""TRD_GRP_177"",""TRD_GRP_178"",""TRD_GRP_179"",""TRD_GRP_180"",""TRD_GRP_181"",""TRD_GRP_182"",""TRD_GRP_183"",""TRD_GRP_184"",""TRD_GRP_185"",""TRD_GRP_186"",""TRD_GRP_187"",""TRD_GRP_188"",""TRD_GRP_189"",""TRD_GRP_190"",""TRD_GRP_191"",""TRD_GRP_192"",""TRD_GRP_193"",""TRD_GRP_194"",""TRD_GRP_195"",""TRD_GRP_196"",""TRD_GRP_197"",""TRD_GRP_198"",""TRD_GRP_199"",""TRD_GRP_200"",""TRD_GRP_201"",""TRD_GRP_202"",""TRD_GRP_203"",""TRD_GRP_204"",""TRD_GRP_205"",""TRD_GRP_206"",""TRD_GRP_207"",""TRD_GRP_208"",""TRD_GRP_209"",""TRD_GRP_210"",""TRD_GRP_211"",""TRD_GRP_212"",""TRD_GRP_213"",""TRD_GRP_214"",""TRD_GRP_215"",""TRD_GRP_216"",""TRD_GRP_217"",""TRD_GRP_218"",""TRD_GRP_219"",""TRD_GRP_220"",""TRD_GRP_221"",""TRD_GRP_222"",""TRD_GRP_223"",""TRD_GRP_224"",""TRD_GRP_225"",""TRD_GRP_226"",""TRD_GRP_227"",""TRD_GRP_228"",""TRD_GRP_229"",""TRD_GRP_230"",""TRD_GRP_231"",""TRD_GRP_232"",""TRD_GRP_233"",""TRD_GRP_234"",""TRD_GRP_235"",""TRD_GRP_236"",""TRD_GRP_237"",""TRD_GRP_238"",""TRD_GRP_239"",""TRD_GRP_240"",""TRD_GRP_242"",""TRD_GRP_243"",""TRD_GRP_244"",""TRD_GRP_245"",""TRD_GRP_246"",""TRD_GRP_247"",""TRD_GRP_248"",""TRD_GRP_249"",""TRD_GRP_250"",""TRD_GRP_251"",""TRD_GRP_252"",""TRD_GRP_253"",""TRD_GRP_256"",""TRD_GRP_258""]]",EXPIRE_TAKER|EXPIRE_MAKER|EXPIRE_BOTH|DECREMENT|TRANSFER,0.00010000,10000.00000000,0.00010000,0.10000000,9222449.00000000,0.10000000,100,0.00000000,78328.50625000,0.00000000,10,2000,10,2000,1.2,0.5,2,0.8,5,5.00000000,true,9000000.00000000,false,5,200,20,5,10
LSKUSDT,Sample,719,0,0,false,0,0,TRADING,LSK,USDT,8,8,8,8,8,true,true,true,true,true,true,true,true,true,true,true,EXPIRE_MAKER,LIMIT|LIMIT_MAKER|MARKET|STOP_LOSS|STOP_LOSS_LIMIT|TAKE_PROFIT|TAKE_PROFIT_LIMIT,,"[[""SPOT"",""MARGIN"",""TRD_GRP_004"",""TRD_GRP_006"",""TRD_GRP_015"",""TRD_GRP_016"",""TRD_GRP_017"",""TRD_GRP_018"",""TRD_GRP_019"",""TRD_GRP_020"",""TRD_GRP_021"",""TRD_GRP_022"",""TRD_GRP_023"",""TRD_GRP_024"",""TRD_GRP_025"",""TRD_GRP_049"",""TRD_GRP_050"",""TRD_GRP_051"",""TRD_GRP_052"",""TRD_GRP_053"",""TRD_GRP_054"",""TRD_GRP_055"",""TRD_GRP_056"",""TRD_GRP_057"",""TRD_GRP_058"",""TRD_GRP_059"",""TRD_GRP_060"",""TRD_GRP_061"",""TRD_GRP_062"",""TRD_GRP_063"",""TRD_GRP_064"",""TRD_GRP_065"",""TRD_GRP_066"",""TRD_GRP_067"",""TRD_GRP_068"",""TRD_GRP_069"",""TRD_GRP_070"",""TRD_GRP_071"",""TRD_GRP_072"",""TRD_GRP_073"",""TRD_GRP_074"",""TRD_GRP_075"",""TRD_GRP_076"",""TRD_GRP_077"",""TRD_GRP_078"",""TRD_GRP_079"",""TRD_GRP_080"",""TRD_GRP_081"",""TRD_GRP_082"",""TRD_GRP_083"",""TRD_GRP_084"",""TRD_GRP_085"",""TRD_GRP_086"",""TRD_GRP_087"",""TRD_GRP_088"",""TRD_GRP_089"",""TRD_GRP_090"",""TRD_GRP_091"",""TRD_GRP_092"",""TRD_GRP_093"",""TRD_GRP_094"",""TRD_GRP_095"",""TRD_GRP_096"",""TRD_GRP_097"",""TRD_GRP_098"",""TRD_GRP_099"",""TRD_GRP_100"",""TRD_GRP_101"",""TRD_GRP_102"",""TRD_GRP_103"",""TRD_GRP_104"",""TRD_GRP_105"",""TRD_GRP_106"",""TRD_GRP_107"",""TRD_GRP_108"",""TRD_GRP_109"",""TRD_GRP_110"",""TRD_GRP_111"",""TRD_GRP_112"",""TRD_GRP_113"",""TRD_GRP_114"",""TRD_GRP_115"",""TRD_GRP_116"",""TRD_GRP_117"",""TRD_GRP_118"",""TRD_GRP_119"",""TRD_GRP_120"",""TRD_GRP_121"",""TRD_GRP_122"",""TRD_GRP_123"",""TRD_GRP_124"",""TRD_GRP_125"",""TRD_GRP_126"",""TRD_GRP_127"",""TRD_GRP_128"",""TRD_GRP_129"",""TRD_GRP_130"",""TRD_GRP_131"",""TRD_GRP_132"",""TRD_GRP_133"",""TRD_GRP_134"",""TRD_GRP_135"",""TRD_GRP_136"",""TRD_GRP_137"",""TRD_GRP_138"",""TRD_GRP_139"",""TRD_GRP_140"",""TRD_GRP_141"",""TRD_GRP_142"",""TRD_GRP_143"",""TRD_GRP_144"",""TRD_GRP_145"",""TRD_GRP_146"",""TRD_GRP_147"",""TRD_GRP_148"",""TRD_GRP_149"",""TRD_GRP_150"",""TRD_GRP_151"",""TRD_GRP_152"",""TRD_GRP_153"",""TRD_GRP_154"",""TRD_GRP_155"",""TRD_GRP_156"",""TRD_GRP_157"",""TRD_GRP_158"",""TRD_GRP_159"",""TRD_GRP_160"",""TRD_GRP_161"",""TRD_GRP_162"",""TRD_GRP_163"",""TRD_GRP_164"",""TRD_GRP_165"",""TRD_GRP_166"",""TRD_GRP_167"",""TRD_GRP_168"",""TRD_GRP_169"",""TRD_GRP_170"",""TRD_GRP_171"",""TRD_GRP_172"",""TRD_GRP_173"",""TRD_GRP_174"",""TRD_GRP_175"",""TRD_GRP_176"",""TRD_GRP_177"",""TRD_GRP_178"",""TRD_GRP_179"",""TRD_GRP_180"",""TRD_GRP_181"",""TRD_GRP_182"",""TRD_GRP_183"",""TRD_GRP_184"",""TRD_GRP_185"",""TRD_GRP_186"",""TRD_GRP_187"",""TRD_GRP_188"",""TRD_GRP_189"",""TRD_GRP_190"",""TRD_GRP_191"",""TRD_GRP_192"",""TRD_GRP_193"",""TRD_GRP_194"",""TRD_GRP_195"",""TRD_GRP_196"",""TRD_GRP_197"",""TRD_GRP_198"",""TRD_GRP_199"",""TRD_GRP_200"",""TRD_GRP_201"",""TRD_GRP_202"",""TRD_GRP_203"",""TRD_GRP_204"",""TRD_GRP_205"",""TRD_GRP_206"",""TRD_GRP_207"",""TRD_GRP_208"",""TRD_GRP_209"",""TRD_GRP_210"",""TRD_GRP_211"",""TRD_GRP_212"",""TRD_GRP_213"",""TRD_GRP_214"",""TRD_GRP_215"",""TRD_GRP_216"",""TRD_GRP_217"",""TRD_GRP_218"",""TRD_GRP_219"",""TRD_GRP_220"",""TRD_GRP_221"",""TRD_GRP_222"",""TRD_GRP_223"",""TRD_GRP_224"",""TRD_GRP_225"",""TRD_GRP_226"",""TRD_GRP_227"",""TRD_GRP_228"",""TRD_GRP_229"",""TRD_GRP_230"",""TRD_GRP_231"",""TRD_GRP_232"",""TRD_GRP_233"",""TRD_GRP_234"",""TRD_GRP_235"",""TRD_GRP_236"",""TRD_GRP_237"",""TRD_GRP_238"",""TRD_GRP_239"",""TRD_GRP_240"",""TRD_GRP_242"",""TRD_GRP_243"",""TRD_GRP_244"",""TRD_GRP_245"",""TRD_GRP_246"",""TRD_GRP_247"",""TRD_GRP_248"",""TRD_GRP_249"",""TRD_GRP_250"",""TRD_GRP_251"",""TRD_GRP_252"",""TRD_GRP_253"",""TRD_GRP_256"",""TRD_GRP_258""]]",EXPIRE_TAKER|EXPIRE_MAKER|EXPIRE_BOTH|DECREMENT|TRANSFER,0.00010000,1000.00000000,0.00010000,0.10000000,900000.00000000,0.10000000,100,0.00000000,23983.77333333,0.00000000,10,2000,10,2000,1.2,0.5,2,0.8,5,5.00000000,true,9000000.00000000,false,5,200,20,5,10
MANAUSDT,Sample,903,0,0,false,0,0,TRADING,MANA,USDT,8,8,8,8,8,true,true,true,true,true,true,true,true,true,true,true,EXPIRE_MAKER,LIMIT|LIMIT_MAKER|MARKET|STOP_LOSS|STOP_LOSS_LIMIT|TAKE_PROFIT|TAKE_PROFIT_LIMIT,,"[[""SPOT"",""MARGIN"",""TRD_GRP_004"",""TRD_GRP_005"",""TRD_GRP_006"",""TRD_GRP_015"",""TRD_GRP_016"",""TRD_GRP_017"",""TRD_GRP_018"",""TRD_GRP_019"",""TRD_GRP_020"",""TRD_GRP_021"",""TRD_GRP_022"",""TRD_GRP_023"",""TRD_GRP_024"",""TRD_GRP_025"",""TRD_GRP_049"",""TRD_GRP_050"",""TRD_GRP_051"",""TRD_GRP_052"",""TRD_GRP_053"",""TRD_GRP_054"",""TRD_GRP_055"",""TRD_GRP_056"",""TRD_GRP_057"",""TRD_GRP_058"",""TRD_GRP_059"",""TRD_GRP_060"",""TRD_GRP_061"",""TRD_GRP_062"",""TRD_GRP_063"",""TRD_GRP_064"",""TRD_GRP_065"",""TRD_GRP_066"",""TRD_GRP_067"",""TRD_GRP_068"",""TRD_GRP_069"",""TRD_GRP_070"",""TRD_GRP_071"",""TRD_GRP_072"",""TRD_GRP_073"",""TRD_GRP_074"",""TRD_GRP_075"",""TRD_GRP_076"",""TRD_GRP_077"",""TRD_GRP_078"",""TRD_GRP_079"",""TRD_GRP_080"",""TRD_GRP_081"",""TRD_GRP_082"",""TRD_GRP_083"",""TRD_GRP_084"",""TRD_GRP_085"",""TRD_GRP_086"",""TRD_GRP_087"",""TRD_GRP_088"",""TRD_GRP_089"",""TRD_GRP_090"",""TRD_GRP_091"",""TRD_GRP_092"",""TRD_GRP_093"",""TRD_GRP_094"",""TRD_GRP_095"",""TRD_GRP_096"",""TRD_GRP_097"",""TRD_GRP_098"",""TRD_GRP_099"",""TRD_GRP_100"",""TRD_GRP_101"",""TRD_GRP_102"",""TRD_GRP_103"",""TRD_GRP_104"",""TRD_GRP_105"",""TRD_GRP_106"",""TRD_GRP_107"",""TRD_GRP_108"",""TRD_GRP_109"",""TRD_GRP_110"",""TRD_GRP_111"",""TRD_GRP_112"",""TRD_GRP_113"",""TRD_GRP_114"",""TRD_GRP_115"",""TRD_GRP_116"",""TRD_GRP_117"",""TRD_GRP_118"",""TRD_GRP_119"",""TRD_GRP_120"",""TRD_GRP_121"",""TRD_GRP_122"",""TRD_GRP_123"",""TRD_GRP_124"",""TRD_GRP_125"",""TRD_GRP_126"",""TRD_GRP_127"",""TRD_GRP_128"",""TRD_GRP_129"",""TRD_GRP_130"",""TRD_GRP_131"",""TRD_GRP_132"",""TRD_GRP_133"",""TRD_GRP_134"",""TRD_GRP_135"",""TRD_GRP_136"",""TRD_GRP_137"",""TRD_GRP_138"",""TRD_GRP_139"",""TRD_GRP_140"",""TRD_GRP_141"",""TRD_GRP_142"",""TRD_GRP_143"",""TRD_GRP_144"",""TRD_GRP_145"",""TRD_GRP_146"",""TRD_GRP_147"",""TRD_GRP_148"",""TRD_GRP_149"",""TRD_GRP_150"",""TRD_GRP_151"",""TRD_GRP_152"",""TRD_GRP_153"",""TRD_GRP_154"",""TRD_GRP_155"",""TRD_GRP_156"",""TRD_GRP_157"",""TRD_GRP_158"",""TRD_GRP_159"",""TRD_GRP_160"",""TRD_GRP_161"",""TRD_GRP_162"",""TRD_GRP_163"",""TRD_GRP_164"",""TRD_GRP_165"",""TRD_GRP_166"",""TRD_GRP_167"",""TRD_GRP_168"",""TRD_GRP_169"",""TRD_GRP_170"",""TRD_GRP_171"",""TRD_GRP_172"",""TRD_GRP_173"",""TRD_GRP_174"",""TRD_GRP_175"",""TRD_GRP_176"",""TRD_GRP_177"",""TRD_GRP_178"",""TRD_GRP_179"",""TRD_GRP_180"",""TRD_GRP_181"",""TRD_GRP_182"",""TRD_GRP_183"",""TRD_GRP_184"",""TRD_GRP_185"",""TRD_GRP_186"",""TRD_GRP_187"",""TRD_GRP_188"",""TRD_GRP_189"",""TRD_GRP_190"",""TRD_GRP_191"",""TRD_GRP_192"",""TRD_GRP_193"",""TRD_GRP_194"",""TRD_GRP_195"",""TRD_GRP_196"",""TRD_GRP_197"",""TRD_GRP_198"",""TRD_GRP_199"",""TRD_GRP_200"",""TRD_GRP_201"",""TRD_GRP_202"",""TRD_GRP_203"",""TRD_GRP_204"",""TRD_GRP_205"",""TRD_GRP_206"",""TRD_GRP_207"",""TRD_GRP_208"",""TRD_GRP_209"",""TRD_GRP_210"",""TRD_GRP_211"",""TRD_GRP_212"",""TRD_GRP_213"",""TRD_GRP_214"",""TRD_GRP_215"",""TRD_GRP_216"",""TRD_GRP_217"",""TRD_GRP_218"",""TRD_GRP_219"",""TRD_GRP_220"",""TRD_GRP_221"",""TRD_GRP_222"",""TRD_GRP_223"",""TRD_GRP_224"",""TRD_GRP_225"",""TRD_GRP_226"",""TRD_GRP_227"",""TRD_GRP_228"",""TRD_GRP_229"",""TRD_GRP_230"",""TRD_GRP_231"",""TRD_GRP_232"",""TRD_GRP_233"",""TRD_GRP_234"",""TRD_GRP_235"",""TRD_GRP_236"",""TRD_GRP_237"",""TRD_GRP_238"",""TRD_GRP_239"",""TRD_GRP_240"",""TRD_GRP_242"",""TRD_GRP_243"",""TRD_GRP_244"",""TRD_GRP_245"",""TRD_GRP_246"",""TRD_GRP_247"",""TRD_GRP_248"",""TRD_GRP_249"",""TRD_GRP_250"",""TRD_GRP_251"",""TRD_GRP_252"",""TRD_GRP_253"",""TRD_GRP_256"",""TRD_GRP_258""]]",EXPIRE_TAKER|EXPIRE_MAKER|EXPIRE_BOTH|DECREMENT|TRANSFER,0.00010000,1000.00000000,0.00010000,1.00000000,900000.00000000,1.00000000,100,0.00000000,631192.53333333,0.00000000,10,2000,10,2000,1.2,0.5,2,0.8,5,5.00000000,true,9000000.00000000,false,5,200,20,5,10
MBLUSDT,Sample,750,0,0,false,0,0,TRADING,MBL,USDT,8,8,8,8,8,true,true,true,true,true,true,true,true,true,true,true,EXPIRE_MAKER,LIMIT|LIMIT_MAKER|MARKET|STOP_LOSS|STOP_LOSS_LIMIT|TAKE_PROFIT|TAKE_PROFIT_LIMIT,,"[[""SPOT"",""MARGIN"",""TRD_GRP_004"",""TRD_GRP_005"",""TRD_GRP_006"",""TRD_GRP_015"",""TRD_GRP_016"",""TRD_GRP_017"",""TRD_GRP_018"",""TRD_GRP_019"",""TRD_GRP_020"",""TRD_GRP_021"",""TRD_GRP_022"",""TRD_GRP_023"",""TRD_GRP_024"",""TRD_GRP_025"",""TRD_GRP_049"",""TRD_GRP_050"",""TRD_GRP_051"",""TRD_GRP_052"",""TRD_GRP_053"",""TRD_GRP_054"",""TRD_GRP_055"",""TRD_GRP_056"",""TRD_GRP_057"",""TRD_GRP_058"",""TRD_GRP_059"",""TRD_GRP_060"",""TRD_GRP_061"",""TRD_GRP_062"",""TRD_GRP_063"",""TRD_GRP_064"",""TRD_GRP_065"",""TRD_GRP_066"",""TRD_GRP_067"",""TRD_GRP_068"",""TRD_GRP_069"",""TRD_GRP_070"",""TRD_GRP_071"",""TRD_GRP_072"",""TRD_GRP_073"",""TRD_GRP_074"",""TRD_GRP_075"",""TRD_GRP_076"",""TRD_GRP_077"",""TRD_GRP_078"",""TRD_GRP_079"",""TRD_GRP_080"",""TRD_GRP_081"",""TRD_GRP_082"",""TRD_GRP_083"",""TRD_GRP_084"",""TRD_GRP_085"",""TRD_GRP_086"",""TRD_GRP_087"",""TRD_GRP_088"",""TRD_GRP_089"",""TRD_GRP_090"",""TRD_GRP_091"",""TRD_GRP_092"",""TRD_GRP_093"",""TRD_GRP_094"",""TRD_GRP_095"",""TRD_GRP_096"",""TRD_GRP_097"",""TRD_GRP_098"",""TRD_GRP_099"",""TRD_GRP_100"",""TRD_GRP_101"",""TRD_GRP_102"",""TRD_GRP_103"",""TRD_GRP_104"",""TRD_GRP_105"",""TRD_GRP_106"",""TRD_GRP_107"",""TRD_GRP_108"",""TRD_GRP_109"",""TRD_GRP_110"",""TRD_GRP_111"",""TRD_GRP_112"",""TRD_GRP_113"",""TRD_GRP_114"",""TRD_GRP_115"",""TRD_GRP_116"",""TRD_GRP_117"",""TRD_GRP_118"",""TRD_GRP_119"",""TRD_GRP_120"",""TRD_GRP_121"",""TRD_GRP_122"",""TRD_GRP_123"",""TRD_GRP_124"",""TRD_GRP_125"",""TRD_GRP_126"",""TRD_GRP_127"",""TRD_GRP_128"",""TRD_GRP_129"",""TRD_GRP_130"",""TRD_GRP_131"",""TRD_GRP_132"",""TRD_GRP_133"",""TRD_GRP_134"",""TRD_GRP_135"",""TRD_GRP_136"",""TRD_GRP_137"",""TRD_GRP_138"",""TRD_GRP_139"",""TRD_GRP_140"",""TRD_GRP_141"",""TRD_GRP_142"",""TRD_GRP_143"",""TRD_GRP_144"",""TRD_GRP_145"",""TRD_GRP_146"",""TRD_GRP_147"",""TRD_GRP_148"",""TRD_GRP_149"",""TRD_GRP_150"",""TRD_GRP_151"",""TRD_GRP_152"",""TRD_GRP_153"",""TRD_GRP_154"",""TRD_GRP_155"",""TRD_GRP_156"",""TRD_GRP_157"",""TRD_GRP_158"",""TRD_GRP_159"",""TRD_GRP_160"",""TRD_GRP_161"",""TRD_GRP_162"",""TRD_GRP_163"",""TRD_GRP_164"",""TRD_GRP_165"",""TRD_GRP_166"",""TRD_GRP_167"",""TRD_GRP_168"",""TRD_GRP_169"",""TRD_GRP_170"",""TRD_GRP_171"",""TRD_GRP_172"",""TRD_GRP_173"",""TRD_GRP_174"",""TRD_GRP_175"",""TRD_GRP_176"",""TRD_GRP_177"",""TRD_GRP_178"",""TRD_GRP_179"",""TRD_GRP_180"",""TRD_GRP_181"",""TRD_GRP_182"",""TRD_GRP_183"",""TRD_GRP_184"",""TRD_GRP_185"",""TRD_GRP_186"",""TRD_GRP_187"",""TRD_GRP_188"",""TRD_GRP_189"",""TRD_GRP_190"",""TRD_GRP_191"",""TRD_GRP_192"",""TRD_GRP_193"",""TRD_GRP_194"",""TRD_GRP_195"",""TRD_GRP_196"",""TRD_GRP_197"",""TRD_GRP_198"",""TRD_GRP_199"",""TRD_GRP_200"",""TRD_GRP_201"",""TRD_GRP_202"",""TRD_GRP_203"",""TRD_GRP_204"",""TRD_GRP_205"",""TRD_GRP_206"",""TRD_GRP_207"",""TRD_GRP_208"",""TRD_GRP_209"",""TRD_GRP_210"",""TRD_GRP_211"",""TRD_GRP_212"",""TRD_GRP_213"",""TRD_GRP_214"",""TRD_GRP_215"",""TRD_GRP_216"",""TRD_GRP_217"",""TRD_GRP_218"",""TRD_GRP_219"",""TRD_GRP_220"",""TRD_GRP_221"",""TRD_GRP_222"",""TRD_GRP_223"",""TRD_GRP_224"",""TRD_GRP_225"",""TRD_GRP_226"",""TRD_GRP_227"",""TRD_GRP_228"",""TRD_GRP_229"",""TRD_GRP_230"",""TRD_GRP_231"",""TRD_GRP_232"",""TRD_GRP_233"",""TRD_GRP_234"",""TRD_GRP_235"",""TRD_GRP_236"",""TRD_GRP_237"",""TRD_GRP_238"",""TRD_GRP_239"",""TRD_GRP_240"",""TRD_GRP_242"",""TRD_GRP_243"",""TRD_GRP_244"",""TRD_GRP_245"",""TRD_GRP_246"",""TRD_GRP_247"",""TRD_GRP_248"",""TRD_GRP_249"",""TRD_GRP_250"",""TRD_GRP_251"",""TRD_GRP_252"",""TRD_GRP_253"",""TRD_GRP_256"",""TRD_GRP_258""]]",EXPIRE_TAKER|EXPIRE_MAKER|EXPIRE_BOTH|DECREMENT|TRANSFER,0.00000100,1000.00000000,0.00000100,1.00000000,92141578.00000000,1.00000000,100,0.00000000,13716591.84166666,0.00000000,10,2000,10,2000,1.2,0.5,2,0.8,5,5.00000000,true,9000000.00000000,false,5,200,20,5,10
MTLUSDT,Sample,589,0,0,false,0,0,TRADING,MTL,USDT,8,8,8,8,8,true,true,true,true,true,true,true,true,true,true,true,EXPIRE_MAKER,LIMIT|LIMIT_MAKER|MARKET|STOP_LOSS|STOP_LOSS_LIMIT|TAKE_PROFIT|TAKE_PROFIT_LIMIT,,"[[""SPOT"",""MARGIN"",""TRD_GRP_004"",""TRD_GRP_005"",""TRD_GRP_006"",""TRD_GRP_015"",""TRD_GRP_016"",""TRD_GRP_017"",""TRD_GRP_018"",""TRD_GRP_019"",""TRD_GRP_020"",""TRD_GRP_021"",""TRD_GRP_022"",""TRD_GRP_023"",""TRD_GRP_024"",""TRD_GRP_025"",""TRD_GRP_049"",""TRD_GRP_050"",""TRD_GRP_051"",""TRD_GRP_052"",""TRD_GRP_053"",""TRD_GRP_054"",""TRD_GRP_055"",""TRD_GRP_056"",""TRD_GRP_057"",""TRD_GRP_058"",""TRD_GRP_059"",""TRD_GRP_060"",""TRD_GRP_061"",""TRD_GRP_062"",""TRD_GRP_063"",""TRD_GRP_064"",""TRD_GRP_065"",""TRD_GRP_066"",""TRD_GRP_067"",""TRD_GRP_068"",""TRD_GRP_069"",""TRD_GRP_070"",""TRD_GRP_071"",""TRD_GRP_072"",""TRD_GRP_073"",""TRD_GRP_074"",""TRD_GRP_075"",""TRD_GRP_076"",""TRD_GRP_077"",""TRD_GRP_078"",""TRD_GRP_079"",""TRD_GRP_080"",""TRD_GRP_081"",""TRD_GRP_082"",""TRD_GRP_083"",""TRD_GRP_084"",""TRD_GRP_085"",""TRD_GRP_086"",""TRD_GRP_087"",""TRD_GRP_088"",""TRD_GRP_089"",""TRD_GRP_090"",""TRD_GRP_091"",""TRD_GRP_092"",""TRD_GRP_093"",""TRD_GRP_094"",""TRD_GRP_095"",""TRD_GRP_096"",""TRD_GRP_097"",""TRD_GRP_098"",""TRD_GRP_099"",""TRD_GRP_100"",""TRD_GRP_101"",""TRD_GRP_102"",""TRD_GRP_103"",""TRD_GRP_104"",""TRD_GRP_105"",""TRD_GRP_106"",""TRD_GRP_107"",""TRD_GRP_108"",""TRD_GRP_109"",""TRD_GRP_110"",""TRD_GRP_111"",""TRD_GRP_112"",""TRD_GRP_113"",""TRD_GRP_114"",""TRD_GRP_115"",""TRD_GRP_116"",""TRD_GRP_117"",""TRD_GRP_118"",""TRD_GRP_119"",""TRD_GRP_120"",""TRD_GRP_121"",""TRD_GRP_122"",""TRD_GRP_123"",""TRD_GRP_124"",""TRD_GRP_125"",""TRD_GRP_126"",""TRD_GRP_127"",""TRD_GRP_128"",""TRD_GRP_129"",""TRD_GRP_130"",""TRD_GRP_131"",""TRD_GRP_132"",""TRD_GRP_133"",""TRD_GRP_134"",""TRD_GRP_135"",""TRD_GRP_136"",""TRD_GRP_137"",""TRD_GRP_138"",""TRD_GRP_139"",""TRD_GRP_140"",""TRD_GRP_141"",""TRD_GRP_142"",""TRD_GRP_143"",""TRD_GRP_144"",""TRD_GRP_145"",""TRD_GRP_146"",""TRD_GRP_147"",""TRD_GRP_148"",""TRD_GRP_149"",""TRD_GRP_150"",""TRD_GRP_151"",""TRD_GRP_152"",""TRD_GRP_153"",""TRD_GRP_154"",""TRD_GRP_155"",""TRD_GRP_156"",""TRD_GRP_157"",""TRD_GRP_158"",""TRD_GRP_159"",""TRD_GRP_160"",""TRD_GRP_161"",""TRD_GRP_162"",""TRD_GRP_163"",""TRD_GRP_164"",""TRD_GRP_165"",""TRD_GRP_166"",""TRD_GRP_167"",""TRD_GRP_168"",""TRD_GRP_169"",""TRD_GRP_170"",""TRD_GRP_171"",""TRD_GRP_172"",""TRD_GRP_173"",""TRD_GRP_174"",""TRD_GRP_175"",""TRD_GRP_176"",""TRD_GRP_177"",""TRD_GRP_178"",""TRD_GRP_179"",""TRD_GRP_180"",""TRD_GRP_181"",""TRD_GRP_182"",""TRD_GRP_183"",""TRD_GRP_184"",""TRD_GRP_185"",""TRD_GRP_186"",""TRD_GRP_187"",""TRD_GRP_188"",""TRD_GRP_189"",""TRD_GRP_190"",""TRD_GRP_191"",""TRD_GRP_192"",""TRD_GRP_193"",""TRD_GRP_194"",""TRD_GRP_195"",""TRD_GRP_196"",""TRD_GRP_197"",""TRD_GRP_198"",""TRD_GRP_199"",""TRD_GRP_200"",""TRD_GRP_201"",""TRD_GRP_202"",""TRD_GRP_203"",""TRD_GRP_204"",""TRD_GRP_205"",""TRD_GRP_206"",""TRD_GRP_207"",""TRD_GRP_208"",""TRD_GRP_209"",""TRD_GRP_210"",""TRD_GRP_211"",""TRD_GRP_212"",""TRD_GRP_213"",""TRD_GRP_214"",""TRD_GRP_215"",""TRD_GRP_216"",""TRD_GRP_217"",""TRD_GRP_218"",""TRD_GRP_219"",""TRD_GRP_220"",""TRD_GRP_221"",""TRD_GRP_222"",""TRD_GRP_223"",""TRD_GRP_224"",""TRD_GRP_225"",""TRD_GRP_226"",""TRD_GRP_227"",""TRD_GRP_228"",""TRD_GRP_229"",""TRD_GRP_230"",""TRD_GRP_231"",""TRD_GRP_232"",""TRD_GRP_233"",""TRD_GRP_234"",""TRD_GRP_235"",""TRD_GRP_236"",""TRD_GRP_237"",""TRD_GRP_238"",""TRD_GRP_239"",""TRD_GRP_240"",""TRD_GRP_242"",""TRD_GRP_243"",""TRD_GRP_244"",""TRD_GRP_245"",""TRD_GRP_246"",""TRD_GRP_247"",""TRD_GRP_248"",""TRD_GRP_249"",""TRD_GRP_250"",""TRD_GRP_251"",""TRD_GRP_252"",""TRD_GRP_253"",""TRD_GRP_256"",""TRD_GRP_258""]]",EXPIRE_TAKER|EXPIRE_MAKER|EXPIRE_BOTH|DECREMENT|TRANSFER,0.00100000,1000.00000000,0.00100000,0.10000000,900000.00000000,0.10000000,100,0.00000000,58653.70791666,0.00000000,10,2000,10,2000,1.2,0.5,2,0.8,5,5.00000000,true,9000000.00000000,false,5,200,20,5,10
OGNUSDT,Sample,698,0,0,false,0,0,TRADING,OGN,USDT,8,8,8,8,8,true,true,true,true,true,true,true,true,true,true,true,EXPIRE_MAKER,LIMIT|LIMIT_MAKER|MARKET|STOP_LOSS|STOP_LOSS_LIMIT|TAKE_PROFIT|TAKE_PROFIT_LIMIT,,"[[""SPOT"",""MARGIN"",""TRD_GRP_004"",""TRD_GRP_005"",""TRD_GRP_006"",""TRD_GRP_015"",""TRD_GRP_016"",""TRD_GRP_017"",""TRD_GRP_018"",""TRD_GRP_019"",""TRD_GRP_020"",""TRD_GRP_021"",""TRD_GRP_022"",""TRD_GRP_023"",""TRD_GRP_024"",""TRD_GRP_025"",""TRD_GRP_049"",""TRD_GRP_050"",""TRD_GRP_051"",""TRD_GRP_052"",""TRD_GRP_053"",""TRD_GRP_054"",""TRD_GRP_055"",""TRD_GRP_056"",""TRD_GRP_057"",""TRD_GRP_058"",""TRD_GRP_059"",""TRD_GRP_060"",""TRD_GRP_061"",""TRD_GRP_062"",""TRD_GRP_063"",""TRD_GRP_064"",""TRD_GRP_065"",""TRD_GRP_066"",""TRD_GRP_067"",""TRD_GRP_068"",""TRD_GRP_069"",""TRD_GRP_070"",""TRD_GRP_071"",""TRD_GRP_072"",""TRD_GRP_073"",""TRD_GRP_074"",""TRD_GRP_075"",""TRD_GRP_076"",""TRD_GRP_077"",""TRD_GRP_078"",""TRD_GRP_079"",""TRD_GRP_080"",""TRD_GRP_081"",""TRD_GRP_082"",""TRD_GRP_083"",""TRD_GRP_084"",""TRD_GRP_085"",""TRD_GRP_086"",""TRD_GRP_087"",""TRD_GRP_088"",""TRD_GRP_089"",""TRD_GRP_090"",""TRD_GRP_091"",""TRD_GRP_092"",""TRD_GRP_093"",""TRD_GRP_094"",""TRD_GRP_095"",""TRD_GRP_096"",""TRD_GRP_097"",""TRD_GRP_098"",""TRD_GRP_099"",""TRD_GRP_100"",""TRD_GRP_101"",""TRD_GRP_102"",""TRD_GRP_103"",""TRD_GRP_104"",""TRD_GRP_105"",""TRD_GRP_106"",""TRD_GRP_107"",""TRD_GRP_108"",""TRD_GRP_109"",""TRD_GRP_110"",""TRD_GRP_111"",""TRD_GRP_112"",""TRD_GRP_113"",""TRD_GRP_114"",""TRD_GRP_115"",""TRD_GRP_116"",""TRD_GRP_117"",""TRD_GRP_118"",""TRD_GRP_119"",""TRD_GRP_120"",""TRD_GRP_121"",""TRD_GRP_122"",""TRD_GRP_123"",""TRD_GRP_124"",""TRD_GRP_125"",""TRD_GRP_126"",""TRD_GRP_127"",""TRD_GRP_128"",""TRD_GRP_129"",""TRD_GRP_130"",""TRD_GRP_131"",""TRD_GRP_132"",""TRD_GRP_133"",""TRD_GRP_134"",""TRD_GRP_135"",""TRD_GRP_136"",""TRD_GRP_137"",""TRD_GRP_138"",""TRD_GRP_139"",""TRD_GRP_140"",""TRD_GRP_141"",""TRD_GRP_142"",""TRD_GRP_143"",""TRD_GRP_144"",""TRD_GRP_145"",""TRD_GRP_146"",""TRD_GRP_147"",""TRD_GRP_148"",""TRD_GRP_149"",""TRD_GRP_150"",""TRD_GRP_151"",""TRD_GRP_152"",""TRD_GRP_153"",""TRD_GRP_154"",""TRD_GRP_155"",""TRD_GRP_156"",""TRD_GRP_157"",""TRD_GRP_158"",""TRD_GRP_159"",""TRD_GRP_160"",""TRD_GRP_161"",""TRD_GRP_162"",""TRD_GRP_163"",""TRD_GRP_164"",""TRD_GRP_165"",""TRD_GRP_166"",""TRD_GRP_167"",""TRD_GRP_168"",""TRD_GRP_169"",""TRD_GRP_170"",""TRD_GRP_171"",""TRD_GRP_172"",""TRD_GRP_173"",""TRD_GRP_174"",""TRD_GRP_175"",""TRD_GRP_176"",""TRD_GRP_177"",""TRD_GRP_178"",""TRD_GRP_179"",""TRD_GRP_180"",""TRD_GRP_181"",""TRD_GRP_182"",""TRD_GRP_183"",""TRD_GRP_184"",""TRD_GRP_185"",""TRD_GRP_186"",""TRD_GRP_187"",""TRD_GRP_188"",""TRD_GRP_189"",""TRD_GRP_190"",""TRD_GRP_191"",""TRD_GRP_192"",""TRD_GRP_193"",""TRD_GRP_194"",""TRD_GRP_195"",""TRD_GRP_196"",""TRD_GRP_197"",""TRD_GRP_198"",""TRD_GRP_199"",""TRD_GRP_200"",""TRD_GRP_201"",""TRD_GRP_202"",""TRD_GRP_203"",""TRD_GRP_204"",""TRD_GRP_205"",""TRD_GRP_206"",""TRD_GRP_207"",""TRD_GRP_208"",""TRD_GRP_209"",""TRD_GRP_210"",""TRD_GRP_211"",""TRD_GRP_212"",""TRD_GRP_213"",""TRD_GRP_214"",""TRD_GRP_215"",""TRD_GRP_216"",""TRD_GRP_217"",""TRD_GRP_218"",""TRD_GRP_219"",""TRD_GRP_220"",""TRD_GRP_221"",""TRD_GRP_222"",""TRD_GRP_223"",""TRD_GRP_224"",""TRD_GRP_225"",""TRD_GRP_226"",""TRD_GRP_227"",""TRD_GRP_228"",""TRD_GRP_229"",""TRD_GRP_230"",""TRD_GRP_231"",""TRD_GRP_232"",""TRD_GRP_233"",""TRD_GRP_234"",""TRD_GRP_235"",""TRD_GRP_236"",""TRD_GRP_237"",""TRD_GRP_238"",""TRD_GRP_239"",""TRD_GRP_240"",""TRD_GRP_242"",""TRD_GRP_243"",""TRD_GRP_244"",""TRD_GRP_245"",""TRD_GRP_246"",""TRD_GRP_247"",""TRD_GRP_248"",""TRD_GRP_249"",""TRD_GRP_250"",""TRD_GRP_251"",""TRD_GRP_252"",""TRD_GRP_253"",""TRD_GRP_256"",""TRD_GRP_258""]]",EXPIRE_TAKER|EXPIRE_MAKER|EXPIRE_BOTH|DECREMENT|TRANSFER,0.00001000,1000.00000000,0.00001000,1.00000000,900000.00000000,1.00000000,100,0.00000000,469128.28333333,0.00000000,10,2000,10,2000,1.2,0.5,2,0.8,5,5.00000000,true,9000000.00000000,false,5,200,20,5,10
ONEUSDT,Sample,526,0,0,false,0,0,TRADING,ONE,USDT,8,8,8,8,8,true,true,true,true,true,true,true,true,true,true,true,EXPIRE_MAKER,LIMIT|LIMIT_MAKER|MARKET|STOP_LOSS|STOP_LOSS_LIMIT|TAKE_PROFIT|TAKE_PROFIT_LIMIT,,"[[""SPOT"",""MARGIN"",""TRD_GRP_004"",""TRD_GRP_006"",""TRD_GRP_015"",""TRD_GRP_016"",""TRD_GRP_017"",""TRD_GRP_018"",""TRD_GRP_019"",""TRD_GRP_020"",""TRD_GRP_021"",""TRD_GRP_022"",""TRD_GRP_023"",""TRD_GRP_024"",""TRD_GRP_025"",""TRD_GRP_049"",""TRD_GRP_050"",""TRD_GRP_051"",""TRD_GRP_052"",""TRD_GRP_053"",""TRD_GRP_054"",""TRD_GRP_055"",""TRD_GRP_056"",""TRD_GRP_057"",""TRD_GRP_058"",""TRD_GRP_059"",""TRD_GRP_060"",""TRD_GRP_061"",""TRD_GRP_062"",""TRD_GRP_063"",""TRD_GRP_064"",""TRD_GRP_065"",""TRD_GRP_066"",""TRD_GRP_067"",""TRD_GRP_068"",""TRD_GRP_069"",""TRD_GRP_070"",""TRD_GRP_071"",""TRD_GRP_072"",""TRD_GRP_073"",""TRD_GRP_074"",""TRD_GRP_075"",""TRD_GRP_076"",""TRD_GRP_077"",""TRD_GRP_078"",""TRD_GRP_079"",""TRD_GRP_080"",""TRD_GRP_081"",""TRD_GRP_082"",""TRD_GRP_083"",""TRD_GRP_084"",""TRD_GRP_085"",""TRD_GRP_086"",""TRD_GRP_087"",""TRD_GRP_088"",""TRD_GRP_089"",""TRD_GRP_090"",""TRD_GRP_091"",""TRD_GRP_092"",""TRD_GRP_093"",""TRD_GRP_094"",""TRD_GRP_095"",""TRD_GRP_096"",""TRD_GRP_097"",""TRD_GRP_098"",""TRD_GRP_099"",""TRD_GRP_100"",""TRD_GRP_101"",""TRD_GRP_102"",""TRD_GRP_103"",""TRD_GRP_104"",""TRD_GRP_105"",""TRD_GRP_106"",""TRD_GRP_107"",""TRD_GRP_108"",""TRD_GRP_109"",""TRD_GRP_110"",""TRD_GRP_111"",""TRD_GRP_112"",""TRD_GRP_113"",""TRD_GRP_114"",""TRD_GRP_115"",""TRD_GRP_116"",""TRD_GRP_117"",""TRD_GRP_118"",""TRD_GRP_119"",""TRD_GRP_120"",""TRD_GRP_121"",""TRD_GRP_122"",""TRD_GRP_123"",""TRD_GRP_124"",""TRD_GRP_125"",""TRD_GRP_126"",""TRD_GRP_127"",""TRD_GRP_128"",""TRD_GRP_129"",""TRD_GRP_130"",""TRD_GRP_131"",""TRD_GRP_132"",""TRD_GRP_133"",""TRD_GRP_134"",""TRD_GRP_135"",""TRD_GRP_136"",""TRD_GRP_137"",""TRD_GRP_138"",""TRD_GRP_139"",""TRD_GRP_140"",""TRD_GRP_141"",""TRD_GRP_142"",""TRD_GRP_143"",""TRD_GRP_144"",""TRD_GRP_145"",""TRD_GRP_146"",""TRD_GRP_147"",""TRD_GRP_148"",""TRD_GRP_149"",""TRD_GRP_150"",""TRD_GRP_151"",""TRD_GRP_152"",""TRD_GRP_153"",""TRD_GRP_154"",""TRD_GRP_155"",""TRD_GRP_156"",""TRD_GRP_157"",""TRD_GRP_158"",""TRD_GRP_159"",""TRD_GRP_160"",""TRD_GRP_161"",""TRD_GRP_162"",""TRD_GRP_163"",""TRD_GRP_164"",""TRD_GRP_165"",""TRD_GRP_166"",""TRD_GRP_167"",""TRD_GRP_168"",""TRD_GRP_169"",""TRD_GRP_170"",""TRD_GRP_171"",""TRD_GRP_172"",""TRD_GRP_173"",""TRD_GRP_174"",""TRD_GRP_175"",""TRD_GRP_176"",""TRD_GRP_177"",""TRD_GRP_178"",""TRD_GRP_179"",""TRD_GRP_180"",""TRD_GRP_181"",""TRD_GRP_182"",""TRD_GRP_183"",""TRD_GRP_184"",""TRD_GRP_185"",""TRD_GRP_186"",""TRD_GRP_187"",""TRD_GRP_188"",""TRD_GRP_189"",""TRD_GRP_190"",""TRD_GRP_191"",""TRD_GRP_192"",""TRD_GRP_193"",""TRD_GRP_194"",""TRD_GRP_195"",""TRD_GRP_196"",""TRD_GRP_197"",""TRD_GRP_198"",""TRD_GRP_199"",""TRD_GRP_200"",""TRD_GRP_201"",""TRD_GRP_202"",""TRD_GRP_203"",""TRD_GRP_204"",""TRD_GRP_205"",""TRD_GRP_206"",""TRD_GRP_207"",""TRD_GRP_208"",""TRD_GRP_209"",""TRD_GRP_210"",""TRD_GRP_211"",""TRD_GRP_212"",""TRD_GRP_213"",""TRD_GRP_214"",""TRD_GRP_215"",""TRD_GRP_216"",""TRD_GRP_217"",""TRD_GRP_218"",""TRD_GRP_219"",""TRD_GRP_220"",""TRD_GRP_221"",""TRD_GRP_222"",""TRD_GRP_223"",""TRD_GRP_224"",""TRD_GRP_225"",""TRD_GRP_226"",""TRD_GRP_227"",""TRD_GRP_228"",""TRD_GRP_229"",""TRD_GRP_230"",""TRD_GRP_231"",""TRD_GRP_232"",""TRD_GRP_233"",""TRD_GRP_234"",""TRD_GRP_235"",""TRD_GRP_236"",""TRD_GRP_237"",""TRD_GRP_238"",""TRD_GRP_239"",""TRD_GRP_240"",""TRD_GRP_242"",""TRD_GRP_243"",""TRD_GRP_244"",""TRD_GRP_245"",""TRD_GRP_246"",""TRD_GRP_247"",""TRD_GRP_248"",""TRD_GRP_249"",""TRD_GRP_250"",""TRD_GRP_251"",""TRD_GRP_252"",""TRD_GRP_253"",""TRD_GRP_256"",""TRD_GRP_258""]]",EXPIRE_TAKER|EXPIRE_MAKER|EXPIRE_BOTH|DECREMENT|TRANSFER,0.00000100,1000.00000000,0.00000100,0.10000000,9000000.00000000,0.10000000,100,0.00000000,14793143.78458333,0.00000000,10,2000,10,2000,1.2,0.5,2,0.8,5,5.00000000,true,9000000.00000000,false,5,200,20,5,10
RLCUSDT,Sample,653,0,0,false,0,0,TRADING,RLC,USDT,8,8,8,8,8,true,true,true,true,true,true,true,true,true,true,true,EXPIRE_MAKER,LIMIT|LIMIT_MAKER|MARKET|STOP_LOSS|STOP_LOSS_LIMIT|TAKE_PROFIT|TAKE_PROFIT_LIMIT,,"[[""SPOT"",""MARGIN"",""TRD_GRP_004"",""TRD_GRP_005"",""TRD_GRP_015"",""TRD_GRP_016"",""TRD_GRP_017"",""TRD_GRP_018"",""TRD_GRP_019"",""TRD_GRP_020"",""TRD_GRP_021"",""TRD_GRP_022"",""TRD_GRP_023"",""TRD_GRP_024"",""TRD_GRP_025"",""TRD_GRP_049"",""TRD_GRP_050"",""TRD_GRP_051"",""TRD_GRP_052"",""TRD_GRP_053"",""TRD_GRP_054"",""TRD_GRP_055"",""TRD_GRP_056"",""TRD_GRP_057"",""TRD_GRP_058"",""TRD_GRP_059"",""TRD_GRP_060"",""TRD_GRP_061"",""TRD_GRP_062"",""TRD_GRP_063"",""TRD_GRP_064"",""TRD_GRP_065"",""TRD_GRP_066"",""TRD_GRP_067"",""TRD_GRP_068"",""TRD_GRP_069"",""TRD_GRP_070"",""TRD_GRP_071"",""TRD_GRP_072"",""TRD_GRP_073"",""TRD_GRP_074"",""TRD_GRP_075"",""TRD_GRP_076"",""TRD_GRP_077"",""TRD_GRP_078"",""TRD_GRP_079"",""TRD_GRP_080"",""TRD_GRP_081"",""TRD_GRP_082"",""TRD_GRP_083"",""TRD_GRP_084"",""TRD_GRP_085"",""TRD_GRP_086"",""TRD_GRP_087"",""TRD_GRP_088"",""TRD_GRP_089"",""TRD_GRP_090"",""TRD_GRP_091"",""TRD_GRP_092"",""TRD_GRP_093"",""TRD_GRP_094"",""TRD_GRP_095"",""TRD_GRP_096"",""TRD_GRP_097"",""TRD_GRP_098"",""TRD_GRP_099"",""TRD_GRP_100"",""TRD_GRP_101"",""TRD_GRP_102"",""TRD_GRP_103"",""TRD_GRP_104"",""TRD_GRP_105"",""TRD_GRP_106"",""TRD_GRP_107"",""TRD_GRP_108"",""TRD_GRP_109"",""TRD_GRP_110"",""TRD_GRP_111"",""TRD_GRP_112"",""TRD_GRP_113"",""TRD_GRP_114"",""TRD_GRP_115"",""TRD_GRP_116"",""TRD_GRP_117"",""TRD_GRP_118"",""TRD_GRP_119"",""TRD_GRP_120"",""TRD_GRP_121"",""TRD_GRP_122"",""TRD_GRP_123"",""TRD_GRP_124"",""TRD_GRP_125"",""TRD_GRP_126"",""TRD_GRP_127"",""TRD_GRP_128"",""TRD_GRP_129"",""TRD_GRP_130"",""TRD_GRP_131"",""TRD_GRP_132"",""TRD_GRP_133"",""TRD_GRP_134"",""TRD_GRP_135"",""TRD_GRP_136"",""TRD_GRP_137"",""TRD_GRP_138"",""TRD_GRP_139"",""TRD_GRP_140"",""TRD_GRP_141"",""TRD_GRP_142"",""TRD_GRP_143"",""TRD_GRP_144"",""TRD_GRP_145"",""TRD_GRP_146"",""TRD_GRP_147"",""TRD_GRP_148"",""TRD_GRP_149"",""TRD_GRP_150"",""TRD_GRP_151"",""TRD_GRP_152"",""TRD_GRP_153"",""TRD_GRP_154"",""TRD_GRP_155"",""TRD_GRP_156"",""TRD_GRP_157"",""TRD_GRP_158"",""TRD_GRP_159"",""TRD_GRP_160"",""TRD_GRP_161"",""TRD_GRP_162"",""TRD_GRP_163"",""TRD_GRP_164"",""TRD_GRP_165"",""TRD_GRP_166"",""TRD_GRP_167"",""TRD_GRP_168"",""TRD_GRP_169"",""TRD_GRP_170"",""TRD_GRP_171"",""TRD_GRP_172"",""TRD_GRP_173"",""TRD_GRP_174"",""TRD_GRP_175"",""TRD_GRP_176"",""TRD_GRP_177"",""TRD_GRP_178"",""TRD_GRP_179"",""TRD_GRP_180"",""TRD_GRP_181"",""TRD_GRP_182"",""TRD_GRP_183"",""TRD_GRP_184"",""TRD_GRP_185"",""TRD_GRP_186"",""TRD_GRP_187"",""TRD_GRP_188"",""TRD_GRP_189"",""TRD_GRP_190"",""TRD_GRP_191"",""TRD_GRP_192"",""TRD_GRP_193"",""TRD_GRP_194"",""TRD_GRP_195"",""TRD_GRP_196"",""TRD_GRP_197"",""TRD_GRP_198"",""TRD_GRP_199"",""TRD_GRP_200"",""TRD_GRP_201"",""TRD_GRP_202"",""TRD_GRP_203"",""TRD_GRP_204"",""TRD_GRP_205"",""TRD_GRP_206"",""TRD_GRP_207"",""TRD_GRP_208"",""TRD_GRP_209"",""TRD_GRP_210"",""TRD_GRP_211"",""TRD_GRP_212"",""TRD_GRP_213"",""TRD_GRP_214"",""TRD_GRP_215"",""TRD_GRP_216"",""TRD_GRP_217"",""TRD_GRP_218"",""TRD_GRP_219"",""TRD_GRP_220"",""TRD_GRP_221"",""TRD_GRP_222"",""TRD_GRP_223"",""TRD_GRP_224"",""TRD_GRP_225"",""TRD_GRP_226"",""TRD_GRP_227"",""TRD_GRP_228"",""TRD_GRP_229"",""TRD_GRP_230"",""TRD_GRP_231"",""TRD_GRP_232"",""TRD_GRP_233"",""TRD_GRP_234"",""TRD_GRP_235"",""TRD_GRP_236"",""TRD_GRP_237"",""TRD_GRP_238"",""TRD_GRP_239"",""TRD_GRP_240"",""TRD_GRP_242"",""TRD_GRP_243"",""TRD_GRP_244"",""TRD_GRP_245"",""TRD_GRP_246"",""TRD_GRP_247"",""TRD_GRP_248"",""TRD_GRP_249"",""TRD_GRP_250"",""TRD_GRP_251"",""TRD_GRP_252"",""TRD_GRP_253"",""TRD_GRP_256"",""TRD_GRP_258""]]",EXPIRE_TAKER|EXPIRE_MAKER|EXPIRE_BOTH|DECREMENT|TRANSFER,0.00010000,1000.00000000,0.00010000,0.10000000,900000.00000000,0.10000000,100,0.00000000,31791.38500000,0.00000000,10,2000,10,2000,1.2,0.5,2,0.8,5,5.00000000,true,9000000.00000000,false,5,200,20,5,10
RVNUSDT,Sample,624,0,0,false,0,0,TRADING,RVN,USDT,8,8,8,8,8,true,true,true,true,true,true,true,true,true,true,true,EXPIRE_MAKER,LIMIT|LIMIT_MAKER|MARKET|STOP_LOSS|STOP_LOSS_LIMIT|TAKE_PROFIT|TAKE_PROFIT_LIMIT,,"[[""SPOT"",""MARGIN"",""TRD_GRP_004"",""TRD_GRP_006"",""TRD_GRP_015"",""TRD_GRP_016"",""TRD_GRP_017"",""TRD_GRP_018"",""TRD_GRP_019"",""TRD_GRP_020"",""TRD_GRP_021"",""TRD_GRP_022"",""TRD_GRP_023"",""TRD_GRP_024"",""TRD_GRP_025"",""TRD_GRP_049"",""TRD_GRP_050"",""TRD_GRP_051"",""TRD_GRP_052"",""TRD_GRP_053"",""TRD_GRP_054"",""TRD_GRP_055"",""TRD_GRP_056"",""TRD_GRP_057"",""TRD_GRP_058"",""TRD_GRP_059"",""TRD_GRP_060"",""TRD_GRP_061"",""TRD_GRP_062"",""TRD_GRP_063"",""TRD_GRP_064"",""TRD_GRP_065"",""TRD_GRP_066"",""TRD_GRP_067"",""TRD_GRP_068"",""TRD_GRP_069"",""TRD_GRP_070"",""TRD_GRP_071"",""TRD_GRP_072"",""TRD_GRP_073"",""TRD_GRP_074"",""TRD_GRP_075"",""TRD_GRP_076"",""TRD_GRP_077"",""TRD_GRP_078"",""TRD_GRP_079"",""TRD_GRP_080"",""TRD_GRP_081"",""TRD_GRP_082"",""TRD_GRP_083"",""TRD_GRP_084"",""TRD_GRP_085"",""TRD_GRP_086"",""TRD_GRP_087"",""TRD_GRP_088"",""TRD_GRP_089"",""TRD_GRP_090"",""TRD_GRP_091"",""TRD_GRP_092"",""TRD_GRP_093"",""TRD_GRP_094"",""TRD_GRP_095"",""TRD_GRP_096"",""TRD_GRP_097"",""TRD_GRP_098"",""TRD_GRP_099"",""TRD_GRP_100"",""TRD_GRP_101"",""TRD_GRP_102"",""TRD_GRP_103"",""TRD_GRP_104"",""TRD_GRP_105"",""TRD_GRP_106"",""TRD_GRP_107"",""TRD_GRP_108"",""TRD_GRP_109"",""TRD_GRP_110"",""TRD_GRP_111"",""TRD_GRP_112"",""TRD_GRP_113"",""TRD_GRP_114"",""TRD_GRP_115"",""TRD_GRP_116"",""TRD_GRP_117"",""TRD_GRP_118"",""TRD_GRP_119"",""TRD_GRP_120"",""TRD_GRP_121"",""TRD_GRP_122"",""TRD_GRP_123"",""TRD_GRP_124"",""TRD_GRP_125"",""TRD_GRP_126"",""TRD_GRP_127"",""TRD_GRP_128"",""TRD_GRP_129"",""TRD_GRP_130"",""TRD_GRP_131"",""TRD_GRP_132"",""TRD_GRP_133"",""TRD_GRP_134"",""TRD_GRP_135"",""TRD_GRP_136"",""TRD_GRP_137"",""TRD_GRP_138"",""TRD_GRP_139"",""TRD_GRP_140"",""TRD_GRP_141"",""TRD_GRP_142"",""TRD_GRP_143"",""TRD_GRP_144"",""TRD_GRP_145"",""TRD_GRP_146"",""TRD_GRP_147"",""TRD_GRP_148"",""TRD_GRP_149"",""TRD_GRP_150"",""TRD_GRP_151"",""TRD_GRP_152"",""TRD_GRP_153"",""TRD_GRP_154"",""TRD_GRP_155"",""TRD_GRP_156"",""TRD_GRP_157"",""TRD_GRP_158"",""TRD_GRP_159"",""TRD_GRP_160"",""TRD_GRP_161"",""TRD_GRP_162"",""TRD_GRP_163"",""TRD_GRP_164"",""TRD_GRP_165"",""TRD_GRP_166"",""TRD_GRP_167"",""TRD_GRP_168"",""TRD_GRP_169"",""TRD_GRP_170"",""TRD_GRP_171"",""TRD_GRP_172"",""TRD_GRP_173"",""TRD_GRP_174"",""TRD_GRP_175"",""TRD_GRP_176"",""TRD_GRP_177"",""TRD_GRP_178"",""TRD_GRP_179"",""TRD_GRP_180"",""TRD_GRP_181"",""TRD_GRP_182"",""TRD_GRP_183"",""TRD_GRP_184"",""TRD_GRP_185"",""TRD_GRP_186"",""TRD_GRP_187"",""TRD_GRP_188"",""TRD_GRP_189"",""TRD_GRP_190"",""TRD_GRP_191"",""TRD_GRP_192"",""TRD_GRP_193"",""TRD_GRP_194"",""TRD_GRP_195"",""TRD_GRP_196"",""TRD_GRP_197"",""TRD_GRP_198"",""TRD_GRP_199"",""TRD_GRP_200"",""TRD_GRP_201"",""TRD_GRP_202"",""TRD_GRP_203"",""TRD_GRP_204"",""TRD_GRP_205"",""TRD_GRP_206"",""TRD_GRP_207"",""TRD_GRP_208"",""TRD_GRP_209"",""TRD_GRP_210"",""TRD_GRP_211"",""TRD_GRP_212"",""TRD_GRP_213"",""TRD_GRP_214"",""TRD_GRP_215"",""TRD_GRP_216"",""TRD_GRP_217"",""TRD_GRP_218"",""TRD_GRP_219"",""TRD_GRP_220"",""TRD_GRP_221"",""TRD_GRP_222"",""TRD_GRP_223"",""TRD_GRP_224"",""TRD_GRP_225"",""TRD_GRP_226"",""TRD_GRP_227"",""TRD_GRP_228"",""TRD_GRP_229"",""TRD_GRP_230"",""TRD_GRP_231"",""TRD_GRP_232"",""TRD_GRP_233"",""TRD_GRP_234"",""TRD_GRP_235"",""TRD_GRP_236"",""TRD_GRP_237"",""TRD_GRP_238"",""TRD_GRP_239"",""TRD_GRP_240"",""TRD_GRP_242"",""TRD_GRP_243"",""TRD_GRP_244"",""TRD_GRP_245"",""TRD_GRP_246"",""TRD_GRP_247"",""TRD_GRP_248"",""TRD_GRP_249"",""TRD_GRP_250"",""TRD_GRP_251"",""TRD_GRP_252"",""TRD_GRP_253"",""TRD_GRP_256"",""TRD_GRP_258""]]",EXPIRE_TAKER|EXPIRE_MAKER|EXPIRE_BOTH|DECREMENT|TRANSFER,0.00001000,1000.00000000,0.00001000,0.10000000,9000000.00000000,0.10000000,100,0.00000000,9222449.00000000,0.00000000,10,2000,10,2000,1.2,0.5,2,0.8,5,5.00000000,true,9000000.00000000,false,5,200,20,5,10
SCUSDT,Sample,842,0,0,false,0,0,TRADING,SC,USDT,8,8,8,8,8,true,true,true,true,true,true,true,true,true,true,true,EXPIRE_MAKER,LIMIT|LIMIT_MAKER|MARKET|STOP_LOSS|STOP_LOSS_LIMIT|TAKE_PROFIT|TAKE_PROFIT_LIMIT,,"[[""SPOT"",""MARGIN"",""TRD_GRP_004"",""TRD_GRP_006"",""TRD_GRP_015"",""TRD_GRP_016"",""TRD_GRP_017"",""TRD_GRP_018"",""TRD_GRP_019"",""TRD_GRP_020"",""TRD_GRP_021"",""TRD_GRP_022"",""TRD_GRP_023"",""TRD_GRP_024"",""TRD_GRP_025"",""TRD_GRP_049"",""TRD_GRP_050"",""TRD_GRP_051"",""TRD_GRP_052"",""TRD_GRP_053"",""TRD_GRP_054"",""TRD_GRP_055"",""TRD_GRP_056"",""TRD_GRP_057"",""TRD_GRP_058"",""TRD_GRP_059"",""TRD_GRP_060"",""TRD_GRP_061"",""TRD_GRP_062"",""TRD_GRP_063"",""TRD_GRP_064"",""TRD_GRP_065"",""TRD_GRP_066"",""TRD_GRP_067"",""TRD_GRP_068"",""TRD_GRP_069"",""TRD_GRP_070"",""TRD_GRP_071"",""TRD_GRP_072"",""TRD_GRP_073"",""TRD_GRP_074"",""TRD_GRP_075"",""TRD_GRP_076"",""TRD_GRP_077"",""TRD_GRP_078"",""TRD_GRP_079"",""TRD_GRP_080"",""TRD_GRP_081"",""TRD_GRP_082"",""TRD_GRP_083"",""TRD_GRP_084"",""TRD_GRP_085"",""TRD_GRP_086"",""TRD_GRP_087"",""TRD_GRP_088"",""TRD_GRP_089"",""TRD_GRP_090"",""TRD_GRP_091"",""TRD_GRP_092"",""TRD_GRP_093"",""TRD_GRP_094"",""TRD_GRP_095"",""TRD_GRP_096"",""TRD_GRP_097"",""TRD_GRP_098"",""TRD_GRP_099"",""TRD_GRP_100"",""TRD_GRP_101"",""TRD_GRP_102"",""TRD_GRP_103"",""TRD_GRP_104"",""TRD_GRP_105"",""TRD_GRP_106"",""TRD_GRP_107"",""TRD_GRP_108"",""TRD_GRP_109"",""TRD_GRP_110"",""TRD_GRP_111"",""TRD_GRP_112"",""TRD_GRP_113"",""TRD_GRP_114"",""TRD_GRP_115"",""TRD_GRP_116"",""TRD_GRP_117"",""TRD_GRP_118"",""TRD_GRP_119"",""TRD_GRP_120"",""TRD_GRP_121"",""TRD_GRP_122"",""TRD_GRP_123"",""TRD_GRP_124"",""TRD_GRP_125"",""TRD_GRP_126"",""TRD_GRP_127"",""TRD_GRP_128"",""TRD_GRP_129"",""TRD_GRP_130"",""TRD_GRP_131"",""TRD_GRP_132"",""TRD_GRP_133"",""TRD_GRP_134"",""TRD_GRP_135"",""TRD_GRP_136"",""TRD_GRP_137"",""TRD_GRP_138"",""TRD_GRP_139"",""TRD_GRP_140"",""TRD_GRP_141"",""TRD_GRP_142"",""TRD_GRP_143"",""TRD_GRP_144"",""TRD_GRP_145"",""TRD_GRP_146"",""TRD_GRP_147"",""TRD_GRP_148"",""TRD_GRP_149"",""TRD_GRP_150"",""TRD_GRP_151"",""TRD_GRP_152"",""TRD_GRP_153"",""TRD_GRP_154"",""TRD_GRP_155"",""TRD_GRP_156"",""TRD_GRP_157"",""TRD_GRP_158"",""TRD_GRP_159"",""TRD_GRP_160"",""TRD_GRP_161"",""TRD_GRP_162"",""TRD_GRP_163"",""TRD_GRP_164"",""TRD_GRP_165"",""TRD_GRP_166"",""TRD_GRP_167"",""TRD_GRP_168"",""TRD_GRP_169"",""TRD_GRP_170"",""TRD_GRP_171"",""TRD_GRP_172"",""TRD_GRP_173"",""TRD_GRP_174"",""TRD_GRP_175"",""TRD_GRP_176"",""TRD_GRP_177"",""TRD_GRP_178"",""TRD_GRP_179"",""TRD_GRP_180"",""TRD_GRP_181"",""TRD_GRP_182"",""TRD_GRP_183"",""TRD_GRP_184"",""TRD_GRP_185"",""TRD_GRP_186"",""TRD_GRP_187"",""TRD_GRP_188"",""TRD_GRP_189"",""TRD_GRP_190"",""TRD_GRP_191"",""TRD_GRP_192"",""TRD_GRP_193"",""TRD_GRP_194"",""TRD_GRP_195"",""TRD_GRP_196"",""TRD_GRP_197"",""TRD_GRP_198"",""TRD_GRP_199"",""TRD_GRP_200"",""TRD_GRP_201"",""TRD_GRP_202"",""TRD_GRP_203"",""TRD_GRP_204"",""TRD_GRP_205"",""TRD_GRP_206"",""TRD_GRP_207"",""TRD_GRP_208"",""TRD_GRP_209"",""TRD_GRP_210"",""TRD_GRP_211"",""TRD_GRP_212"",""TRD_GRP_213"",""TRD_GRP_214"",""TRD_GRP_215"",""TRD_GRP_216"",""TRD_GRP_217"",""TRD_GRP_218"",""TRD_GRP_219"",""TRD_GRP_220"",""TRD_GRP_221"",""TRD_GRP_222"",""TRD_GRP_223"",""TRD_GRP_224"",""TRD_GRP_225"",""TRD_GRP_226"",""TRD_GRP_227"",""TRD_GRP_228"",""TRD_GRP_229"",""TRD_GRP_230"",""TRD_GRP_231"",""TRD_GRP_232"",""TRD_GRP_233"",""TRD_GRP_234"",""TRD_GRP_235"",""TRD_GRP_236"",""TRD_GRP_237"",""TRD_GRP_238"",""TRD_GRP_239"",""TRD_GRP_240"",""TRD_GRP_242"",""TRD_GRP_243"",""TRD_GRP_244"",""TRD_GRP_245"",""TRD_GRP_246"",""TRD_GRP_247"",""TRD_GRP_248"",""TRD_GRP_249"",""TRD_GRP_250"",""TRD_GRP_251"",""TRD_GRP_252"",""TRD_GRP_253"",""TRD_GRP_256"",""TRD_GRP_258""]]",EXPIRE_TAKER|EXPIRE_MAKER|EXPIRE_BOTH|DECREMENT|TRANSFER,0.00000100,1000.00000000,0.00000100,1.00000000,92141578.00000000,1.00000000,100,0.00000000,6154429.71666666,0.00000000,10,2000,10,2000,1.2,0.5,2,0.8,5,5.00000000,true,9000000.00000000,false,5,200,20,5,10
SNXUSDT,Sample,850,0,0,false,0,0,TRADING,SNX,USDT,8,8,8,8,8,true,true,true,true,true,true,true,true,true,true,true,EXPIRE_MAKER,LIMIT|LIMIT_MAKER|MARKET|STOP_LOSS|STOP_LOSS_LIMIT|TAKE_PROFIT|TAKE_PROFIT_LIMIT,,"[[""SPOT"",""MARGIN"",""TRD_GRP_004"",""TRD_GRP_005"",""TRD_GRP_006"",""TRD_GRP_015"",""TRD_GRP_016"",""TRD_GRP_017"",""TRD_GRP_018"",""TRD_GRP_019"",""TRD_GRP_020"",""TRD_GRP_021"",""TRD_GRP_022"",""TRD_GRP_023"",""TRD_GRP_024"",""TRD_GRP_025"",""TRD_GRP_049"",""TRD_GRP_050"",""TRD_GRP_051"",""TRD_GRP_052"",""TRD_GRP_053"",""TRD_GRP_054"",""TRD_GRP_055"",""TRD_GRP_056"",""TRD_GRP_057"",""TRD_GRP_058"",""TRD_GRP_059"",""TRD_GRP_060"",""TRD_GRP_061"",""TRD_GRP_062"",""TRD_GRP_063"",""TRD_GRP_064"",""TRD_GRP_065"",""TRD_GRP_066"",""TRD_GRP_067"",""TRD_GRP_068"",""TRD_GRP_069"",""TRD_GRP_070"",""TRD_GRP_071"",""TRD_GRP_072"",""TRD_GRP_073"",""TRD_GRP_074"",""TRD_GRP_075"",""TRD_GRP_076"",""TRD_GRP_077"",""TRD_GRP_078"",""TRD_GRP_079"",""TRD_GRP_080"",""TRD_GRP_081"",""TRD_GRP_082"",""TRD_GRP_083"",""TRD_GRP_084"",""TRD_GRP_085"",""TRD_GRP_086"",""TRD_GRP_087"",""TRD_GRP_088"",""TRD_GRP_089"",""TRD_GRP_090"",""TRD_GRP_091"",""TRD_GRP_092"",""TRD_GRP_093"",""TRD_GRP_094"",""TRD_GRP_095"",""TRD_GRP_096"",""TRD_GRP_097"",""TRD_GRP_098"",""TRD_GRP_099"",""TRD_GRP_100"",""TRD_GRP_101"",""TRD_GRP_102"",""TRD_GRP_103"",""TRD_GRP_104"",""TRD_GRP_105"",""TRD_GRP_106"",""TRD_GRP_107"",""TRD_GRP_108"",""TRD_GRP_109"",""TRD_GRP_110"",""TRD_GRP_111"",""TRD_GRP_112"",""TRD_GRP_113"",""TRD_GRP_114"",""TRD_GRP_115"",""TRD_GRP_116"",""TRD_GRP_117"",""TRD_GRP_118"",""TRD_GRP_119"",""TRD_GRP_120"",""TRD_GRP_121"",""TRD_GRP_122"",""TRD_GRP_123"",""TRD_GRP_124"",""TRD_GRP_125"",""TRD_GRP_126"",""TRD_GRP_127"",""TRD_GRP_128"",""TRD_GRP_129"",""TRD_GRP_130"",""TRD_GRP_131"",""TRD_GRP_132"",""TRD_GRP_133"",""TRD_GRP_134"",""TRD_GRP_135"",""TRD_GRP_136"",""TRD_GRP_137"",""TRD_GRP_138"",""TRD_GRP_139"",""TRD_GRP_140"",""TRD_GRP_141"",""TRD_GRP_142"",""TRD_GRP_143"",""TRD_GRP_144"",""TRD_GRP_145"",""TRD_GRP_146"",""TRD_GRP_147"",""TRD_GRP_148"",""TRD_GRP_149"",""TRD_GRP_150"",""TRD_GRP_151"",""TRD_GRP_152"",""TRD_GRP_153"",""TRD_GRP_154"",""TRD_GRP_155"",""TRD_GRP_156"",""TRD_GRP_157"",""TRD_GRP_158"",""TRD_GRP_159"",""TRD_GRP_160"",""TRD_GRP_161"",""TRD_GRP_162"",""TRD_GRP_163"",""TRD_GRP_164"",""TRD_GRP_165"",""TRD_GRP_166"",""TRD_GRP_167"",""TRD_GRP_168"",""TRD_GRP_169"",""TRD_GRP_170"",""TRD_GRP_171"",""TRD_GRP_172"",""TRD_GRP_173"",""TRD_GRP_174"",""TRD_GRP_175"",""TRD_GRP_176"",""TRD_GRP_177"",""TRD_GRP_178"",""TRD_GRP_179"",""TRD_GRP_180"",""TRD_GRP_181"",""TRD_GRP_182"",""TRD_GRP_183"",""TRD_GRP_184"",""TRD_GRP_185"",""TRD_GRP_186"",""TRD_GRP_187"",""TRD_GRP_188"",""TRD_GRP_189"",""TRD_GRP_190"",""TRD_GRP_191"",""TRD_GRP_192"",""TRD_GRP_193"",""TRD_GRP_194"",""TRD_GRP_195"",""TRD_GRP_196"",""TRD_GRP_197"",""TRD_GRP_198"",""TRD_GRP_199"",""TRD_GRP_200"",""TRD_GRP_201"",""TRD_GRP_202"",""TRD_GRP_203"",""TRD_GRP_204"",""TRD_GRP_205"",""TRD_GRP_206"",""TRD_GRP_207"",""TRD_GRP_208"",""TRD_GRP_209"",""TRD_GRP_210"",""TRD_GRP_211"",""TRD_GRP_212"",""TRD_GRP_213"",""TRD_GRP_214"",""TRD_GRP_215"",""TRD_GRP_216"",""TRD_GRP_217"",""TRD_GRP_218"",""TRD_GRP_219"",""TRD_GRP_220"",""TRD_GRP_221"",""TRD_GRP_222"",""TRD_GRP_223"",""TRD_GRP_224"",""TRD_GRP_225"",""TRD_GRP_226"",""TRD_GRP_227"",""TRD_GRP_228"",""TRD_GRP_229"",""TRD_GRP_230"",""TRD_GRP_231"",""TRD_GRP_232"",""TRD_GRP_233"",""TRD_GRP_234"",""TRD_GRP_235"",""TRD_GRP_236"",""TRD_GRP_237"",""TRD_GRP_238"",""TRD_GRP_239"",""TRD_GRP_240"",""TRD_GRP_242"",""TRD_GRP_243"",""TRD_GRP_244"",""TRD_GRP_245"",""TRD_GRP_246"",""TRD_GRP_247"",""TRD_GRP_248"",""TRD_GRP_249"",""TRD_GRP_250"",""TRD_GRP_251"",""TRD_GRP_252"",""TRD_GRP_253"",""TRD_GRP_256"",""TRD_GRP_258""]]",EXPIRE_TAKER|EXPIRE_MAKER|EXPIRE_BOTH|DECREMENT|TRANSFER,0.00010000,10000.00000000,0.00010000,0.10000000,90000.00000000,0.10000000,100,0.00000000,83960.44708333,0.00000000,10,2000,10,2000,1.2,0.5,2,0.8,5,5.00000000,true,9000000.00000000,false,5,200,20,5,10
TFUELUSDT,Sample,520,0,0,false,0,0,TRADING,TFUEL,USDT,8,8,8,8,8,true,true,true,true,true,true,true,true,true,true,true,EXPIRE_MAKER,LIMIT|LIMIT_MAKER|MARKET|STOP_LOSS|STOP_LOSS_LIMIT|TAKE_PROFIT|TAKE_PROFIT_LIMIT,,"[[""SPOT"",""MARGIN"",""TRD_GRP_004"",""TRD_GRP_006"",""TRD_GRP_015"",""TRD_GRP_016"",""TRD_GRP_017"",""TRD_GRP_018"",""TRD_GRP_019"",""TRD_GRP_020"",""TRD_GRP_021"",""TRD_GRP_022"",""TRD_GRP_023"",""TRD_GRP_024"",""TRD_GRP_025"",""TRD_GRP_049"",""TRD_GRP_050"",""TRD_GRP_051"",""TRD_GRP_052"",""TRD_GRP_053"",""TRD_GRP_054"",""TRD_GRP_055"",""TRD_GRP_056"",""TRD_GRP_057"",""TRD_GRP_058"",""TRD_GRP_059"",""TRD_GRP_060"",""TRD_GRP_061"",""TRD_GRP_062"",""TRD_GRP_063"",""TRD_GRP_064"",""TRD_GRP_065"",""TRD_GRP_066"",""TRD_GRP_067"",""TRD_GRP_068"",""TRD_GRP_069"",""TRD_GRP_070"",""TRD_GRP_071"",""TRD_GRP_072"",""TRD_GRP_073"",""TRD_GRP_074"",""TRD_GRP_075"",""TRD_GRP_076"",""TRD_GRP_077"",""TRD_GRP_078"",""TRD_GRP_079"",""TRD_GRP_080"",""TRD_GRP_081"",""TRD_GRP_082"",""TRD_GRP_083"",""TRD_GRP_084"",""TRD_GRP_085"",""TRD_GRP_086"",""TRD_GRP_087"",""TRD_GRP_088"",""TRD_GRP_089"",""TRD_GRP_090"",""TRD_GRP_091"",""TRD_GRP_092"",""TRD_GRP_093"",""TRD_GRP_094"",""TRD_GRP_095"",""TRD_GRP_096"",""TRD_GRP_097"",""TRD_GRP_098"",""TRD_GRP_099"",""TRD_GRP_100"",""TRD_GRP_101"",""TRD_GRP_102"",""TRD_GRP_103"",""TRD_GRP_104"",""TRD_GRP_105"",""TRD_GRP_106"",""TRD_GRP_107"",""TRD_GRP_108"",""TRD_GRP_109"",""TRD_GRP_110"",""TRD_GRP_111"",""TRD_GRP_112"",""TRD_GRP_113"",""TRD_GRP_114"",""TRD_GRP_115"",""TRD_GRP_116"",""TRD_GRP_117"",""TRD_GRP_118"",""TRD_GRP_119"",""TRD_GRP_120"",""TRD_GRP_121"",""TRD_GRP_122"",""TRD_GRP_123"",""TRD_GRP_124"",""TRD_GRP_125"",""TRD_GRP_126"",""TRD_GRP_127"",""TRD_GRP_128"",""TRD_GRP_129"",""TRD_GRP_130"",""TRD_GRP_131"",""TRD_GRP_132"",""TRD_GRP_133"",""TRD_GRP_134"",""TRD_GRP_135"",""TRD_GRP_136"",""TRD_GRP_137"",""TRD_GRP_138"",""TRD_GRP_139"",""TRD_GRP_140"",""TRD_GRP_141"",""TRD_GRP_142"",""TRD_GRP_143"",""TRD_GRP_144"",""TRD_GRP_145"",""TRD_GRP_146"",""TRD_GRP_147"",""TRD_GRP_148"",""TRD_GRP_149"",""TRD_GRP_150"",""TRD_GRP_151"",""TRD_GRP_152"",""TRD_GRP_153"",""TRD_GRP_154"",""TRD_GRP_155"",""TRD_GRP_156"",""TRD_GRP_157"",""TRD_GRP_158"",""TRD_GRP_159"",""TRD_GRP_160"",""TRD_GRP_161"",""TRD_GRP_162"",""TRD_GRP_163"",""TRD_GRP_164"",""TRD_GRP_165"",""TRD_GRP_166"",""TRD_GRP_167"",""TRD_GRP_168"",""TRD_GRP_169"",""TRD_GRP_170"",""TRD_GRP_171"",""TRD_GRP_172"",""TRD_GRP_173"",""TRD_GRP_174"",""TRD_GRP_175"",""TRD_GRP_176"",""TRD_GRP_177"",""TRD_GRP_178"",""TRD_GRP_179"",""TRD_GRP_180"",""TRD_GRP_181"",""TRD_GRP_182"",""TRD_GRP_183"",""TRD_GRP_184"",""TRD_GRP_185"",""TRD_GRP_186"",""TRD_GRP_187"",""TRD_GRP_188"",""TRD_GRP_189"",""TRD_GRP_190"",""TRD_GRP_191"",""TRD_GRP_192"",""TRD_GRP_193"",""TRD_GRP_194"",""TRD_GRP_195"",""TRD_GRP_196"",""TRD_GRP_197"",""TRD_GRP_198"",""TRD_GRP_199"",""TRD_GRP_200"",""TRD_GRP_201"",""TRD_GRP_202"",""TRD_GRP_203"",""TRD_GRP_204"",""TRD_GRP_205"",""TRD_GRP_206"",""TRD_GRP_207"",""TRD_GRP_208"",""TRD_GRP_209"",""TRD_GRP_210"",""TRD_GRP_211"",""TRD_GRP_212"",""TRD_GRP_213"",""TRD_GRP_214"",""TRD_GRP_215"",""TRD_GRP_216"",""TRD_GRP_217"",""TRD_GRP_218"",""TRD_GRP_219"",""TRD_GRP_220"",""TRD_GRP_221"",""TRD_GRP_222"",""TRD_GRP_223"",""TRD_GRP_224"",""TRD_GRP_225"",""TRD_GRP_226"",""TRD_GRP_227"",""TRD_GRP_228"",""TRD_GRP_229"",""TRD_GRP_230"",""TRD_GRP_231"",""TRD_GRP_232"",""TRD_GRP_233"",""TRD_GRP_234"",""TRD_GRP_235"",""TRD_GRP_236"",""TRD_GRP_237"",""TRD_GRP_238"",""TRD_GRP_239"",""TRD_GRP_240"",""TRD_GRP_242"",""TRD_GRP_243"",""TRD_GRP_244"",""TRD_GRP_245"",""TRD_GRP_246"",""TRD_GRP_247"",""TRD_GRP_248"",""TRD_GRP_249"",""TRD_GRP_250"",""TRD_GRP_251"",""TRD_GRP_252"",""TRD_GRP_253"",""TRD_GRP_256"",""TRD_GRP_258""]]",EXPIRE_TAKER|EXPIRE_MAKER|EXPIRE_BOTH|DECREMENT|TRANSFER,0.00001000,1000.00000000,0.00001000,1.00000000,9000000.00000000,1.00000000,100,0.00000000,1280914.66250000,0.00000000,10,2000,10,2000,1.2,0.5,2,0.8,5,5.00000000,true,9000000.00000000,false,5,200,20,5,10
THETAUSDT,Sample,495,0,0,false,0,0,TRADING,THETA,USDT,8,8,8,8,8,true,true,true,true,true,true,true,true,true,true,true,EXPIRE_MAKER,LIMIT|LIMIT_MAKER|MARKET|STOP_LOSS|STOP_LOSS_LIMIT|TAKE_PROFIT|TAKE_PROFIT_LIMIT,,"[[""SPOT"",""MARGIN"",""TRD_GRP_004"",""TRD_GRP_006"",""TRD_GRP_015"",""TRD_GRP_016"",""TRD_GRP_017"",""TRD_GRP_018"",""TRD_GRP_019"",""TRD_GRP_020"",""TRD_GRP_021"",""TRD_GRP_022"",""TRD_GRP_023"",""TRD_GRP_024"",""TRD_GRP_025"",""TRD_GRP_049"",""TRD_GRP_050"",""TRD_GRP_051"",""TRD_GRP_052"",""TRD_GRP_053"",""TRD_GRP_054"",""TRD_GRP_055"",""TRD_GRP_056"",""TRD_GRP_057"",""TRD_GRP_058"",""TRD_GRP_059"",""TRD_GRP_060"",""TRD_GRP_061"",""TRD_GRP_062"",""TRD_GRP_063"",""TRD_GRP_064"",""TRD_GRP_065"",""TRD_GRP_066"",""TRD_GRP_067"",""TRD_GRP_068"",""TRD_GRP_069"",""TRD_GRP_070"",""TRD_GRP_071"",""TRD_GRP_072"",""TRD_GRP_073"",""TRD_GRP_074"",""TRD_GRP_075"",""TRD_GRP_076"",""TRD_GRP_077"",""TRD_GRP_078"",""TRD_GRP_079"",""TRD_GRP_080"",""TRD_GRP_081"",""TRD_GRP_082"",""TRD_GRP_083"",""TRD_GRP_084"",""TRD_GRP_085"",""TRD_GRP_086"",""TRD_GRP_087"",""TRD_GRP_088"",""TRD_GRP_089"",""TRD_GRP_090"",""TRD_GRP_091"",""TRD_GRP_092"",""TRD_GRP_093"",""TRD_GRP_094"",""TRD_GRP_095"",""TRD_GRP_096"",""TRD_GRP_097"",""TRD_GRP_098"",""TRD_GRP_099"",""TRD_GRP_100"",""TRD_GRP_101"",""TRD_GRP_102"",""TRD_GRP_103"",""TRD_GRP_104"",""TRD_GRP_105"",""TRD_GRP_106"",""TRD_GRP_107"",""TRD_GRP_108"",""TRD_GRP_109"",""TRD_GRP_110"",""TRD_GRP_111"",""TRD_GRP_112"",""TRD_GRP_113"",""TRD_GRP_114"",""TRD_GRP_115"",""TRD_GRP_116"",""TRD_GRP_117"",""TRD_GRP_118"",""TRD_GRP_119"",""TRD_GRP_120"",""TRD_GRP_121"",""TRD_GRP_122"",""TRD_GRP_123"",""TRD_GRP_124"",""TRD_GRP_125"",""TRD_GRP_126"",""TRD_GRP_127"",""TRD_GRP_128"",""TRD_GRP_129"",""TRD_GRP_130"",""TRD_GRP_131"",""TRD_GRP_132"",""TRD_GRP_133"",""TRD_GRP_134"",""TRD_GRP_135"",""TRD_GRP_136"",""TRD_GRP_137"",""TRD_GRP_138"",""TRD_GRP_139"",""TRD_GRP_140"",""TRD_GRP_141"",""TRD_GRP_142"",""TRD_GRP_143"",""TRD_GRP_144"",""TRD_GRP_145"",""TRD_GRP_146"",""TRD_GRP_147"",""TRD_GRP_148"",""TRD_GRP_149"",""TRD_GRP_150"",""TRD_GRP_151"",""TRD_GRP_152"",""TRD_GRP_153"",""TRD_GRP_154"",""TRD_GRP_155"",""TRD_GRP_156"",""TRD_GRP_157"",""TRD_GRP_158"",""TRD_GRP_159"",""TRD_GRP_160"",""TRD_GRP_161"",""TRD_GRP_162"",""TRD_GRP_163"",""TRD_GRP_164"",""TRD_GRP_165"",""TRD_GRP_166"",""TRD_GRP_167"",""TRD_GRP_168"",""TRD_GRP_169"",""TRD_GRP_170"",""TRD_GRP_171"",""TRD_GRP_172"",""TRD_GRP_173"",""TRD_GRP_174"",""TRD_GRP_175"",""TRD_GRP_176"",""TRD_GRP_177"",""TRD_GRP_178"",""TRD_GRP_179"",""TRD_GRP_180"",""TRD_GRP_181"",""TRD_GRP_182"",""TRD_GRP_183"",""TRD_GRP_184"",""TRD_GRP_185"",""TRD_GRP_186"",""TRD_GRP_187"",""TRD_GRP_188"",""TRD_GRP_189"",""TRD_GRP_190"",""TRD_GRP_191"",""TRD_GRP_192"",""TRD_GRP_193"",""TRD_GRP_194"",""TRD_GRP_195"",""TRD_GRP_196"",""TRD_GRP_197"",""TRD_GRP_198"",""TRD_GRP_199"",""TRD_GRP_200"",""TRD_GRP_201"",""TRD_GRP_202"",""TRD_GRP_203"",""TRD_GRP_204"",""TRD_GRP_205"",""TRD_GRP_206"",""TRD_GRP_207"",""TRD_GRP_208"",""TRD_GRP_209"",""TRD_GRP_210"",""TRD_GRP_211"",""TRD_GRP_212"",""TRD_GRP_213"",""TRD_GRP_214"",""TRD_GRP_215"",""TRD_GRP_216"",""TRD_GRP_217"",""TRD_GRP_218"",""TRD_GRP_219"",""TRD_GRP_220"",""TRD_GRP_221"",""TRD_GRP_222"",""TRD_GRP_223"",""TRD_GRP_224"",""TRD_GRP_225"",""TRD_GRP_226"",""TRD_GRP_227"",""TRD_GRP_228"",""TRD_GRP_229"",""TRD_GRP_230"",""TRD_GRP_231"",""TRD_GRP_232"",""TRD_GRP_233"",""TRD_GRP_234"",""TRD_GRP_235"",""TRD_GRP_236"",""TRD_GRP_237"",""TRD_GRP_238"",""TRD_GRP_239"",""TRD_GRP_240"",""TRD_GRP_242"",""TRD_GRP_243"",""TRD_GRP_244"",""TRD_GRP_245"",""TRD_GRP_246"",""TRD_GRP_247"",""TRD_GRP_248"",""TRD_GRP_249"",""TRD_GRP_250"",""TRD_GRP_251"",""TRD_GRP_252"",""TRD_GRP_253"",""TRD_GRP_256"",""TRD_GRP_258""]]",EXPIRE_TAKER|EXPIRE_MAKER|EXPIRE_BOTH|DECREMENT|TRANSFER,0.00010000,10000.00000000,0.00010000,0.10000000,90000.00000000,0.10000000,100,0.00000000,113506.04083333,0.00000000,10,2000,10,2000,1.2,0.5,2,0.8,5,5.00000000,true,9000000.00000000,false,5,200,20,5,10
TRXUSDT,Sample,351,0,0,false,0,0,TRADING,TRX,USDT,8,8,8,8,8,true,true,true,true,true,true,true,true,true,true,true,EXPIRE_MAKER,LIMIT|LIMIT_MAKER|MARKET|STOP_LOSS|STOP_LOSS_LIMIT|TAKE_PROFIT|TAKE_PROFIT_LIMIT,,"[[""SPOT"",""MARGIN"",""TRD_GRP_004"",""TRD_GRP_005"",""TRD_GRP_006"",""TRD_GRP_015"",""TRD_GRP_016"",""TRD_GRP_017"",""TRD_GRP_018"",""TRD_GRP_019"",""TRD_GRP_020"",""TRD_GRP_021"",""TRD_GRP_022"",""TRD_GRP_023"",""TRD_GRP_024"",""TRD_GRP_025"",""TRD_GRP_049"",""TRD_GRP_050"",""TRD_GRP_051"",""TRD_GRP_052"",""TRD_GRP_053"",""TRD_GRP_054"",""TRD_GRP_055"",""TRD_GRP_056"",""TRD_GRP_057"",""TRD_GRP_058"",""TRD_GRP_059"",""TRD_GRP_060"",""TRD_GRP_061"",""TRD_GRP_062"",""TRD_GRP_063"",""TRD_GRP_064"",""TRD_GRP_065"",""TRD_GRP_066"",""TRD_GRP_067"",""TRD_GRP_068"",""TRD_GRP_069"",""TRD_GRP_070"",""TRD_GRP_071"",""TRD_GRP_072"",""TRD_GRP_073"",""TRD_GRP_074"",""TRD_GRP_075"",""TRD_GRP_076"",""TRD_GRP_077"",""TRD_GRP_078"",""TRD_GRP_079"",""TRD_GRP_080"",""TRD_GRP_081"",""TRD_GRP_082"",""TRD_GRP_083"",""TRD_GRP_084"",""TRD_GRP_085"",""TRD_GRP_086"",""TRD_GRP_087"",""TRD_GRP_088"",""TRD_GRP_089"",""TRD_GRP_090"",""TRD_GRP_091"",""TRD_GRP_092"",""TRD_GRP_093"",""TRD_GRP_094"",""TRD_GRP_095"",""TRD_GRP_096"",""TRD_GRP_097"",""TRD_GRP_098"",""TRD_GRP_099"",""TRD_GRP_100"",""TRD_GRP_101"",""TRD_GRP_102"",""TRD_GRP_103"",""TRD_GRP_104"",""TRD_GRP_105"",""TRD_GRP_106"",""TRD_GRP_107"",""TRD_GRP_108"",""TRD_GRP_109"",""TRD_GRP_110"",""TRD_GRP_111"",""TRD_GRP_112"",""TRD_GRP_113"",""TRD_GRP_114"",""TRD_GRP_115"",""TRD_GRP_116"",""TRD_GRP_117"",""TRD_GRP_118"",""TRD_GRP_119"",""TRD_GRP_120"",""TRD_GRP_121"",""TRD_GRP_122"",""TRD_GRP_123"",""TRD_GRP_124"",""TRD_GRP_125"",""TRD_GRP_126"",""TRD_GRP_127"",""TRD_GRP_128"",""TRD_GRP_129"",""TRD_GRP_130"",""TRD_GRP_131"",""TRD_GRP_132"",""TRD_GRP_133"",""TRD_GRP_134"",""TRD_GRP_135"",""TRD_GRP_136"",""TRD_GRP_137"",""TRD_GRP_138"",""TRD_GRP_139"",""TRD_GRP_140"",""TRD_GRP_141"",""TRD_GRP_142"",""TRD_GRP_143"",""TRD_GRP_144"",""TRD_GRP_145"",""TRD_GRP_146"",""TRD_GRP_147"",""TRD_GRP_148"",""TRD_GRP_149"",""TRD_GRP_150"",""TRD_GRP_151"",""TRD_GRP_152"",""TRD_GRP_153"",""TRD_GRP_154"",""TRD_GRP_155"",""TRD_GRP_156"",""TRD_GRP_157"",""TRD_GRP_158"",""TRD_GRP_159"",""TRD_GRP_160"",""TRD_GRP_161"",""TRD_GRP_162"",""TRD_GRP_163"",""TRD_GRP_164"",""TRD_GRP_165"",""TRD_GRP_166"",""TRD_GRP_167"",""TRD_GRP_168"",""TRD_GRP_169"",""TRD_GRP_170"",""TRD_GRP_171"",""TRD_GRP_172"",""TRD_GRP_173"",""TRD_GRP_174"",""TRD_GRP_175"",""TRD_GRP_176"",""TRD_GRP_177"",""TRD_GRP_178"",""TRD_GRP_179"",""TRD_GRP_180"",""TRD_GRP_181"",""TRD_GRP_182"",""TRD_GRP_183"",""TRD_GRP_184"",""TRD_GRP_185"",""TRD_GRP_186"",""TRD_GRP_187"",""TRD_GRP_188"",""TRD_GRP_189"",""TRD_GRP_190"",""TRD_GRP_191"",""TRD_GRP_192"",""TRD_GRP_193"",""TRD_GRP_194"",""TRD_GRP_195"",""TRD_GRP_196"",""TRD_GRP_197"",""TRD_GRP_198"",""TRD_GRP_199"",""TRD_GRP_200"",""TRD_GRP_201"",""TRD_GRP_202"",""TRD_GRP_203"",""TRD_GRP_204"",""TRD_GRP_205"",""TRD_GRP_206"",""TRD_GRP_207"",""TRD_GRP_208"",""TRD_GRP_209"",""TRD_GRP_210"",""TRD_GRP_211"",""TRD_GRP_212"",""TRD_GRP_213"",""TRD_GRP_214"",""TRD_GRP_215"",""TRD_GRP_216"",""TRD_GRP_217"",""TRD_GRP_218"",""TRD_GRP_219"",""TRD_GRP_220"",""TRD_GRP_221"",""TRD_GRP_222"",""TRD_GRP_223"",""TRD_GRP_224"",""TRD_GRP_225"",""TRD_GRP_226"",""TRD_GRP_227"",""TRD_GRP_228"",""TRD_GRP_229"",""TRD_GRP_230"",""TRD_GRP_231"",""TRD_GRP_232"",""TRD_GRP_233"",""TRD_GRP_234"",""TRD_GRP_235"",""TRD_GRP_236"",""TRD_GRP_237"",""TRD_GRP_238"",""TRD_GRP_239"",""TRD_GRP_240"",""TRD_GRP_242"",""TRD_GRP_243"",""TRD_GRP_244"",""TRD_GRP_245"",""TRD_GRP_246"",""TRD_GRP_247"",""TRD_GRP_248"",""TRD_GRP_249"",""TRD_GRP_250"",""TRD_GRP_251"",""TRD_GRP_252"",""TRD_GRP_253"",""TRD_GRP_256"",""TRD_GRP_258""]]",EXPIRE_TAKER|EXPIRE_MAKER|EXPIRE_BOTH|DECREMENT|TRANSFER,0.00010000,1000.00000000,0.00010000,0.10000000,9000000.00000000,0.10000000,100,0.00000000,3924330.53291666,0.00000000,10,2000,10,2000,1.2,0.5,2,0.8,5,5.00000000,true,9000000.00000000,false,5,200,20,5,10
VTHOUSDT,Sample,859,0,0,false,0,0,TRADING,VTHO,USDT,8,8,8,8,8,true,true,true,true,true,true,true,true,true,true,true,EXPIRE_MAKER,LIMIT|LIMIT_MAKER|MARKET|STOP_LOSS|STOP_LOSS_LIMIT|TAKE_PROFIT|TAKE_PROFIT_LIMIT,,"[[""SPOT"",""MARGIN"",""TRD_GRP_004"",""TRD_GRP_006"",""TRD_GRP_015"",""TRD_GRP_016"",""TRD_GRP_017"",""TRD_GRP_018"",""TRD_GRP_019"",""TRD_GRP_020"",""TRD_GRP_021"",""TRD_GRP_022"",""TRD_GRP_023"",""TRD_GRP_024"",""TRD_GRP_025"",""TRD_GRP_049"",""TRD_GRP_050"",""TRD_GRP_051"",""TRD_GRP_052"",""TRD_GRP_053"",""TRD_GRP_054"",""TRD_GRP_055"",""TRD_GRP_056"",""TRD_GRP_057"",""TRD_GRP_058"",""TRD_GRP_059"",""TRD_GRP_060"",""TRD_GRP_061"",""TRD_GRP_062"",""TRD_GRP_063"",""TRD_GRP_064"",""TRD_GRP_065"",""TRD_GRP_066"",""TRD_GRP_067"",""TRD_GRP_068"",""TRD_GRP_069"",""TRD_GRP_070"",""TRD_GRP_071"",""TRD_GRP_072"",""TRD_GRP_073"",""TRD_GRP_074"",""TRD_GRP_075"",""TRD_GRP_076"",""TRD_GRP_077"",""TRD_GRP_078"",""TRD_GRP_079"",""TRD_GRP_080"",""TRD_GRP_081"",""TRD_GRP_082"",""TRD_GRP_083"",""TRD_GRP_084"",""TRD_GRP_085"",""TRD_GRP_086"",""TRD_GRP_087"",""TRD_GRP_088"",""TRD_GRP_089"",""TRD_GRP_090"",""TRD_GRP_091"",""TRD_GRP_092"",""TRD_GRP_093"",""TRD_GRP_094"",""TRD_GRP_095"",""TRD_GRP_096"",""TRD_GRP_097"",""TRD_GRP_098"",""TRD_GRP_099"",""TRD_GRP_100"",""TRD_GRP_101"",""TRD_GRP_102"",""TRD_GRP_103"",""TRD_GRP_104"",""TRD_GRP_105"",""TRD_GRP_106"",""TRD_GRP_107"",""TRD_GRP_108"",""TRD_GRP_109"",""TRD_GRP_110"",""TRD_GRP_111"",""TRD_GRP_112"",""TRD_GRP_113"",""TRD_GRP_114"",""TRD_GRP_115"",""TRD_GRP_116"",""TRD_GRP_117"",""TRD_GRP_118"",""TRD_GRP_119"",""TRD_GRP_120"",""TRD_GRP_121"",""TRD_GRP_122"",""TRD_GRP_123"",""TRD_GRP_124"",""TRD_GRP_125"",""TRD_GRP_126"",""TRD_GRP_127"",""TRD_GRP_128"",""TRD_GRP_129"",""TRD_GRP_130"",""TRD_GRP_131"",""TRD_GRP_132"",""TRD_GRP_133"",""TRD_GRP_134"",""TRD_GRP_135"",""TRD_GRP_136"",""TRD_GRP_137"",""TRD_GRP_138"",""TRD_GRP_139"",""TRD_GRP_140"",""TRD_GRP_141"",""TRD_GRP_142"",""TRD_GRP_143"",""TRD_GRP_144"",""TRD_GRP_145"",""TRD_GRP_146"",""TRD_GRP_147"",""TRD_GRP_148"",""TRD_GRP_149"",""TRD_GRP_150"",""TRD_GRP_151"",""TRD_GRP_152"",""TRD_GRP_153"",""TRD_GRP_154"",""TRD_GRP_155"",""TRD_GRP_156"",""TRD_GRP_157"",""TRD_GRP_158"",""TRD_GRP_159"",""TRD_GRP_160"",""TRD_GRP_161"",""TRD_GRP_162"",""TRD_GRP_163"",""TRD_GRP_164"",""TRD_GRP_165"",""TRD_GRP_166"",""TRD_GRP_167"",""TRD_GRP_168"",""TRD_GRP_169"",""TRD_GRP_170"",""TRD_GRP_171"",""TRD_GRP_172"",""TRD_GRP_173"",""TRD_GRP_174"",""TRD_GRP_175"",""TRD_GRP_176"",""TRD_GRP_177"",""TRD_GRP_178"",""TRD_GRP_179"",""TRD_GRP_180"",""TRD_GRP_181"",""TRD_GRP_182"",""TRD_GRP_183"",""TRD_GRP_184"",""TRD_GRP_185"",""TRD_GRP_186"",""TRD_GRP_187"",""TRD_GRP_188"",""TRD_GRP_189"",""TRD_GRP_190"",""TRD_GRP_191"",""TRD_GRP_192"",""TRD_GRP_193"",""TRD_GRP_194"",""TRD_GRP_195"",""TRD_GRP_196"",""TRD_GRP_197"",""TRD_GRP_198"",""TRD_GRP_199"",""TRD_GRP_200"",""TRD_GRP_201"",""TRD_GRP_202"",""TRD_GRP_203"",""TRD_GRP_204"",""TRD_GRP_205"",""TRD_GRP_206"",""TRD_GRP_207"",""TRD_GRP_208"",""TRD_GRP_209"",""TRD_GRP_210"",""TRD_GRP_211"",""TRD_GRP_212"",""TRD_GRP_213"",""TRD_GRP_214"",""TRD_GRP_215"",""TRD_GRP_216"",""TRD_GRP_217"",""TRD_GRP_218"",""TRD_GRP_219"",""TRD_GRP_220"",""TRD_GRP_221"",""TRD_GRP_222"",""TRD_GRP_223"",""TRD_GRP_224"",""TRD_GRP_225"",""TRD_GRP_226"",""TRD_GRP_227"",""TRD_GRP_228"",""TRD_GRP_229"",""TRD_GRP_230"",""TRD_GRP_231"",""TRD_GRP_232"",""TRD_GRP_233"",""TRD_GRP_234"",""TRD_GRP_235"",""TRD_GRP_236"",""TRD_GRP_237"",""TRD_GRP_238"",""TRD_GRP_239"",""TRD_GRP_240"",""TRD_GRP_242"",""TRD_GRP_243"",""TRD_GRP_244"",""TRD_GRP_245"",""TRD_GRP_246"",""TRD_GRP_247"",""TRD_GRP_248"",""TRD_GRP_249"",""TRD_GRP_250"",""TRD_GRP_251"",""TRD_GRP_252"",""TRD_GRP_253"",""TRD_GRP_256"",""TRD_GRP_258""]]",EXPIRE_TAKER|EXPIRE_MAKER|EXPIRE_BOTH|DECREMENT|TRANSFER,0.00000100,1000.00000000,0.00000100,1.00000000,92141578.00000000,1.00000000,100,0.00000000,29452044.67083333,0.00000000,10,2000,10,2000,1.2,0.5,2,0.8,5,1.00000000,true,9000000.00000000,false,5,200,20,5,10
WINUSDT,Sample,578,0,0,false,0,0,TRADING,WIN,USDT,8,8,8,8,8,true,true,true,true,true,true,true,true,true,true,true,EXPIRE_MAKER,LIMIT|LIMIT_MAKER|MARKET|STOP_LOSS|STOP_LOSS_LIMIT|TAKE_PROFIT|TAKE_PROFIT_LIMIT,,"[[""SPOT"",""MARGIN"",""TRD_GRP_004"",""TRD_GRP_005"",""TRD_GRP_006"",""TRD_GRP_015"",""TRD_GRP_016"",""TRD_GRP_017"",""TRD_GRP_018"",""TRD_GRP_019"",""TRD_GRP_020"",""TRD_GRP_021"",""TRD_GRP_022"",""TRD_GRP_023"",""TRD_GRP_024"",""TRD_GRP_025"",""TRD_GRP_049"",""TRD_GRP_050"",""TRD_GRP_051"",""TRD_GRP_052"",""TRD_GRP_053"",""TRD_GRP_054"",""TRD_GRP_055"",""TRD_GRP_056"",""TRD_GRP_057"",""TRD_GRP_058"",""TRD_GRP_059"",""TRD_GRP_060"",""TRD_GRP_061"",""TRD_GRP_062"",""TRD_GRP_063"",""TRD_GRP_064"",""TRD_GRP_065"",""TRD_GRP_066"",""TRD_GRP_067"",""TRD_GRP_068"",""TRD_GRP_069"",""TRD_GRP_070"",""TRD_GRP_071"",""TRD_GRP_072"",""TRD_GRP_073"",""TRD_GRP_074"",""TRD_GRP_075"",""TRD_GRP_076"",""TRD_GRP_077"",""TRD_GRP_078"",""TRD_GRP_079"",""TRD_GRP_080"",""TRD_GRP_081"",""TRD_GRP_082"",""TRD_GRP_083"",""TRD_GRP_084"",""TRD_GRP_085"",""TRD_GRP_086"",""TRD_GRP_087"",""TRD_GRP_088"",""TRD_GRP_089"",""TRD_GRP_090"",""TRD_GRP_091"",""TRD_GRP_092"",""TRD_GRP_093"",""TRD_GRP_094"",""TRD_GRP_095"",""TRD_GRP_096"",""TRD_GRP_097"",""TRD_GRP_098"",""TRD_GRP_099"",""TRD_GRP_100"",""TRD_GRP_101"",""TRD_GRP_102"",""TRD_GRP_103"",""TRD_GRP_104"",""TRD_GRP_105"",""TRD_GRP_106"",""TRD_GRP_107"",""TRD_GRP_108"",""TRD_GRP_109"",""TRD_GRP_110"",""TRD_GRP_111"",""TRD_GRP_112"",""TRD_GRP_113"",""TRD_GRP_114"",""TRD_GRP_115"",""TRD_GRP_116"",""TRD_GRP_117"",""TRD_GRP_118"",""TRD_GRP_119"",""TRD_GRP_120"",""TRD_GRP_121"",""TRD_GRP_122"",""TRD_GRP_123"",""TRD_GRP_124"",""TRD_GRP_125"",""TRD_GRP_126"",""TRD_GRP_127"",""TRD_GRP_128"",""TRD_GRP_129"",""TRD_GRP_130"",""TRD_GRP_131"",""TRD_GRP_132"",""TRD_GRP_133"",""TRD_GRP_134"",""TRD_GRP_135"",""TRD_GRP_136"",""TRD_GRP_137"",""TRD_GRP_138"",""TRD_GRP_139"",""TRD_GRP_140"",""TRD_GRP_141"",""TRD_GRP_142"",""TRD_GRP_143"",""TRD_GRP_144"",""TRD_GRP_145"",""TRD_GRP_146"",""TRD_GRP_147"",""TRD_GRP_148"",""TRD_GRP_149"",""TRD_GRP_150"",""TRD_GRP_151"",""TRD_GRP_152"",""TRD_GRP_153"",""TRD_GRP_154"",""TRD_GRP_155"",""TRD_GRP_156"",""TRD_GRP_157"",""TRD_GRP_158"",""TRD_GRP_159"",""TRD_GRP_160"",""TRD_GRP_161"",""TRD_GRP_162"",""TRD_GRP_163"",""TRD_GRP_164"",""TRD_GRP_165"",""TRD_GRP_166"",""TRD_GRP_167"",""TRD_GRP_168"",""TRD_GRP_169"",""TRD_GRP_170"",""TRD_GRP_171"",""TRD_GRP_172"",""TRD_GRP_173"",""TRD_GRP_174"",""TRD_GRP_175"",""TRD_GRP_176"",""TRD_GRP_177"",""TRD_GRP_178"",""TRD_GRP_179"",""TRD_GRP_180"",""TRD_GRP_181"",""TRD_GRP_182"",""TRD_GRP_183"",""TRD_GRP_184"",""TRD_GRP_185"",""TRD_GRP_186"",""TRD_GRP_187"",""TRD_GRP_188"",""TRD_GRP_189"",""TRD_GRP_190"",""TRD_GRP_191"",""TRD_GRP_192"",""TRD_GRP_193"",""TRD_GRP_194"",""TRD_GRP_195"",""TRD_GRP_196"",""TRD_GRP_197"",""TRD_GRP_198"",""TRD_GRP_199"",""TRD_GRP_200"",""TRD_GRP_201"",""TRD_GRP_202"",""TRD_GRP_203"",""TRD_GRP_204"",""TRD_GRP_205"",""TRD_GRP_206"",""TRD_GRP_207"",""TRD_GRP_208"",""TRD_GRP_209"",""TRD_GRP_210"",""TRD_GRP_211"",""TRD_GRP_212"",""TRD_GRP_213"",""TRD_GRP_214"",""TRD_GRP_215"",""TRD_GRP_216"",""TRD_GRP_217"",""TRD_GRP_218"",""TRD_GRP_219"",""TRD_GRP_220"",""TRD_GRP_221"",""TRD_GRP_222"",""TRD_GRP_223"",""TRD_GRP_224"",""TRD_GRP_225"",""TRD_GRP_226"",""TRD_GRP_227"",""TRD_GRP_228"",""TRD_GRP_229"",""TRD_GRP_230"",""TRD_GRP_231"",""TRD_GRP_232"",""TRD_GRP_233"",""TRD_GRP_234"",""TRD_GRP_235"",""TRD_GRP_236"",""TRD_GRP_237"",""TRD_GRP_238"",""TRD_GRP_239"",""TRD_GRP_240"",""TRD_GRP_242"",""TRD_GRP_243"",""TRD_GRP_244"",""TRD_GRP_245"",""TRD_GRP_246"",""TRD_GRP_247"",""TRD_GRP_248"",""TRD_GRP_249"",""TRD_GRP_250"",""TRD_GRP_251"",""TRD_GRP_252"",""TRD_GRP_253"",""TRD_GRP_256"",""TRD_GRP_258""]]",EXPIRE_TAKER|EXPIRE_MAKER|EXPIRE_BOTH|DECREMENT|TRANSFER,0.00000001,100.00000000,0.00000001,1.00000000,913205152.00000000,1.00000000,100,0.00000000,282911439.02083333,0.00000000,10,2000,10,2000,1.2,0.5,2,0.8,5,5.00000000,true,9000000.00000000,false,5,200,20,5,10
XLMUSDT,Sample,335,0,0,false,0,0,TRADING,XLM,USDT,8,8,8,8,8,true,true,true,true,true,true,true,true,true,true,true,EXPIRE_MAKER,LIMIT|LIMIT_MAKER|MARKET|STOP_LOSS|STOP_LOSS_LIMIT|TAKE_PROFIT|TAKE_PROFIT_LIMIT,,"[[""SPOT"",""MARGIN"",""TRD_GRP_004"",""TRD_GRP_005"",""TRD_GRP_006"",""TRD_GRP_015"",""TRD_GRP_016"",""TRD_GRP_017"",""TRD_GRP_018"",""TRD_GRP_019"",""TRD_GRP_020"",""TRD_GRP_021"",""TRD_GRP_022"",""TRD_GRP_023"",""TRD_GRP_024"",""TRD_GRP_025"",""TRD_GRP_049"",""TRD_GRP_050"",""TRD_GRP_051"",""TRD_GRP_052"",""TRD_GRP_053"",""TRD_GRP_054"",""TRD_GRP_055"",""TRD_GRP_056"",""TRD_GRP_057"",""TRD_GRP_058"",""TRD_GRP_059"",""TRD_GRP_060"",""TRD_GRP_061"",""TRD_GRP_062"",""TRD_GRP_063"",""TRD_GRP_064"",""TRD_GRP_065"",""TRD_GRP_066"",""TRD_GRP_067"",""TRD_GRP_068"",""TRD_GRP_069"",""TRD_GRP_070"",""TRD_GRP_071"",""TRD_GRP_072"",""TRD_GRP_073"",""TRD_GRP_074"",""TRD_GRP_075"",""TRD_GRP_076"",""TRD_GRP_077"",""TRD_GRP_078"",""TRD_GRP_079"",""TRD_GRP_080"",""TRD_GRP_081"",""TRD_GRP_082"",""TRD_GRP_083"",""TRD_GRP_084"",""TRD_GRP_085"",""TRD_GRP_086"",""TRD_GRP_087"",""TRD_GRP_088"",""TRD_GRP_089"",""TRD_GRP_090"",""TRD_GRP_091"",""TRD_GRP_092"",""TRD_GRP_093"",""TRD_GRP_094"",""TRD_GRP_095"",""TRD_GRP_096"",""TRD_GRP_097"",""TRD_GRP_098"",""TRD_GRP_099"",""TRD_GRP_100"",""TRD_GRP_101"",""TRD_GRP_102"",""TRD_GRP_103"",""TRD_GRP_104"",""TRD_GRP_105"",""TRD_GRP_106"",""TRD_GRP_107"",""TRD_GRP_108"",""TRD_GRP_109"",""TRD_GRP_110"",""TRD_GRP_111"",""TRD_GRP_112"",""TRD_GRP_113"",""TRD_GRP_114"",""TRD_GRP_115"",""TRD_GRP_116"",""TRD_GRP_117"",""TRD_GRP_118"",""TRD_GRP_119"",""TRD_GRP_120"",""TRD_GRP_121"",""TRD_GRP_122"",""TRD_GRP_123"",""TRD_GRP_124"",""TRD_GRP_125"",""TRD_GRP_126"",""TRD_GRP_127"",""TRD_GRP_128"",""TRD_GRP_129"",""TRD_GRP_130"",""TRD_GRP_131"",""TRD_GRP_132"",""TRD_GRP_133"",""TRD_GRP_134"",""TRD_GRP_135"",""TRD_GRP_136"",""TRD_GRP_137"",""TRD_GRP_138"",""TRD_GRP_139"",""TRD_GRP_140"",""TRD_GRP_141"",""TRD_GRP_142"",""TRD_GRP_143"",""TRD_GRP_144"",""TRD_GRP_145"",""TRD_GRP_146"",""TRD_GRP_147"",""TRD_GRP_148"",""TRD_GRP_149"",""TRD_GRP_150"",""TRD_GRP_151"",""TRD_GRP_152"",""TRD_GRP_153"",""TRD_GRP_154"",""TRD_GRP_155"",""TRD_GRP_156"",""TRD_GRP_157"",""TRD_GRP_158"",""TRD_GRP_159"",""TRD_GRP_160"",""TRD_GRP_161"",""TRD_GRP_162"",""TRD_GRP_163"",""TRD_GRP_164"",""TRD_GRP_165"",""TRD_GRP_166"",""TRD_GRP_167"",""TRD_GRP_168"",""TRD_GRP_169"",""TRD_GRP_170"",""TRD_GRP_171"",""TRD_GRP_172"",""TRD_GRP_173"",""TRD_GRP_174"",""TRD_GRP_175"",""TRD_GRP_176"",""TRD_GRP_177"",""TRD_GRP_178"",""TRD_GRP_179"",""TRD_GRP_180"",""TRD_GRP_181"",""TRD_GRP_182"",""TRD_GRP_183"",""TRD_GRP_184"",""TRD_GRP_185"",""TRD_GRP_186"",""TRD_GRP_187"",""TRD_GRP_188"",""TRD_GRP_189"",""TRD_GRP_190"",""TRD_GRP_191"",""TRD_GRP_192"",""TRD_GRP_193"",""TRD_GRP_194"",""TRD_GRP_195"",""TRD_GRP_196"",""TRD_GRP_197"",""TRD_GRP_198"",""TRD_GRP_199"",""TRD_GRP_200"",""TRD_GRP_201"",""TRD_GRP_202"",""TRD_GRP_203"",""TRD_GRP_204"",""TRD_GRP_205"",""TRD_GRP_206"",""TRD_GRP_207"",""TRD_GRP_208"",""TRD_GRP_209"",""TRD_GRP_210"",""TRD_GRP_211"",""TRD_GRP_212"",""TRD_GRP_213"",""TRD_GRP_214"",""TRD_GRP_215"",""TRD_GRP_216"",""TRD_GRP_217"",""TRD_GRP_218"",""TRD_GRP_219"",""TRD_GRP_220"",""TRD_GRP_221"",""TRD_GRP_222"",""TRD_GRP_223"",""TRD_GRP_224"",""TRD_GRP_225"",""TRD_GRP_226"",""TRD_GRP_227"",""TRD_GRP_228"",""TRD_GRP_229"",""TRD_GRP_230"",""TRD_GRP_231"",""TRD_GRP_232"",""TRD_GRP_233"",""TRD_GRP_234"",""TRD_GRP_235"",""TRD_GRP_236"",""TRD_GRP_237"",""TRD_GRP_238"",""TRD_GRP_239"",""TRD_GRP_240"",""TRD_GRP_242"",""TRD_GRP_243"",""TRD_GRP_244"",""TRD_GRP_245"",""TRD_GRP_246"",""TRD_GRP_247"",""TRD_GRP_248"",""TRD_GRP_249"",""TRD_GRP_250"",""TRD_GRP_251"",""TRD_GRP_252"",""TRD_GRP_253"",""TRD_GRP_256"",""TRD_GRP_258""]]",EXPIRE_TAKER|EXPIRE_MAKER|EXPIRE_BOTH|DECREMENT|TRANSFER,0.00010000,1000.00000000,0.00010000,1.00000000,9000000.00000000,1.00000000,100,0.00000000,1392055.09583333,0.00000000,10,2000,10,2000,1.2,0.5,2,0.8,5,5.00000000,true,9000000.00000000,false,5,200,20,5,10
XTZUSDT,Sample,622,0,0,false,0,0,TRADING,XTZ,USDT,8,8,8,8,8,true,true,true,true,true,true,true,true,true,true,true,EXPIRE_MAKER,LIMIT|LIMIT_MAKER|MARKET|STOP_LOSS|STOP_LOSS_LIMIT|TAKE_PROFIT|TAKE_PROFIT_LIMIT,,"[[""SPOT"",""MARGIN"",""TRD_GRP_004"",""TRD_GRP_005"",""TRD_GRP_006"",""TRD_GRP_015"",""TRD_GRP_016"",""TRD_GRP_017"",""TRD_GRP_018"",""TRD_GRP_019"",""TRD_GRP_020"",""TRD_GRP_021"",""TRD_GRP_022"",""TRD_GRP_023"",""TRD_GRP_024"",""TRD_GRP_025"",""TRD_GRP_049"",""TRD_GRP_050"",""TRD_GRP_051"",""TRD_GRP_052"",""TRD_GRP_053"",""TRD_GRP_054"",""TRD_GRP_055"",""TRD_GRP_056"",""TRD_GRP_057"",""TRD_GRP_058"",""TRD_GRP_059"",""TRD_GRP_060"",""TRD_GRP_061"",""TRD_GRP_062"",""TRD_GRP_063"",""TRD_GRP_064"",""TRD_GRP_065"",""TRD_GRP_066"",""TRD_GRP_067"",""TRD_GRP_068"",""TRD_GRP_069"",""TRD_GRP_070"",""TRD_GRP_071"",""TRD_GRP_072"",""TRD_GRP_073"",""TRD_GRP_074"",""TRD_GRP_075"",""TRD_GRP_076"",""TRD_GRP_077"",""TRD_GRP_078"",""TRD_GRP_079"",""TRD_GRP_080"",""TRD_GRP_081"",""TRD_GRP_082"",""TRD_GRP_083"",""TRD_GRP_084"",""TRD_GRP_085"",""TRD_GRP_086"",""TRD_GRP_087"",""TRD_GRP_088"",""TRD_GRP_089"",""TRD_GRP_090"",""TRD_GRP_091"",""TRD_GRP_092"",""TRD_GRP_093"",""TRD_GRP_094"",""TRD_GRP_095"",""TRD_GRP_096"",""TRD_GRP_097"",""TRD_GRP_098"",""TRD_GRP_099"",""TRD_GRP_100"",""TRD_GRP_101"",""TRD_GRP_102"",""TRD_GRP_103"",""TRD_GRP_104"",""TRD_GRP_105"",""TRD_GRP_106"",""TRD_GRP_107"",""TRD_GRP_108"",""TRD_GRP_109"",""TRD_GRP_110"",""TRD_GRP_111"",""TRD_GRP_112"",""TRD_GRP_113"",""TRD_GRP_114"",""TRD_GRP_115"",""TRD_GRP_116"",""TRD_GRP_117"",""TRD_GRP_118"",""TRD_GRP_119"",""TRD_GRP_120"",""TRD_GRP_121"",""TRD_GRP_122"",""TRD_GRP_123"",""TRD_GRP_124"",""TRD_GRP_125"",""TRD_GRP_126"",""TRD_GRP_127"",""TRD_GRP_128"",""TRD_GRP_129"",""TRD_GRP_130"",""TRD_GRP_131"",""TRD_GRP_132"",""TRD_GRP_133"",""TRD_GRP_134"",""TRD_GRP_135"",""TRD_GRP_136"",""TRD_GRP_137"",""TRD_GRP_138"",""TRD_GRP_139"",""TRD_GRP_140"",""TRD_GRP_141"",""TRD_GRP_142"",""TRD_GRP_143"",""TRD_GRP_144"",""TRD_GRP_145"",""TRD_GRP_146"",""TRD_GRP_147"",""TRD_GRP_148"",""TRD_GRP_149"",""TRD_GRP_150"",""TRD_GRP_151"",""TRD_GRP_152"",""TRD_GRP_153"",""TRD_GRP_154"",""TRD_GRP_155"",""TRD_GRP_156"",""TRD_GRP_157"",""TRD_GRP_158"",""TRD_GRP_159"",""TRD_GRP_160"",""TRD_GRP_161"",""TRD_GRP_162"",""TRD_GRP_163"",""TRD_GRP_164"",""TRD_GRP_165"",""TRD_GRP_166"",""TRD_GRP_167"",""TRD_GRP_168"",""TRD_GRP_169"",""TRD_GRP_170"",""TRD_GRP_171"",""TRD_GRP_172"",""TRD_GRP_173"",""TRD_GRP_174"",""TRD_GRP_175"",""TRD_GRP_176"",""TRD_GRP_177"",""TRD_GRP_178"",""TRD_GRP_179"",""TRD_GRP_180"",""TRD_GRP_181"",""TRD_GRP_182"",""TRD_GRP_183"",""TRD_GRP_184"",""TRD_GRP_185"",""TRD_GRP_186"",""TRD_GRP_187"",""TRD_GRP_188"",""TRD_GRP_189"",""TRD_GRP_190"",""TRD_GRP_191"",""TRD_GRP_192"",""TRD_GRP_193"",""TRD_GRP_194"",""TRD_GRP_195"",""TRD_GRP_196"",""TRD_GRP_197"",""TRD_GRP_198"",""TRD_GRP_199"",""TRD_GRP_200"",""TRD_GRP_201"",""TRD_GRP_202"",""TRD_GRP_203"",""TRD_GRP_204"",""TRD_GRP_205"",""TRD_GRP_206"",""TRD_GRP_207"",""TRD_GRP_208"",""TRD_GRP_209"",""TRD_GRP_210"",""TRD_GRP_211"",""TRD_GRP_212"",""TRD_GRP_213"",""TRD_GRP_214"",""TRD_GRP_215"",""TRD_GRP_216"",""TRD_GRP_217"",""TRD_GRP_218"",""TRD_GRP_219"",""TRD_GRP_220"",""TRD_GRP_221"",""TRD_GRP_222"",""TRD_GRP_223"",""TRD_GRP_224"",""TRD_GRP_225"",""TRD_GRP_226"",""TRD_GRP_227"",""TRD_GRP_228"",""TRD_GRP_229"",""TRD_GRP_230"",""TRD_GRP_231"",""TRD_GRP_232"",""TRD_GRP_233"",""TRD_GRP_234"",""TRD_GRP_235"",""TRD_GRP_236"",""TRD_GRP_237"",""TRD_GRP_238"",""TRD_GRP_239"",""TRD_GRP_240"",""TRD_GRP_242"",""TRD_GRP_243"",""TRD_GRP_244"",""TRD_GRP_245"",""TRD_GRP_246"",""TRD_GRP_247"",""TRD_GRP_248"",""TRD_GRP_249"",""TRD_GRP_250"",""TRD_GRP_251"",""TRD_GRP_252"",""TRD_GRP_253"",""TRD_GRP_256"",""TRD_GRP_258""]]",EXPIRE_TAKER|EXPIRE_MAKER|EXPIRE_BOTH|DECREMENT|TRANSFER,0.00010000,1000.00000000,0.00010000,0.10000000,900000.00000000,0.10000000,100,0.00000000,260467.48875000,0.00000000,10,2000,10,2000,1.2,0.5,2,0.8,5,5.00000000,true,9000000.00000000,false,5,200,20,5,10
ZILUSDT,Sample,468,0,0,false,0,0,TRADING,ZIL,USDT,8,8,8,8,8,true,true,true,true,true,true,true,true,true,true,true,EXPIRE_MAKER,LIMIT|LIMIT_MAKER|MARKET|STOP_LOSS|STOP_LOSS_LIMIT|TAKE_PROFIT|TAKE_PROFIT_LIMIT,,"[[""SPOT"",""MARGIN"",""TRD_GRP_004"",""TRD_GRP_005"",""TRD_GRP_006"",""TRD_GRP_015"",""TRD_GRP_016"",""TRD_GRP_017"",""TRD_GRP_018"",""TRD_GRP_019"",""TRD_GRP_020"",""TRD_GRP_021"",""TRD_GRP_022"",""TRD_GRP_023"",""TRD_GRP_024"",""TRD_GRP_025"",""TRD_GRP_049"",""TRD_GRP_050"",""TRD_GRP_051"",""TRD_GRP_052"",""TRD_GRP_053"",""TRD_GRP_054"",""TRD_GRP_055"",""TRD_GRP_056"",""TRD_GRP_057"",""TRD_GRP_058"",""TRD_GRP_059"",""TRD_GRP_060"",""TRD_GRP_061"",""TRD_GRP_062"",""TRD_GRP_063"",""TRD_GRP_064"",""TRD_GRP_065"",""TRD_GRP_066"",""TRD_GRP_067"",""TRD_GRP_068"",""TRD_GRP_069"",""TRD_GRP_070"",""TRD_GRP_071"",""TRD_GRP_072"",""TRD_GRP_073"",""TRD_GRP_074"",""TRD_GRP_075"",""TRD_GRP_076"",""TRD_GRP_077"",""TRD_GRP_078"",""TRD_GRP_079"",""TRD_GRP_080"",""TRD_GRP_081"",""TRD_GRP_082"",""TRD_GRP_083"",""TRD_GRP_084"",""TRD_GRP_085"",""TRD_GRP_086"",""TRD_GRP_087"",""TRD_GRP_088"",""TRD_GRP_089"",""TRD_GRP_090"",""TRD_GRP_091"",""TRD_GRP_092"",""TRD_GRP_093"",""TRD_GRP_094"",""TRD_GRP_095"",""TRD_GRP_096"",""TRD_GRP_097"",""TRD_GRP_098"",""TRD_GRP_099"",""TRD_GRP_100"",""TRD_GRP_101"",""TRD_GRP_102"",""TRD_GRP_103"",""TRD_GRP_104"",""TRD_GRP_105"",""TRD_GRP_106"",""TRD_GRP_107"",""TRD_GRP_108"",""TRD_GRP_109"",""TRD_GRP_110"",""TRD_GRP_111"",""TRD_GRP_112"",""TRD_GRP_113"",""TRD_GRP_114"",""TRD_GRP_115"",""TRD_GRP_116"",""TRD_GRP_117"",""TRD_GRP_118"",""TRD_GRP_119"",""TRD_GRP_120"",""TRD_GRP_121"",""TRD_GRP_122"",""TRD_GRP_123"",""TRD_GRP_124"",""TRD_GRP_125"",""TRD_GRP_126"",""TRD_GRP_127"",""TRD_GRP_128"",""TRD_GRP_129"",""TRD_GRP_130"",""TRD_GRP_131"",""TRD_GRP_132"",""TRD_GRP_133"",""TRD_GRP_134"",""TRD_GRP_135"",""TRD_GRP_136"",""TRD_GRP_137"",""TRD_GRP_138"",""TRD_GRP_139"",""TRD_GRP_140"",""TRD_GRP_141"",""TRD_GRP_142"",""TRD_GRP_143"",""TRD_GRP_144"",""TRD_GRP_145"",""TRD_GRP_146"",""TRD_GRP_147"",""TRD_GRP_148"",""TRD_GRP_149"",""TRD_GRP_150"",""TRD_GRP_151"",""TRD_GRP_152"",""TRD_GRP_153"",""TRD_GRP_154"",""TRD_GRP_155"",""TRD_GRP_156"",""TRD_GRP_157"",""TRD_GRP_158"",""TRD_GRP_159"",""TRD_GRP_160"",""TRD_GRP_161"",""TRD_GRP_162"",""TRD_GRP_163"",""TRD_GRP_164"",""TRD_GRP_165"",""TRD_GRP_166"",""TRD_GRP_167"",""TRD_GRP_168"",""TRD_GRP_169"",""TRD_GRP_170"",""TRD_GRP_171"",""TRD_GRP_172"",""TRD_GRP_173"",""TRD_GRP_174"",""TRD_GRP_175"",""TRD_GRP_176"",""TRD_GRP_177"",""TRD_GRP_178"",""TRD_GRP_179"",""TRD_GRP_180"",""TRD_GRP_181"",""TRD_GRP_182"",""TRD_GRP_183"",""TRD_GRP_184"",""TRD_GRP_185"",""TRD_GRP_186"",""TRD_GRP_187"",""TRD_GRP_188"",""TRD_GRP_189"",""TRD_GRP_190"",""TRD_GRP_191"",""TRD_GRP_192"",""TRD_GRP_193"",""TRD_GRP_194"",""TRD_GRP_195"",""TRD_GRP_196"",""TRD_GRP_197"",""TRD_GRP_198"",""TRD_GRP_199"",""TRD_GRP_200"",""TRD_GRP_201"",""TRD_GRP_202"",""TRD_GRP_203"",""TRD_GRP_204"",""TRD_GRP_205"",""TRD_GRP_206"",""TRD_GRP_207"",""TRD_GRP_208"",""TRD_GRP_209"",""TRD_GRP_210"",""TRD_GRP_211"",""TRD_GRP_212"",""TRD_GRP_213"",""TRD_GRP_214"",""TRD_GRP_215"",""TRD_GRP_216"",""TRD_GRP_217"",""TRD_GRP_218"",""TRD_GRP_219"",""TRD_GRP_220"",""TRD_GRP_221"",""TRD_GRP_222"",""TRD_GRP_223"",""TRD_GRP_224"",""TRD_GRP_225"",""TRD_GRP_226"",""TRD_GRP_227"",""TRD_GRP_228"",""TRD_GRP_229"",""TRD_GRP_230"",""TRD_GRP_231"",""TRD_GRP_232"",""TRD_GRP_233"",""TRD_GRP_234"",""TRD_GRP_235"",""TRD_GRP_236"",""TRD_GRP_237"",""TRD_GRP_238"",""TRD_GRP_239"",""TRD_GRP_240"",""TRD_GRP_242"",""TRD_GRP_243"",""TRD_GRP_244"",""TRD_GRP_245"",""TRD_GRP_246"",""TRD_GRP_247"",""TRD_GRP_248"",""TRD_GRP_249"",""TRD_GRP_250"",""TRD_GRP_251"",""TRD_GRP_252"",""TRD_GRP_253"",""TRD_GRP_256"",""TRD_GRP_258""]]",EXPIRE_TAKER|EXPIRE_MAKER|EXPIRE_BOTH|DECREMENT|TRANSFER,0.00000100,1000.00000000,0.00000100,0.10000000,9000000.00000000,0.10000000,100,0.00000000,2403508.95333333,0.00000000,10,2000,10,2000,1.2,0.5,2,0.8,5,5.00000000,true,9000000.00000000,false,5,200,20,5,10
ZRXUSDT,Sample,470,0,0,false,0,0,TRADING,ZRX,USDT,8,8,8,8,8,true,true,true,true,true,true,true,true,true,true,true,EXPIRE_MAKER,LIMIT|LIMIT_MAKER|MARKET|STOP_LOSS|STOP_LOSS_LIMIT|TAKE_PROFIT|TAKE_PROFIT_LIMIT,,"[[""SPOT"",""MARGIN"",""TRD_GRP_004"",""TRD_GRP_005"",""TRD_GRP_006"",""TRD_GRP_015"",""TRD_GRP_016"",""TRD_GRP_017"",""TRD_GRP_018"",""TRD_GRP_019"",""TRD_GRP_020"",""TRD_GRP_021"",""TRD_GRP_022"",""TRD_GRP_023"",""TRD_GRP_024"",""TRD_GRP_025"",""TRD_GRP_049"",""TRD_GRP_050"",""TRD_GRP_051"",""TRD_GRP_052"",""TRD_GRP_053"",""TRD_GRP_054"",""TRD_GRP_055"",""TRD_GRP_056"",""TRD_GRP_057"",""TRD_GRP_058"",""TRD_GRP_059"",""TRD_GRP_060"",""TRD_GRP_061"",""TRD_GRP_062"",""TRD_GRP_063"",""TRD_GRP_064"",""TRD_GRP_065"",""TRD_GRP_066"",""TRD_GRP_067"",""TRD_GRP_068"",""TRD_GRP_069"",""TRD_GRP_070"",""TRD_GRP_071"",""TRD_GRP_072"",""TRD_GRP_073"",""TRD_GRP_074"",""TRD_GRP_075"",""TRD_GRP_076"",""TRD_GRP_077"",""TRD_GRP_078"",""TRD_GRP_079"",""TRD_GRP_080"",""TRD_GRP_081"",""TRD_GRP_082"",""TRD_GRP_083"",""TRD_GRP_084"",""TRD_GRP_085"",""TRD_GRP_086"",""TRD_GRP_087"",""TRD_GRP_088"",""TRD_GRP_089"",""TRD_GRP_090"",""TRD_GRP_091"",""TRD_GRP_092"",""TRD_GRP_093"",""TRD_GRP_094"",""TRD_GRP_095"",""TRD_GRP_096"",""TRD_GRP_097"",""TRD_GRP_098"",""TRD_GRP_099"",""TRD_GRP_100"",""TRD_GRP_101"",""TRD_GRP_102"",""TRD_GRP_103"",""TRD_GRP_104"",""TRD_GRP_105"",""TRD_GRP_106"",""TRD_GRP_107"",""TRD_GRP_108"",""TRD_GRP_109"",""TRD_GRP_110"",""TRD_GRP_111"",""TRD_GRP_112"",""TRD_GRP_113"",""TRD_GRP_114"",""TRD_GRP_115"",""TRD_GRP_116"",""TRD_GRP_117"",""TRD_GRP_118"",""TRD_GRP_119"",""TRD_GRP_120"",""TRD_GRP_121"",""TRD_GRP_122"",""TRD_GRP_123"",""TRD_GRP_124"",""TRD_GRP_125"",""TRD_GRP_126"",""TRD_GRP_127"",""TRD_GRP_128"",""TRD_GRP_129"",""TRD_GRP_130"",""TRD_GRP_131"",""TRD_GRP_132"",""TRD_GRP_133"",""TRD_GRP_134"",""TRD_GRP_135"",""TRD_GRP_136"",""TRD_GRP_137"",""TRD_GRP_138"",""TRD_GRP_139"",""TRD_GRP_140"",""TRD_GRP_141"",""TRD_GRP_142"",""TRD_GRP_143"",""TRD_GRP_144"",""TRD_GRP_145"",""TRD_GRP_146"",""TRD_GRP_147"",""TRD_GRP_148"",""TRD_GRP_149"",""TRD_GRP_150"",""TRD_GRP_151"",""TRD_GRP_152"",""TRD_GRP_153"",""TRD_GRP_154"",""TRD_GRP_155"",""TRD_GRP_156"",""TRD_GRP_157"",""TRD_GRP_158"",""TRD_GRP_159"",""TRD_GRP_160"",""TRD_GRP_161"",""TRD_GRP_162"",""TRD_GRP_163"",""TRD_GRP_164"",""TRD_GRP_165"",""TRD_GRP_166"",""TRD_GRP_167"",""TRD_GRP_168"",""TRD_GRP_169"",""TRD_GRP_170"",""TRD_GRP_171"",""TRD_GRP_172"",""TRD_GRP_173"",""TRD_GRP_174"",""TRD_GRP_175"",""TRD_GRP_176"",""TRD_GRP_177"",""TRD_GRP_178"",""TRD_GRP_179"",""TRD_GRP_180"",""TRD_GRP_181"",""TRD_GRP_182"",""TRD_GRP_183"",""TRD_GRP_184"",""TRD_GRP_185"",""TRD_GRP_186"",""TRD_GRP_187"",""TRD_GRP_188"",""TRD_GRP_189"",""TRD_GRP_190"",""TRD_GRP_191"",""TRD_GRP_192"",""TRD_GRP_193"",""TRD_GRP_194"",""TRD_GRP_195"",""TRD_GRP_196"",""TRD_GRP_197"",""TRD_GRP_198"",""TRD_GRP_199"",""TRD_GRP_200"",""TRD_GRP_201"",""TRD_GRP_202"",""TRD_GRP_203"",""TRD_GRP_204"",""TRD_GRP_205"",""TRD_GRP_206"",""TRD_GRP_207"",""TRD_GRP_208"",""TRD_GRP_209"",""TRD_GRP_210"",""TRD_GRP_211"",""TRD_GRP_212"",""TRD_GRP_213"",""TRD_GRP_214"",""TRD_GRP_215"",""TRD_GRP_216"",""TRD_GRP_217"",""TRD_GRP_218"",""TRD_GRP_219"",""TRD_GRP_220"",""TRD_GRP_221"",""TRD_GRP_222"",""TRD_GRP_223"",""TRD_GRP_224"",""TRD_GRP_225"",""TRD_GRP_226"",""TRD_GRP_227"",""TRD_GRP_228"",""TRD_GRP_229"",""TRD_GRP_230"",""TRD_GRP_231"",""TRD_GRP_232"",""TRD_GRP_233"",""TRD_GRP_234"",""TRD_GRP_235"",""TRD_GRP_236"",""TRD_GRP_237"",""TRD_GRP_238"",""TRD_GRP_239"",""TRD_GRP_240"",""TRD_GRP_242"",""TRD_GRP_243"",""TRD_GRP_244"",""TRD_GRP_245"",""TRD_GRP_246"",""TRD_GRP_247"",""TRD_GRP_248"",""TRD_GRP_249"",""TRD_GRP_250"",""TRD_GRP_251"",""TRD_GRP_252"",""TRD_GRP_253"",""TRD_GRP_256"",""TRD_GRP_258""]]",EXPIRE_TAKER|EXPIRE_MAKER|EXPIRE_BOTH|DECREMENT|TRANSFER,0.00010000,1000.00000000,0.00010000,1.00000000,900000.00000000,1.00000000,100,0.00000000,128459.26666666,0.00000000,10,2000,10,2000,1.2,0.5,2,0.8,5,5.00000000,true,9000000.00000000,false,5,200,20,5,10
XRPUSDT,Sample,307,-0.08529875666074481,-0.008529875666074481,false,0,1,TRADING,XRP,USDT,8,8,8,8,8,true,true,true,true,true,true,true,true,true,true,true,EXPIRE_MAKER,LIMIT|LIMIT_MAKER|MARKET|STOP_LOSS|STOP_LOSS_LIMIT|TAKE_PROFIT|TAKE_PROFIT_LIMIT,,"[[""SPOT"",""MARGIN"",""TRD_GRP_004"",""TRD_GRP_005"",""TRD_GRP_006"",""TRD_GRP_015"",""TRD_GRP_016"",""TRD_GRP_017"",""TRD_GRP_018"",""TRD_GRP_019"",""TRD_GRP_020"",""TRD_GRP_021"",""TRD_GRP_022"",""TRD_GRP_023"",""TRD_GRP_024"",""TRD_GRP_025"",""TRD_GRP_049"",""TRD_GRP_050"",""TRD_GRP_051"",""TRD_GRP_052"",""TRD_GRP_053"",""TRD_GRP_054"",""TRD_GRP_055"",""TRD_GRP_056"",""TRD_GRP_057"",""TRD_GRP_058"",""TRD_GRP_059"",""TRD_GRP_060"",""TRD_GRP_061"",""TRD_GRP_062"",""TRD_GRP_063"",""TRD_GRP_064"",""TRD_GRP_065"",""TRD_GRP_066"",""TRD_GRP_067"",""TRD_GRP_068"",""TRD_GRP_069"",""TRD_GRP_070"",""TRD_GRP_071"",""TRD_GRP_072"",""TRD_GRP_073"",""TRD_GRP_074"",""TRD_GRP_075"",""TRD_GRP_076"",""TRD_GRP_077"",""TRD_GRP_078"",""TRD_GRP_079"",""TRD_GRP_080"",""TRD_GRP_081"",""TRD_GRP_082"",""TRD_GRP_083"",""TRD_GRP_084"",""TRD_GRP_085"",""TRD_GRP_086"",""TRD_GRP_087"",""TRD_GRP_088"",""TRD_GRP_089"",""TRD_GRP_090"",""TRD_GRP_091"",""TRD_GRP_092"",""TRD_GRP_093"",""TRD_GRP_094"",""TRD_GRP_095"",""TRD_GRP_096"",""TRD_GRP_097"",""TRD_GRP_098"",""TRD_GRP_099"",""TRD_GRP_100"",""TRD_GRP_101"",""TRD_GRP_102"",""TRD_GRP_103"",""TRD_GRP_104"",""TRD_GRP_105"",""TRD_GRP_106"",""TRD_GRP_107"",""TRD_GRP_108"",""TRD_GRP_109"",""TRD_GRP_110"",""TRD_GRP_111"",""TRD_GRP_112"",""TRD_GRP_113"",""TRD_GRP_114"",""TRD_GRP_115"",""TRD_GRP_116"",""TRD_GRP_117"",""TRD_GRP_118"",""TRD_GRP_119"",""TRD_GRP_120"",""TRD_GRP_121"",""TRD_GRP_122"",""TRD_GRP_123"",""TRD_GRP_124"",""TRD_GRP_125"",""TRD_GRP_126"",""TRD_GRP_127"",""TRD_GRP_128"",""TRD_GRP_129"",""TRD_GRP_130"",""TRD_GRP_131"",""TRD_GRP_132"",""TRD_GRP_133"",""TRD_GRP_134"",""TRD_GRP_135"",""TRD_GRP_136"",""TRD_GRP_137"",""TRD_GRP_138"",""TRD_GRP_139"",""TRD_GRP_140"",""TRD_GRP_141"",""TRD_GRP_142"",""TRD_GRP_143"",""TRD_GRP_144"",""TRD_GRP_145"",""TRD_GRP_146"",""TRD_GRP_147"",""TRD_GRP_148"",""TRD_GRP_149"",""TRD_GRP_150"",""TRD_GRP_151"",""TRD_GRP_152"",""TRD_GRP_153"",""TRD_GRP_154"",""TRD_GRP_155"",""TRD_GRP_156"",""TRD_GRP_157"",""TRD_GRP_158"",""TRD_GRP_159"",""TRD_GRP_160"",""TRD_GRP_161"",""TRD_GRP_162"",""TRD_GRP_163"",""TRD_GRP_164"",""TRD_GRP_165"",""TRD_GRP_166"",""TRD_GRP_167"",""TRD_GRP_168"",""TRD_GRP_169"",""TRD_GRP_170"",""TRD_GRP_171"",""TRD_GRP_172"",""TRD_GRP_173"",""TRD_GRP_174"",""TRD_GRP_175"",""TRD_GRP_176"",""TRD_GRP_177"",""TRD_GRP_178"",""TRD_GRP_179"",""TRD_GRP_180"",""TRD_GRP_181"",""TRD_GRP_182"",""TRD_GRP_183"",""TRD_GRP_184"",""TRD_GRP_185"",""TRD_GRP_186"",""TRD_GRP_187"",""TRD_GRP_188"",""TRD_GRP_189"",""TRD_GRP_190"",""TRD_GRP_191"",""TRD_GRP_192"",""TRD_GRP_193"",""TRD_GRP_194"",""TRD_GRP_195"",""TRD_GRP_196"",""TRD_GRP_197"",""TRD_GRP_198"",""TRD_GRP_199"",""TRD_GRP_200"",""TRD_GRP_201"",""TRD_GRP_202"",""TRD_GRP_203"",""TRD_GRP_204"",""TRD_GRP_205"",""TRD_GRP_206"",""TRD_GRP_207"",""TRD_GRP_208"",""TRD_GRP_209"",""TRD_GRP_210"",""TRD_GRP_211"",""TRD_GRP_212"",""TRD_GRP_213"",""TRD_GRP_214"",""TRD_GRP_215"",""TRD_GRP_216"",""TRD_GRP_217"",""TRD_GRP_218"",""TRD_GRP_219"",""TRD_GRP_220"",""TRD_GRP_221"",""TRD_GRP_222"",""TRD_GRP_223"",""TRD_GRP_224"",""TRD_GRP_225"",""TRD_GRP_226"",""TRD_GRP_227"",""TRD_GRP_228"",""TRD_GRP_229"",""TRD_GRP_230"",""TRD_GRP_231"",""TRD_GRP_232"",""TRD_GRP_233"",""TRD_GRP_234"",""TRD_GRP_235"",""TRD_GRP_236"",""TRD_GRP_237"",""TRD_GRP_238"",""TRD_GRP_239"",""TRD_GRP_240"",""TRD_GRP_242"",""TRD_GRP_243"",""TRD_GRP_244"",""TRD_GRP_245"",""TRD_GRP_246"",""TRD_GRP_247"",""TRD_GRP_248"",""TRD_GRP_249"",""TRD_GRP_250"",""TRD_GRP_251"",""TRD_GRP_252"",""TRD_GRP_253"",""TRD_GRP_256"",""TRD_GRP_258""]]",EXPIRE_TAKER|EXPIRE_MAKER|EXPIRE_BOTH|DECREMENT|TRANSFER,0.00010000,10000.00000000,0.00010000,0.10000000,9222449.00000000,0.10000000,100,0.00000000,1638940.25833333,0.00000000,10,2000,10,2000,1.2,0.5,2,0.8,5,5.00000000,true,9000000.00000000,false,5,200,20,5,10
BCHUSDT,Sample,662,-2.1195238795901137,-0.002077964587833445,false,72,30,TRADING,BCH,USDT,8,8,8,8,8,true,true,true,true,true,true,true,true,true,true,true,EXPIRE_MAKER,LIMIT|LIMIT_MAKER|MARKET|STOP_LOSS|STOP_LOSS_LIMIT|TAKE_PROFIT|TAKE_PROFIT_LIMIT,,"[[""SPOT"",""MARGIN"",""TRD_GRP_004"",""TRD_GRP_005"",""TRD_GRP_006"",""TRD_GRP_015"",""TRD_GRP_016"",""TRD_GRP_017"",""TRD_GRP_018"",""TRD_GRP_019"",""TRD_GRP_020"",""TRD_GRP_021"",""TRD_GRP_022"",""TRD_GRP_023"",""TRD_GRP_024"",""TRD_GRP_025"",""TRD_GRP_049"",""TRD_GRP_050"",""TRD_GRP_051"",""TRD_GRP_052"",""TRD_GRP_053"",""TRD_GRP_054"",""TRD_GRP_055"",""TRD_GRP_056"",""TRD_GRP_057"",""TRD_GRP_058"",""TRD_GRP_059"",""TRD_GRP_060"",""TRD_GRP_061"",""TRD_GRP_062"",""TRD_GRP_063"",""TRD_GRP_064"",""TRD_GRP_065"",""TRD_GRP_066"",""TRD_GRP_067"",""TRD_GRP_068"",""TRD_GRP_069"",""TRD_GRP_070"",""TRD_GRP_071"",""TRD_GRP_072"",""TRD_GRP_073"",""TRD_GRP_074"",""TRD_GRP_075"",""TRD_GRP_076"",""TRD_GRP_077"",""TRD_GRP_078"",""TRD_GRP_079"",""TRD_GRP_080"",""TRD_GRP_081"",""TRD_GRP_082"",""TRD_GRP_083"",""TRD_GRP_084"",""TRD_GRP_085"",""TRD_GRP_086"",""TRD_GRP_087"",""TRD_GRP_088"",""TRD_GRP_089"",""TRD_GRP_090"",""TRD_GRP_091"",""TRD_GRP_092"",""TRD_GRP_093"",""TRD_GRP_094"",""TRD_GRP_095"",""TRD_GRP_096"",""TRD_GRP_097"",""TRD_GRP_098"",""TRD_GRP_099"",""TRD_GRP_100"",""TRD_GRP_101"",""TRD_GRP_102"",""TRD_GRP_103"",""TRD_GRP_104"",""TRD_GRP_105"",""TRD_GRP_106"",""TRD_GRP_107"",""TRD_GRP_108"",""TRD_GRP_109"",""TRD_GRP_110"",""TRD_GRP_111"",""TRD_GRP_112"",""TRD_GRP_113"",""TRD_GRP_114"",""TRD_GRP_115"",""TRD_GRP_116"",""TRD_GRP_117"",""TRD_GRP_118"",""TRD_GRP_119"",""TRD_GRP_120"",""TRD_GRP_121"",""TRD_GRP_122"",""TRD_GRP_123"",""TRD_GRP_124"",""TRD_GRP_125"",""TRD_GRP_126"",""TRD_GRP_127"",""TRD_GRP_128"",""TRD_GRP_129"",""TRD_GRP_130"",""TRD_GRP_131"",""TRD_GRP_132"",""TRD_GRP_133"",""TRD_GRP_134"",""TRD_GRP_135"",""TRD_GRP_136"",""TRD_GRP_137"",""TRD_GRP_138"",""TRD_GRP_139"",""TRD_GRP_140"",""TRD_GRP_141"",""TRD_GRP_142"",""TRD_GRP_143"",""TRD_GRP_144"",""TRD_GRP_145"",""TRD_GRP_146"",""TRD_GRP_147"",""TRD_GRP_148"",""TRD_GRP_149"",""TRD_GRP_150"",""TRD_GRP_151"",""TRD_GRP_152"",""TRD_GRP_153"",""TRD_GRP_154"",""TRD_GRP_155"",""TRD_GRP_156"",""TRD_GRP_157"",""TRD_GRP_158"",""TRD_GRP_159"",""TRD_GRP_160"",""TRD_GRP_161"",""TRD_GRP_162"",""TRD_GRP_163"",""TRD_GRP_164"",""TRD_GRP_165"",""TRD_GRP_166"",""TRD_GRP_167"",""TRD_GRP_168"",""TRD_GRP_169"",""TRD_GRP_170"",""TRD_GRP_171"",""TRD_GRP_172"",""TRD_GRP_173"",""TRD_GRP_174"",""TRD_GRP_175"",""TRD_GRP_176"",""TRD_GRP_177"",""TRD_GRP_178"",""TRD_GRP_179"",""TRD_GRP_180"",""TRD_GRP_181"",""TRD_GRP_182"",""TRD_GRP_183"",""TRD_GRP_184"",""TRD_GRP_185"",""TRD_GRP_186"",""TRD_GRP_187"",""TRD_GRP_188"",""TRD_GRP_189"",""TRD_GRP_190"",""TRD_GRP_191"",""TRD_GRP_192"",""TRD_GRP_193"",""TRD_GRP_194"",""TRD_GRP_195"",""TRD_GRP_196"",""TRD_GRP_197"",""TRD_GRP_198"",""TRD_GRP_199"",""TRD_GRP_200"",""TRD_GRP_201"",""TRD_GRP_202"",""TRD_GRP_203"",""TRD_GRP_204"",""TRD_GRP_205"",""TRD_GRP_206"",""TRD_GRP_207"",""TRD_GRP_208"",""TRD_GRP_209"",""TRD_GRP_210"",""TRD_GRP_211"",""TRD_GRP_212"",""TRD_GRP_213"",""TRD_GRP_214"",""TRD_GRP_215"",""TRD_GRP_216"",""TRD_GRP_217"",""TRD_GRP_218"",""TRD_GRP_219"",""TRD_GRP_220"",""TRD_GRP_221"",""TRD_GRP_222"",""TRD_GRP_223"",""TRD_GRP_224"",""TRD_GRP_225"",""TRD_GRP_226"",""TRD_GRP_227"",""TRD_GRP_228"",""TRD_GRP_229"",""TRD_GRP_230"",""TRD_GRP_231"",""TRD_GRP_232"",""TRD_GRP_233"",""TRD_GRP_234"",""TRD_GRP_235"",""TRD_GRP_236"",""TRD_GRP_237"",""TRD_GRP_238"",""TRD_GRP_239"",""TRD_GRP_240"",""TRD_GRP_242"",""TRD_GRP_243"",""TRD_GRP_244"",""TRD_GRP_245"",""TRD_GRP_246"",""TRD_GRP_247"",""TRD_GRP_248"",""TRD_GRP_249"",""TRD_GRP_250"",""TRD_GRP_251"",""TRD_GRP_252"",""TRD_GRP_253"",""TRD_GRP_256"",""TRD_GRP_258""]]",EXPIRE_TAKER|EXPIRE_MAKER|EXPIRE_BOTH|DECREMENT|TRANSFER,0.10000000,100000.00000000,0.10000000,0.00100000,90000.00000000,0.00100000,100,0.00000000,2348.16953333,0.00000000,10,2000,10,2000,1.2,0.5,2,0.8,5,5.00000000,true,9000000.00000000,false,5,200,20,5,10
ETCUSDT,Sample,352,-2.914877561018076,-0.010051301934545091,false,20,9,TRADING,ETC,USDT,8,8,8,8,8,true,true,true,true,true,true,true,true,true,true,true,EXPIRE_MAKER,LIMIT|LIMIT_MAKER|MARKET|STOP_LOSS|STOP_LOSS_LIMIT|TAKE_PROFIT|TAKE_PROFIT_LIMIT,,"[[""SPOT"",""MARGIN"",""TRD_GRP_004"",""TRD_GRP_005"",""TRD_GRP_006"",""TRD_GRP_015"",""TRD_GRP_016"",""TRD_GRP_017"",""TRD_GRP_018"",""TRD_GRP_019"",""TRD_GRP_020"",""TRD_GRP_021"",""TRD_GRP_022"",""TRD_GRP_023"",""TRD_GRP_024"",""TRD_GRP_025"",""TRD_GRP_049"",""TRD_GRP_050"",""TRD_GRP_051"",""TRD_GRP_052"",""TRD_GRP_053"",""TRD_GRP_054"",""TRD_GRP_055"",""TRD_GRP_056"",""TRD_GRP_057"",""TRD_GRP_058"",""TRD_GRP_059"",""TRD_GRP_060"",""TRD_GRP_061"",""TRD_GRP_062"",""TRD_GRP_063"",""TRD_GRP_064"",""TRD_GRP_065"",""TRD_GRP_066"",""TRD_GRP_067"",""TRD_GRP_068"",""TRD_GRP_069"",""TRD_GRP_070"",""TRD_GRP_071"",""TRD_GRP_072"",""TRD_GRP_073"",""TRD_GRP_074"",""TRD_GRP_075"",""TRD_GRP_076"",""TRD_GRP_077"",""TRD_GRP_078"",""TRD_GRP_079"",""TRD_GRP_080"",""TRD_GRP_081"",""TRD_GRP_082"",""TRD_GRP_083"",""TRD_GRP_084"",""TRD_GRP_085"",""TRD_GRP_086"",""TRD_GRP_087"",""TRD_GRP_088"",""TRD_GRP_089"",""TRD_GRP_090"",""TRD_GRP_091"",""TRD_GRP_092"",""TRD_GRP_093"",""TRD_GRP_094"",""TRD_GRP_095"",""TRD_GRP_096"",""TRD_GRP_097"",""TRD_GRP_098"",""TRD_GRP_099"",""TRD_GRP_100"",""TRD_GRP_101"",""TRD_GRP_102"",""TRD_GRP_103"",""TRD_GRP_104"",""TRD_GRP_105"",""TRD_GRP_106"",""TRD_GRP_107"",""TRD_GRP_108"",""TRD_GRP_109"",""TRD_GRP_110"",""TRD_GRP_111"",""TRD_GRP_112"",""TRD_GRP_113"",""TRD_GRP_114"",""TRD_GRP_115"",""TRD_GRP_116"",""TRD_GRP_117"",""TRD_GRP_118"",""TRD_GRP_119"",""TRD_GRP_120"",""TRD_GRP_121"",""TRD_GRP_122"",""TRD_GRP_123"",""TRD_GRP_124"",""TRD_GRP_125"",""TRD_GRP_126"",""TRD_GRP_127"",""TRD_GRP_128"",""TRD_GRP_129"",""TRD_GRP_130"",""TRD_GRP_131"",""TRD_GRP_132"",""TRD_GRP_133"",""TRD_GRP_134"",""TRD_GRP_135"",""TRD_GRP_136"",""TRD_GRP_137"",""TRD_GRP_138"",""TRD_GRP_139"",""TRD_GRP_140"",""TRD_GRP_141"",""TRD_GRP_142"",""TRD_GRP_143"",""TRD_GRP_144"",""TRD_GRP_145"",""TRD_GRP_146"",""TRD_GRP_147"",""TRD_GRP_148"",""TRD_GRP_149"",""TRD_GRP_150"",""TRD_GRP_151"",""TRD_GRP_152"",""TRD_GRP_153"",""TRD_GRP_154"",""TRD_GRP_155"",""TRD_GRP_156"",""TRD_GRP_157"",""TRD_GRP_158"",""TRD_GRP_159"",""TRD_GRP_160"",""TRD_GRP_161"",""TRD_GRP_162"",""TRD_GRP_163"",""TRD_GRP_164"",""TRD_GRP_165"",""TRD_GRP_166"",""TRD_GRP_167"",""TRD_GRP_168"",""TRD_GRP_169"",""TRD_GRP_170"",""TRD_GRP_171"",""TRD_GRP_172"",""TRD_GRP_173"",""TRD_GRP_174"",""TRD_GRP_175"",""TRD_GRP_176"",""TRD_GRP_177"",""TRD_GRP_178"",""TRD_GRP_179"",""TRD_GRP_180"",""TRD_GRP_181"",""TRD_GRP_182"",""TRD_GRP_183"",""TRD_GRP_184"",""TRD_GRP_185"",""TRD_GRP_186"",""TRD_GRP_187"",""TRD_GRP_188"",""TRD_GRP_189"",""TRD_GRP_190"",""TRD_GRP_191"",""TRD_GRP_192"",""TRD_GRP_193"",""TRD_GRP_194"",""TRD_GRP_195"",""TRD_GRP_196"",""TRD_GRP_197"",""TRD_GRP_198"",""TRD_GRP_199"",""TRD_GRP_200"",""TRD_GRP_201"",""TRD_GRP_202"",""TRD_GRP_203"",""TRD_GRP_204"",""TRD_GRP_205"",""TRD_GRP_206"",""TRD_GRP_207"",""TRD_GRP_208"",""TRD_GRP_209"",""TRD_GRP_210"",""TRD_GRP_211"",""TRD_GRP_212"",""TRD_GRP_213"",""TRD_GRP_214"",""TRD_GRP_215"",""TRD_GRP_216"",""TRD_GRP_217"",""TRD_GRP_218"",""TRD_GRP_219"",""TRD_GRP_220"",""TRD_GRP_221"",""TRD_GRP_222"",""TRD_GRP_223"",""TRD_GRP_224"",""TRD_GRP_225"",""TRD_GRP_226"",""TRD_GRP_227"",""TRD_GRP_228"",""TRD_GRP_229"",""TRD_GRP_230"",""TRD_GRP_231"",""TRD_GRP_232"",""TRD_GRP_233"",""TRD_GRP_234"",""TRD_GRP_235"",""TRD_GRP_236"",""TRD_GRP_237"",""TRD_GRP_238"",""TRD_GRP_239"",""TRD_GRP_240"",""TRD_GRP_242"",""TRD_GRP_243"",""TRD_GRP_244"",""TRD_GRP_245"",""TRD_GRP_246"",""TRD_GRP_247"",""TRD_GRP_248"",""TRD_GRP_249"",""TRD_GRP_250"",""TRD_GRP_251"",""TRD_GRP_252"",""TRD_GRP_253"",""TRD_GRP_256"",""TRD_GRP_258""]]",EXPIRE_TAKER|EXPIRE_MAKER|EXPIRE_BOTH|DECREMENT|TRANSFER,0.01000000,10000.00000000,0.01000000,0.01000000,90000.00000000,0.01000000,100,0.00000000,11108.75075000,0.00000000,10,2000,10,2000,1.2,0.5,2,0.8,5,5.00000000,true,9000000.00000000,false,5,200,20,5,10
AAVEUSDT,OutOfSample,1093,4.23979032319625,0.007851463561474538,true,47,7,TRADING,AAVE,USDT,8,8,8,8,8,true,true,true,true,true,true,true,true,true,true,true,EXPIRE_MAKER,LIMIT|LIMIT_MAKER|MARKET|STOP_LOSS|STOP_LOSS_LIMIT|TAKE_PROFIT|TAKE_PROFIT_LIMIT,,"[[""SPOT"",""MARGIN"",""TRD_GRP_004"",""TRD_GRP_005"",""TRD_GRP_006"",""TRD_GRP_015"",""TRD_GRP_016"",""TRD_GRP_017"",""TRD_GRP_018"",""TRD_GRP_019"",""TRD_GRP_020"",""TRD_GRP_021"",""TRD_GRP_022"",""TRD_GRP_023"",""TRD_GRP_024"",""TRD_GRP_025"",""TRD_GRP_049"",""TRD_GRP_050"",""TRD_GRP_051"",""TRD_GRP_052"",""TRD_GRP_053"",""TRD_GRP_054"",""TRD_GRP_055"",""TRD_GRP_056"",""TRD_GRP_057"",""TRD_GRP_058"",""TRD_GRP_059"",""TRD_GRP_060"",""TRD_GRP_061"",""TRD_GRP_062"",""TRD_GRP_063"",""TRD_GRP_064"",""TRD_GRP_065"",""TRD_GRP_066"",""TRD_GRP_067"",""TRD_GRP_068"",""TRD_GRP_069"",""TRD_GRP_070"",""TRD_GRP_071"",""TRD_GRP_072"",""TRD_GRP_073"",""TRD_GRP_074"",""TRD_GRP_075"",""TRD_GRP_076"",""TRD_GRP_077"",""TRD_GRP_078"",""TRD_GRP_079"",""TRD_GRP_080"",""TRD_GRP_081"",""TRD_GRP_082"",""TRD_GRP_083"",""TRD_GRP_084"",""TRD_GRP_085"",""TRD_GRP_086"",""TRD_GRP_087"",""TRD_GRP_088"",""TRD_GRP_089"",""TRD_GRP_090"",""TRD_GRP_091"",""TRD_GRP_092"",""TRD_GRP_093"",""TRD_GRP_094"",""TRD_GRP_095"",""TRD_GRP_096"",""TRD_GRP_097"",""TRD_GRP_098"",""TRD_GRP_099"",""TRD_GRP_100"",""TRD_GRP_101"",""TRD_GRP_102"",""TRD_GRP_103"",""TRD_GRP_104"",""TRD_GRP_105"",""TRD_GRP_106"",""TRD_GRP_107"",""TRD_GRP_108"",""TRD_GRP_109"",""TRD_GRP_110"",""TRD_GRP_111"",""TRD_GRP_112"",""TRD_GRP_113"",""TRD_GRP_114"",""TRD_GRP_115"",""TRD_GRP_116"",""TRD_GRP_117"",""TRD_GRP_118"",""TRD_GRP_119"",""TRD_GRP_120"",""TRD_GRP_121"",""TRD_GRP_122"",""TRD_GRP_123"",""TRD_GRP_124"",""TRD_GRP_125"",""TRD_GRP_126"",""TRD_GRP_127"",""TRD_GRP_128"",""TRD_GRP_129"",""TRD_GRP_130"",""TRD_GRP_131"",""TRD_GRP_132"",""TRD_GRP_133"",""TRD_GRP_134"",""TRD_GRP_135"",""TRD_GRP_136"",""TRD_GRP_137"",""TRD_GRP_138"",""TRD_GRP_139"",""TRD_GRP_140"",""TRD_GRP_141"",""TRD_GRP_142"",""TRD_GRP_143"",""TRD_GRP_144"",""TRD_GRP_145"",""TRD_GRP_146"",""TRD_GRP_147"",""TRD_GRP_148"",""TRD_GRP_149"",""TRD_GRP_150"",""TRD_GRP_151"",""TRD_GRP_152"",""TRD_GRP_153"",""TRD_GRP_154"",""TRD_GRP_155"",""TRD_GRP_156"",""TRD_GRP_157"",""TRD_GRP_158"",""TRD_GRP_159"",""TRD_GRP_160"",""TRD_GRP_161"",""TRD_GRP_162"",""TRD_GRP_163"",""TRD_GRP_164"",""TRD_GRP_165"",""TRD_GRP_166"",""TRD_GRP_167"",""TRD_GRP_168"",""TRD_GRP_169"",""TRD_GRP_170"",""TRD_GRP_171"",""TRD_GRP_172"",""TRD_GRP_173"",""TRD_GRP_174"",""TRD_GRP_175"",""TRD_GRP_176"",""TRD_GRP_177"",""TRD_GRP_178"",""TRD_GRP_179"",""TRD_GRP_180"",""TRD_GRP_181"",""TRD_GRP_182"",""TRD_GRP_183"",""TRD_GRP_184"",""TRD_GRP_185"",""TRD_GRP_186"",""TRD_GRP_187"",""TRD_GRP_188"",""TRD_GRP_189"",""TRD_GRP_190"",""TRD_GRP_191"",""TRD_GRP_192"",""TRD_GRP_193"",""TRD_GRP_194"",""TRD_GRP_195"",""TRD_GRP_196"",""TRD_GRP_197"",""TRD_GRP_198"",""TRD_GRP_199"",""TRD_GRP_200"",""TRD_GRP_201"",""TRD_GRP_202"",""TRD_GRP_203"",""TRD_GRP_204"",""TRD_GRP_205"",""TRD_GRP_206"",""TRD_GRP_207"",""TRD_GRP_208"",""TRD_GRP_209"",""TRD_GRP_210"",""TRD_GRP_211"",""TRD_GRP_212"",""TRD_GRP_213"",""TRD_GRP_214"",""TRD_GRP_215"",""TRD_GRP_216"",""TRD_GRP_217"",""TRD_GRP_218"",""TRD_GRP_219"",""TRD_GRP_220"",""TRD_GRP_221"",""TRD_GRP_222"",""TRD_GRP_223"",""TRD_GRP_224"",""TRD_GRP_225"",""TRD_GRP_226"",""TRD_GRP_227"",""TRD_GRP_228"",""TRD_GRP_229"",""TRD_GRP_230"",""TRD_GRP_231"",""TRD_GRP_232"",""TRD_GRP_233"",""TRD_GRP_234"",""TRD_GRP_235"",""TRD_GRP_236"",""TRD_GRP_237"",""TRD_GRP_238"",""TRD_GRP_239"",""TRD_GRP_240"",""TRD_GRP_242"",""TRD_GRP_243"",""TRD_GRP_244"",""TRD_GRP_245"",""TRD_GRP_246"",""TRD_GRP_247"",""TRD_GRP_248"",""TRD_GRP_249"",""TRD_GRP_250"",""TRD_GRP_251"",""TRD_GRP_252"",""TRD_GRP_253"",""TRD_GRP_256"",""TRD_GRP_258""]]",EXPIRE_TAKER|EXPIRE_MAKER|EXPIRE_BOTH|DECREMENT|TRANSFER,0.01000000,100000.00000000,0.01000000,0.00100000,900000.00000000,0.00100000,100,0.00000000,1471.16899583,0.00000000,10,2000,10,2000,1.2,0.5,2,0.8,5,5.00000000,true,9000000.00000000,false,5,200,20,5,10
INJUSDT,OutOfSample,1114,2.111644872167153,0.007281534041955699,true,20,9,TRADING,INJ,USDT,8,8,8,8,8,true,true,true,true,true,true,true,true,true,true,true,EXPIRE_MAKER,LIMIT|LIMIT_MAKER|MARKET|STOP_LOSS|STOP_LOSS_LIMIT|TAKE_PROFIT|TAKE_PROFIT_LIMIT,,"[[""SPOT"",""MARGIN"",""TRD_GRP_004"",""TRD_GRP_005"",""TRD_GRP_006"",""TRD_GRP_015"",""TRD_GRP_016"",""TRD_GRP_017"",""TRD_GRP_018"",""TRD_GRP_019"",""TRD_GRP_020"",""TRD_GRP_021"",""TRD_GRP_022"",""TRD_GRP_023"",""TRD_GRP_024"",""TRD_GRP_025"",""TRD_GRP_049"",""TRD_GRP_050"",""TRD_GRP_051"",""TRD_GRP_052"",""TRD_GRP_053"",""TRD_GRP_054"",""TRD_GRP_055"",""TRD_GRP_056"",""TRD_GRP_057"",""TRD_GRP_058"",""TRD_GRP_059"",""TRD_GRP_060"",""TRD_GRP_061"",""TRD_GRP_062"",""TRD_GRP_063"",""TRD_GRP_064"",""TRD_GRP_065"",""TRD_GRP_066"",""TRD_GRP_067"",""TRD_GRP_068"",""TRD_GRP_069"",""TRD_GRP_070"",""TRD_GRP_071"",""TRD_GRP_072"",""TRD_GRP_073"",""TRD_GRP_074"",""TRD_GRP_075"",""TRD_GRP_076"",""TRD_GRP_077"",""TRD_GRP_078"",""TRD_GRP_079"",""TRD_GRP_080"",""TRD_GRP_081"",""TRD_GRP_082"",""TRD_GRP_083"",""TRD_GRP_084"",""TRD_GRP_085"",""TRD_GRP_086"",""TRD_GRP_087"",""TRD_GRP_088"",""TRD_GRP_089"",""TRD_GRP_090"",""TRD_GRP_091"",""TRD_GRP_092"",""TRD_GRP_093"",""TRD_GRP_094"",""TRD_GRP_095"",""TRD_GRP_096"",""TRD_GRP_097"",""TRD_GRP_098"",""TRD_GRP_099"",""TRD_GRP_100"",""TRD_GRP_101"",""TRD_GRP_102"",""TRD_GRP_103"",""TRD_GRP_104"",""TRD_GRP_105"",""TRD_GRP_106"",""TRD_GRP_107"",""TRD_GRP_108"",""TRD_GRP_109"",""TRD_GRP_110"",""TRD_GRP_111"",""TRD_GRP_112"",""TRD_GRP_113"",""TRD_GRP_114"",""TRD_GRP_115"",""TRD_GRP_116"",""TRD_GRP_117"",""TRD_GRP_118"",""TRD_GRP_119"",""TRD_GRP_120"",""TRD_GRP_121"",""TRD_GRP_122"",""TRD_GRP_123"",""TRD_GRP_124"",""TRD_GRP_125"",""TRD_GRP_126"",""TRD_GRP_127"",""TRD_GRP_128"",""TRD_GRP_129"",""TRD_GRP_130"",""TRD_GRP_131"",""TRD_GRP_132"",""TRD_GRP_133"",""TRD_GRP_134"",""TRD_GRP_135"",""TRD_GRP_136"",""TRD_GRP_137"",""TRD_GRP_138"",""TRD_GRP_139"",""TRD_GRP_140"",""TRD_GRP_141"",""TRD_GRP_142"",""TRD_GRP_143"",""TRD_GRP_144"",""TRD_GRP_145"",""TRD_GRP_146"",""TRD_GRP_147"",""TRD_GRP_148"",""TRD_GRP_149"",""TRD_GRP_150"",""TRD_GRP_151"",""TRD_GRP_152"",""TRD_GRP_153"",""TRD_GRP_154"",""TRD_GRP_155"",""TRD_GRP_156"",""TRD_GRP_157"",""TRD_GRP_158"",""TRD_GRP_159"",""TRD_GRP_160"",""TRD_GRP_161"",""TRD_GRP_162"",""TRD_GRP_163"",""TRD_GRP_164"",""TRD_GRP_165"",""TRD_GRP_166"",""TRD_GRP_167"",""TRD_GRP_168"",""TRD_GRP_169"",""TRD_GRP_170"",""TRD_GRP_171"",""TRD_GRP_172"",""TRD_GRP_173"",""TRD_GRP_174"",""TRD_GRP_175"",""TRD_GRP_176"",""TRD_GRP_177"",""TRD_GRP_178"",""TRD_GRP_179"",""TRD_GRP_180"",""TRD_GRP_181"",""TRD_GRP_182"",""TRD_GRP_183"",""TRD_GRP_184"",""TRD_GRP_185"",""TRD_GRP_186"",""TRD_GRP_187"",""TRD_GRP_188"",""TRD_GRP_189"",""TRD_GRP_190"",""TRD_GRP_191"",""TRD_GRP_192"",""TRD_GRP_193"",""TRD_GRP_194"",""TRD_GRP_195"",""TRD_GRP_196"",""TRD_GRP_197"",""TRD_GRP_198"",""TRD_GRP_199"",""TRD_GRP_200"",""TRD_GRP_201"",""TRD_GRP_202"",""TRD_GRP_203"",""TRD_GRP_204"",""TRD_GRP_205"",""TRD_GRP_206"",""TRD_GRP_207"",""TRD_GRP_208"",""TRD_GRP_209"",""TRD_GRP_210"",""TRD_GRP_211"",""TRD_GRP_212"",""TRD_GRP_213"",""TRD_GRP_214"",""TRD_GRP_215"",""TRD_GRP_216"",""TRD_GRP_217"",""TRD_GRP_218"",""TRD_GRP_219"",""TRD_GRP_220"",""TRD_GRP_221"",""TRD_GRP_222"",""TRD_GRP_223"",""TRD_GRP_224"",""TRD_GRP_225"",""TRD_GRP_226"",""TRD_GRP_227"",""TRD_GRP_228"",""TRD_GRP_229"",""TRD_GRP_230"",""TRD_GRP_231"",""TRD_GRP_232"",""TRD_GRP_233"",""TRD_GRP_234"",""TRD_GRP_235"",""TRD_GRP_236"",""TRD_GRP_237"",""TRD_GRP_238"",""TRD_GRP_239"",""TRD_GRP_240"",""TRD_GRP_242"",""TRD_GRP_243"",""TRD_GRP_244"",""TRD_GRP_245"",""TRD_GRP_246"",""TRD_GRP_247"",""TRD_GRP_248"",""TRD_GRP_249"",""TRD_GRP_250"",""TRD_GRP_251"",""TRD_GRP_252"",""TRD_GRP_253"",""TRD_GRP_256"",""TRD_GRP_258""]]",EXPIRE_TAKER|EXPIRE_MAKER|EXPIRE_BOTH|DECREMENT|TRANSFER,0.00100000,10000.00000000,0.00100000,0.01000000,90000.00000000,0.01000000,100,0.00000000,27482.74662500,0.00000000,10,2000,10,2000,1.2,0.5,2,0.8,5,5.00000000,true,9000000.00000000,false,5,200,20,5,10
MORPHOUSDT,OutOfSample,3323,2.0610158762057993,0.014721541972898567,true,13,1,TRADING,MORPHO,USDT,8,8,8,8,8,true,true,true,true,true,true,true,true,true,true,true,EXPIRE_MAKER,LIMIT|LIMIT_MAKER|MARKET|STOP_LOSS|STOP_LOSS_LIMIT|TAKE_PROFIT|TAKE_PROFIT_LIMIT,,"[[""SPOT"",""MARGIN"",""TRD_GRP_004"",""TRD_GRP_005"",""TRD_GRP_006"",""TRD_GRP_016"",""TRD_GRP_017"",""TRD_GRP_018"",""TRD_GRP_019"",""TRD_GRP_020"",""TRD_GRP_021"",""TRD_GRP_022"",""TRD_GRP_023"",""TRD_GRP_024"",""TRD_GRP_025"",""TRD_GRP_049"",""TRD_GRP_050"",""TRD_GRP_051"",""TRD_GRP_052"",""TRD_GRP_053"",""TRD_GRP_054"",""TRD_GRP_055"",""TRD_GRP_056"",""TRD_GRP_057"",""TRD_GRP_058"",""TRD_GRP_059"",""TRD_GRP_060"",""TRD_GRP_061"",""TRD_GRP_062"",""TRD_GRP_063"",""TRD_GRP_064"",""TRD_GRP_065"",""TRD_GRP_066"",""TRD_GRP_067"",""TRD_GRP_068"",""TRD_GRP_069"",""TRD_GRP_070"",""TRD_GRP_071"",""TRD_GRP_072"",""TRD_GRP_073"",""TRD_GRP_074"",""TRD_GRP_075"",""TRD_GRP_076"",""TRD_GRP_077"",""TRD_GRP_078"",""TRD_GRP_079"",""TRD_GRP_080"",""TRD_GRP_081"",""TRD_GRP_082"",""TRD_GRP_083"",""TRD_GRP_084"",""TRD_GRP_085"",""TRD_GRP_086"",""TRD_GRP_087"",""TRD_GRP_088"",""TRD_GRP_089"",""TRD_GRP_090"",""TRD_GRP_091"",""TRD_GRP_092"",""TRD_GRP_093"",""TRD_GRP_094"",""TRD_GRP_095"",""TRD_GRP_096"",""TRD_GRP_097"",""TRD_GRP_098"",""TRD_GRP_099"",""TRD_GRP_100"",""TRD_GRP_101"",""TRD_GRP_102"",""TRD_GRP_103"",""TRD_GRP_104"",""TRD_GRP_105"",""TRD_GRP_106"",""TRD_GRP_107"",""TRD_GRP_108"",""TRD_GRP_109"",""TRD_GRP_110"",""TRD_GRP_111"",""TRD_GRP_112"",""TRD_GRP_113"",""TRD_GRP_114"",""TRD_GRP_115"",""TRD_GRP_116"",""TRD_GRP_117"",""TRD_GRP_118"",""TRD_GRP_119"",""TRD_GRP_120"",""TRD_GRP_121"",""TRD_GRP_122"",""TRD_GRP_123"",""TRD_GRP_124"",""TRD_GRP_125"",""TRD_GRP_126"",""TRD_GRP_127"",""TRD_GRP_128"",""TRD_GRP_129"",""TRD_GRP_130"",""TRD_GRP_131"",""TRD_GRP_132"",""TRD_GRP_133"",""TRD_GRP_134"",""TRD_GRP_135"",""TRD_GRP_136"",""TRD_GRP_137"",""TRD_GRP_138"",""TRD_GRP_139"",""TRD_GRP_140"",""TRD_GRP_141"",""TRD_GRP_142"",""TRD_GRP_143"",""TRD_GRP_144"",""TRD_GRP_145"",""TRD_GRP_146"",""TRD_GRP_147"",""TRD_GRP_148"",""TRD_GRP_149"",""TRD_GRP_150"",""TRD_GRP_151"",""TRD_GRP_152"",""TRD_GRP_153"",""TRD_GRP_154"",""TRD_GRP_155"",""TRD_GRP_156"",""TRD_GRP_157"",""TRD_GRP_158"",""TRD_GRP_159"",""TRD_GRP_160"",""TRD_GRP_161"",""TRD_GRP_162"",""TRD_GRP_163"",""TRD_GRP_164"",""TRD_GRP_165"",""TRD_GRP_166"",""TRD_GRP_167"",""TRD_GRP_168"",""TRD_GRP_169"",""TRD_GRP_170"",""TRD_GRP_171"",""TRD_GRP_172"",""TRD_GRP_173"",""TRD_GRP_174"",""TRD_GRP_175"",""TRD_GRP_176"",""TRD_GRP_177"",""TRD_GRP_178"",""TRD_GRP_179"",""TRD_GRP_180"",""TRD_GRP_181"",""TRD_GRP_182"",""TRD_GRP_183"",""TRD_GRP_184"",""TRD_GRP_185"",""TRD_GRP_186"",""TRD_GRP_187"",""TRD_GRP_188"",""TRD_GRP_189"",""TRD_GRP_190"",""TRD_GRP_191"",""TRD_GRP_192"",""TRD_GRP_193"",""TRD_GRP_194"",""TRD_GRP_195"",""TRD_GRP_196"",""TRD_GRP_197"",""TRD_GRP_198"",""TRD_GRP_199"",""TRD_GRP_200"",""TRD_GRP_201"",""TRD_GRP_202"",""TRD_GRP_203"",""TRD_GRP_204"",""TRD_GRP_205"",""TRD_GRP_206"",""TRD_GRP_207"",""TRD_GRP_208"",""TRD_GRP_209"",""TRD_GRP_210"",""TRD_GRP_211"",""TRD_GRP_212"",""TRD_GRP_213"",""TRD_GRP_214"",""TRD_GRP_215"",""TRD_GRP_216"",""TRD_GRP_217"",""TRD_GRP_218"",""TRD_GRP_219"",""TRD_GRP_220"",""TRD_GRP_221"",""TRD_GRP_222"",""TRD_GRP_223"",""TRD_GRP_224"",""TRD_GRP_225"",""TRD_GRP_226"",""TRD_GRP_227"",""TRD_GRP_228"",""TRD_GRP_229"",""TRD_GRP_230"",""TRD_GRP_231"",""TRD_GRP_232"",""TRD_GRP_233"",""TRD_GRP_234"",""TRD_GRP_235"",""TRD_GRP_236"",""TRD_GRP_237"",""TRD_GRP_238"",""TRD_GRP_239"",""TRD_GRP_240"",""TRD_GRP_242"",""TRD_GRP_243"",""TRD_GRP_244"",""TRD_GRP_245"",""TRD_GRP_246"",""TRD_GRP_247"",""TRD_GRP_248"",""TRD_GRP_249"",""TRD_GRP_250"",""TRD_GRP_251"",""TRD_GRP_252"",""TRD_GRP_253"",""TRD_GRP_256"",""TRD_GRP_258""]]",EXPIRE_TAKER|EXPIRE_MAKER|EXPIRE_BOTH|DECREMENT|TRANSFER,0.00100000,1000.00000000,0.00100000,0.01000000,92141578.00000000,0.01000000,100,0.00000000,127949.58345833,0.00000000,10,2000,10,2000,1.2,0.5,2,0.8,5,5.00000000,true,9000000.00000000,false,5,200,20,5,10
MSTRBUSDT,OutOfSample,3606,1.2046467261945655,0.003170122963669909,true,28,10,TRADING,MSTRB,USDT,8,8,8,8,8,true,true,true,true,true,true,true,true,true,true,true,EXPIRE_MAKER,LIMIT|LIMIT_MAKER|MARKET|STOP_LOSS|STOP_LOSS_LIMIT|TAKE_PROFIT|TAKE_PROFIT_LIMIT,,"[[""SPOT"",""MARGIN"",""TRD_GRP_004"",""TRD_GRP_005"",""TRD_GRP_006"",""TRD_GRP_017"",""TRD_GRP_018"",""TRD_GRP_019"",""TRD_GRP_020"",""TRD_GRP_021"",""TRD_GRP_022"",""TRD_GRP_023"",""TRD_GRP_049"",""TRD_GRP_050"",""TRD_GRP_051"",""TRD_GRP_052"",""TRD_GRP_053"",""TRD_GRP_054"",""TRD_GRP_055"",""TRD_GRP_056"",""TRD_GRP_057"",""TRD_GRP_058"",""TRD_GRP_059"",""TRD_GRP_060"",""TRD_GRP_061"",""TRD_GRP_062"",""TRD_GRP_063"",""TRD_GRP_064"",""TRD_GRP_065"",""TRD_GRP_066"",""TRD_GRP_067"",""TRD_GRP_068"",""TRD_GRP_070"",""TRD_GRP_071"",""TRD_GRP_072"",""TRD_GRP_073"",""TRD_GRP_074"",""TRD_GRP_075"",""TRD_GRP_076"",""TRD_GRP_077"",""TRD_GRP_078"",""TRD_GRP_079"",""TRD_GRP_081"",""TRD_GRP_082"",""TRD_GRP_083"",""TRD_GRP_084"",""TRD_GRP_085"",""TRD_GRP_086"",""TRD_GRP_087"",""TRD_GRP_088"",""TRD_GRP_089"",""TRD_GRP_090"",""TRD_GRP_091"",""TRD_GRP_092"",""TRD_GRP_093"",""TRD_GRP_094"",""TRD_GRP_095"",""TRD_GRP_096"",""TRD_GRP_097"",""TRD_GRP_098"",""TRD_GRP_099"",""TRD_GRP_100"",""TRD_GRP_101"",""TRD_GRP_102"",""TRD_GRP_103"",""TRD_GRP_104"",""TRD_GRP_105"",""TRD_GRP_106"",""TRD_GRP_107"",""TRD_GRP_108"",""TRD_GRP_109"",""TRD_GRP_110"",""TRD_GRP_111"",""TRD_GRP_112"",""TRD_GRP_113"",""TRD_GRP_114"",""TRD_GRP_115"",""TRD_GRP_116"",""TRD_GRP_117"",""TRD_GRP_118"",""TRD_GRP_119"",""TRD_GRP_120"",""TRD_GRP_121"",""TRD_GRP_122"",""TRD_GRP_123"",""TRD_GRP_124"",""TRD_GRP_125"",""TRD_GRP_126"",""TRD_GRP_127"",""TRD_GRP_128"",""TRD_GRP_129"",""TRD_GRP_130"",""TRD_GRP_131"",""TRD_GRP_132"",""TRD_GRP_133"",""TRD_GRP_134"",""TRD_GRP_135"",""TRD_GRP_136"",""TRD_GRP_137"",""TRD_GRP_138"",""TRD_GRP_139"",""TRD_GRP_140"",""TRD_GRP_141"",""TRD_GRP_142"",""TRD_GRP_143"",""TRD_GRP_144"",""TRD_GRP_145"",""TRD_GRP_146"",""TRD_GRP_147"",""TRD_GRP_148"",""TRD_GRP_149"",""TRD_GRP_150"",""TRD_GRP_151"",""TRD_GRP_152"",""TRD_GRP_153"",""TRD_GRP_154"",""TRD_GRP_155"",""TRD_GRP_156"",""TRD_GRP_157"",""TRD_GRP_158"",""TRD_GRP_159"",""TRD_GRP_160"",""TRD_GRP_161"",""TRD_GRP_162"",""TRD_GRP_163"",""TRD_GRP_164"",""TRD_GRP_165"",""TRD_GRP_166"",""TRD_GRP_167"",""TRD_GRP_168"",""TRD_GRP_169"",""TRD_GRP_170"",""TRD_GRP_171"",""TRD_GRP_173"",""TRD_GRP_175"",""TRD_GRP_176"",""TRD_GRP_177"",""TRD_GRP_178"",""TRD_GRP_179"",""TRD_GRP_181"",""TRD_GRP_182"",""TRD_GRP_183"",""TRD_GRP_184"",""TRD_GRP_185"",""TRD_GRP_186"",""TRD_GRP_187"",""TRD_GRP_189"",""TRD_GRP_190"",""TRD_GRP_191"",""TRD_GRP_192"",""TRD_GRP_193"",""TRD_GRP_194"",""TRD_GRP_195"",""TRD_GRP_196"",""TRD_GRP_197"",""TRD_GRP_198"",""TRD_GRP_199"",""TRD_GRP_200"",""TRD_GRP_201"",""TRD_GRP_202"",""TRD_GRP_203"",""TRD_GRP_204"",""TRD_GRP_205"",""TRD_GRP_206"",""TRD_GRP_208"",""TRD_GRP_209"",""TRD_GRP_210"",""TRD_GRP_211"",""TRD_GRP_212"",""TRD_GRP_213"",""TRD_GRP_214"",""TRD_GRP_215"",""TRD_GRP_216"",""TRD_GRP_217"",""TRD_GRP_218"",""TRD_GRP_219"",""TRD_GRP_220"",""TRD_GRP_221"",""TRD_GRP_222"",""TRD_GRP_223"",""TRD_GRP_224"",""TRD_GRP_225"",""TRD_GRP_226"",""TRD_GRP_227"",""TRD_GRP_228"",""TRD_GRP_229"",""TRD_GRP_230"",""TRD_GRP_231"",""TRD_GRP_232"",""TRD_GRP_233"",""TRD_GRP_234"",""TRD_GRP_235"",""TRD_GRP_236"",""TRD_GRP_237"",""TRD_GRP_240"",""TRD_GRP_242"",""TRD_GRP_245"",""TRD_GRP_246"",""TRD_GRP_247"",""TRD_GRP_248"",""TRD_GRP_249"",""TRD_GRP_250"",""TRD_GRP_251"",""TRD_GRP_252"",""TRD_GRP_253"",""TRD_GRP_256"",""TRD_GRP_261""]]",EXPIRE_TAKER|EXPIRE_MAKER|EXPIRE_BOTH|DECREMENT|TRANSFER,0.01000000,100000.00000000,0.01000000,0.00100000,922327.00000000,0.00100000,100,0.00000000,2690.66514583,0.00000000,10,2000,10,2000,1.1,0.8,1.2,0.9,5,5.00000000,true,9000000.00000000,false,5,200,20,5,10
CRCLBUSDT,OutOfSample,3593,0.9445948222780676,0.0018891896445561351,true,36,14,TRADING,CRCLB,USDT,8,8,8,8,8,true,true,true,true,true,true,true,true,true,true,true,EXPIRE_MAKER,LIMIT|LIMIT_MAKER|MARKET|STOP_LOSS|STOP_LOSS_LIMIT|TAKE_PROFIT|TAKE_PROFIT_LIMIT,,"[[""SPOT"",""MARGIN"",""TRD_GRP_004"",""TRD_GRP_005"",""TRD_GRP_006"",""TRD_GRP_017"",""TRD_GRP_018"",""TRD_GRP_019"",""TRD_GRP_020"",""TRD_GRP_021"",""TRD_GRP_022"",""TRD_GRP_023"",""TRD_GRP_049"",""TRD_GRP_050"",""TRD_GRP_051"",""TRD_GRP_052"",""TRD_GRP_053"",""TRD_GRP_054"",""TRD_GRP_055"",""TRD_GRP_056"",""TRD_GRP_057"",""TRD_GRP_058"",""TRD_GRP_059"",""TRD_GRP_060"",""TRD_GRP_061"",""TRD_GRP_062"",""TRD_GRP_063"",""TRD_GRP_064"",""TRD_GRP_065"",""TRD_GRP_066"",""TRD_GRP_067"",""TRD_GRP_068"",""TRD_GRP_070"",""TRD_GRP_071"",""TRD_GRP_072"",""TRD_GRP_073"",""TRD_GRP_074"",""TRD_GRP_075"",""TRD_GRP_076"",""TRD_GRP_077"",""TRD_GRP_078"",""TRD_GRP_079"",""TRD_GRP_081"",""TRD_GRP_082"",""TRD_GRP_083"",""TRD_GRP_084"",""TRD_GRP_085"",""TRD_GRP_086"",""TRD_GRP_087"",""TRD_GRP_088"",""TRD_GRP_089"",""TRD_GRP_090"",""TRD_GRP_091"",""TRD_GRP_092"",""TRD_GRP_093"",""TRD_GRP_094"",""TRD_GRP_095"",""TRD_GRP_096"",""TRD_GRP_097"",""TRD_GRP_098"",""TRD_GRP_099"",""TRD_GRP_100"",""TRD_GRP_101"",""TRD_GRP_102"",""TRD_GRP_103"",""TRD_GRP_104"",""TRD_GRP_105"",""TRD_GRP_106"",""TRD_GRP_107"",""TRD_GRP_108"",""TRD_GRP_109"",""TRD_GRP_110"",""TRD_GRP_111"",""TRD_GRP_112"",""TRD_GRP_113"",""TRD_GRP_114"",""TRD_GRP_115"",""TRD_GRP_116"",""TRD_GRP_117"",""TRD_GRP_118"",""TRD_GRP_119"",""TRD_GRP_120"",""TRD_GRP_121"",""TRD_GRP_122"",""TRD_GRP_123"",""TRD_GRP_124"",""TRD_GRP_125"",""TRD_GRP_126"",""TRD_GRP_127"",""TRD_GRP_128"",""TRD_GRP_129"",""TRD_GRP_130"",""TRD_GRP_131"",""TRD_GRP_132"",""TRD_GRP_133"",""TRD_GRP_134"",""TRD_GRP_135"",""TRD_GRP_136"",""TRD_GRP_137"",""TRD_GRP_138"",""TRD_GRP_139"",""TRD_GRP_140"",""TRD_GRP_141"",""TRD_GRP_142"",""TRD_GRP_143"",""TRD_GRP_144"",""TRD_GRP_145"",""TRD_GRP_146"",""TRD_GRP_147"",""TRD_GRP_148"",""TRD_GRP_149"",""TRD_GRP_150"",""TRD_GRP_151"",""TRD_GRP_152"",""TRD_GRP_153"",""TRD_GRP_154"",""TRD_GRP_155"",""TRD_GRP_156"",""TRD_GRP_157"",""TRD_GRP_158"",""TRD_GRP_159"",""TRD_GRP_160"",""TRD_GRP_161"",""TRD_GRP_162"",""TRD_GRP_163"",""TRD_GRP_164"",""TRD_GRP_165"",""TRD_GRP_166"",""TRD_GRP_167"",""TRD_GRP_168"",""TRD_GRP_169"",""TRD_GRP_170"",""TRD_GRP_171"",""TRD_GRP_173"",""TRD_GRP_175"",""TRD_GRP_176"",""TRD_GRP_177"",""TRD_GRP_178"",""TRD_GRP_179"",""TRD_GRP_181"",""TRD_GRP_182"",""TRD_GRP_183"",""TRD_GRP_184"",""TRD_GRP_185"",""TRD_GRP_186"",""TRD_GRP_187"",""TRD_GRP_189"",""TRD_GRP_190"",""TRD_GRP_191"",""TRD_GRP_192"",""TRD_GRP_193"",""TRD_GRP_194"",""TRD_GRP_195"",""TRD_GRP_196"",""TRD_GRP_197"",""TRD_GRP_198"",""TRD_GRP_199"",""TRD_GRP_200"",""TRD_GRP_201"",""TRD_GRP_202"",""TRD_GRP_203"",""TRD_GRP_204"",""TRD_GRP_205"",""TRD_GRP_206"",""TRD_GRP_208"",""TRD_GRP_209"",""TRD_GRP_210"",""TRD_GRP_211"",""TRD_GRP_212"",""TRD_GRP_213"",""TRD_GRP_214"",""TRD_GRP_215"",""TRD_GRP_216"",""TRD_GRP_217"",""TRD_GRP_218"",""TRD_GRP_219"",""TRD_GRP_220"",""TRD_GRP_221"",""TRD_GRP_222"",""TRD_GRP_223"",""TRD_GRP_224"",""TRD_GRP_225"",""TRD_GRP_226"",""TRD_GRP_227"",""TRD_GRP_228"",""TRD_GRP_229"",""TRD_GRP_230"",""TRD_GRP_231"",""TRD_GRP_232"",""TRD_GRP_233"",""TRD_GRP_234"",""TRD_GRP_235"",""TRD_GRP_236"",""TRD_GRP_237"",""TRD_GRP_240"",""TRD_GRP_242"",""TRD_GRP_245"",""TRD_GRP_246"",""TRD_GRP_247"",""TRD_GRP_248"",""TRD_GRP_249"",""TRD_GRP_250"",""TRD_GRP_251"",""TRD_GRP_252"",""TRD_GRP_253"",""TRD_GRP_256"",""TRD_GRP_261""]]",EXPIRE_TAKER|EXPIRE_MAKER|EXPIRE_BOTH|DECREMENT|TRANSFER,0.01000000,10000.00000000,0.01000000,0.01000000,9222449.00000000,0.01000000,100,0.00000000,3769.94733333,0.00000000,10,2000,10,2000,1.1,0.8,1.2,0.9,5,5.00000000,true,9000000.00000000,false,5,200,20,5,10
ZROUSDT,OutOfSample,2671,0.3595999999999995,0.017979999999999975,true,2,0,TRADING,ZRO,USDT,8,8,8,8,8,true,true,true,true,true,true,true,true,true,true,true,EXPIRE_MAKER,LIMIT|LIMIT_MAKER|MARKET|STOP_LOSS|STOP_LOSS_LIMIT|TAKE_PROFIT|TAKE_PROFIT_LIMIT,,"[[""SPOT"",""MARGIN"",""TRD_GRP_004"",""TRD_GRP_005"",""TRD_GRP_006"",""TRD_GRP_016"",""TRD_GRP_017"",""TRD_GRP_018"",""TRD_GRP_019"",""TRD_GRP_020"",""TRD_GRP_021"",""TRD_GRP_022"",""TRD_GRP_023"",""TRD_GRP_024"",""TRD_GRP_025"",""TRD_GRP_049"",""TRD_GRP_050"",""TRD_GRP_051"",""TRD_GRP_052"",""TRD_GRP_053"",""TRD_GRP_054"",""TRD_GRP_055"",""TRD_GRP_056"",""TRD_GRP_057"",""TRD_GRP_058"",""TRD_GRP_059"",""TRD_GRP_060"",""TRD_GRP_061"",""TRD_GRP_062"",""TRD_GRP_063"",""TRD_GRP_064"",""TRD_GRP_065"",""TRD_GRP_066"",""TRD_GRP_067"",""TRD_GRP_068"",""TRD_GRP_069"",""TRD_GRP_070"",""TRD_GRP_071"",""TRD_GRP_072"",""TRD_GRP_073"",""TRD_GRP_074"",""TRD_GRP_075"",""TRD_GRP_076"",""TRD_GRP_077"",""TRD_GRP_078"",""TRD_GRP_079"",""TRD_GRP_080"",""TRD_GRP_081"",""TRD_GRP_082"",""TRD_GRP_083"",""TRD_GRP_084"",""TRD_GRP_085"",""TRD_GRP_086"",""TRD_GRP_087"",""TRD_GRP_088"",""TRD_GRP_089"",""TRD_GRP_090"",""TRD_GRP_091"",""TRD_GRP_092"",""TRD_GRP_093"",""TRD_GRP_094"",""TRD_GRP_095"",""TRD_GRP_096"",""TRD_GRP_097"",""TRD_GRP_098"",""TRD_GRP_099"",""TRD_GRP_100"",""TRD_GRP_101"",""TRD_GRP_102"",""TRD_GRP_103"",""TRD_GRP_104"",""TRD_GRP_105"",""TRD_GRP_106"",""TRD_GRP_107"",""TRD_GRP_108"",""TRD_GRP_109"",""TRD_GRP_110"",""TRD_GRP_111"",""TRD_GRP_112"",""TRD_GRP_113"",""TRD_GRP_114"",""TRD_GRP_115"",""TRD_GRP_116"",""TRD_GRP_117"",""TRD_GRP_118"",""TRD_GRP_119"",""TRD_GRP_120"",""TRD_GRP_121"",""TRD_GRP_122"",""TRD_GRP_123"",""TRD_GRP_124"",""TRD_GRP_125"",""TRD_GRP_126"",""TRD_GRP_127"",""TRD_GRP_128"",""TRD_GRP_129"",""TRD_GRP_130"",""TRD_GRP_131"",""TRD_GRP_132"",""TRD_GRP_133"",""TRD_GRP_134"",""TRD_GRP_135"",""TRD_GRP_136"",""TRD_GRP_137"",""TRD_GRP_138"",""TRD_GRP_139"",""TRD_GRP_140"",""TRD_GRP_141"",""TRD_GRP_142"",""TRD_GRP_143"",""TRD_GRP_144"",""TRD_GRP_145"",""TRD_GRP_146"",""TRD_GRP_147"",""TRD_GRP_148"",""TRD_GRP_149"",""TRD_GRP_150"",""TRD_GRP_151"",""TRD_GRP_152"",""TRD_GRP_153"",""TRD_GRP_154"",""TRD_GRP_155"",""TRD_GRP_156"",""TRD_GRP_157"",""TRD_GRP_158"",""TRD_GRP_159"",""TRD_GRP_160"",""TRD_GRP_161"",""TRD_GRP_162"",""TRD_GRP_163"",""TRD_GRP_164"",""TRD_GRP_165"",""TRD_GRP_166"",""TRD_GRP_167"",""TRD_GRP_168"",""TRD_GRP_169"",""TRD_GRP_170"",""TRD_GRP_171"",""TRD_GRP_172"",""TRD_GRP_173"",""TRD_GRP_174"",""TRD_GRP_175"",""TRD_GRP_176"",""TRD_GRP_177"",""TRD_GRP_178"",""TRD_GRP_179"",""TRD_GRP_180"",""TRD_GRP_181"",""TRD_GRP_182"",""TRD_GRP_183"",""TRD_GRP_184"",""TRD_GRP_185"",""TRD_GRP_186"",""TRD_GRP_187"",""TRD_GRP_188"",""TRD_GRP_189"",""TRD_GRP_190"",""TRD_GRP_191"",""TRD_GRP_192"",""TRD_GRP_193"",""TRD_GRP_194"",""TRD_GRP_195"",""TRD_GRP_196"",""TRD_GRP_197"",""TRD_GRP_198"",""TRD_GRP_199"",""TRD_GRP_200"",""TRD_GRP_201"",""TRD_GRP_202"",""TRD_GRP_203"",""TRD_GRP_204"",""TRD_GRP_205"",""TRD_GRP_206"",""TRD_GRP_207"",""TRD_GRP_208"",""TRD_GRP_209"",""TRD_GRP_210"",""TRD_GRP_211"",""TRD_GRP_212"",""TRD_GRP_213"",""TRD_GRP_214"",""TRD_GRP_215"",""TRD_GRP_216"",""TRD_GRP_217"",""TRD_GRP_218"",""TRD_GRP_219"",""TRD_GRP_220"",""TRD_GRP_221"",""TRD_GRP_222"",""TRD_GRP_223"",""TRD_GRP_224"",""TRD_GRP_225"",""TRD_GRP_226"",""TRD_GRP_227"",""TRD_GRP_228"",""TRD_GRP_229"",""TRD_GRP_230"",""TRD_GRP_231"",""TRD_GRP_232"",""TRD_GRP_233"",""TRD_GRP_234"",""TRD_GRP_235"",""TRD_GRP_236"",""TRD_GRP_237"",""TRD_GRP_238"",""TRD_GRP_239"",""TRD_GRP_240"",""TRD_GRP_242"",""TRD_GRP_243"",""TRD_GRP_244"",""TRD_GRP_245"",""TRD_GRP_246"",""TRD_GRP_247"",""TRD_GRP_248"",""TRD_GRP_249"",""TRD_GRP_250"",""TRD_GRP_251"",""TRD_GRP_252"",""TRD_GRP_253"",""TRD_GRP_256"",""TRD_GRP_258""]]",EXPIRE_TAKER|EXPIRE_MAKER|EXPIRE_BOTH|DECREMENT|TRANSFER,0.00100000,1000.00000000,0.00100000,0.01000000,92141578.00000000,0.01000000,100,0.00000000,101277.79366666,0.00000000,10,2000,10,2000,1.2,0.5,2,0.8,5,5.00000000,true,9000000.00000000,false,5,200,20,5,10
METUSDT,OutOfSample,3392,0.17979999999999996,0.017979999999999996,true,1,0,TRADING,MET,USDT,8,8,8,8,8,true,true,true,true,true,true,true,true,true,true,true,EXPIRE_MAKER,LIMIT|LIMIT_MAKER|MARKET|STOP_LOSS|STOP_LOSS_LIMIT|TAKE_PROFIT|TAKE_PROFIT_LIMIT,,"[[""SPOT"",""MARGIN"",""TRD_GRP_004"",""TRD_GRP_005"",""TRD_GRP_006"",""TRD_GRP_016"",""TRD_GRP_017"",""TRD_GRP_018"",""TRD_GRP_019"",""TRD_GRP_020"",""TRD_GRP_021"",""TRD_GRP_022"",""TRD_GRP_023"",""TRD_GRP_024"",""TRD_GRP_025"",""TRD_GRP_049"",""TRD_GRP_050"",""TRD_GRP_051"",""TRD_GRP_052"",""TRD_GRP_053"",""TRD_GRP_054"",""TRD_GRP_055"",""TRD_GRP_056"",""TRD_GRP_057"",""TRD_GRP_058"",""TRD_GRP_059"",""TRD_GRP_060"",""TRD_GRP_061"",""TRD_GRP_062"",""TRD_GRP_063"",""TRD_GRP_064"",""TRD_GRP_065"",""TRD_GRP_066"",""TRD_GRP_067"",""TRD_GRP_068"",""TRD_GRP_069"",""TRD_GRP_070"",""TRD_GRP_071"",""TRD_GRP_072"",""TRD_GRP_073"",""TRD_GRP_074"",""TRD_GRP_075"",""TRD_GRP_076"",""TRD_GRP_077"",""TRD_GRP_078"",""TRD_GRP_079"",""TRD_GRP_080"",""TRD_GRP_081"",""TRD_GRP_082"",""TRD_GRP_083"",""TRD_GRP_084"",""TRD_GRP_085"",""TRD_GRP_086"",""TRD_GRP_087"",""TRD_GRP_088"",""TRD_GRP_089"",""TRD_GRP_090"",""TRD_GRP_091"",""TRD_GRP_092"",""TRD_GRP_093"",""TRD_GRP_094"",""TRD_GRP_095"",""TRD_GRP_096"",""TRD_GRP_097"",""TRD_GRP_098"",""TRD_GRP_099"",""TRD_GRP_100"",""TRD_GRP_101"",""TRD_GRP_102"",""TRD_GRP_103"",""TRD_GRP_104"",""TRD_GRP_105"",""TRD_GRP_106"",""TRD_GRP_107"",""TRD_GRP_108"",""TRD_GRP_109"",""TRD_GRP_110"",""TRD_GRP_111"",""TRD_GRP_112"",""TRD_GRP_113"",""TRD_GRP_114"",""TRD_GRP_115"",""TRD_GRP_116"",""TRD_GRP_117"",""TRD_GRP_118"",""TRD_GRP_119"",""TRD_GRP_120"",""TRD_GRP_121"",""TRD_GRP_122"",""TRD_GRP_123"",""TRD_GRP_124"",""TRD_GRP_125"",""TRD_GRP_126"",""TRD_GRP_127"",""TRD_GRP_128"",""TRD_GRP_129"",""TRD_GRP_130"",""TRD_GRP_131"",""TRD_GRP_132"",""TRD_GRP_133"",""TRD_GRP_134"",""TRD_GRP_135"",""TRD_GRP_136"",""TRD_GRP_137"",""TRD_GRP_138"",""TRD_GRP_139"",""TRD_GRP_140"",""TRD_GRP_141"",""TRD_GRP_142"",""TRD_GRP_143"",""TRD_GRP_144"",""TRD_GRP_145"",""TRD_GRP_146"",""TRD_GRP_147"",""TRD_GRP_148"",""TRD_GRP_149"",""TRD_GRP_150"",""TRD_GRP_151"",""TRD_GRP_152"",""TRD_GRP_153"",""TRD_GRP_154"",""TRD_GRP_155"",""TRD_GRP_156"",""TRD_GRP_157"",""TRD_GRP_158"",""TRD_GRP_159"",""TRD_GRP_160"",""TRD_GRP_161"",""TRD_GRP_162"",""TRD_GRP_163"",""TRD_GRP_164"",""TRD_GRP_165"",""TRD_GRP_166"",""TRD_GRP_167"",""TRD_GRP_168"",""TRD_GRP_169"",""TRD_GRP_170"",""TRD_GRP_171"",""TRD_GRP_172"",""TRD_GRP_173"",""TRD_GRP_174"",""TRD_GRP_175"",""TRD_GRP_176"",""TRD_GRP_177"",""TRD_GRP_178"",""TRD_GRP_179"",""TRD_GRP_180"",""TRD_GRP_181"",""TRD_GRP_182"",""TRD_GRP_183"",""TRD_GRP_184"",""TRD_GRP_185"",""TRD_GRP_186"",""TRD_GRP_187"",""TRD_GRP_188"",""TRD_GRP_189"",""TRD_GRP_190"",""TRD_GRP_191"",""TRD_GRP_192"",""TRD_GRP_193"",""TRD_GRP_194"",""TRD_GRP_195"",""TRD_GRP_196"",""TRD_GRP_197"",""TRD_GRP_198"",""TRD_GRP_199"",""TRD_GRP_200"",""TRD_GRP_201"",""TRD_GRP_202"",""TRD_GRP_203"",""TRD_GRP_204"",""TRD_GRP_205"",""TRD_GRP_206"",""TRD_GRP_207"",""TRD_GRP_208"",""TRD_GRP_209"",""TRD_GRP_210"",""TRD_GRP_211"",""TRD_GRP_212"",""TRD_GRP_213"",""TRD_GRP_214"",""TRD_GRP_215"",""TRD_GRP_216"",""TRD_GRP_217"",""TRD_GRP_218"",""TRD_GRP_219"",""TRD_GRP_220"",""TRD_GRP_221"",""TRD_GRP_222"",""TRD_GRP_223"",""TRD_GRP_224"",""TRD_GRP_225"",""TRD_GRP_226"",""TRD_GRP_227"",""TRD_GRP_228"",""TRD_GRP_229"",""TRD_GRP_230"",""TRD_GRP_231"",""TRD_GRP_232"",""TRD_GRP_233"",""TRD_GRP_234"",""TRD_GRP_235"",""TRD_GRP_236"",""TRD_GRP_237"",""TRD_GRP_238"",""TRD_GRP_239"",""TRD_GRP_240"",""TRD_GRP_242"",""TRD_GRP_245"",""TRD_GRP_246"",""TRD_GRP_247"",""TRD_GRP_248"",""TRD_GRP_249"",""TRD_GRP_250"",""TRD_GRP_251"",""TRD_GRP_252"",""TRD_GRP_253"",""TRD_GRP_256"",""TRD_GRP_258""]]",EXPIRE_TAKER|EXPIRE_MAKER|EXPIRE_BOTH|DECREMENT|TRANSFER,0.00010000,1000.00000000,0.00010000,0.10000000,92141578.00000000,0.10000000,100,0.00000000,126904.29375000,0.00000000,10,2000,10,2000,1.2,0.5,2,0.8,5,5.00000000,true,9000000.00000000,false,5,200,20,5,10
AVAXUSDT,OutOfSample,1053,0.1227367528367156,0.00111578866215196,true,7,4,TRADING,AVAX,USDT,8,8,8,8,8,true,true,true,true,true,true,true,true,true,true,true,EXPIRE_MAKER,LIMIT|LIMIT_MAKER|MARKET|STOP_LOSS|STOP_LOSS_LIMIT|TAKE_PROFIT|TAKE_PROFIT_LIMIT,,"[[""SPOT"",""MARGIN"",""TRD_GRP_004"",""TRD_GRP_005"",""TRD_GRP_006"",""TRD_GRP_015"",""TRD_GRP_016"",""TRD_GRP_017"",""TRD_GRP_018"",""TRD_GRP_019"",""TRD_GRP_020"",""TRD_GRP_021"",""TRD_GRP_022"",""TRD_GRP_023"",""TRD_GRP_024"",""TRD_GRP_025"",""TRD_GRP_049"",""TRD_GRP_050"",""TRD_GRP_051"",""TRD_GRP_052"",""TRD_GRP_053"",""TRD_GRP_054"",""TRD_GRP_055"",""TRD_GRP_056"",""TRD_GRP_057"",""TRD_GRP_058"",""TRD_GRP_059"",""TRD_GRP_060"",""TRD_GRP_061"",""TRD_GRP_062"",""TRD_GRP_063"",""TRD_GRP_064"",""TRD_GRP_065"",""TRD_GRP_066"",""TRD_GRP_067"",""TRD_GRP_068"",""TRD_GRP_069"",""TRD_GRP_070"",""TRD_GRP_071"",""TRD_GRP_072"",""TRD_GRP_073"",""TRD_GRP_074"",""TRD_GRP_075"",""TRD_GRP_076"",""TRD_GRP_077"",""TRD_GRP_078"",""TRD_GRP_079"",""TRD_GRP_080"",""TRD_GRP_081"",""TRD_GRP_082"",""TRD_GRP_083"",""TRD_GRP_084"",""TRD_GRP_085"",""TRD_GRP_086"",""TRD_GRP_087"",""TRD_GRP_088"",""TRD_GRP_089"",""TRD_GRP_090"",""TRD_GRP_091"",""TRD_GRP_092"",""TRD_GRP_093"",""TRD_GRP_094"",""TRD_GRP_095"",""TRD_GRP_096"",""TRD_GRP_097"",""TRD_GRP_098"",""TRD_GRP_099"",""TRD_GRP_100"",""TRD_GRP_101"",""TRD_GRP_102"",""TRD_GRP_103"",""TRD_GRP_104"",""TRD_GRP_105"",""TRD_GRP_106"",""TRD_GRP_107"",""TRD_GRP_108"",""TRD_GRP_109"",""TRD_GRP_110"",""TRD_GRP_111"",""TRD_GRP_112"",""TRD_GRP_113"",""TRD_GRP_114"",""TRD_GRP_115"",""TRD_GRP_116"",""TRD_GRP_117"",""TRD_GRP_118"",""TRD_GRP_119"",""TRD_GRP_120"",""TRD_GRP_121"",""TRD_GRP_122"",""TRD_GRP_123"",""TRD_GRP_124"",""TRD_GRP_125"",""TRD_GRP_126"",""TRD_GRP_127"",""TRD_GRP_128"",""TRD_GRP_129"",""TRD_GRP_130"",""TRD_GRP_131"",""TRD_GRP_132"",""TRD_GRP_133"",""TRD_GRP_134"",""TRD_GRP_135"",""TRD_GRP_136"",""TRD_GRP_137"",""TRD_GRP_138"",""TRD_GRP_139"",""TRD_GRP_140"",""TRD_GRP_141"",""TRD_GRP_142"",""TRD_GRP_143"",""TRD_GRP_144"",""TRD_GRP_145"",""TRD_GRP_146"",""TRD_GRP_147"",""TRD_GRP_148"",""TRD_GRP_149"",""TRD_GRP_150"",""TRD_GRP_151"",""TRD_GRP_152"",""TRD_GRP_153"",""TRD_GRP_154"",""TRD_GRP_155"",""TRD_GRP_156"",""TRD_GRP_157"",""TRD_GRP_158"",""TRD_GRP_159"",""TRD_GRP_160"",""TRD_GRP_161"",""TRD_GRP_162"",""TRD_GRP_163"",""TRD_GRP_164"",""TRD_GRP_165"",""TRD_GRP_166"",""TRD_GRP_167"",""TRD_GRP_168"",""TRD_GRP_169"",""TRD_GRP_170"",""TRD_GRP_171"",""TRD_GRP_172"",""TRD_GRP_173"",""TRD_GRP_174"",""TRD_GRP_175"",""TRD_GRP_176"",""TRD_GRP_177"",""TRD_GRP_178"",""TRD_GRP_179"",""TRD_GRP_180"",""TRD_GRP_181"",""TRD_GRP_182"",""TRD_GRP_183"",""TRD_GRP_184"",""TRD_GRP_185"",""TRD_GRP_186"",""TRD_GRP_187"",""TRD_GRP_188"",""TRD_GRP_189"",""TRD_GRP_190"",""TRD_GRP_191"",""TRD_GRP_192"",""TRD_GRP_193"",""TRD_GRP_194"",""TRD_GRP_195"",""TRD_GRP_196"",""TRD_GRP_197"",""TRD_GRP_198"",""TRD_GRP_199"",""TRD_GRP_200"",""TRD_GRP_201"",""TRD_GRP_202"",""TRD_GRP_203"",""TRD_GRP_204"",""TRD_GRP_205"",""TRD_GRP_206"",""TRD_GRP_207"",""TRD_GRP_208"",""TRD_GRP_209"",""TRD_GRP_210"",""TRD_GRP_211"",""TRD_GRP_212"",""TRD_GRP_213"",""TRD_GRP_214"",""TRD_GRP_215"",""TRD_GRP_216"",""TRD_GRP_217"",""TRD_GRP_218"",""TRD_GRP_219"",""TRD_GRP_220"",""TRD_GRP_221"",""TRD_GRP_222"",""TRD_GRP_223"",""TRD_GRP_224"",""TRD_GRP_225"",""TRD_GRP_226"",""TRD_GRP_227"",""TRD_GRP_228"",""TRD_GRP_229"",""TRD_GRP_230"",""TRD_GRP_231"",""TRD_GRP_232"",""TRD_GRP_233"",""TRD_GRP_234"",""TRD_GRP_235"",""TRD_GRP_236"",""TRD_GRP_237"",""TRD_GRP_238"",""TRD_GRP_239"",""TRD_GRP_240"",""TRD_GRP_242"",""TRD_GRP_243"",""TRD_GRP_244"",""TRD_GRP_245"",""TRD_GRP_246"",""TRD_GRP_247"",""TRD_GRP_248"",""TRD_GRP_249"",""TRD_GRP_250"",""TRD_GRP_251"",""TRD_GRP_252"",""TRD_GRP_253"",""TRD_GRP_256"",""TRD_GRP_258""]]",EXPIRE_TAKER|EXPIRE_MAKER|EXPIRE_BOTH|DECREMENT|TRANSFER,0.00100000,10000.00000000,0.00100000,0.01000000,90000.00000000,0.01000000,100,0.00000000,37791.25608333,0.00000000,10,2000,10,2000,1.2,0.5,2,0.8,5,5.00000000,true,9000000.00000000,false,5,200,20,5,10
APTUSDT,OutOfSample,2109,0.05521301482701779,0.005521301482701779,true,1,0,TRADING,APT,USDT,8,8,8,8,8,true,true,true,true,true,true,true,true,true,true,true,EXPIRE_MAKER,LIMIT|LIMIT_MAKER|MARKET|STOP_LOSS|STOP_LOSS_LIMIT|TAKE_PROFIT|TAKE_PROFIT_LIMIT,,"[[""SPOT"",""MARGIN"",""TRD_GRP_004"",""TRD_GRP_005"",""TRD_GRP_006"",""TRD_GRP_015"",""TRD_GRP_016"",""TRD_GRP_017"",""TRD_GRP_018"",""TRD_GRP_019"",""TRD_GRP_020"",""TRD_GRP_021"",""TRD_GRP_022"",""TRD_GRP_023"",""TRD_GRP_024"",""TRD_GRP_025"",""TRD_GRP_049"",""TRD_GRP_050"",""TRD_GRP_051"",""TRD_GRP_052"",""TRD_GRP_053"",""TRD_GRP_054"",""TRD_GRP_055"",""TRD_GRP_056"",""TRD_GRP_057"",""TRD_GRP_058"",""TRD_GRP_059"",""TRD_GRP_060"",""TRD_GRP_061"",""TRD_GRP_062"",""TRD_GRP_063"",""TRD_GRP_064"",""TRD_GRP_065"",""TRD_GRP_066"",""TRD_GRP_067"",""TRD_GRP_068"",""TRD_GRP_069"",""TRD_GRP_070"",""TRD_GRP_071"",""TRD_GRP_072"",""TRD_GRP_073"",""TRD_GRP_074"",""TRD_GRP_075"",""TRD_GRP_076"",""TRD_GRP_077"",""TRD_GRP_078"",""TRD_GRP_079"",""TRD_GRP_080"",""TRD_GRP_081"",""TRD_GRP_082"",""TRD_GRP_083"",""TRD_GRP_084"",""TRD_GRP_085"",""TRD_GRP_086"",""TRD_GRP_087"",""TRD_GRP_088"",""TRD_GRP_089"",""TRD_GRP_090"",""TRD_GRP_091"",""TRD_GRP_092"",""TRD_GRP_093"",""TRD_GRP_094"",""TRD_GRP_095"",""TRD_GRP_096"",""TRD_GRP_097"",""TRD_GRP_098"",""TRD_GRP_099"",""TRD_GRP_100"",""TRD_GRP_101"",""TRD_GRP_102"",""TRD_GRP_103"",""TRD_GRP_104"",""TRD_GRP_105"",""TRD_GRP_106"",""TRD_GRP_107"",""TRD_GRP_108"",""TRD_GRP_109"",""TRD_GRP_110"",""TRD_GRP_111"",""TRD_GRP_112"",""TRD_GRP_113"",""TRD_GRP_114"",""TRD_GRP_115"",""TRD_GRP_116"",""TRD_GRP_117"",""TRD_GRP_118"",""TRD_GRP_119"",""TRD_GRP_120"",""TRD_GRP_121"",""TRD_GRP_122"",""TRD_GRP_123"",""TRD_GRP_124"",""TRD_GRP_125"",""TRD_GRP_126"",""TRD_GRP_127"",""TRD_GRP_128"",""TRD_GRP_129"",""TRD_GRP_130"",""TRD_GRP_131"",""TRD_GRP_132"",""TRD_GRP_133"",""TRD_GRP_134"",""TRD_GRP_135"",""TRD_GRP_136"",""TRD_GRP_137"",""TRD_GRP_138"",""TRD_GRP_139"",""TRD_GRP_140"",""TRD_GRP_141"",""TRD_GRP_142"",""TRD_GRP_143"",""TRD_GRP_144"",""TRD_GRP_145"",""TRD_GRP_146"",""TRD_GRP_147"",""TRD_GRP_148"",""TRD_GRP_149"",""TRD_GRP_150"",""TRD_GRP_151"",""TRD_GRP_152"",""TRD_GRP_153"",""TRD_GRP_154"",""TRD_GRP_155"",""TRD_GRP_156"",""TRD_GRP_157"",""TRD_GRP_158"",""TRD_GRP_159"",""TRD_GRP_160"",""TRD_GRP_161"",""TRD_GRP_162"",""TRD_GRP_163"",""TRD_GRP_164"",""TRD_GRP_165"",""TRD_GRP_166"",""TRD_GRP_167"",""TRD_GRP_168"",""TRD_GRP_169"",""TRD_GRP_170"",""TRD_GRP_171"",""TRD_GRP_172"",""TRD_GRP_173"",""TRD_GRP_174"",""TRD_GRP_175"",""TRD_GRP_176"",""TRD_GRP_177"",""TRD_GRP_178"",""TRD_GRP_179"",""TRD_GRP_180"",""TRD_GRP_181"",""TRD_GRP_182"",""TRD_GRP_183"",""TRD_GRP_184"",""TRD_GRP_185"",""TRD_GRP_186"",""TRD_GRP_187"",""TRD_GRP_188"",""TRD_GRP_189"",""TRD_GRP_190"",""TRD_GRP_191"",""TRD_GRP_192"",""TRD_GRP_193"",""TRD_GRP_194"",""TRD_GRP_195"",""TRD_GRP_196"",""TRD_GRP_197"",""TRD_GRP_198"",""TRD_GRP_199"",""TRD_GRP_200"",""TRD_GRP_201"",""TRD_GRP_202"",""TRD_GRP_203"",""TRD_GRP_204"",""TRD_GRP_205"",""TRD_GRP_206"",""TRD_GRP_207"",""TRD_GRP_208"",""TRD_GRP_209"",""TRD_GRP_210"",""TRD_GRP_211"",""TRD_GRP_212"",""TRD_GRP_213"",""TRD_GRP_214"",""TRD_GRP_215"",""TRD_GRP_216"",""TRD_GRP_217"",""TRD_GRP_218"",""TRD_GRP_219"",""TRD_GRP_220"",""TRD_GRP_221"",""TRD_GRP_222"",""TRD_GRP_223"",""TRD_GRP_224"",""TRD_GRP_225"",""TRD_GRP_226"",""TRD_GRP_227"",""TRD_GRP_228"",""TRD_GRP_229"",""TRD_GRP_230"",""TRD_GRP_231"",""TRD_GRP_232"",""TRD_GRP_233"",""TRD_GRP_234"",""TRD_GRP_235"",""TRD_GRP_236"",""TRD_GRP_237"",""TRD_GRP_238"",""TRD_GRP_239"",""TRD_GRP_240"",""TRD_GRP_242"",""TRD_GRP_243"",""TRD_GRP_244"",""TRD_GRP_245"",""TRD_GRP_246"",""TRD_GRP_247"",""TRD_GRP_248"",""TRD_GRP_249"",""TRD_GRP_250"",""TRD_GRP_251"",""TRD_GRP_252"",""TRD_GRP_253"",""TRD_GRP_256"",""TRD_GRP_258""]]",EXPIRE_TAKER|EXPIRE_MAKER|EXPIRE_BOTH|DECREMENT|TRANSFER,0.00100000,1000.00000000,0.00100000,0.01000000,92141578.00000000,0.01000000,100,0.00000000,297994.16591666,0.00000000,10,2000,10,2000,1.2,0.5,2,0.8,5,5.00000000,true,9000000.00000000,false,5,200,20,5,10
ASTERUSDT,OutOfSample,3328,0.026019923857868,0.0026019923857868,true,1,0,TRADING,ASTER,USDT,8,8,8,8,8,true,true,true,true,true,true,true,true,true,true,true,EXPIRE_MAKER,LIMIT|LIMIT_MAKER|MARKET|STOP_LOSS|STOP_LOSS_LIMIT|TAKE_PROFIT|TAKE_PROFIT_LIMIT,,"[[""SPOT"",""MARGIN"",""TRD_GRP_004"",""TRD_GRP_005"",""TRD_GRP_006"",""TRD_GRP_016"",""TRD_GRP_017"",""TRD_GRP_018"",""TRD_GRP_019"",""TRD_GRP_020"",""TRD_GRP_021"",""TRD_GRP_022"",""TRD_GRP_023"",""TRD_GRP_024"",""TRD_GRP_025"",""TRD_GRP_049"",""TRD_GRP_050"",""TRD_GRP_051"",""TRD_GRP_052"",""TRD_GRP_053"",""TRD_GRP_054"",""TRD_GRP_055"",""TRD_GRP_056"",""TRD_GRP_057"",""TRD_GRP_058"",""TRD_GRP_059"",""TRD_GRP_060"",""TRD_GRP_061"",""TRD_GRP_062"",""TRD_GRP_063"",""TRD_GRP_064"",""TRD_GRP_065"",""TRD_GRP_066"",""TRD_GRP_067"",""TRD_GRP_068"",""TRD_GRP_069"",""TRD_GRP_070"",""TRD_GRP_071"",""TRD_GRP_072"",""TRD_GRP_073"",""TRD_GRP_074"",""TRD_GRP_075"",""TRD_GRP_076"",""TRD_GRP_077"",""TRD_GRP_078"",""TRD_GRP_079"",""TRD_GRP_080"",""TRD_GRP_081"",""TRD_GRP_082"",""TRD_GRP_083"",""TRD_GRP_084"",""TRD_GRP_085"",""TRD_GRP_086"",""TRD_GRP_087"",""TRD_GRP_088"",""TRD_GRP_089"",""TRD_GRP_090"",""TRD_GRP_091"",""TRD_GRP_092"",""TRD_GRP_093"",""TRD_GRP_094"",""TRD_GRP_095"",""TRD_GRP_096"",""TRD_GRP_097"",""TRD_GRP_098"",""TRD_GRP_099"",""TRD_GRP_100"",""TRD_GRP_101"",""TRD_GRP_102"",""TRD_GRP_103"",""TRD_GRP_104"",""TRD_GRP_105"",""TRD_GRP_106"",""TRD_GRP_107"",""TRD_GRP_108"",""TRD_GRP_109"",""TRD_GRP_110"",""TRD_GRP_111"",""TRD_GRP_112"",""TRD_GRP_113"",""TRD_GRP_114"",""TRD_GRP_115"",""TRD_GRP_116"",""TRD_GRP_117"",""TRD_GRP_118"",""TRD_GRP_119"",""TRD_GRP_120"",""TRD_GRP_121"",""TRD_GRP_122"",""TRD_GRP_123"",""TRD_GRP_124"",""TRD_GRP_125"",""TRD_GRP_126"",""TRD_GRP_127"",""TRD_GRP_128"",""TRD_GRP_129"",""TRD_GRP_130"",""TRD_GRP_131"",""TRD_GRP_132"",""TRD_GRP_133"",""TRD_GRP_134"",""TRD_GRP_135"",""TRD_GRP_136"",""TRD_GRP_137"",""TRD_GRP_138"",""TRD_GRP_139"",""TRD_GRP_140"",""TRD_GRP_141"",""TRD_GRP_142"",""TRD_GRP_143"",""TRD_GRP_144"",""TRD_GRP_145"",""TRD_GRP_146"",""TRD_GRP_147"",""TRD_GRP_148"",""TRD_GRP_149"",""TRD_GRP_150"",""TRD_GRP_151"",""TRD_GRP_152"",""TRD_GRP_153"",""TRD_GRP_154"",""TRD_GRP_155"",""TRD_GRP_156"",""TRD_GRP_157"",""TRD_GRP_158"",""TRD_GRP_159"",""TRD_GRP_160"",""TRD_GRP_161"",""TRD_GRP_162"",""TRD_GRP_163"",""TRD_GRP_164"",""TRD_GRP_165"",""TRD_GRP_166"",""TRD_GRP_167"",""TRD_GRP_168"",""TRD_GRP_169"",""TRD_GRP_170"",""TRD_GRP_171"",""TRD_GRP_172"",""TRD_GRP_173"",""TRD_GRP_174"",""TRD_GRP_175"",""TRD_GRP_176"",""TRD_GRP_177"",""TRD_GRP_178"",""TRD_GRP_179"",""TRD_GRP_180"",""TRD_GRP_181"",""TRD_GRP_182"",""TRD_GRP_183"",""TRD_GRP_184"",""TRD_GRP_185"",""TRD_GRP_186"",""TRD_GRP_187"",""TRD_GRP_188"",""TRD_GRP_189"",""TRD_GRP_190"",""TRD_GRP_191"",""TRD_GRP_192"",""TRD_GRP_193"",""TRD_GRP_194"",""TRD_GRP_195"",""TRD_GRP_196"",""TRD_GRP_197"",""TRD_GRP_198"",""TRD_GRP_199"",""TRD_GRP_200"",""TRD_GRP_201"",""TRD_GRP_202"",""TRD_GRP_203"",""TRD_GRP_204"",""TRD_GRP_205"",""TRD_GRP_206"",""TRD_GRP_207"",""TRD_GRP_208"",""TRD_GRP_209"",""TRD_GRP_210"",""TRD_GRP_211"",""TRD_GRP_212"",""TRD_GRP_213"",""TRD_GRP_214"",""TRD_GRP_215"",""TRD_GRP_216"",""TRD_GRP_217"",""TRD_GRP_218"",""TRD_GRP_219"",""TRD_GRP_220"",""TRD_GRP_221"",""TRD_GRP_222"",""TRD_GRP_223"",""TRD_GRP_224"",""TRD_GRP_225"",""TRD_GRP_226"",""TRD_GRP_227"",""TRD_GRP_228"",""TRD_GRP_229"",""TRD_GRP_230"",""TRD_GRP_231"",""TRD_GRP_232"",""TRD_GRP_233"",""TRD_GRP_234"",""TRD_GRP_235"",""TRD_GRP_236"",""TRD_GRP_237"",""TRD_GRP_238"",""TRD_GRP_239"",""TRD_GRP_240"",""TRD_GRP_242"",""TRD_GRP_243"",""TRD_GRP_244"",""TRD_GRP_245"",""TRD_GRP_246"",""TRD_GRP_247"",""TRD_GRP_248"",""TRD_GRP_249"",""TRD_GRP_250"",""TRD_GRP_251"",""TRD_GRP_252"",""TRD_GRP_253"",""TRD_GRP_256"",""TRD_GRP_258""]]",EXPIRE_TAKER|EXPIRE_MAKER|EXPIRE_BOTH|DECREMENT|TRANSFER,0.00100000,1000.00000000,0.00100000,0.01000000,92141578.00000000,0.01000000,100,0.00000000,382518.37504166,0.00000000,10,2000,10,2000,1.2,0.5,2,0.8,5,5.00000000,true,9000000.00000000,false,5,200,20,5,10
AEROUSDT,OutOfSample,3647,0,0,false,0,0,TRADING,AERO,USDT,8,8,8,8,8,true,true,true,true,true,true,true,true,true,true,true,EXPIRE_MAKER,LIMIT|LIMIT_MAKER|MARKET|STOP_LOSS|STOP_LOSS_LIMIT|TAKE_PROFIT|TAKE_PROFIT_LIMIT,,"[[""SPOT"",""MARGIN"",""TRD_GRP_004"",""TRD_GRP_005"",""TRD_GRP_006"",""TRD_GRP_016"",""TRD_GRP_017"",""TRD_GRP_018"",""TRD_GRP_019"",""TRD_GRP_020"",""TRD_GRP_021"",""TRD_GRP_022"",""TRD_GRP_023"",""TRD_GRP_024"",""TRD_GRP_025"",""TRD_GRP_049"",""TRD_GRP_050"",""TRD_GRP_051"",""TRD_GRP_052"",""TRD_GRP_053"",""TRD_GRP_054"",""TRD_GRP_055"",""TRD_GRP_056"",""TRD_GRP_057"",""TRD_GRP_058"",""TRD_GRP_059"",""TRD_GRP_060"",""TRD_GRP_061"",""TRD_GRP_062"",""TRD_GRP_063"",""TRD_GRP_064"",""TRD_GRP_065"",""TRD_GRP_066"",""TRD_GRP_067"",""TRD_GRP_068"",""TRD_GRP_069"",""TRD_GRP_070"",""TRD_GRP_071"",""TRD_GRP_072"",""TRD_GRP_073"",""TRD_GRP_074"",""TRD_GRP_075"",""TRD_GRP_076"",""TRD_GRP_077"",""TRD_GRP_078"",""TRD_GRP_079"",""TRD_GRP_080"",""TRD_GRP_081"",""TRD_GRP_082"",""TRD_GRP_083"",""TRD_GRP_084"",""TRD_GRP_085"",""TRD_GRP_086"",""TRD_GRP_087"",""TRD_GRP_088"",""TRD_GRP_089"",""TRD_GRP_090"",""TRD_GRP_091"",""TRD_GRP_092"",""TRD_GRP_093"",""TRD_GRP_094"",""TRD_GRP_095"",""TRD_GRP_096"",""TRD_GRP_097"",""TRD_GRP_098"",""TRD_GRP_099"",""TRD_GRP_100"",""TRD_GRP_101"",""TRD_GRP_102"",""TRD_GRP_103"",""TRD_GRP_104"",""TRD_GRP_105"",""TRD_GRP_106"",""TRD_GRP_107"",""TRD_GRP_108"",""TRD_GRP_109"",""TRD_GRP_110"",""TRD_GRP_111"",""TRD_GRP_112"",""TRD_GRP_113"",""TRD_GRP_114"",""TRD_GRP_115"",""TRD_GRP_116"",""TRD_GRP_117"",""TRD_GRP_118"",""TRD_GRP_119"",""TRD_GRP_120"",""TRD_GRP_121"",""TRD_GRP_122"",""TRD_GRP_123"",""TRD_GRP_124"",""TRD_GRP_125"",""TRD_GRP_126"",""TRD_GRP_127"",""TRD_GRP_128"",""TRD_GRP_129"",""TRD_GRP_130"",""TRD_GRP_131"",""TRD_GRP_132"",""TRD_GRP_133"",""TRD_GRP_134"",""TRD_GRP_135"",""TRD_GRP_136"",""TRD_GRP_137"",""TRD_GRP_138"",""TRD_GRP_139"",""TRD_GRP_140"",""TRD_GRP_141"",""TRD_GRP_142"",""TRD_GRP_143"",""TRD_GRP_144"",""TRD_GRP_145"",""TRD_GRP_146"",""TRD_GRP_147"",""TRD_GRP_148"",""TRD_GRP_149"",""TRD_GRP_150"",""TRD_GRP_151"",""TRD_GRP_152"",""TRD_GRP_153"",""TRD_GRP_154"",""TRD_GRP_155"",""TRD_GRP_156"",""TRD_GRP_157"",""TRD_GRP_158"",""TRD_GRP_159"",""TRD_GRP_160"",""TRD_GRP_161"",""TRD_GRP_162"",""TRD_GRP_163"",""TRD_GRP_164"",""TRD_GRP_165"",""TRD_GRP_166"",""TRD_GRP_167"",""TRD_GRP_168"",""TRD_GRP_169"",""TRD_GRP_170"",""TRD_GRP_171"",""TRD_GRP_172"",""TRD_GRP_173"",""TRD_GRP_174"",""TRD_GRP_175"",""TRD_GRP_176"",""TRD_GRP_177"",""TRD_GRP_178"",""TRD_GRP_179"",""TRD_GRP_180"",""TRD_GRP_181"",""TRD_GRP_182"",""TRD_GRP_183"",""TRD_GRP_184"",""TRD_GRP_185"",""TRD_GRP_186"",""TRD_GRP_187"",""TRD_GRP_188"",""TRD_GRP_189"",""TRD_GRP_190"",""TRD_GRP_191"",""TRD_GRP_192"",""TRD_GRP_193"",""TRD_GRP_194"",""TRD_GRP_195"",""TRD_GRP_196"",""TRD_GRP_197"",""TRD_GRP_198"",""TRD_GRP_199"",""TRD_GRP_200"",""TRD_GRP_201"",""TRD_GRP_202"",""TRD_GRP_203"",""TRD_GRP_204"",""TRD_GRP_205"",""TRD_GRP_206"",""TRD_GRP_207"",""TRD_GRP_208"",""TRD_GRP_209"",""TRD_GRP_210"",""TRD_GRP_211"",""TRD_GRP_212"",""TRD_GRP_213"",""TRD_GRP_214"",""TRD_GRP_215"",""TRD_GRP_216"",""TRD_GRP_217"",""TRD_GRP_218"",""TRD_GRP_219"",""TRD_GRP_220"",""TRD_GRP_221"",""TRD_GRP_222"",""TRD_GRP_223"",""TRD_GRP_224"",""TRD_GRP_225"",""TRD_GRP_226"",""TRD_GRP_227"",""TRD_GRP_228"",""TRD_GRP_229"",""TRD_GRP_230"",""TRD_GRP_231"",""TRD_GRP_232"",""TRD_GRP_233"",""TRD_GRP_234"",""TRD_GRP_235"",""TRD_GRP_236"",""TRD_GRP_237"",""TRD_GRP_238"",""TRD_GRP_239"",""TRD_GRP_240"",""TRD_GRP_242"",""TRD_GRP_245"",""TRD_GRP_246"",""TRD_GRP_247"",""TRD_GRP_248"",""TRD_GRP_249"",""TRD_GRP_250"",""TRD_GRP_251"",""TRD_GRP_252"",""TRD_GRP_253"",""TRD_GRP_256"",""TRD_GRP_258""]]",EXPIRE_TAKER|EXPIRE_MAKER|EXPIRE_BOTH|DECREMENT|TRANSFER,0.00010000,100.00000000,0.00010000,0.10000000,913205152.00000000,0.10000000,100,0.00000000,118466.08000000,0.00000000,10,2000,10,2000,1.2,0.5,2,0.8,5,5.00000000,true,9000000.00000000,false,5,200,20,5,10
ARBUSDT,OutOfSample,2168,0,0,false,0,0,TRADING,ARB,USDT,8,8,8,8,8,true,true,true,true,true,true,true,true,true,true,true,EXPIRE_MAKER,LIMIT|LIMIT_MAKER|MARKET|STOP_LOSS|STOP_LOSS_LIMIT|TAKE_PROFIT|TAKE_PROFIT_LIMIT,,"[[""SPOT"",""MARGIN"",""TRD_GRP_004"",""TRD_GRP_005"",""TRD_GRP_006"",""TRD_GRP_015"",""TRD_GRP_016"",""TRD_GRP_017"",""TRD_GRP_018"",""TRD_GRP_019"",""TRD_GRP_020"",""TRD_GRP_021"",""TRD_GRP_022"",""TRD_GRP_023"",""TRD_GRP_024"",""TRD_GRP_025"",""TRD_GRP_049"",""TRD_GRP_050"",""TRD_GRP_051"",""TRD_GRP_052"",""TRD_GRP_053"",""TRD_GRP_054"",""TRD_GRP_055"",""TRD_GRP_056"",""TRD_GRP_057"",""TRD_GRP_058"",""TRD_GRP_059"",""TRD_GRP_060"",""TRD_GRP_061"",""TRD_GRP_062"",""TRD_GRP_063"",""TRD_GRP_064"",""TRD_GRP_065"",""TRD_GRP_066"",""TRD_GRP_067"",""TRD_GRP_068"",""TRD_GRP_069"",""TRD_GRP_070"",""TRD_GRP_071"",""TRD_GRP_072"",""TRD_GRP_073"",""TRD_GRP_074"",""TRD_GRP_075"",""TRD_GRP_076"",""TRD_GRP_077"",""TRD_GRP_078"",""TRD_GRP_079"",""TRD_GRP_080"",""TRD_GRP_081"",""TRD_GRP_082"",""TRD_GRP_083"",""TRD_GRP_084"",""TRD_GRP_085"",""TRD_GRP_086"",""TRD_GRP_087"",""TRD_GRP_088"",""TRD_GRP_089"",""TRD_GRP_090"",""TRD_GRP_091"",""TRD_GRP_092"",""TRD_GRP_093"",""TRD_GRP_094"",""TRD_GRP_095"",""TRD_GRP_096"",""TRD_GRP_097"",""TRD_GRP_098"",""TRD_GRP_099"",""TRD_GRP_100"",""TRD_GRP_101"",""TRD_GRP_102"",""TRD_GRP_103"",""TRD_GRP_104"",""TRD_GRP_105"",""TRD_GRP_106"",""TRD_GRP_107"",""TRD_GRP_108"",""TRD_GRP_109"",""TRD_GRP_110"",""TRD_GRP_111"",""TRD_GRP_112"",""TRD_GRP_113"",""TRD_GRP_114"",""TRD_GRP_115"",""TRD_GRP_116"",""TRD_GRP_117"",""TRD_GRP_118"",""TRD_GRP_119"",""TRD_GRP_120"",""TRD_GRP_121"",""TRD_GRP_122"",""TRD_GRP_123"",""TRD_GRP_124"",""TRD_GRP_125"",""TRD_GRP_126"",""TRD_GRP_127"",""TRD_GRP_128"",""TRD_GRP_129"",""TRD_GRP_130"",""TRD_GRP_131"",""TRD_GRP_132"",""TRD_GRP_133"",""TRD_GRP_134"",""TRD_GRP_135"",""TRD_GRP_136"",""TRD_GRP_137"",""TRD_GRP_138"",""TRD_GRP_139"",""TRD_GRP_140"",""TRD_GRP_141"",""TRD_GRP_142"",""TRD_GRP_143"",""TRD_GRP_144"",""TRD_GRP_145"",""TRD_GRP_146"",""TRD_GRP_147"",""TRD_GRP_148"",""TRD_GRP_149"",""TRD_GRP_150"",""TRD_GRP_151"",""TRD_GRP_152"",""TRD_GRP_153"",""TRD_GRP_154"",""TRD_GRP_155"",""TRD_GRP_156"",""TRD_GRP_157"",""TRD_GRP_158"",""TRD_GRP_159"",""TRD_GRP_160"",""TRD_GRP_161"",""TRD_GRP_162"",""TRD_GRP_163"",""TRD_GRP_164"",""TRD_GRP_165"",""TRD_GRP_166"",""TRD_GRP_167"",""TRD_GRP_168"",""TRD_GRP_169"",""TRD_GRP_170"",""TRD_GRP_171"",""TRD_GRP_172"",""TRD_GRP_173"",""TRD_GRP_174"",""TRD_GRP_175"",""TRD_GRP_176"",""TRD_GRP_177"",""TRD_GRP_178"",""TRD_GRP_179"",""TRD_GRP_180"",""TRD_GRP_181"",""TRD_GRP_182"",""TRD_GRP_183"",""TRD_GRP_184"",""TRD_GRP_185"",""TRD_GRP_186"",""TRD_GRP_187"",""TRD_GRP_188"",""TRD_GRP_189"",""TRD_GRP_190"",""TRD_GRP_191"",""TRD_GRP_192"",""TRD_GRP_193"",""TRD_GRP_194"",""TRD_GRP_195"",""TRD_GRP_196"",""TRD_GRP_197"",""TRD_GRP_198"",""TRD_GRP_199"",""TRD_GRP_200"",""TRD_GRP_201"",""TRD_GRP_202"",""TRD_GRP_203"",""TRD_GRP_204"",""TRD_GRP_205"",""TRD_GRP_206"",""TRD_GRP_207"",""TRD_GRP_208"",""TRD_GRP_209"",""TRD_GRP_210"",""TRD_GRP_211"",""TRD_GRP_212"",""TRD_GRP_213"",""TRD_GRP_214"",""TRD_GRP_215"",""TRD_GRP_216"",""TRD_GRP_217"",""TRD_GRP_218"",""TRD_GRP_219"",""TRD_GRP_220"",""TRD_GRP_221"",""TRD_GRP_222"",""TRD_GRP_223"",""TRD_GRP_224"",""TRD_GRP_225"",""TRD_GRP_226"",""TRD_GRP_227"",""TRD_GRP_228"",""TRD_GRP_229"",""TRD_GRP_230"",""TRD_GRP_231"",""TRD_GRP_232"",""TRD_GRP_233"",""TRD_GRP_234"",""TRD_GRP_235"",""TRD_GRP_236"",""TRD_GRP_237"",""TRD_GRP_238"",""TRD_GRP_239"",""TRD_GRP_240"",""TRD_GRP_242"",""TRD_GRP_243"",""TRD_GRP_244"",""TRD_GRP_245"",""TRD_GRP_246"",""TRD_GRP_247"",""TRD_GRP_248"",""TRD_GRP_249"",""TRD_GRP_250"",""TRD_GRP_251"",""TRD_GRP_252"",""TRD_GRP_253"",""TRD_GRP_256"",""TRD_GRP_258""]]",EXPIRE_TAKER|EXPIRE_MAKER|EXPIRE_BOTH|DECREMENT|TRANSFER,0.00010000,1000.00000000,0.00010000,0.10000000,92141578.00000000,0.10000000,100,0.00000000,1352258.59916666,0.00000000,10,2000,10,2000,1.2,0.5,2,0.8,5,5.00000000,true,9000000.00000000,false,5,200,20,5,10
BLURUSDT,OutOfSample,2365,0,0,false,0,0,TRADING,BLUR,USDT,8,8,8,8,8,true,true,true,true,true,true,true,true,true,true,true,EXPIRE_MAKER,LIMIT|LIMIT_MAKER|MARKET|STOP_LOSS|STOP_LOSS_LIMIT|TAKE_PROFIT|TAKE_PROFIT_LIMIT,,"[[""SPOT"",""MARGIN"",""TRD_GRP_004"",""TRD_GRP_005"",""TRD_GRP_006"",""TRD_GRP_016"",""TRD_GRP_017"",""TRD_GRP_018"",""TRD_GRP_019"",""TRD_GRP_020"",""TRD_GRP_021"",""TRD_GRP_022"",""TRD_GRP_023"",""TRD_GRP_024"",""TRD_GRP_025"",""TRD_GRP_049"",""TRD_GRP_050"",""TRD_GRP_051"",""TRD_GRP_052"",""TRD_GRP_053"",""TRD_GRP_054"",""TRD_GRP_055"",""TRD_GRP_056"",""TRD_GRP_057"",""TRD_GRP_058"",""TRD_GRP_059"",""TRD_GRP_060"",""TRD_GRP_061"",""TRD_GRP_062"",""TRD_GRP_063"",""TRD_GRP_064"",""TRD_GRP_065"",""TRD_GRP_066"",""TRD_GRP_067"",""TRD_GRP_068"",""TRD_GRP_069"",""TRD_GRP_070"",""TRD_GRP_071"",""TRD_GRP_072"",""TRD_GRP_073"",""TRD_GRP_074"",""TRD_GRP_075"",""TRD_GRP_076"",""TRD_GRP_077"",""TRD_GRP_078"",""TRD_GRP_079"",""TRD_GRP_080"",""TRD_GRP_081"",""TRD_GRP_082"",""TRD_GRP_083"",""TRD_GRP_084"",""TRD_GRP_085"",""TRD_GRP_086"",""TRD_GRP_087"",""TRD_GRP_088"",""TRD_GRP_089"",""TRD_GRP_090"",""TRD_GRP_091"",""TRD_GRP_092"",""TRD_GRP_093"",""TRD_GRP_094"",""TRD_GRP_095"",""TRD_GRP_096"",""TRD_GRP_097"",""TRD_GRP_098"",""TRD_GRP_099"",""TRD_GRP_100"",""TRD_GRP_101"",""TRD_GRP_102"",""TRD_GRP_103"",""TRD_GRP_104"",""TRD_GRP_105"",""TRD_GRP_106"",""TRD_GRP_107"",""TRD_GRP_108"",""TRD_GRP_109"",""TRD_GRP_110"",""TRD_GRP_111"",""TRD_GRP_112"",""TRD_GRP_113"",""TRD_GRP_114"",""TRD_GRP_115"",""TRD_GRP_116"",""TRD_GRP_117"",""TRD_GRP_118"",""TRD_GRP_119"",""TRD_GRP_120"",""TRD_GRP_121"",""TRD_GRP_122"",""TRD_GRP_123"",""TRD_GRP_124"",""TRD_GRP_125"",""TRD_GRP_126"",""TRD_GRP_127"",""TRD_GRP_128"",""TRD_GRP_129"",""TRD_GRP_130"",""TRD_GRP_131"",""TRD_GRP_132"",""TRD_GRP_133"",""TRD_GRP_134"",""TRD_GRP_135"",""TRD_GRP_136"",""TRD_GRP_137"",""TRD_GRP_138"",""TRD_GRP_139"",""TRD_GRP_140"",""TRD_GRP_141"",""TRD_GRP_142"",""TRD_GRP_143"",""TRD_GRP_144"",""TRD_GRP_145"",""TRD_GRP_146"",""TRD_GRP_147"",""TRD_GRP_148"",""TRD_GRP_149"",""TRD_GRP_150"",""TRD_GRP_151"",""TRD_GRP_152"",""TRD_GRP_153"",""TRD_GRP_154"",""TRD_GRP_155"",""TRD_GRP_156"",""TRD_GRP_157"",""TRD_GRP_158"",""TRD_GRP_159"",""TRD_GRP_160"",""TRD_GRP_161"",""TRD_GRP_162"",""TRD_GRP_163"",""TRD_GRP_164"",""TRD_GRP_165"",""TRD_GRP_166"",""TRD_GRP_167"",""TRD_GRP_168"",""TRD_GRP_169"",""TRD_GRP_170"",""TRD_GRP_171"",""TRD_GRP_172"",""TRD_GRP_173"",""TRD_GRP_174"",""TRD_GRP_175"",""TRD_GRP_176"",""TRD_GRP_177"",""TRD_GRP_178"",""TRD_GRP_179"",""TRD_GRP_180"",""TRD_GRP_181"",""TRD_GRP_182"",""TRD_GRP_183"",""TRD_GRP_184"",""TRD_GRP_185"",""TRD_GRP_186"",""TRD_GRP_187"",""TRD_GRP_188"",""TRD_GRP_189"",""TRD_GRP_190"",""TRD_GRP_191"",""TRD_GRP_192"",""TRD_GRP_193"",""TRD_GRP_194"",""TRD_GRP_195"",""TRD_GRP_196"",""TRD_GRP_197"",""TRD_GRP_198"",""TRD_GRP_199"",""TRD_GRP_200"",""TRD_GRP_201"",""TRD_GRP_202"",""TRD_GRP_203"",""TRD_GRP_204"",""TRD_GRP_205"",""TRD_GRP_206"",""TRD_GRP_207"",""TRD_GRP_208"",""TRD_GRP_209"",""TRD_GRP_210"",""TRD_GRP_211"",""TRD_GRP_212"",""TRD_GRP_213"",""TRD_GRP_214"",""TRD_GRP_215"",""TRD_GRP_216"",""TRD_GRP_217"",""TRD_GRP_218"",""TRD_GRP_219"",""TRD_GRP_220"",""TRD_GRP_221"",""TRD_GRP_222"",""TRD_GRP_223"",""TRD_GRP_224"",""TRD_GRP_225"",""TRD_GRP_226"",""TRD_GRP_227"",""TRD_GRP_228"",""TRD_GRP_229"",""TRD_GRP_230"",""TRD_GRP_231"",""TRD_GRP_232"",""TRD_GRP_233"",""TRD_GRP_234"",""TRD_GRP_235"",""TRD_GRP_236"",""TRD_GRP_237"",""TRD_GRP_238"",""TRD_GRP_239"",""TRD_GRP_240"",""TRD_GRP_242"",""TRD_GRP_243"",""TRD_GRP_244"",""TRD_GRP_245"",""TRD_GRP_246"",""TRD_GRP_247"",""TRD_GRP_248"",""TRD_GRP_249"",""TRD_GRP_250"",""TRD_GRP_251"",""TRD_GRP_252"",""TRD_GRP_253"",""TRD_GRP_256"",""TRD_GRP_258""]]",EXPIRE_TAKER|EXPIRE_MAKER|EXPIRE_BOTH|DECREMENT|TRANSFER,0.00001000,1000.00000000,0.00001000,0.10000000,92141578.00000000,0.10000000,100,0.00000000,982147.21708333,0.00000000,10,2000,10,2000,1.2,0.5,2,0.8,5,5.00000000,true,9000000.00000000,false,5,200,20,5,10
CHIPUSDT,OutOfSample,3565,0,0,false,0,0,TRADING,CHIP,USDT,8,8,8,8,8,true,true,true,true,true,true,true,true,true,true,true,EXPIRE_MAKER,LIMIT|LIMIT_MAKER|MARKET|STOP_LOSS|STOP_LOSS_LIMIT|TAKE_PROFIT|TAKE_PROFIT_LIMIT,,"[[""SPOT"",""MARGIN"",""TRD_GRP_004"",""TRD_GRP_005"",""TRD_GRP_006"",""TRD_GRP_016"",""TRD_GRP_017"",""TRD_GRP_018"",""TRD_GRP_019"",""TRD_GRP_020"",""TRD_GRP_021"",""TRD_GRP_022"",""TRD_GRP_023"",""TRD_GRP_024"",""TRD_GRP_025"",""TRD_GRP_049"",""TRD_GRP_050"",""TRD_GRP_051"",""TRD_GRP_052"",""TRD_GRP_053"",""TRD_GRP_054"",""TRD_GRP_055"",""TRD_GRP_056"",""TRD_GRP_057"",""TRD_GRP_058"",""TRD_GRP_059"",""TRD_GRP_060"",""TRD_GRP_061"",""TRD_GRP_062"",""TRD_GRP_063"",""TRD_GRP_064"",""TRD_GRP_065"",""TRD_GRP_066"",""TRD_GRP_067"",""TRD_GRP_068"",""TRD_GRP_069"",""TRD_GRP_070"",""TRD_GRP_071"",""TRD_GRP_072"",""TRD_GRP_073"",""TRD_GRP_074"",""TRD_GRP_075"",""TRD_GRP_076"",""TRD_GRP_077"",""TRD_GRP_078"",""TRD_GRP_079"",""TRD_GRP_080"",""TRD_GRP_081"",""TRD_GRP_082"",""TRD_GRP_083"",""TRD_GRP_084"",""TRD_GRP_085"",""TRD_GRP_086"",""TRD_GRP_087"",""TRD_GRP_088"",""TRD_GRP_089"",""TRD_GRP_090"",""TRD_GRP_091"",""TRD_GRP_092"",""TRD_GRP_093"",""TRD_GRP_094"",""TRD_GRP_095"",""TRD_GRP_096"",""TRD_GRP_097"",""TRD_GRP_098"",""TRD_GRP_099"",""TRD_GRP_100"",""TRD_GRP_101"",""TRD_GRP_102"",""TRD_GRP_103"",""TRD_GRP_104"",""TRD_GRP_105"",""TRD_GRP_106"",""TRD_GRP_107"",""TRD_GRP_108"",""TRD_GRP_109"",""TRD_GRP_110"",""TRD_GRP_111"",""TRD_GRP_112"",""TRD_GRP_113"",""TRD_GRP_114"",""TRD_GRP_115"",""TRD_GRP_116"",""TRD_GRP_117"",""TRD_GRP_118"",""TRD_GRP_119"",""TRD_GRP_120"",""TRD_GRP_121"",""TRD_GRP_122"",""TRD_GRP_123"",""TRD_GRP_124"",""TRD_GRP_125"",""TRD_GRP_126"",""TRD_GRP_127"",""TRD_GRP_128"",""TRD_GRP_129"",""TRD_GRP_130"",""TRD_GRP_131"",""TRD_GRP_132"",""TRD_GRP_133"",""TRD_GRP_134"",""TRD_GRP_135"",""TRD_GRP_136"",""TRD_GRP_137"",""TRD_GRP_138"",""TRD_GRP_139"",""TRD_GRP_140"",""TRD_GRP_141"",""TRD_GRP_142"",""TRD_GRP_143"",""TRD_GRP_144"",""TRD_GRP_145"",""TRD_GRP_146"",""TRD_GRP_147"",""TRD_GRP_148"",""TRD_GRP_149"",""TRD_GRP_150"",""TRD_GRP_151"",""TRD_GRP_152"",""TRD_GRP_153"",""TRD_GRP_154"",""TRD_GRP_155"",""TRD_GRP_156"",""TRD_GRP_157"",""TRD_GRP_158"",""TRD_GRP_159"",""TRD_GRP_160"",""TRD_GRP_161"",""TRD_GRP_162"",""TRD_GRP_163"",""TRD_GRP_164"",""TRD_GRP_165"",""TRD_GRP_166"",""TRD_GRP_167"",""TRD_GRP_168"",""TRD_GRP_169"",""TRD_GRP_170"",""TRD_GRP_171"",""TRD_GRP_172"",""TRD_GRP_173"",""TRD_GRP_174"",""TRD_GRP_175"",""TRD_GRP_176"",""TRD_GRP_177"",""TRD_GRP_178"",""TRD_GRP_179"",""TRD_GRP_180"",""TRD_GRP_181"",""TRD_GRP_182"",""TRD_GRP_183"",""TRD_GRP_184"",""TRD_GRP_185"",""TRD_GRP_186"",""TRD_GRP_187"",""TRD_GRP_188"",""TRD_GRP_189"",""TRD_GRP_190"",""TRD_GRP_191"",""TRD_GRP_192"",""TRD_GRP_193"",""TRD_GRP_194"",""TRD_GRP_195"",""TRD_GRP_196"",""TRD_GRP_197"",""TRD_GRP_198"",""TRD_GRP_199"",""TRD_GRP_200"",""TRD_GRP_201"",""TRD_GRP_202"",""TRD_GRP_203"",""TRD_GRP_204"",""TRD_GRP_205"",""TRD_GRP_206"",""TRD_GRP_207"",""TRD_GRP_208"",""TRD_GRP_209"",""TRD_GRP_210"",""TRD_GRP_211"",""TRD_GRP_212"",""TRD_GRP_213"",""TRD_GRP_214"",""TRD_GRP_215"",""TRD_GRP_216"",""TRD_GRP_217"",""TRD_GRP_218"",""TRD_GRP_219"",""TRD_GRP_220"",""TRD_GRP_221"",""TRD_GRP_222"",""TRD_GRP_223"",""TRD_GRP_224"",""TRD_GRP_225"",""TRD_GRP_226"",""TRD_GRP_227"",""TRD_GRP_228"",""TRD_GRP_229"",""TRD_GRP_230"",""TRD_GRP_231"",""TRD_GRP_232"",""TRD_GRP_233"",""TRD_GRP_234"",""TRD_GRP_235"",""TRD_GRP_236"",""TRD_GRP_237"",""TRD_GRP_238"",""TRD_GRP_239"",""TRD_GRP_240"",""TRD_GRP_242"",""TRD_GRP_245"",""TRD_GRP_246"",""TRD_GRP_247"",""TRD_GRP_248"",""TRD_GRP_249"",""TRD_GRP_250"",""TRD_GRP_251"",""TRD_GRP_252"",""TRD_GRP_253"",""TRD_GRP_256"",""TRD_GRP_258""]]",EXPIRE_TAKER|EXPIRE_MAKER|EXPIRE_BOTH|DECREMENT|TRANSFER,0.00001000,100.00000000,0.00001000,1.00000000,913205152.00000000,1.00000000,100,0.00000000,2178799.93750000,0.00000000,10,2000,10,2000,1.2,0.5,2,0.8,5,5.00000000,true,9000000.00000000,false,5,200,20,5,10
DOTUSDT,OutOfSample,955,0,0,false,0,0,TRADING,DOT,USDT,8,8,8,8,8,true,true,true,true,true,true,true,true,true,true,true,EXPIRE_MAKER,LIMIT|LIMIT_MAKER|MARKET|STOP_LOSS|STOP_LOSS_LIMIT|TAKE_PROFIT|TAKE_PROFIT_LIMIT,,"[[""SPOT"",""MARGIN"",""TRD_GRP_004"",""TRD_GRP_005"",""TRD_GRP_006"",""TRD_GRP_015"",""TRD_GRP_016"",""TRD_GRP_017"",""TRD_GRP_018"",""TRD_GRP_019"",""TRD_GRP_020"",""TRD_GRP_021"",""TRD_GRP_022"",""TRD_GRP_023"",""TRD_GRP_024"",""TRD_GRP_025"",""TRD_GRP_049"",""TRD_GRP_050"",""TRD_GRP_051"",""TRD_GRP_052"",""TRD_GRP_053"",""TRD_GRP_054"",""TRD_GRP_055"",""TRD_GRP_056"",""TRD_GRP_057"",""TRD_GRP_058"",""TRD_GRP_059"",""TRD_GRP_060"",""TRD_GRP_061"",""TRD_GRP_062"",""TRD_GRP_063"",""TRD_GRP_064"",""TRD_GRP_065"",""TRD_GRP_066"",""TRD_GRP_067"",""TRD_GRP_068"",""TRD_GRP_069"",""TRD_GRP_070"",""TRD_GRP_071"",""TRD_GRP_072"",""TRD_GRP_073"",""TRD_GRP_074"",""TRD_GRP_075"",""TRD_GRP_076"",""TRD_GRP_077"",""TRD_GRP_078"",""TRD_GRP_079"",""TRD_GRP_080"",""TRD_GRP_081"",""TRD_GRP_082"",""TRD_GRP_083"",""TRD_GRP_084"",""TRD_GRP_085"",""TRD_GRP_086"",""TRD_GRP_087"",""TRD_GRP_088"",""TRD_GRP_089"",""TRD_GRP_090"",""TRD_GRP_091"",""TRD_GRP_092"",""TRD_GRP_093"",""TRD_GRP_094"",""TRD_GRP_095"",""TRD_GRP_096"",""TRD_GRP_097"",""TRD_GRP_098"",""TRD_GRP_099"",""TRD_GRP_100"",""TRD_GRP_101"",""TRD_GRP_102"",""TRD_GRP_103"",""TRD_GRP_104"",""TRD_GRP_105"",""TRD_GRP_106"",""TRD_GRP_107"",""TRD_GRP_108"",""TRD_GRP_109"",""TRD_GRP_110"",""TRD_GRP_111"",""TRD_GRP_112"",""TRD_GRP_113"",""TRD_GRP_114"",""TRD_GRP_115"",""TRD_GRP_116"",""TRD_GRP_117"",""TRD_GRP_118"",""TRD_GRP_119"",""TRD_GRP_120"",""TRD_GRP_121"",""TRD_GRP_122"",""TRD_GRP_123"",""TRD_GRP_124"",""TRD_GRP_125"",""TRD_GRP_126"",""TRD_GRP_127"",""TRD_GRP_128"",""TRD_GRP_129"",""TRD_GRP_130"",""TRD_GRP_131"",""TRD_GRP_132"",""TRD_GRP_133"",""TRD_GRP_134"",""TRD_GRP_135"",""TRD_GRP_136"",""TRD_GRP_137"",""TRD_GRP_138"",""TRD_GRP_139"",""TRD_GRP_140"",""TRD_GRP_141"",""TRD_GRP_142"",""TRD_GRP_143"",""TRD_GRP_144"",""TRD_GRP_145"",""TRD_GRP_146"",""TRD_GRP_147"",""TRD_GRP_148"",""TRD_GRP_149"",""TRD_GRP_150"",""TRD_GRP_151"",""TRD_GRP_152"",""TRD_GRP_153"",""TRD_GRP_154"",""TRD_GRP_155"",""TRD_GRP_156"",""TRD_GRP_157"",""TRD_GRP_158"",""TRD_GRP_159"",""TRD_GRP_160"",""TRD_GRP_161"",""TRD_GRP_162"",""TRD_GRP_163"",""TRD_GRP_164"",""TRD_GRP_165"",""TRD_GRP_166"",""TRD_GRP_167"",""TRD_GRP_168"",""TRD_GRP_169"",""TRD_GRP_170"",""TRD_GRP_171"",""TRD_GRP_172"",""TRD_GRP_173"",""TRD_GRP_174"",""TRD_GRP_175"",""TRD_GRP_176"",""TRD_GRP_177"",""TRD_GRP_178"",""TRD_GRP_179"",""TRD_GRP_180"",""TRD_GRP_181"",""TRD_GRP_182"",""TRD_GRP_183"",""TRD_GRP_184"",""TRD_GRP_185"",""TRD_GRP_186"",""TRD_GRP_187"",""TRD_GRP_188"",""TRD_GRP_189"",""TRD_GRP_190"",""TRD_GRP_191"",""TRD_GRP_192"",""TRD_GRP_193"",""TRD_GRP_194"",""TRD_GRP_195"",""TRD_GRP_196"",""TRD_GRP_197"",""TRD_GRP_198"",""TRD_GRP_199"",""TRD_GRP_200"",""TRD_GRP_201"",""TRD_GRP_202"",""TRD_GRP_203"",""TRD_GRP_204"",""TRD_GRP_205"",""TRD_GRP_206"",""TRD_GRP_207"",""TRD_GRP_208"",""TRD_GRP_209"",""TRD_GRP_210"",""TRD_GRP_211"",""TRD_GRP_212"",""TRD_GRP_213"",""TRD_GRP_214"",""TRD_GRP_215"",""TRD_GRP_216"",""TRD_GRP_217"",""TRD_GRP_218"",""TRD_GRP_219"",""TRD_GRP_220"",""TRD_GRP_221"",""TRD_GRP_222"",""TRD_GRP_223"",""TRD_GRP_224"",""TRD_GRP_225"",""TRD_GRP_226"",""TRD_GRP_227"",""TRD_GRP_228"",""TRD_GRP_229"",""TRD_GRP_230"",""TRD_GRP_231"",""TRD_GRP_232"",""TRD_GRP_233"",""TRD_GRP_234"",""TRD_GRP_235"",""TRD_GRP_236"",""TRD_GRP_237"",""TRD_GRP_238"",""TRD_GRP_239"",""TRD_GRP_240"",""TRD_GRP_242"",""TRD_GRP_243"",""TRD_GRP_244"",""TRD_GRP_245"",""TRD_GRP_246"",""TRD_GRP_247"",""TRD_GRP_248"",""TRD_GRP_249"",""TRD_GRP_250"",""TRD_GRP_251"",""TRD_GRP_252"",""TRD_GRP_253"",""TRD_GRP_256"",""TRD_GRP_258""]]",EXPIRE_TAKER|EXPIRE_MAKER|EXPIRE_BOTH|DECREMENT|TRANSFER,0.00100000,10000.00000000,0.00100000,0.01000000,90000.00000000,0.01000000,100,0.00000000,145021.94395833,0.00000000,10,2000,10,2000,1.2,0.5,2,0.8,5,5.00000000,true,9000000.00000000,false,5,200,20,5,10
ENAUSDT,OutOfSample,2557,0,0,false,0,0,TRADING,ENA,USDT,8,8,8,8,8,true,true,true,true,true,true,true,true,true,true,true,EXPIRE_MAKER,LIMIT|LIMIT_MAKER|MARKET|STOP_LOSS|STOP_LOSS_LIMIT|TAKE_PROFIT|TAKE_PROFIT_LIMIT,,"[[""SPOT"",""MARGIN"",""TRD_GRP_004"",""TRD_GRP_005"",""TRD_GRP_006"",""TRD_GRP_016"",""TRD_GRP_017"",""TRD_GRP_018"",""TRD_GRP_019"",""TRD_GRP_020"",""TRD_GRP_021"",""TRD_GRP_022"",""TRD_GRP_023"",""TRD_GRP_024"",""TRD_GRP_025"",""TRD_GRP_049"",""TRD_GRP_050"",""TRD_GRP_051"",""TRD_GRP_052"",""TRD_GRP_053"",""TRD_GRP_054"",""TRD_GRP_055"",""TRD_GRP_056"",""TRD_GRP_057"",""TRD_GRP_058"",""TRD_GRP_059"",""TRD_GRP_060"",""TRD_GRP_061"",""TRD_GRP_062"",""TRD_GRP_063"",""TRD_GRP_064"",""TRD_GRP_065"",""TRD_GRP_066"",""TRD_GRP_067"",""TRD_GRP_068"",""TRD_GRP_069"",""TRD_GRP_070"",""TRD_GRP_071"",""TRD_GRP_072"",""TRD_GRP_073"",""TRD_GRP_074"",""TRD_GRP_075"",""TRD_GRP_076"",""TRD_GRP_077"",""TRD_GRP_078"",""TRD_GRP_079"",""TRD_GRP_080"",""TRD_GRP_081"",""TRD_GRP_082"",""TRD_GRP_083"",""TRD_GRP_084"",""TRD_GRP_085"",""TRD_GRP_086"",""TRD_GRP_087"",""TRD_GRP_088"",""TRD_GRP_089"",""TRD_GRP_090"",""TRD_GRP_091"",""TRD_GRP_092"",""TRD_GRP_093"",""TRD_GRP_094"",""TRD_GRP_095"",""TRD_GRP_096"",""TRD_GRP_097"",""TRD_GRP_098"",""TRD_GRP_099"",""TRD_GRP_100"",""TRD_GRP_101"",""TRD_GRP_102"",""TRD_GRP_103"",""TRD_GRP_104"",""TRD_GRP_105"",""TRD_GRP_106"",""TRD_GRP_107"",""TRD_GRP_108"",""TRD_GRP_109"",""TRD_GRP_110"",""TRD_GRP_111"",""TRD_GRP_112"",""TRD_GRP_113"",""TRD_GRP_114"",""TRD_GRP_115"",""TRD_GRP_116"",""TRD_GRP_117"",""TRD_GRP_118"",""TRD_GRP_119"",""TRD_GRP_120"",""TRD_GRP_121"",""TRD_GRP_122"",""TRD_GRP_123"",""TRD_GRP_124"",""TRD_GRP_125"",""TRD_GRP_126"",""TRD_GRP_127"",""TRD_GRP_128"",""TRD_GRP_129"",""TRD_GRP_130"",""TRD_GRP_131"",""TRD_GRP_132"",""TRD_GRP_133"",""TRD_GRP_134"",""TRD_GRP_135"",""TRD_GRP_136"",""TRD_GRP_137"",""TRD_GRP_138"",""TRD_GRP_139"",""TRD_GRP_140"",""TRD_GRP_141"",""TRD_GRP_142"",""TRD_GRP_143"",""TRD_GRP_144"",""TRD_GRP_145"",""TRD_GRP_146"",""TRD_GRP_147"",""TRD_GRP_148"",""TRD_GRP_149"",""TRD_GRP_150"",""TRD_GRP_151"",""TRD_GRP_152"",""TRD_GRP_153"",""TRD_GRP_154"",""TRD_GRP_155"",""TRD_GRP_156"",""TRD_GRP_157"",""TRD_GRP_158"",""TRD_GRP_159"",""TRD_GRP_160"",""TRD_GRP_161"",""TRD_GRP_162"",""TRD_GRP_163"",""TRD_GRP_164"",""TRD_GRP_165"",""TRD_GRP_166"",""TRD_GRP_167"",""TRD_GRP_168"",""TRD_GRP_169"",""TRD_GRP_170"",""TRD_GRP_171"",""TRD_GRP_172"",""TRD_GRP_173"",""TRD_GRP_174"",""TRD_GRP_175"",""TRD_GRP_176"",""TRD_GRP_177"",""TRD_GRP_178"",""TRD_GRP_179"",""TRD_GRP_180"",""TRD_GRP_181"",""TRD_GRP_182"",""TRD_GRP_183"",""TRD_GRP_184"",""TRD_GRP_185"",""TRD_GRP_186"",""TRD_GRP_187"",""TRD_GRP_188"",""TRD_GRP_189"",""TRD_GRP_190"",""TRD_GRP_191"",""TRD_GRP_192"",""TRD_GRP_193"",""TRD_GRP_194"",""TRD_GRP_195"",""TRD_GRP_196"",""TRD_GRP_197"",""TRD_GRP_198"",""TRD_GRP_199"",""TRD_GRP_200"",""TRD_GRP_201"",""TRD_GRP_202"",""TRD_GRP_203"",""TRD_GRP_204"",""TRD_GRP_205"",""TRD_GRP_206"",""TRD_GRP_207"",""TRD_GRP_208"",""TRD_GRP_209"",""TRD_GRP_210"",""TRD_GRP_211"",""TRD_GRP_212"",""TRD_GRP_213"",""TRD_GRP_214"",""TRD_GRP_215"",""TRD_GRP_216"",""TRD_GRP_217"",""TRD_GRP_218"",""TRD_GRP_219"",""TRD_GRP_220"",""TRD_GRP_221"",""TRD_GRP_222"",""TRD_GRP_223"",""TRD_GRP_224"",""TRD_GRP_225"",""TRD_GRP_226"",""TRD_GRP_227"",""TRD_GRP_228"",""TRD_GRP_229"",""TRD_GRP_230"",""TRD_GRP_231"",""TRD_GRP_232"",""TRD_GRP_233"",""TRD_GRP_234"",""TRD_GRP_235"",""TRD_GRP_236"",""TRD_GRP_237"",""TRD_GRP_238"",""TRD_GRP_239"",""TRD_GRP_240"",""TRD_GRP_242"",""TRD_GRP_243"",""TRD_GRP_244"",""TRD_GRP_245"",""TRD_GRP_246"",""TRD_GRP_247"",""TRD_GRP_248"",""TRD_GRP_249"",""TRD_GRP_250"",""TRD_GRP_251"",""TRD_GRP_252"",""TRD_GRP_253"",""TRD_GRP_256"",""TRD_GRP_258""]]",EXPIRE_TAKER|EXPIRE_MAKER|EXPIRE_BOTH|DECREMENT|TRANSFER,0.00010000,1000.00000000,0.00010000,0.01000000,92141578.00000000,0.01000000,100,0.00000000,2944581.88329166,0.00000000,10,2000,10,2000,1.2,0.5,2,0.8,5,5.00000000,true,9000000.00000000,false,5,200,20,5,10
ETHFIUSDT,OutOfSample,2541,0,0,false,0,0,TRADING,ETHFI,USDT,8,8,8,8,8,true,true,true,true,true,true,true,true,true,true,true,EXPIRE_MAKER,LIMIT|LIMIT_MAKER|MARKET|STOP_LOSS|STOP_LOSS_LIMIT|TAKE_PROFIT|TAKE_PROFIT_LIMIT,,"[[""SPOT"",""MARGIN"",""TRD_GRP_004"",""TRD_GRP_005"",""TRD_GRP_006"",""TRD_GRP_016"",""TRD_GRP_017"",""TRD_GRP_018"",""TRD_GRP_019"",""TRD_GRP_020"",""TRD_GRP_021"",""TRD_GRP_022"",""TRD_GRP_023"",""TRD_GRP_024"",""TRD_GRP_025"",""TRD_GRP_049"",""TRD_GRP_050"",""TRD_GRP_051"",""TRD_GRP_052"",""TRD_GRP_053"",""TRD_GRP_054"",""TRD_GRP_055"",""TRD_GRP_056"",""TRD_GRP_057"",""TRD_GRP_058"",""TRD_GRP_059"",""TRD_GRP_060"",""TRD_GRP_061"",""TRD_GRP_062"",""TRD_GRP_063"",""TRD_GRP_064"",""TRD_GRP_065"",""TRD_GRP_066"",""TRD_GRP_067"",""TRD_GRP_068"",""TRD_GRP_069"",""TRD_GRP_070"",""TRD_GRP_071"",""TRD_GRP_072"",""TRD_GRP_073"",""TRD_GRP_074"",""TRD_GRP_075"",""TRD_GRP_076"",""TRD_GRP_077"",""TRD_GRP_078"",""TRD_GRP_079"",""TRD_GRP_080"",""TRD_GRP_081"",""TRD_GRP_082"",""TRD_GRP_083"",""TRD_GRP_084"",""TRD_GRP_085"",""TRD_GRP_086"",""TRD_GRP_087"",""TRD_GRP_088"",""TRD_GRP_089"",""TRD_GRP_090"",""TRD_GRP_091"",""TRD_GRP_092"",""TRD_GRP_093"",""TRD_GRP_094"",""TRD_GRP_095"",""TRD_GRP_096"",""TRD_GRP_097"",""TRD_GRP_098"",""TRD_GRP_099"",""TRD_GRP_100"",""TRD_GRP_101"",""TRD_GRP_102"",""TRD_GRP_103"",""TRD_GRP_104"",""TRD_GRP_105"",""TRD_GRP_106"",""TRD_GRP_107"",""TRD_GRP_108"",""TRD_GRP_109"",""TRD_GRP_110"",""TRD_GRP_111"",""TRD_GRP_112"",""TRD_GRP_113"",""TRD_GRP_114"",""TRD_GRP_115"",""TRD_GRP_116"",""TRD_GRP_117"",""TRD_GRP_118"",""TRD_GRP_119"",""TRD_GRP_120"",""TRD_GRP_121"",""TRD_GRP_122"",""TRD_GRP_123"",""TRD_GRP_124"",""TRD_GRP_125"",""TRD_GRP_126"",""TRD_GRP_127"",""TRD_GRP_128"",""TRD_GRP_129"",""TRD_GRP_130"",""TRD_GRP_131"",""TRD_GRP_132"",""TRD_GRP_133"",""TRD_GRP_134"",""TRD_GRP_135"",""TRD_GRP_136"",""TRD_GRP_137"",""TRD_GRP_138"",""TRD_GRP_139"",""TRD_GRP_140"",""TRD_GRP_141"",""TRD_GRP_142"",""TRD_GRP_143"",""TRD_GRP_144"",""TRD_GRP_145"",""TRD_GRP_146"",""TRD_GRP_147"",""TRD_GRP_148"",""TRD_GRP_149"",""TRD_GRP_150"",""TRD_GRP_151"",""TRD_GRP_152"",""TRD_GRP_153"",""TRD_GRP_154"",""TRD_GRP_155"",""TRD_GRP_156"",""TRD_GRP_157"",""TRD_GRP_158"",""TRD_GRP_159"",""TRD_GRP_160"",""TRD_GRP_161"",""TRD_GRP_162"",""TRD_GRP_163"",""TRD_GRP_164"",""TRD_GRP_165"",""TRD_GRP_166"",""TRD_GRP_167"",""TRD_GRP_168"",""TRD_GRP_169"",""TRD_GRP_170"",""TRD_GRP_171"",""TRD_GRP_172"",""TRD_GRP_173"",""TRD_GRP_174"",""TRD_GRP_175"",""TRD_GRP_176"",""TRD_GRP_177"",""TRD_GRP_178"",""TRD_GRP_179"",""TRD_GRP_180"",""TRD_GRP_181"",""TRD_GRP_182"",""TRD_GRP_183"",""TRD_GRP_184"",""TRD_GRP_185"",""TRD_GRP_186"",""TRD_GRP_187"",""TRD_GRP_188"",""TRD_GRP_189"",""TRD_GRP_190"",""TRD_GRP_191"",""TRD_GRP_192"",""TRD_GRP_193"",""TRD_GRP_194"",""TRD_GRP_195"",""TRD_GRP_196"",""TRD_GRP_197"",""TRD_GRP_198"",""TRD_GRP_199"",""TRD_GRP_200"",""TRD_GRP_201"",""TRD_GRP_202"",""TRD_GRP_203"",""TRD_GRP_204"",""TRD_GRP_205"",""TRD_GRP_206"",""TRD_GRP_207"",""TRD_GRP_208"",""TRD_GRP_209"",""TRD_GRP_210"",""TRD_GRP_211"",""TRD_GRP_212"",""TRD_GRP_213"",""TRD_GRP_214"",""TRD_GRP_215"",""TRD_GRP_216"",""TRD_GRP_217"",""TRD_GRP_218"",""TRD_GRP_219"",""TRD_GRP_220"",""TRD_GRP_221"",""TRD_GRP_222"",""TRD_GRP_223"",""TRD_GRP_224"",""TRD_GRP_225"",""TRD_GRP_226"",""TRD_GRP_227"",""TRD_GRP_228"",""TRD_GRP_229"",""TRD_GRP_230"",""TRD_GRP_231"",""TRD_GRP_232"",""TRD_GRP_233"",""TRD_GRP_234"",""TRD_GRP_235"",""TRD_GRP_236"",""TRD_GRP_237"",""TRD_GRP_238"",""TRD_GRP_239"",""TRD_GRP_240"",""TRD_GRP_242"",""TRD_GRP_243"",""TRD_GRP_244"",""TRD_GRP_245"",""TRD_GRP_246"",""TRD_GRP_247"",""TRD_GRP_248"",""TRD_GRP_249"",""TRD_GRP_250"",""TRD_GRP_251"",""TRD_GRP_252"",""TRD_GRP_253"",""TRD_GRP_256"",""TRD_GRP_258""]]",EXPIRE_TAKER|EXPIRE_MAKER|EXPIRE_BOTH|DECREMENT|TRANSFER,0.00010000,1000.00000000,0.00010000,0.10000000,92141578.00000000,0.10000000,100,0.00000000,171531.45875000,0.00000000,10,2000,10,2000,1.2,0.5,2,0.8,5,5.00000000,true,9000000.00000000,false,5,200,20,5,10
FDUSDUSDT,OutOfSample,2260,0,0,false,0,0,TRADING,FDUSD,USDT,8,8,8,8,8,true,true,true,true,true,true,true,true,true,true,true,EXPIRE_MAKER,LIMIT|LIMIT_MAKER|MARKET|STOP_LOSS|STOP_LOSS_LIMIT|TAKE_PROFIT|TAKE_PROFIT_LIMIT,,"[[""SPOT"",""MARGIN"",""TRD_GRP_004"",""TRD_GRP_005"",""TRD_GRP_006"",""TRD_GRP_015"",""TRD_GRP_016"",""TRD_GRP_017"",""TRD_GRP_018"",""TRD_GRP_019"",""TRD_GRP_020"",""TRD_GRP_021"",""TRD_GRP_022"",""TRD_GRP_023"",""TRD_GRP_024"",""TRD_GRP_025"",""TRD_GRP_049"",""TRD_GRP_050"",""TRD_GRP_051"",""TRD_GRP_052"",""TRD_GRP_053"",""TRD_GRP_054"",""TRD_GRP_055"",""TRD_GRP_056"",""TRD_GRP_057"",""TRD_GRP_058"",""TRD_GRP_059"",""TRD_GRP_060"",""TRD_GRP_061"",""TRD_GRP_062"",""TRD_GRP_063"",""TRD_GRP_064"",""TRD_GRP_065"",""TRD_GRP_066"",""TRD_GRP_067"",""TRD_GRP_068"",""TRD_GRP_069"",""TRD_GRP_070"",""TRD_GRP_071"",""TRD_GRP_072"",""TRD_GRP_073"",""TRD_GRP_074"",""TRD_GRP_075"",""TRD_GRP_076"",""TRD_GRP_077"",""TRD_GRP_078"",""TRD_GRP_079"",""TRD_GRP_080"",""TRD_GRP_081"",""TRD_GRP_082"",""TRD_GRP_083"",""TRD_GRP_084"",""TRD_GRP_085"",""TRD_GRP_086"",""TRD_GRP_087"",""TRD_GRP_088"",""TRD_GRP_089"",""TRD_GRP_090"",""TRD_GRP_091"",""TRD_GRP_092"",""TRD_GRP_093"",""TRD_GRP_094"",""TRD_GRP_095"",""TRD_GRP_096"",""TRD_GRP_097"",""TRD_GRP_098"",""TRD_GRP_099"",""TRD_GRP_100"",""TRD_GRP_101"",""TRD_GRP_102"",""TRD_GRP_103"",""TRD_GRP_104"",""TRD_GRP_105"",""TRD_GRP_106"",""TRD_GRP_107"",""TRD_GRP_108"",""TRD_GRP_109"",""TRD_GRP_110"",""TRD_GRP_111"",""TRD_GRP_112"",""TRD_GRP_113"",""TRD_GRP_114"",""TRD_GRP_115"",""TRD_GRP_116"",""TRD_GRP_117"",""TRD_GRP_118"",""TRD_GRP_119"",""TRD_GRP_120"",""TRD_GRP_121"",""TRD_GRP_122"",""TRD_GRP_123"",""TRD_GRP_124"",""TRD_GRP_125"",""TRD_GRP_126"",""TRD_GRP_127"",""TRD_GRP_128"",""TRD_GRP_129"",""TRD_GRP_130"",""TRD_GRP_131"",""TRD_GRP_132"",""TRD_GRP_133"",""TRD_GRP_134"",""TRD_GRP_135"",""TRD_GRP_136"",""TRD_GRP_137"",""TRD_GRP_138"",""TRD_GRP_139"",""TRD_GRP_140"",""TRD_GRP_141"",""TRD_GRP_142"",""TRD_GRP_143"",""TRD_GRP_144"",""TRD_GRP_145"",""TRD_GRP_146"",""TRD_GRP_147"",""TRD_GRP_148"",""TRD_GRP_149"",""TRD_GRP_150"",""TRD_GRP_151"",""TRD_GRP_152"",""TRD_GRP_153"",""TRD_GRP_154"",""TRD_GRP_155"",""TRD_GRP_156"",""TRD_GRP_157"",""TRD_GRP_158"",""TRD_GRP_159"",""TRD_GRP_160"",""TRD_GRP_161"",""TRD_GRP_162"",""TRD_GRP_163"",""TRD_GRP_164"",""TRD_GRP_165"",""TRD_GRP_166"",""TRD_GRP_167"",""TRD_GRP_168"",""TRD_GRP_169"",""TRD_GRP_170"",""TRD_GRP_171"",""TRD_GRP_172"",""TRD_GRP_173"",""TRD_GRP_174"",""TRD_GRP_175"",""TRD_GRP_176"",""TRD_GRP_177"",""TRD_GRP_178"",""TRD_GRP_179"",""TRD_GRP_180"",""TRD_GRP_181"",""TRD_GRP_182"",""TRD_GRP_183"",""TRD_GRP_184"",""TRD_GRP_185"",""TRD_GRP_186"",""TRD_GRP_187"",""TRD_GRP_188"",""TRD_GRP_189"",""TRD_GRP_190"",""TRD_GRP_191"",""TRD_GRP_192"",""TRD_GRP_193"",""TRD_GRP_194"",""TRD_GRP_195"",""TRD_GRP_196"",""TRD_GRP_197"",""TRD_GRP_198"",""TRD_GRP_199"",""TRD_GRP_200"",""TRD_GRP_201"",""TRD_GRP_202"",""TRD_GRP_203"",""TRD_GRP_204"",""TRD_GRP_205"",""TRD_GRP_206"",""TRD_GRP_207"",""TRD_GRP_208"",""TRD_GRP_209"",""TRD_GRP_210"",""TRD_GRP_211"",""TRD_GRP_212"",""TRD_GRP_213"",""TRD_GRP_214"",""TRD_GRP_215"",""TRD_GRP_216"",""TRD_GRP_217"",""TRD_GRP_218"",""TRD_GRP_219"",""TRD_GRP_220"",""TRD_GRP_221"",""TRD_GRP_222"",""TRD_GRP_223"",""TRD_GRP_224"",""TRD_GRP_225"",""TRD_GRP_226"",""TRD_GRP_227"",""TRD_GRP_228"",""TRD_GRP_229"",""TRD_GRP_230"",""TRD_GRP_231"",""TRD_GRP_232"",""TRD_GRP_233"",""TRD_GRP_234"",""TRD_GRP_235"",""TRD_GRP_236"",""TRD_GRP_237"",""TRD_GRP_238"",""TRD_GRP_239"",""TRD_GRP_240"",""TRD_GRP_242"",""TRD_GRP_243"",""TRD_GRP_244"",""TRD_GRP_245"",""TRD_GRP_246"",""TRD_GRP_247"",""TRD_GRP_248"",""TRD_GRP_249"",""TRD_GRP_250"",""TRD_GRP_251"",""TRD_GRP_252"",""TRD_GRP_253"",""TRD_GRP_256"",""TRD_GRP_258""]]",EXPIRE_TAKER|EXPIRE_MAKER|EXPIRE_BOTH|DECREMENT|TRANSFER,0.80000000,1.20000000,0.00010000,1.00000000,10000000.00000000,1.00000000,100,0.00000000,2122900.13750000,0.00000000,10,2000,10,2000,1.1,0.9,1.1,0.9,5,5.00000000,true,9000000.00000000,false,5,200,20,5,10
FETUSDT,OutOfSample,473,0,0,false,0,0,TRADING,FET,USDT,8,8,8,8,8,true,true,true,true,true,true,true,true,true,true,true,EXPIRE_MAKER,LIMIT|LIMIT_MAKER|MARKET|STOP_LOSS|STOP_LOSS_LIMIT|TAKE_PROFIT|TAKE_PROFIT_LIMIT,,"[[""SPOT"",""MARGIN"",""TRD_GRP_004"",""TRD_GRP_005"",""TRD_GRP_006"",""TRD_GRP_015"",""TRD_GRP_016"",""TRD_GRP_017"",""TRD_GRP_018"",""TRD_GRP_019"",""TRD_GRP_020"",""TRD_GRP_021"",""TRD_GRP_022"",""TRD_GRP_023"",""TRD_GRP_024"",""TRD_GRP_025"",""TRD_GRP_049"",""TRD_GRP_050"",""TRD_GRP_051"",""TRD_GRP_052"",""TRD_GRP_053"",""TRD_GRP_054"",""TRD_GRP_055"",""TRD_GRP_056"",""TRD_GRP_057"",""TRD_GRP_058"",""TRD_GRP_059"",""TRD_GRP_060"",""TRD_GRP_061"",""TRD_GRP_062"",""TRD_GRP_063"",""TRD_GRP_064"",""TRD_GRP_065"",""TRD_GRP_066"",""TRD_GRP_067"",""TRD_GRP_068"",""TRD_GRP_069"",""TRD_GRP_070"",""TRD_GRP_071"",""TRD_GRP_072"",""TRD_GRP_073"",""TRD_GRP_074"",""TRD_GRP_075"",""TRD_GRP_076"",""TRD_GRP_077"",""TRD_GRP_078"",""TRD_GRP_079"",""TRD_GRP_080"",""TRD_GRP_081"",""TRD_GRP_082"",""TRD_GRP_083"",""TRD_GRP_084"",""TRD_GRP_085"",""TRD_GRP_086"",""TRD_GRP_087"",""TRD_GRP_088"",""TRD_GRP_089"",""TRD_GRP_090"",""TRD_GRP_091"",""TRD_GRP_092"",""TRD_GRP_093"",""TRD_GRP_094"",""TRD_GRP_095"",""TRD_GRP_096"",""TRD_GRP_097"",""TRD_GRP_098"",""TRD_GRP_099"",""TRD_GRP_100"",""TRD_GRP_101"",""TRD_GRP_102"",""TRD_GRP_103"",""TRD_GRP_104"",""TRD_GRP_105"",""TRD_GRP_106"",""TRD_GRP_107"",""TRD_GRP_108"",""TRD_GRP_109"",""TRD_GRP_110"",""TRD_GRP_111"",""TRD_GRP_112"",""TRD_GRP_113"",""TRD_GRP_114"",""TRD_GRP_115"",""TRD_GRP_116"",""TRD_GRP_117"",""TRD_GRP_118"",""TRD_GRP_119"",""TRD_GRP_120"",""TRD_GRP_121"",""TRD_GRP_122"",""TRD_GRP_123"",""TRD_GRP_124"",""TRD_GRP_125"",""TRD_GRP_126"",""TRD_GRP_127"",""TRD_GRP_128"",""TRD_GRP_129"",""TRD_GRP_130"",""TRD_GRP_131"",""TRD_GRP_132"",""TRD_GRP_133"",""TRD_GRP_134"",""TRD_GRP_135"",""TRD_GRP_136"",""TRD_GRP_137"",""TRD_GRP_138"",""TRD_GRP_139"",""TRD_GRP_140"",""TRD_GRP_141"",""TRD_GRP_142"",""TRD_GRP_143"",""TRD_GRP_144"",""TRD_GRP_145"",""TRD_GRP_146"",""TRD_GRP_147"",""TRD_GRP_148"",""TRD_GRP_149"",""TRD_GRP_150"",""TRD_GRP_151"",""TRD_GRP_152"",""TRD_GRP_153"",""TRD_GRP_154"",""TRD_GRP_155"",""TRD_GRP_156"",""TRD_GRP_157"",""TRD_GRP_158"",""TRD_GRP_159"",""TRD_GRP_160"",""TRD_GRP_161"",""TRD_GRP_162"",""TRD_GRP_163"",""TRD_GRP_164"",""TRD_GRP_165"",""TRD_GRP_166"",""TRD_GRP_167"",""TRD_GRP_168"",""TRD_GRP_169"",""TRD_GRP_170"",""TRD_GRP_171"",""TRD_GRP_172"",""TRD_GRP_173"",""TRD_GRP_174"",""TRD_GRP_175"",""TRD_GRP_176"",""TRD_GRP_177"",""TRD_GRP_178"",""TRD_GRP_179"",""TRD_GRP_180"",""TRD_GRP_181"",""TRD_GRP_182"",""TRD_GRP_183"",""TRD_GRP_184"",""TRD_GRP_185"",""TRD_GRP_186"",""TRD_GRP_187"",""TRD_GRP_188"",""TRD_GRP_189"",""TRD_GRP_190"",""TRD_GRP_191"",""TRD_GRP_192"",""TRD_GRP_193"",""TRD_GRP_194"",""TRD_GRP_195"",""TRD_GRP_196"",""TRD_GRP_197"",""TRD_GRP_198"",""TRD_GRP_199"",""TRD_GRP_200"",""TRD_GRP_201"",""TRD_GRP_202"",""TRD_GRP_203"",""TRD_GRP_204"",""TRD_GRP_205"",""TRD_GRP_206"",""TRD_GRP_207"",""TRD_GRP_208"",""TRD_GRP_209"",""TRD_GRP_210"",""TRD_GRP_211"",""TRD_GRP_212"",""TRD_GRP_213"",""TRD_GRP_214"",""TRD_GRP_215"",""TRD_GRP_216"",""TRD_GRP_217"",""TRD_GRP_218"",""TRD_GRP_219"",""TRD_GRP_220"",""TRD_GRP_221"",""TRD_GRP_222"",""TRD_GRP_223"",""TRD_GRP_224"",""TRD_GRP_225"",""TRD_GRP_226"",""TRD_GRP_227"",""TRD_GRP_228"",""TRD_GRP_229"",""TRD_GRP_230"",""TRD_GRP_231"",""TRD_GRP_232"",""TRD_GRP_233"",""TRD_GRP_234"",""TRD_GRP_235"",""TRD_GRP_236"",""TRD_GRP_237"",""TRD_GRP_238"",""TRD_GRP_239"",""TRD_GRP_240"",""TRD_GRP_242"",""TRD_GRP_243"",""TRD_GRP_244"",""TRD_GRP_245"",""TRD_GRP_246"",""TRD_GRP_247"",""TRD_GRP_248"",""TRD_GRP_249"",""TRD_GRP_250"",""TRD_GRP_251"",""TRD_GRP_252"",""TRD_GRP_253"",""TRD_GRP_256"",""TRD_GRP_258""]]",EXPIRE_TAKER|EXPIRE_MAKER|EXPIRE_BOTH|DECREMENT|TRANSFER,0.00010000,1000.00000000,0.00010000,0.10000000,9000000.00000000,0.10000000,100,0.00000000,984601.57500000,0.00000000,10,2000,10,2000,1.2,0.5,2,0.8,5,5.00000000,true,9000000.00000000,false,5,200,20,5,10
FILUSDT,OutOfSample,1106,0,0,false,0,0,TRADING,FIL,USDT,8,8,8,8,8,true,true,true,true,true,true,true,true,true,true,true,EXPIRE_MAKER,LIMIT|LIMIT_MAKER|MARKET|STOP_LOSS|STOP_LOSS_LIMIT|TAKE_PROFIT|TAKE_PROFIT_LIMIT,,"[[""SPOT"",""MARGIN"",""TRD_GRP_004"",""TRD_GRP_005"",""TRD_GRP_006"",""TRD_GRP_015"",""TRD_GRP_016"",""TRD_GRP_017"",""TRD_GRP_018"",""TRD_GRP_019"",""TRD_GRP_020"",""TRD_GRP_021"",""TRD_GRP_022"",""TRD_GRP_023"",""TRD_GRP_024"",""TRD_GRP_025"",""TRD_GRP_049"",""TRD_GRP_050"",""TRD_GRP_051"",""TRD_GRP_052"",""TRD_GRP_053"",""TRD_GRP_054"",""TRD_GRP_055"",""TRD_GRP_056"",""TRD_GRP_057"",""TRD_GRP_058"",""TRD_GRP_059"",""TRD_GRP_060"",""TRD_GRP_061"",""TRD_GRP_062"",""TRD_GRP_063"",""TRD_GRP_064"",""TRD_GRP_065"",""TRD_GRP_066"",""TRD_GRP_067"",""TRD_GRP_068"",""TRD_GRP_069"",""TRD_GRP_070"",""TRD_GRP_071"",""TRD_GRP_072"",""TRD_GRP_073"",""TRD_GRP_074"",""TRD_GRP_075"",""TRD_GRP_076"",""TRD_GRP_077"",""TRD_GRP_078"",""TRD_GRP_079"",""TRD_GRP_080"",""TRD_GRP_081"",""TRD_GRP_082"",""TRD_GRP_083"",""TRD_GRP_084"",""TRD_GRP_085"",""TRD_GRP_086"",""TRD_GRP_087"",""TRD_GRP_088"",""TRD_GRP_089"",""TRD_GRP_090"",""TRD_GRP_091"",""TRD_GRP_092"",""TRD_GRP_093"",""TRD_GRP_094"",""TRD_GRP_095"",""TRD_GRP_096"",""TRD_GRP_097"",""TRD_GRP_098"",""TRD_GRP_099"",""TRD_GRP_100"",""TRD_GRP_101"",""TRD_GRP_102"",""TRD_GRP_103"",""TRD_GRP_104"",""TRD_GRP_105"",""TRD_GRP_106"",""TRD_GRP_107"",""TRD_GRP_108"",""TRD_GRP_109"",""TRD_GRP_110"",""TRD_GRP_111"",""TRD_GRP_112"",""TRD_GRP_113"",""TRD_GRP_114"",""TRD_GRP_115"",""TRD_GRP_116"",""TRD_GRP_117"",""TRD_GRP_118"",""TRD_GRP_119"",""TRD_GRP_120"",""TRD_GRP_121"",""TRD_GRP_122"",""TRD_GRP_123"",""TRD_GRP_124"",""TRD_GRP_125"",""TRD_GRP_126"",""TRD_GRP_127"",""TRD_GRP_128"",""TRD_GRP_129"",""TRD_GRP_130"",""TRD_GRP_131"",""TRD_GRP_132"",""TRD_GRP_133"",""TRD_GRP_134"",""TRD_GRP_135"",""TRD_GRP_136"",""TRD_GRP_137"",""TRD_GRP_138"",""TRD_GRP_139"",""TRD_GRP_140"",""TRD_GRP_141"",""TRD_GRP_142"",""TRD_GRP_143"",""TRD_GRP_144"",""TRD_GRP_145"",""TRD_GRP_146"",""TRD_GRP_147"",""TRD_GRP_148"",""TRD_GRP_149"",""TRD_GRP_150"",""TRD_GRP_151"",""TRD_GRP_152"",""TRD_GRP_153"",""TRD_GRP_154"",""TRD_GRP_155"",""TRD_GRP_156"",""TRD_GRP_157"",""TRD_GRP_158"",""TRD_GRP_159"",""TRD_GRP_160"",""TRD_GRP_161"",""TRD_GRP_162"",""TRD_GRP_163"",""TRD_GRP_164"",""TRD_GRP_165"",""TRD_GRP_166"",""TRD_GRP_167"",""TRD_GRP_168"",""TRD_GRP_169"",""TRD_GRP_170"",""TRD_GRP_171"",""TRD_GRP_172"",""TRD_GRP_173"",""TRD_GRP_174"",""TRD_GRP_175"",""TRD_GRP_176"",""TRD_GRP_177"",""TRD_GRP_178"",""TRD_GRP_179"",""TRD_GRP_180"",""TRD_GRP_181"",""TRD_GRP_182"",""TRD_GRP_183"",""TRD_GRP_184"",""TRD_GRP_185"",""TRD_GRP_186"",""TRD_GRP_187"",""TRD_GRP_188"",""TRD_GRP_189"",""TRD_GRP_190"",""TRD_GRP_191"",""TRD_GRP_192"",""TRD_GRP_193"",""TRD_GRP_194"",""TRD_GRP_195"",""TRD_GRP_196"",""TRD_GRP_197"",""TRD_GRP_198"",""TRD_GRP_199"",""TRD_GRP_200"",""TRD_GRP_201"",""TRD_GRP_202"",""TRD_GRP_203"",""TRD_GRP_204"",""TRD_GRP_205"",""TRD_GRP_206"",""TRD_GRP_207"",""TRD_GRP_208"",""TRD_GRP_209"",""TRD_GRP_210"",""TRD_GRP_211"",""TRD_GRP_212"",""TRD_GRP_213"",""TRD_GRP_214"",""TRD_GRP_215"",""TRD_GRP_216"",""TRD_GRP_217"",""TRD_GRP_218"",""TRD_GRP_219"",""TRD_GRP_220"",""TRD_GRP_221"",""TRD_GRP_222"",""TRD_GRP_223"",""TRD_GRP_224"",""TRD_GRP_225"",""TRD_GRP_226"",""TRD_GRP_227"",""TRD_GRP_228"",""TRD_GRP_229"",""TRD_GRP_230"",""TRD_GRP_231"",""TRD_GRP_232"",""TRD_GRP_233"",""TRD_GRP_234"",""TRD_GRP_235"",""TRD_GRP_236"",""TRD_GRP_237"",""TRD_GRP_238"",""TRD_GRP_239"",""TRD_GRP_240"",""TRD_GRP_242"",""TRD_GRP_243"",""TRD_GRP_244"",""TRD_GRP_245"",""TRD_GRP_246"",""TRD_GRP_247"",""TRD_GRP_248"",""TRD_GRP_249"",""TRD_GRP_250"",""TRD_GRP_251"",""TRD_GRP_252"",""TRD_GRP_253"",""TRD_GRP_256"",""TRD_GRP_258""]]",EXPIRE_TAKER|EXPIRE_MAKER|EXPIRE_BOTH|DECREMENT|TRANSFER,0.00010000,10000.00000000,0.00010000,0.01000000,9222449.00000000,0.01000000,100,0.00000000,188611.95083333,0.00000000,10,2000,10,2000,1.2,0.5,2,0.8,5,5.00000000,true,9000000.00000000,false,5,200,20,5,10
HOLOUSDT,OutOfSample,3252,0,0,false,0,0,TRADING,HOLO,USDT,8,8,8,8,8,true,true,true,true,true,true,true,true,true,true,true,EXPIRE_MAKER,LIMIT|LIMIT_MAKER|MARKET|STOP_LOSS|STOP_LOSS_LIMIT|TAKE_PROFIT|TAKE_PROFIT_LIMIT,,"[[""SPOT"",""MARGIN"",""TRD_GRP_004"",""TRD_GRP_005"",""TRD_GRP_006"",""TRD_GRP_016"",""TRD_GRP_017"",""TRD_GRP_018"",""TRD_GRP_019"",""TRD_GRP_020"",""TRD_GRP_021"",""TRD_GRP_022"",""TRD_GRP_023"",""TRD_GRP_024"",""TRD_GRP_025"",""TRD_GRP_049"",""TRD_GRP_050"",""TRD_GRP_051"",""TRD_GRP_052"",""TRD_GRP_053"",""TRD_GRP_054"",""TRD_GRP_055"",""TRD_GRP_056"",""TRD_GRP_057"",""TRD_GRP_058"",""TRD_GRP_059"",""TRD_GRP_060"",""TRD_GRP_061"",""TRD_GRP_062"",""TRD_GRP_063"",""TRD_GRP_064"",""TRD_GRP_065"",""TRD_GRP_066"",""TRD_GRP_067"",""TRD_GRP_068"",""TRD_GRP_069"",""TRD_GRP_070"",""TRD_GRP_071"",""TRD_GRP_072"",""TRD_GRP_073"",""TRD_GRP_074"",""TRD_GRP_075"",""TRD_GRP_076"",""TRD_GRP_077"",""TRD_GRP_078"",""TRD_GRP_079"",""TRD_GRP_080"",""TRD_GRP_081"",""TRD_GRP_082"",""TRD_GRP_083"",""TRD_GRP_084"",""TRD_GRP_085"",""TRD_GRP_086"",""TRD_GRP_087"",""TRD_GRP_088"",""TRD_GRP_089"",""TRD_GRP_090"",""TRD_GRP_091"",""TRD_GRP_092"",""TRD_GRP_093"",""TRD_GRP_094"",""TRD_GRP_095"",""TRD_GRP_096"",""TRD_GRP_097"",""TRD_GRP_098"",""TRD_GRP_099"",""TRD_GRP_100"",""TRD_GRP_101"",""TRD_GRP_102"",""TRD_GRP_103"",""TRD_GRP_104"",""TRD_GRP_105"",""TRD_GRP_106"",""TRD_GRP_107"",""TRD_GRP_108"",""TRD_GRP_109"",""TRD_GRP_110"",""TRD_GRP_111"",""TRD_GRP_112"",""TRD_GRP_113"",""TRD_GRP_114"",""TRD_GRP_115"",""TRD_GRP_116"",""TRD_GRP_117"",""TRD_GRP_118"",""TRD_GRP_119"",""TRD_GRP_120"",""TRD_GRP_121"",""TRD_GRP_122"",""TRD_GRP_123"",""TRD_GRP_124"",""TRD_GRP_125"",""TRD_GRP_126"",""TRD_GRP_127"",""TRD_GRP_128"",""TRD_GRP_129"",""TRD_GRP_130"",""TRD_GRP_131"",""TRD_GRP_132"",""TRD_GRP_133"",""TRD_GRP_134"",""TRD_GRP_135"",""TRD_GRP_136"",""TRD_GRP_137"",""TRD_GRP_138"",""TRD_GRP_139"",""TRD_GRP_140"",""TRD_GRP_141"",""TRD_GRP_142"",""TRD_GRP_143"",""TRD_GRP_144"",""TRD_GRP_145"",""TRD_GRP_146"",""TRD_GRP_147"",""TRD_GRP_148"",""TRD_GRP_149"",""TRD_GRP_150"",""TRD_GRP_151"",""TRD_GRP_152"",""TRD_GRP_153"",""TRD_GRP_154"",""TRD_GRP_155"",""TRD_GRP_156"",""TRD_GRP_157"",""TRD_GRP_158"",""TRD_GRP_159"",""TRD_GRP_160"",""TRD_GRP_161"",""TRD_GRP_162"",""TRD_GRP_163"",""TRD_GRP_164"",""TRD_GRP_165"",""TRD_GRP_166"",""TRD_GRP_167"",""TRD_GRP_168"",""TRD_GRP_169"",""TRD_GRP_170"",""TRD_GRP_171"",""TRD_GRP_172"",""TRD_GRP_173"",""TRD_GRP_174"",""TRD_GRP_175"",""TRD_GRP_176"",""TRD_GRP_177"",""TRD_GRP_178"",""TRD_GRP_179"",""TRD_GRP_180"",""TRD_GRP_181"",""TRD_GRP_182"",""TRD_GRP_183"",""TRD_GRP_184"",""TRD_GRP_185"",""TRD_GRP_186"",""TRD_GRP_187"",""TRD_GRP_188"",""TRD_GRP_189"",""TRD_GRP_190"",""TRD_GRP_191"",""TRD_GRP_192"",""TRD_GRP_193"",""TRD_GRP_194"",""TRD_GRP_195"",""TRD_GRP_196"",""TRD_GRP_197"",""TRD_GRP_198"",""TRD_GRP_199"",""TRD_GRP_200"",""TRD_GRP_201"",""TRD_GRP_202"",""TRD_GRP_203"",""TRD_GRP_204"",""TRD_GRP_205"",""TRD_GRP_206"",""TRD_GRP_207"",""TRD_GRP_208"",""TRD_GRP_209"",""TRD_GRP_210"",""TRD_GRP_211"",""TRD_GRP_212"",""TRD_GRP_213"",""TRD_GRP_214"",""TRD_GRP_215"",""TRD_GRP_216"",""TRD_GRP_217"",""TRD_GRP_218"",""TRD_GRP_219"",""TRD_GRP_220"",""TRD_GRP_221"",""TRD_GRP_222"",""TRD_GRP_223"",""TRD_GRP_224"",""TRD_GRP_225"",""TRD_GRP_226"",""TRD_GRP_227"",""TRD_GRP_228"",""TRD_GRP_229"",""TRD_GRP_230"",""TRD_GRP_231"",""TRD_GRP_232"",""TRD_GRP_233"",""TRD_GRP_234"",""TRD_GRP_235"",""TRD_GRP_236"",""TRD_GRP_237"",""TRD_GRP_238"",""TRD_GRP_239"",""TRD_GRP_240"",""TRD_GRP_242"",""TRD_GRP_243"",""TRD_GRP_244"",""TRD_GRP_245"",""TRD_GRP_246"",""TRD_GRP_247"",""TRD_GRP_248"",""TRD_GRP_249"",""TRD_GRP_250"",""TRD_GRP_251"",""TRD_GRP_252"",""TRD_GRP_253"",""TRD_GRP_256"",""TRD_GRP_258""]]",EXPIRE_TAKER|EXPIRE_MAKER|EXPIRE_BOTH|DECREMENT|TRANSFER,0.00010000,100.00000000,0.00010000,0.10000000,913205152.00000000,0.10000000,100,0.00000000,1443245.59125000,0.00000000,10,2000,10,2000,1.2,0.5,2,0.8,5,5.00000000,true,9000000.00000000,false,5,200,20,5,10
ICPUSDT,OutOfSample,1425,0,0,false,0,0,TRADING,ICP,USDT,8,8,8,8,8,true,true,true,true,true,true,true,true,true,true,true,EXPIRE_MAKER,LIMIT|LIMIT_MAKER|MARKET|STOP_LOSS|STOP_LOSS_LIMIT|TAKE_PROFIT|TAKE_PROFIT_LIMIT,,"[[""SPOT"",""MARGIN"",""TRD_GRP_004"",""TRD_GRP_005"",""TRD_GRP_006"",""TRD_GRP_015"",""TRD_GRP_016"",""TRD_GRP_017"",""TRD_GRP_018"",""TRD_GRP_019"",""TRD_GRP_020"",""TRD_GRP_021"",""TRD_GRP_022"",""TRD_GRP_023"",""TRD_GRP_024"",""TRD_GRP_025"",""TRD_GRP_049"",""TRD_GRP_050"",""TRD_GRP_051"",""TRD_GRP_052"",""TRD_GRP_053"",""TRD_GRP_054"",""TRD_GRP_055"",""TRD_GRP_056"",""TRD_GRP_057"",""TRD_GRP_058"",""TRD_GRP_059"",""TRD_GRP_060"",""TRD_GRP_061"",""TRD_GRP_062"",""TRD_GRP_063"",""TRD_GRP_064"",""TRD_GRP_065"",""TRD_GRP_066"",""TRD_GRP_067"",""TRD_GRP_068"",""TRD_GRP_069"",""TRD_GRP_070"",""TRD_GRP_071"",""TRD_GRP_072"",""TRD_GRP_073"",""TRD_GRP_074"",""TRD_GRP_075"",""TRD_GRP_076"",""TRD_GRP_077"",""TRD_GRP_078"",""TRD_GRP_079"",""TRD_GRP_080"",""TRD_GRP_081"",""TRD_GRP_082"",""TRD_GRP_083"",""TRD_GRP_084"",""TRD_GRP_085"",""TRD_GRP_086"",""TRD_GRP_087"",""TRD_GRP_088"",""TRD_GRP_089"",""TRD_GRP_090"",""TRD_GRP_091"",""TRD_GRP_092"",""TRD_GRP_093"",""TRD_GRP_094"",""TRD_GRP_095"",""TRD_GRP_096"",""TRD_GRP_097"",""TRD_GRP_098"",""TRD_GRP_099"",""TRD_GRP_100"",""TRD_GRP_101"",""TRD_GRP_102"",""TRD_GRP_103"",""TRD_GRP_104"",""TRD_GRP_105"",""TRD_GRP_106"",""TRD_GRP_107"",""TRD_GRP_108"",""TRD_GRP_109"",""TRD_GRP_110"",""TRD_GRP_111"",""TRD_GRP_112"",""TRD_GRP_113"",""TRD_GRP_114"",""TRD_GRP_115"",""TRD_GRP_116"",""TRD_GRP_117"",""TRD_GRP_118"",""TRD_GRP_119"",""TRD_GRP_120"",""TRD_GRP_121"",""TRD_GRP_122"",""TRD_GRP_123"",""TRD_GRP_124"",""TRD_GRP_125"",""TRD_GRP_126"",""TRD_GRP_127"",""TRD_GRP_128"",""TRD_GRP_129"",""TRD_GRP_130"",""TRD_GRP_131"",""TRD_GRP_132"",""TRD_GRP_133"",""TRD_GRP_134"",""TRD_GRP_135"",""TRD_GRP_136"",""TRD_GRP_137"",""TRD_GRP_138"",""TRD_GRP_139"",""TRD_GRP_140"",""TRD_GRP_141"",""TRD_GRP_142"",""TRD_GRP_143"",""TRD_GRP_144"",""TRD_GRP_145"",""TRD_GRP_146"",""TRD_GRP_147"",""TRD_GRP_148"",""TRD_GRP_149"",""TRD_GRP_150"",""TRD_GRP_151"",""TRD_GRP_152"",""TRD_GRP_153"",""TRD_GRP_154"",""TRD_GRP_155"",""TRD_GRP_156"",""TRD_GRP_157"",""TRD_GRP_158"",""TRD_GRP_159"",""TRD_GRP_160"",""TRD_GRP_161"",""TRD_GRP_162"",""TRD_GRP_163"",""TRD_GRP_164"",""TRD_GRP_165"",""TRD_GRP_166"",""TRD_GRP_167"",""TRD_GRP_168"",""TRD_GRP_169"",""TRD_GRP_170"",""TRD_GRP_171"",""TRD_GRP_172"",""TRD_GRP_173"",""TRD_GRP_174"",""TRD_GRP_175"",""TRD_GRP_176"",""TRD_GRP_177"",""TRD_GRP_178"",""TRD_GRP_179"",""TRD_GRP_180"",""TRD_GRP_181"",""TRD_GRP_182"",""TRD_GRP_183"",""TRD_GRP_184"",""TRD_GRP_185"",""TRD_GRP_186"",""TRD_GRP_187"",""TRD_GRP_188"",""TRD_GRP_189"",""TRD_GRP_190"",""TRD_GRP_191"",""TRD_GRP_192"",""TRD_GRP_193"",""TRD_GRP_194"",""TRD_GRP_195"",""TRD_GRP_196"",""TRD_GRP_197"",""TRD_GRP_198"",""TRD_GRP_199"",""TRD_GRP_200"",""TRD_GRP_201"",""TRD_GRP_202"",""TRD_GRP_203"",""TRD_GRP_204"",""TRD_GRP_205"",""TRD_GRP_206"",""TRD_GRP_207"",""TRD_GRP_208"",""TRD_GRP_209"",""TRD_GRP_210"",""TRD_GRP_211"",""TRD_GRP_212"",""TRD_GRP_213"",""TRD_GRP_214"",""TRD_GRP_215"",""TRD_GRP_216"",""TRD_GRP_217"",""TRD_GRP_218"",""TRD_GRP_219"",""TRD_GRP_220"",""TRD_GRP_221"",""TRD_GRP_222"",""TRD_GRP_223"",""TRD_GRP_224"",""TRD_GRP_225"",""TRD_GRP_226"",""TRD_GRP_227"",""TRD_GRP_228"",""TRD_GRP_229"",""TRD_GRP_230"",""TRD_GRP_231"",""TRD_GRP_232"",""TRD_GRP_233"",""TRD_GRP_234"",""TRD_GRP_235"",""TRD_GRP_236"",""TRD_GRP_237"",""TRD_GRP_238"",""TRD_GRP_239"",""TRD_GRP_240"",""TRD_GRP_242"",""TRD_GRP_243"",""TRD_GRP_244"",""TRD_GRP_245"",""TRD_GRP_246"",""TRD_GRP_247"",""TRD_GRP_248"",""TRD_GRP_249"",""TRD_GRP_250"",""TRD_GRP_251"",""TRD_GRP_252"",""TRD_GRP_253"",""TRD_GRP_256"",""TRD_GRP_258""]]",EXPIRE_TAKER|EXPIRE_MAKER|EXPIRE_BOTH|DECREMENT|TRANSFER,0.00100000,100000.00000000,0.00100000,0.01000000,922327.00000000,0.01000000,100,0.00000000,41028.31633333,0.00000000,10,2000,10,2000,1.2,0.5,2,0.8,5,5.00000000,true,9000000.00000000,false,5,200,20,5,10
IOSTUSDT,OutOfSample,482,0,0,false,0,0,TRADING,IOST,USDT,8,8,8,8,8,true,true,true,true,true,true,true,true,true,true,true,EXPIRE_MAKER,LIMIT|LIMIT_MAKER|MARKET|STOP_LOSS|STOP_LOSS_LIMIT|TAKE_PROFIT|TAKE_PROFIT_LIMIT,,"[[""SPOT"",""MARGIN"",""TRD_GRP_004"",""TRD_GRP_005"",""TRD_GRP_006"",""TRD_GRP_015"",""TRD_GRP_016"",""TRD_GRP_017"",""TRD_GRP_018"",""TRD_GRP_019"",""TRD_GRP_020"",""TRD_GRP_021"",""TRD_GRP_022"",""TRD_GRP_023"",""TRD_GRP_024"",""TRD_GRP_025"",""TRD_GRP_049"",""TRD_GRP_050"",""TRD_GRP_051"",""TRD_GRP_052"",""TRD_GRP_053"",""TRD_GRP_054"",""TRD_GRP_055"",""TRD_GRP_056"",""TRD_GRP_057"",""TRD_GRP_058"",""TRD_GRP_059"",""TRD_GRP_060"",""TRD_GRP_061"",""TRD_GRP_062"",""TRD_GRP_063"",""TRD_GRP_064"",""TRD_GRP_065"",""TRD_GRP_066"",""TRD_GRP_067"",""TRD_GRP_068"",""TRD_GRP_069"",""TRD_GRP_070"",""TRD_GRP_071"",""TRD_GRP_072"",""TRD_GRP_073"",""TRD_GRP_074"",""TRD_GRP_075"",""TRD_GRP_076"",""TRD_GRP_077"",""TRD_GRP_078"",""TRD_GRP_079"",""TRD_GRP_080"",""TRD_GRP_081"",""TRD_GRP_082"",""TRD_GRP_083"",""TRD_GRP_084"",""TRD_GRP_085"",""TRD_GRP_086"",""TRD_GRP_087"",""TRD_GRP_088"",""TRD_GRP_089"",""TRD_GRP_090"",""TRD_GRP_091"",""TRD_GRP_092"",""TRD_GRP_093"",""TRD_GRP_094"",""TRD_GRP_095"",""TRD_GRP_096"",""TRD_GRP_097"",""TRD_GRP_098"",""TRD_GRP_099"",""TRD_GRP_100"",""TRD_GRP_101"",""TRD_GRP_102"",""TRD_GRP_103"",""TRD_GRP_104"",""TRD_GRP_105"",""TRD_GRP_106"",""TRD_GRP_107"",""TRD_GRP_108"",""TRD_GRP_109"",""TRD_GRP_110"",""TRD_GRP_111"",""TRD_GRP_112"",""TRD_GRP_113"",""TRD_GRP_114"",""TRD_GRP_115"",""TRD_GRP_116"",""TRD_GRP_117"",""TRD_GRP_118"",""TRD_GRP_119"",""TRD_GRP_120"",""TRD_GRP_121"",""TRD_GRP_122"",""TRD_GRP_123"",""TRD_GRP_124"",""TRD_GRP_125"",""TRD_GRP_126"",""TRD_GRP_127"",""TRD_GRP_128"",""TRD_GRP_129"",""TRD_GRP_130"",""TRD_GRP_131"",""TRD_GRP_132"",""TRD_GRP_133"",""TRD_GRP_134"",""TRD_GRP_135"",""TRD_GRP_136"",""TRD_GRP_137"",""TRD_GRP_138"",""TRD_GRP_139"",""TRD_GRP_140"",""TRD_GRP_141"",""TRD_GRP_142"",""TRD_GRP_143"",""TRD_GRP_144"",""TRD_GRP_145"",""TRD_GRP_146"",""TRD_GRP_147"",""TRD_GRP_148"",""TRD_GRP_149"",""TRD_GRP_150"",""TRD_GRP_151"",""TRD_GRP_152"",""TRD_GRP_153"",""TRD_GRP_154"",""TRD_GRP_155"",""TRD_GRP_156"",""TRD_GRP_157"",""TRD_GRP_158"",""TRD_GRP_159"",""TRD_GRP_160"",""TRD_GRP_161"",""TRD_GRP_162"",""TRD_GRP_163"",""TRD_GRP_164"",""TRD_GRP_165"",""TRD_GRP_166"",""TRD_GRP_167"",""TRD_GRP_168"",""TRD_GRP_169"",""TRD_GRP_170"",""TRD_GRP_171"",""TRD_GRP_172"",""TRD_GRP_173"",""TRD_GRP_174"",""TRD_GRP_175"",""TRD_GRP_176"",""TRD_GRP_177"",""TRD_GRP_178"",""TRD_GRP_179"",""TRD_GRP_180"",""TRD_GRP_181"",""TRD_GRP_182"",""TRD_GRP_183"",""TRD_GRP_184"",""TRD_GRP_185"",""TRD_GRP_186"",""TRD_GRP_187"",""TRD_GRP_188"",""TRD_GRP_189"",""TRD_GRP_190"",""TRD_GRP_191"",""TRD_GRP_192"",""TRD_GRP_193"",""TRD_GRP_194"",""TRD_GRP_195"",""TRD_GRP_196"",""TRD_GRP_197"",""TRD_GRP_198"",""TRD_GRP_199"",""TRD_GRP_200"",""TRD_GRP_201"",""TRD_GRP_202"",""TRD_GRP_203"",""TRD_GRP_204"",""TRD_GRP_205"",""TRD_GRP_206"",""TRD_GRP_207"",""TRD_GRP_208"",""TRD_GRP_209"",""TRD_GRP_210"",""TRD_GRP_211"",""TRD_GRP_212"",""TRD_GRP_213"",""TRD_GRP_214"",""TRD_GRP_215"",""TRD_GRP_216"",""TRD_GRP_217"",""TRD_GRP_218"",""TRD_GRP_219"",""TRD_GRP_220"",""TRD_GRP_221"",""TRD_GRP_222"",""TRD_GRP_223"",""TRD_GRP_224"",""TRD_GRP_225"",""TRD_GRP_226"",""TRD_GRP_227"",""TRD_GRP_228"",""TRD_GRP_229"",""TRD_GRP_230"",""TRD_GRP_231"",""TRD_GRP_232"",""TRD_GRP_233"",""TRD_GRP_234"",""TRD_GRP_235"",""TRD_GRP_236"",""TRD_GRP_237"",""TRD_GRP_238"",""TRD_GRP_239"",""TRD_GRP_240"",""TRD_GRP_242"",""TRD_GRP_243"",""TRD_GRP_244"",""TRD_GRP_245"",""TRD_GRP_246"",""TRD_GRP_247"",""TRD_GRP_248"",""TRD_GRP_249"",""TRD_GRP_250"",""TRD_GRP_251"",""TRD_GRP_252"",""TRD_GRP_253"",""TRD_GRP_256"",""TRD_GRP_258""]]",EXPIRE_TAKER|EXPIRE_MAKER|EXPIRE_BOTH|DECREMENT|TRANSFER,0.00000100,1000.00000000,0.00000100,1.00000000,9000000.00000000,1.00000000,100,0.00000000,29592260.11250000,0.00000000,10,2000,10,2000,1.2,0.5,2,0.8,5,5.00000000,true,9000000.00000000,false,5,200,20,5,10
JUPUSDT,OutOfSample,2454,0,0,false,0,0,TRADING,JUP,USDT,8,8,8,8,8,true,true,true,true,true,true,true,true,true,true,true,EXPIRE_MAKER,LIMIT|LIMIT_MAKER|MARKET|STOP_LOSS|STOP_LOSS_LIMIT|TAKE_PROFIT|TAKE_PROFIT_LIMIT,,"[[""SPOT"",""MARGIN"",""TRD_GRP_004"",""TRD_GRP_005"",""TRD_GRP_006"",""TRD_GRP_016"",""TRD_GRP_017"",""TRD_GRP_018"",""TRD_GRP_019"",""TRD_GRP_020"",""TRD_GRP_021"",""TRD_GRP_022"",""TRD_GRP_023"",""TRD_GRP_024"",""TRD_GRP_025"",""TRD_GRP_049"",""TRD_GRP_050"",""TRD_GRP_051"",""TRD_GRP_052"",""TRD_GRP_053"",""TRD_GRP_054"",""TRD_GRP_055"",""TRD_GRP_056"",""TRD_GRP_057"",""TRD_GRP_058"",""TRD_GRP_059"",""TRD_GRP_060"",""TRD_GRP_061"",""TRD_GRP_062"",""TRD_GRP_063"",""TRD_GRP_064"",""TRD_GRP_065"",""TRD_GRP_066"",""TRD_GRP_067"",""TRD_GRP_068"",""TRD_GRP_069"",""TRD_GRP_070"",""TRD_GRP_071"",""TRD_GRP_072"",""TRD_GRP_073"",""TRD_GRP_074"",""TRD_GRP_075"",""TRD_GRP_076"",""TRD_GRP_077"",""TRD_GRP_078"",""TRD_GRP_079"",""TRD_GRP_080"",""TRD_GRP_081"",""TRD_GRP_082"",""TRD_GRP_083"",""TRD_GRP_084"",""TRD_GRP_085"",""TRD_GRP_086"",""TRD_GRP_087"",""TRD_GRP_088"",""TRD_GRP_089"",""TRD_GRP_090"",""TRD_GRP_091"",""TRD_GRP_092"",""TRD_GRP_093"",""TRD_GRP_094"",""TRD_GRP_095"",""TRD_GRP_096"",""TRD_GRP_097"",""TRD_GRP_098"",""TRD_GRP_099"",""TRD_GRP_100"",""TRD_GRP_101"",""TRD_GRP_102"",""TRD_GRP_103"",""TRD_GRP_104"",""TRD_GRP_105"",""TRD_GRP_106"",""TRD_GRP_107"",""TRD_GRP_108"",""TRD_GRP_109"",""TRD_GRP_110"",""TRD_GRP_111"",""TRD_GRP_112"",""TRD_GRP_113"",""TRD_GRP_114"",""TRD_GRP_115"",""TRD_GRP_116"",""TRD_GRP_117"",""TRD_GRP_118"",""TRD_GRP_119"",""TRD_GRP_120"",""TRD_GRP_121"",""TRD_GRP_122"",""TRD_GRP_123"",""TRD_GRP_124"",""TRD_GRP_125"",""TRD_GRP_126"",""TRD_GRP_127"",""TRD_GRP_128"",""TRD_GRP_129"",""TRD_GRP_130"",""TRD_GRP_131"",""TRD_GRP_132"",""TRD_GRP_133"",""TRD_GRP_134"",""TRD_GRP_135"",""TRD_GRP_136"",""TRD_GRP_137"",""TRD_GRP_138"",""TRD_GRP_139"",""TRD_GRP_140"",""TRD_GRP_141"",""TRD_GRP_142"",""TRD_GRP_143"",""TRD_GRP_144"",""TRD_GRP_145"",""TRD_GRP_146"",""TRD_GRP_147"",""TRD_GRP_148"",""TRD_GRP_149"",""TRD_GRP_150"",""TRD_GRP_151"",""TRD_GRP_152"",""TRD_GRP_153"",""TRD_GRP_154"",""TRD_GRP_155"",""TRD_GRP_156"",""TRD_GRP_157"",""TRD_GRP_158"",""TRD_GRP_159"",""TRD_GRP_160"",""TRD_GRP_161"",""TRD_GRP_162"",""TRD_GRP_163"",""TRD_GRP_164"",""TRD_GRP_165"",""TRD_GRP_166"",""TRD_GRP_167"",""TRD_GRP_168"",""TRD_GRP_169"",""TRD_GRP_170"",""TRD_GRP_171"",""TRD_GRP_172"",""TRD_GRP_173"",""TRD_GRP_174"",""TRD_GRP_175"",""TRD_GRP_176"",""TRD_GRP_177"",""TRD_GRP_178"",""TRD_GRP_179"",""TRD_GRP_180"",""TRD_GRP_181"",""TRD_GRP_182"",""TRD_GRP_183"",""TRD_GRP_184"",""TRD_GRP_185"",""TRD_GRP_186"",""TRD_GRP_187"",""TRD_GRP_188"",""TRD_GRP_189"",""TRD_GRP_190"",""TRD_GRP_191"",""TRD_GRP_192"",""TRD_GRP_193"",""TRD_GRP_194"",""TRD_GRP_195"",""TRD_GRP_196"",""TRD_GRP_197"",""TRD_GRP_198"",""TRD_GRP_199"",""TRD_GRP_200"",""TRD_GRP_201"",""TRD_GRP_202"",""TRD_GRP_203"",""TRD_GRP_204"",""TRD_GRP_205"",""TRD_GRP_206"",""TRD_GRP_207"",""TRD_GRP_208"",""TRD_GRP_209"",""TRD_GRP_210"",""TRD_GRP_211"",""TRD_GRP_212"",""TRD_GRP_213"",""TRD_GRP_214"",""TRD_GRP_215"",""TRD_GRP_216"",""TRD_GRP_217"",""TRD_GRP_218"",""TRD_GRP_219"",""TRD_GRP_220"",""TRD_GRP_221"",""TRD_GRP_222"",""TRD_GRP_223"",""TRD_GRP_224"",""TRD_GRP_225"",""TRD_GRP_226"",""TRD_GRP_227"",""TRD_GRP_228"",""TRD_GRP_229"",""TRD_GRP_230"",""TRD_GRP_231"",""TRD_GRP_232"",""TRD_GRP_233"",""TRD_GRP_234"",""TRD_GRP_235"",""TRD_GRP_236"",""TRD_GRP_237"",""TRD_GRP_238"",""TRD_GRP_239"",""TRD_GRP_240"",""TRD_GRP_242"",""TRD_GRP_243"",""TRD_GRP_244"",""TRD_GRP_245"",""TRD_GRP_246"",""TRD_GRP_247"",""TRD_GRP_248"",""TRD_GRP_249"",""TRD_GRP_250"",""TRD_GRP_251"",""TRD_GRP_252"",""TRD_GRP_253"",""TRD_GRP_256"",""TRD_GRP_258""]]",EXPIRE_TAKER|EXPIRE_MAKER|EXPIRE_BOTH|DECREMENT|TRANSFER,0.00010000,1000.00000000,0.00010000,0.10000000,92141578.00000000,0.10000000,100,0.00000000,308913.31333333,0.00000000,10,2000,10,2000,1.2,0.5,2,0.8,5,5.00000000,true,9000000.00000000,false,5,200,20,5,10
MARSCOINUSDT,OutOfSample,3691,0,0,false,0,0,TRADING,MARSCOIN,USDT,8,8,8,8,8,true,true,true,true,true,true,true,true,true,true,true,EXPIRE_MAKER,LIMIT|LIMIT_MAKER|MARKET|STOP_LOSS|STOP_LOSS_LIMIT|TAKE_PROFIT|TAKE_PROFIT_LIMIT,,"[[""SPOT"",""MARGIN"",""TRD_GRP_004"",""TRD_GRP_006"",""TRD_GRP_016"",""TRD_GRP_017"",""TRD_GRP_018"",""TRD_GRP_019"",""TRD_GRP_020"",""TRD_GRP_021"",""TRD_GRP_022"",""TRD_GRP_023"",""TRD_GRP_024"",""TRD_GRP_025"",""TRD_GRP_049"",""TRD_GRP_050"",""TRD_GRP_051"",""TRD_GRP_052"",""TRD_GRP_053"",""TRD_GRP_054"",""TRD_GRP_055"",""TRD_GRP_056"",""TRD_GRP_057"",""TRD_GRP_058"",""TRD_GRP_059"",""TRD_GRP_060"",""TRD_GRP_061"",""TRD_GRP_062"",""TRD_GRP_063"",""TRD_GRP_064"",""TRD_GRP_065"",""TRD_GRP_066"",""TRD_GRP_067"",""TRD_GRP_068"",""TRD_GRP_069"",""TRD_GRP_070"",""TRD_GRP_071"",""TRD_GRP_072"",""TRD_GRP_073"",""TRD_GRP_074"",""TRD_GRP_075"",""TRD_GRP_076"",""TRD_GRP_077"",""TRD_GRP_078"",""TRD_GRP_079"",""TRD_GRP_080"",""TRD_GRP_081"",""TRD_GRP_082"",""TRD_GRP_083"",""TRD_GRP_084"",""TRD_GRP_085"",""TRD_GRP_086"",""TRD_GRP_087"",""TRD_GRP_088"",""TRD_GRP_089"",""TRD_GRP_090"",""TRD_GRP_091"",""TRD_GRP_092"",""TRD_GRP_093"",""TRD_GRP_094"",""TRD_GRP_095"",""TRD_GRP_096"",""TRD_GRP_097"",""TRD_GRP_098"",""TRD_GRP_099"",""TRD_GRP_100"",""TRD_GRP_101"",""TRD_GRP_102"",""TRD_GRP_103"",""TRD_GRP_104"",""TRD_GRP_105"",""TRD_GRP_106"",""TRD_GRP_107"",""TRD_GRP_108"",""TRD_GRP_109"",""TRD_GRP_110"",""TRD_GRP_111"",""TRD_GRP_112"",""TRD_GRP_113"",""TRD_GRP_114"",""TRD_GRP_115"",""TRD_GRP_116"",""TRD_GRP_117"",""TRD_GRP_118"",""TRD_GRP_119"",""TRD_GRP_120"",""TRD_GRP_121"",""TRD_GRP_122"",""TRD_GRP_123"",""TRD_GRP_124"",""TRD_GRP_125"",""TRD_GRP_126"",""TRD_GRP_127"",""TRD_GRP_128"",""TRD_GRP_129"",""TRD_GRP_130"",""TRD_GRP_131"",""TRD_GRP_132"",""TRD_GRP_133"",""TRD_GRP_134"",""TRD_GRP_135"",""TRD_GRP_136"",""TRD_GRP_137"",""TRD_GRP_138"",""TRD_GRP_139"",""TRD_GRP_140"",""TRD_GRP_141"",""TRD_GRP_142"",""TRD_GRP_143"",""TRD_GRP_144"",""TRD_GRP_145"",""TRD_GRP_146"",""TRD_GRP_147"",""TRD_GRP_148"",""TRD_GRP_149"",""TRD_GRP_150"",""TRD_GRP_151"",""TRD_GRP_152"",""TRD_GRP_153"",""TRD_GRP_154"",""TRD_GRP_155"",""TRD_GRP_156"",""TRD_GRP_157"",""TRD_GRP_158"",""TRD_GRP_159"",""TRD_GRP_160"",""TRD_GRP_161"",""TRD_GRP_162"",""TRD_GRP_163"",""TRD_GRP_164"",""TRD_GRP_165"",""TRD_GRP_166"",""TRD_GRP_167"",""TRD_GRP_168"",""TRD_GRP_169"",""TRD_GRP_170"",""TRD_GRP_171"",""TRD_GRP_172"",""TRD_GRP_173"",""TRD_GRP_174"",""TRD_GRP_175"",""TRD_GRP_176"",""TRD_GRP_177"",""TRD_GRP_178"",""TRD_GRP_179"",""TRD_GRP_180"",""TRD_GRP_181"",""TRD_GRP_182"",""TRD_GRP_183"",""TRD_GRP_184"",""TRD_GRP_185"",""TRD_GRP_186"",""TRD_GRP_187"",""TRD_GRP_188"",""TRD_GRP_189"",""TRD_GRP_190"",""TRD_GRP_191"",""TRD_GRP_192"",""TRD_GRP_193"",""TRD_GRP_194"",""TRD_GRP_195"",""TRD_GRP_196"",""TRD_GRP_197"",""TRD_GRP_198"",""TRD_GRP_199"",""TRD_GRP_200"",""TRD_GRP_201"",""TRD_GRP_202"",""TRD_GRP_203"",""TRD_GRP_204"",""TRD_GRP_205"",""TRD_GRP_206"",""TRD_GRP_207"",""TRD_GRP_208"",""TRD_GRP_209"",""TRD_GRP_210"",""TRD_GRP_211"",""TRD_GRP_212"",""TRD_GRP_213"",""TRD_GRP_214"",""TRD_GRP_215"",""TRD_GRP_216"",""TRD_GRP_217"",""TRD_GRP_218"",""TRD_GRP_219"",""TRD_GRP_220"",""TRD_GRP_221"",""TRD_GRP_222"",""TRD_GRP_223"",""TRD_GRP_224"",""TRD_GRP_225"",""TRD_GRP_226"",""TRD_GRP_227"",""TRD_GRP_228"",""TRD_GRP_229"",""TRD_GRP_230"",""TRD_GRP_231"",""TRD_GRP_232"",""TRD_GRP_233"",""TRD_GRP_234"",""TRD_GRP_235"",""TRD_GRP_236"",""TRD_GRP_237"",""TRD_GRP_238"",""TRD_GRP_239"",""TRD_GRP_240"",""TRD_GRP_242"",""TRD_GRP_245"",""TRD_GRP_246"",""TRD_GRP_247"",""TRD_GRP_248"",""TRD_GRP_249"",""TRD_GRP_250"",""TRD_GRP_251"",""TRD_GRP_252"",""TRD_GRP_253"",""TRD_GRP_256"",""TRD_GRP_258""]]",EXPIRE_TAKER|EXPIRE_MAKER|EXPIRE_BOTH|DECREMENT|TRANSFER,0.00010000,100.00000000,0.00010000,0.10000000,913205152.00000000,0.10000000,100,0.00000000,609890.56666666,0.00000000,10,2000,10,2000,1.2,0.5,2,0.8,5,5.00000000,true,9000000.00000000,false,5,200,20,5,10
MINAUSDT,OutOfSample,1564,0,0,false,0,0,TRADING,MINA,USDT,8,8,8,8,8,true,true,true,true,true,true,true,true,true,true,true,EXPIRE_MAKER,LIMIT|LIMIT_MAKER|MARKET|STOP_LOSS|STOP_LOSS_LIMIT|TAKE_PROFIT|TAKE_PROFIT_LIMIT,,"[[""SPOT"",""MARGIN"",""TRD_GRP_004"",""TRD_GRP_006"",""TRD_GRP_015"",""TRD_GRP_016"",""TRD_GRP_017"",""TRD_GRP_018"",""TRD_GRP_019"",""TRD_GRP_020"",""TRD_GRP_021"",""TRD_GRP_022"",""TRD_GRP_023"",""TRD_GRP_024"",""TRD_GRP_025"",""TRD_GRP_049"",""TRD_GRP_050"",""TRD_GRP_051"",""TRD_GRP_052"",""TRD_GRP_053"",""TRD_GRP_054"",""TRD_GRP_055"",""TRD_GRP_056"",""TRD_GRP_057"",""TRD_GRP_058"",""TRD_GRP_059"",""TRD_GRP_060"",""TRD_GRP_061"",""TRD_GRP_062"",""TRD_GRP_063"",""TRD_GRP_064"",""TRD_GRP_065"",""TRD_GRP_066"",""TRD_GRP_067"",""TRD_GRP_068"",""TRD_GRP_069"",""TRD_GRP_070"",""TRD_GRP_071"",""TRD_GRP_072"",""TRD_GRP_073"",""TRD_GRP_074"",""TRD_GRP_075"",""TRD_GRP_076"",""TRD_GRP_077"",""TRD_GRP_078"",""TRD_GRP_079"",""TRD_GRP_080"",""TRD_GRP_081"",""TRD_GRP_082"",""TRD_GRP_083"",""TRD_GRP_084"",""TRD_GRP_085"",""TRD_GRP_086"",""TRD_GRP_087"",""TRD_GRP_088"",""TRD_GRP_089"",""TRD_GRP_090"",""TRD_GRP_091"",""TRD_GRP_092"",""TRD_GRP_093"",""TRD_GRP_094"",""TRD_GRP_095"",""TRD_GRP_096"",""TRD_GRP_097"",""TRD_GRP_098"",""TRD_GRP_099"",""TRD_GRP_100"",""TRD_GRP_101"",""TRD_GRP_102"",""TRD_GRP_103"",""TRD_GRP_104"",""TRD_GRP_105"",""TRD_GRP_106"",""TRD_GRP_107"",""TRD_GRP_108"",""TRD_GRP_109"",""TRD_GRP_110"",""TRD_GRP_111"",""TRD_GRP_112"",""TRD_GRP_113"",""TRD_GRP_114"",""TRD_GRP_115"",""TRD_GRP_116"",""TRD_GRP_117"",""TRD_GRP_118"",""TRD_GRP_119"",""TRD_GRP_120"",""TRD_GRP_121"",""TRD_GRP_122"",""TRD_GRP_123"",""TRD_GRP_124"",""TRD_GRP_125"",""TRD_GRP_126"",""TRD_GRP_127"",""TRD_GRP_128"",""TRD_GRP_129"",""TRD_GRP_130"",""TRD_GRP_131"",""TRD_GRP_132"",""TRD_GRP_133"",""TRD_GRP_134"",""TRD_GRP_135"",""TRD_GRP_136"",""TRD_GRP_137"",""TRD_GRP_138"",""TRD_GRP_139"",""TRD_GRP_140"",""TRD_GRP_141"",""TRD_GRP_142"",""TRD_GRP_143"",""TRD_GRP_144"",""TRD_GRP_145"",""TRD_GRP_146"",""TRD_GRP_147"",""TRD_GRP_148"",""TRD_GRP_149"",""TRD_GRP_150"",""TRD_GRP_151"",""TRD_GRP_152"",""TRD_GRP_153"",""TRD_GRP_154"",""TRD_GRP_155"",""TRD_GRP_156"",""TRD_GRP_157"",""TRD_GRP_158"",""TRD_GRP_159"",""TRD_GRP_160"",""TRD_GRP_161"",""TRD_GRP_162"",""TRD_GRP_163"",""TRD_GRP_164"",""TRD_GRP_165"",""TRD_GRP_166"",""TRD_GRP_167"",""TRD_GRP_168"",""TRD_GRP_169"",""TRD_GRP_170"",""TRD_GRP_171"",""TRD_GRP_172"",""TRD_GRP_173"",""TRD_GRP_174"",""TRD_GRP_175"",""TRD_GRP_176"",""TRD_GRP_177"",""TRD_GRP_178"",""TRD_GRP_179"",""TRD_GRP_180"",""TRD_GRP_181"",""TRD_GRP_182"",""TRD_GRP_183"",""TRD_GRP_184"",""TRD_GRP_185"",""TRD_GRP_186"",""TRD_GRP_187"",""TRD_GRP_188"",""TRD_GRP_189"",""TRD_GRP_190"",""TRD_GRP_191"",""TRD_GRP_192"",""TRD_GRP_193"",""TRD_GRP_194"",""TRD_GRP_195"",""TRD_GRP_196"",""TRD_GRP_197"",""TRD_GRP_198"",""TRD_GRP_199"",""TRD_GRP_200"",""TRD_GRP_201"",""TRD_GRP_202"",""TRD_GRP_203"",""TRD_GRP_204"",""TRD_GRP_205"",""TRD_GRP_206"",""TRD_GRP_207"",""TRD_GRP_208"",""TRD_GRP_209"",""TRD_GRP_210"",""TRD_GRP_211"",""TRD_GRP_212"",""TRD_GRP_213"",""TRD_GRP_214"",""TRD_GRP_215"",""TRD_GRP_216"",""TRD_GRP_217"",""TRD_GRP_218"",""TRD_GRP_219"",""TRD_GRP_220"",""TRD_GRP_221"",""TRD_GRP_222"",""TRD_GRP_223"",""TRD_GRP_224"",""TRD_GRP_225"",""TRD_GRP_226"",""TRD_GRP_227"",""TRD_GRP_228"",""TRD_GRP_229"",""TRD_GRP_230"",""TRD_GRP_231"",""TRD_GRP_232"",""TRD_GRP_233"",""TRD_GRP_234"",""TRD_GRP_235"",""TRD_GRP_236"",""TRD_GRP_237"",""TRD_GRP_238"",""TRD_GRP_239"",""TRD_GRP_240"",""TRD_GRP_242"",""TRD_GRP_243"",""TRD_GRP_244"",""TRD_GRP_245"",""TRD_GRP_246"",""TRD_GRP_247"",""TRD_GRP_248"",""TRD_GRP_249"",""TRD_GRP_250"",""TRD_GRP_251"",""TRD_GRP_252"",""TRD_GRP_253"",""TRD_GRP_256"",""TRD_GRP_258""]]",EXPIRE_TAKER|EXPIRE_MAKER|EXPIRE_BOTH|DECREMENT|TRANSFER,0.00010000,10000.00000000,0.00010000,0.10000000,9222449.00000000,0.10000000,100,0.00000000,167978.98166666,0.00000000,10,2000,10,2000,1.2,0.5,2,0.8,5,5.00000000,true,9000000.00000000,false,5,200,20,5,10
ONDOUSDT,OutOfSample,3045,0,0,false,0,0,TRADING,ONDO,USDT,8,8,8,8,8,true,true,true,true,true,true,true,true,true,true,true,EXPIRE_MAKER,LIMIT|LIMIT_MAKER|MARKET|STOP_LOSS|STOP_LOSS_LIMIT|TAKE_PROFIT|TAKE_PROFIT_LIMIT,,"[[""SPOT"",""MARGIN"",""TRD_GRP_004"",""TRD_GRP_005"",""TRD_GRP_006"",""TRD_GRP_016"",""TRD_GRP_017"",""TRD_GRP_018"",""TRD_GRP_019"",""TRD_GRP_020"",""TRD_GRP_021"",""TRD_GRP_022"",""TRD_GRP_023"",""TRD_GRP_024"",""TRD_GRP_025"",""TRD_GRP_049"",""TRD_GRP_050"",""TRD_GRP_051"",""TRD_GRP_052"",""TRD_GRP_053"",""TRD_GRP_054"",""TRD_GRP_055"",""TRD_GRP_056"",""TRD_GRP_057"",""TRD_GRP_058"",""TRD_GRP_059"",""TRD_GRP_060"",""TRD_GRP_061"",""TRD_GRP_062"",""TRD_GRP_063"",""TRD_GRP_064"",""TRD_GRP_065"",""TRD_GRP_066"",""TRD_GRP_067"",""TRD_GRP_068"",""TRD_GRP_069"",""TRD_GRP_070"",""TRD_GRP_071"",""TRD_GRP_072"",""TRD_GRP_073"",""TRD_GRP_074"",""TRD_GRP_075"",""TRD_GRP_076"",""TRD_GRP_077"",""TRD_GRP_078"",""TRD_GRP_079"",""TRD_GRP_080"",""TRD_GRP_081"",""TRD_GRP_082"",""TRD_GRP_083"",""TRD_GRP_084"",""TRD_GRP_085"",""TRD_GRP_086"",""TRD_GRP_087"",""TRD_GRP_088"",""TRD_GRP_089"",""TRD_GRP_090"",""TRD_GRP_091"",""TRD_GRP_092"",""TRD_GRP_093"",""TRD_GRP_094"",""TRD_GRP_095"",""TRD_GRP_096"",""TRD_GRP_097"",""TRD_GRP_098"",""TRD_GRP_099"",""TRD_GRP_100"",""TRD_GRP_101"",""TRD_GRP_102"",""TRD_GRP_103"",""TRD_GRP_104"",""TRD_GRP_105"",""TRD_GRP_106"",""TRD_GRP_107"",""TRD_GRP_108"",""TRD_GRP_109"",""TRD_GRP_110"",""TRD_GRP_111"",""TRD_GRP_112"",""TRD_GRP_113"",""TRD_GRP_114"",""TRD_GRP_115"",""TRD_GRP_116"",""TRD_GRP_117"",""TRD_GRP_118"",""TRD_GRP_119"",""TRD_GRP_120"",""TRD_GRP_121"",""TRD_GRP_122"",""TRD_GRP_123"",""TRD_GRP_124"",""TRD_GRP_125"",""TRD_GRP_126"",""TRD_GRP_127"",""TRD_GRP_128"",""TRD_GRP_129"",""TRD_GRP_130"",""TRD_GRP_131"",""TRD_GRP_132"",""TRD_GRP_133"",""TRD_GRP_134"",""TRD_GRP_135"",""TRD_GRP_136"",""TRD_GRP_137"",""TRD_GRP_138"",""TRD_GRP_139"",""TRD_GRP_140"",""TRD_GRP_141"",""TRD_GRP_142"",""TRD_GRP_143"",""TRD_GRP_144"",""TRD_GRP_145"",""TRD_GRP_146"",""TRD_GRP_147"",""TRD_GRP_148"",""TRD_GRP_149"",""TRD_GRP_150"",""TRD_GRP_151"",""TRD_GRP_152"",""TRD_GRP_153"",""TRD_GRP_154"",""TRD_GRP_155"",""TRD_GRP_156"",""TRD_GRP_157"",""TRD_GRP_158"",""TRD_GRP_159"",""TRD_GRP_160"",""TRD_GRP_161"",""TRD_GRP_162"",""TRD_GRP_163"",""TRD_GRP_164"",""TRD_GRP_165"",""TRD_GRP_166"",""TRD_GRP_167"",""TRD_GRP_168"",""TRD_GRP_169"",""TRD_GRP_170"",""TRD_GRP_171"",""TRD_GRP_172"",""TRD_GRP_173"",""TRD_GRP_174"",""TRD_GRP_175"",""TRD_GRP_176"",""TRD_GRP_177"",""TRD_GRP_178"",""TRD_GRP_179"",""TRD_GRP_180"",""TRD_GRP_181"",""TRD_GRP_182"",""TRD_GRP_183"",""TRD_GRP_184"",""TRD_GRP_185"",""TRD_GRP_186"",""TRD_GRP_187"",""TRD_GRP_188"",""TRD_GRP_189"",""TRD_GRP_190"",""TRD_GRP_191"",""TRD_GRP_192"",""TRD_GRP_193"",""TRD_GRP_194"",""TRD_GRP_195"",""TRD_GRP_196"",""TRD_GRP_197"",""TRD_GRP_198"",""TRD_GRP_199"",""TRD_GRP_200"",""TRD_GRP_201"",""TRD_GRP_202"",""TRD_GRP_203"",""TRD_GRP_204"",""TRD_GRP_205"",""TRD_GRP_206"",""TRD_GRP_207"",""TRD_GRP_208"",""TRD_GRP_209"",""TRD_GRP_210"",""TRD_GRP_211"",""TRD_GRP_212"",""TRD_GRP_213"",""TRD_GRP_214"",""TRD_GRP_215"",""TRD_GRP_216"",""TRD_GRP_217"",""TRD_GRP_218"",""TRD_GRP_219"",""TRD_GRP_220"",""TRD_GRP_221"",""TRD_GRP_222"",""TRD_GRP_223"",""TRD_GRP_224"",""TRD_GRP_225"",""TRD_GRP_226"",""TRD_GRP_227"",""TRD_GRP_228"",""TRD_GRP_229"",""TRD_GRP_230"",""TRD_GRP_231"",""TRD_GRP_232"",""TRD_GRP_233"",""TRD_GRP_234"",""TRD_GRP_235"",""TRD_GRP_236"",""TRD_GRP_237"",""TRD_GRP_238"",""TRD_GRP_239"",""TRD_GRP_240"",""TRD_GRP_242"",""TRD_GRP_243"",""TRD_GRP_244"",""TRD_GRP_245"",""TRD_GRP_246"",""TRD_GRP_247"",""TRD_GRP_248"",""TRD_GRP_249"",""TRD_GRP_250"",""TRD_GRP_251"",""TRD_GRP_252"",""TRD_GRP_253"",""TRD_GRP_256"",""TRD_GRP_258""]]",EXPIRE_TAKER|EXPIRE_MAKER|EXPIRE_BOTH|DECREMENT|TRANSFER,0.00010000,100.00000000,0.00010000,0.10000000,913205152.00000000,0.10000000,100,0.00000000,606831.59375000,0.00000000,10,2000,10,2000,1.2,0.5,2,0.8,5,5.00000000,true,9000000.00000000,false,5,200,20,5,10
PENGUUSDT,OutOfSample,2861,0,0,false,0,0,TRADING,PENGU,USDT,8,8,8,8,8,true,true,true,true,true,true,true,true,true,true,true,EXPIRE_MAKER,LIMIT|LIMIT_MAKER|MARKET|STOP_LOSS|STOP_LOSS_LIMIT|TAKE_PROFIT|TAKE_PROFIT_LIMIT,,"[[""SPOT"",""MARGIN"",""TRD_GRP_004"",""TRD_GRP_005"",""TRD_GRP_006"",""TRD_GRP_016"",""TRD_GRP_017"",""TRD_GRP_018"",""TRD_GRP_019"",""TRD_GRP_020"",""TRD_GRP_021"",""TRD_GRP_022"",""TRD_GRP_023"",""TRD_GRP_024"",""TRD_GRP_025"",""TRD_GRP_049"",""TRD_GRP_050"",""TRD_GRP_051"",""TRD_GRP_052"",""TRD_GRP_053"",""TRD_GRP_054"",""TRD_GRP_055"",""TRD_GRP_056"",""TRD_GRP_057"",""TRD_GRP_058"",""TRD_GRP_059"",""TRD_GRP_060"",""TRD_GRP_061"",""TRD_GRP_062"",""TRD_GRP_063"",""TRD_GRP_064"",""TRD_GRP_065"",""TRD_GRP_066"",""TRD_GRP_067"",""TRD_GRP_068"",""TRD_GRP_069"",""TRD_GRP_070"",""TRD_GRP_071"",""TRD_GRP_072"",""TRD_GRP_073"",""TRD_GRP_074"",""TRD_GRP_075"",""TRD_GRP_076"",""TRD_GRP_077"",""TRD_GRP_078"",""TRD_GRP_079"",""TRD_GRP_080"",""TRD_GRP_081"",""TRD_GRP_082"",""TRD_GRP_083"",""TRD_GRP_084"",""TRD_GRP_085"",""TRD_GRP_086"",""TRD_GRP_087"",""TRD_GRP_088"",""TRD_GRP_089"",""TRD_GRP_090"",""TRD_GRP_091"",""TRD_GRP_092"",""TRD_GRP_093"",""TRD_GRP_094"",""TRD_GRP_095"",""TRD_GRP_096"",""TRD_GRP_097"",""TRD_GRP_098"",""TRD_GRP_099"",""TRD_GRP_100"",""TRD_GRP_101"",""TRD_GRP_102"",""TRD_GRP_103"",""TRD_GRP_104"",""TRD_GRP_105"",""TRD_GRP_106"",""TRD_GRP_107"",""TRD_GRP_108"",""TRD_GRP_109"",""TRD_GRP_110"",""TRD_GRP_111"",""TRD_GRP_112"",""TRD_GRP_113"",""TRD_GRP_114"",""TRD_GRP_115"",""TRD_GRP_116"",""TRD_GRP_117"",""TRD_GRP_118"",""TRD_GRP_119"",""TRD_GRP_120"",""TRD_GRP_121"",""TRD_GRP_122"",""TRD_GRP_123"",""TRD_GRP_124"",""TRD_GRP_125"",""TRD_GRP_126"",""TRD_GRP_127"",""TRD_GRP_128"",""TRD_GRP_129"",""TRD_GRP_130"",""TRD_GRP_131"",""TRD_GRP_132"",""TRD_GRP_133"",""TRD_GRP_134"",""TRD_GRP_135"",""TRD_GRP_136"",""TRD_GRP_137"",""TRD_GRP_138"",""TRD_GRP_139"",""TRD_GRP_140"",""TRD_GRP_141"",""TRD_GRP_142"",""TRD_GRP_143"",""TRD_GRP_144"",""TRD_GRP_145"",""TRD_GRP_146"",""TRD_GRP_147"",""TRD_GRP_148"",""TRD_GRP_149"",""TRD_GRP_150"",""TRD_GRP_151"",""TRD_GRP_152"",""TRD_GRP_153"",""TRD_GRP_154"",""TRD_GRP_155"",""TRD_GRP_156"",""TRD_GRP_157"",""TRD_GRP_158"",""TRD_GRP_159"",""TRD_GRP_160"",""TRD_GRP_161"",""TRD_GRP_162"",""TRD_GRP_163"",""TRD_GRP_164"",""TRD_GRP_165"",""TRD_GRP_166"",""TRD_GRP_167"",""TRD_GRP_168"",""TRD_GRP_169"",""TRD_GRP_170"",""TRD_GRP_171"",""TRD_GRP_172"",""TRD_GRP_173"",""TRD_GRP_174"",""TRD_GRP_175"",""TRD_GRP_176"",""TRD_GRP_177"",""TRD_GRP_178"",""TRD_GRP_179"",""TRD_GRP_180"",""TRD_GRP_181"",""TRD_GRP_182"",""TRD_GRP_183"",""TRD_GRP_184"",""TRD_GRP_185"",""TRD_GRP_186"",""TRD_GRP_187"",""TRD_GRP_188"",""TRD_GRP_189"",""TRD_GRP_190"",""TRD_GRP_191"",""TRD_GRP_192"",""TRD_GRP_193"",""TRD_GRP_194"",""TRD_GRP_195"",""TRD_GRP_196"",""TRD_GRP_197"",""TRD_GRP_198"",""TRD_GRP_199"",""TRD_GRP_200"",""TRD_GRP_201"",""TRD_GRP_202"",""TRD_GRP_203"",""TRD_GRP_204"",""TRD_GRP_205"",""TRD_GRP_206"",""TRD_GRP_207"",""TRD_GRP_208"",""TRD_GRP_209"",""TRD_GRP_210"",""TRD_GRP_211"",""TRD_GRP_212"",""TRD_GRP_213"",""TRD_GRP_214"",""TRD_GRP_215"",""TRD_GRP_216"",""TRD_GRP_217"",""TRD_GRP_218"",""TRD_GRP_219"",""TRD_GRP_220"",""TRD_GRP_221"",""TRD_GRP_222"",""TRD_GRP_223"",""TRD_GRP_224"",""TRD_GRP_225"",""TRD_GRP_226"",""TRD_GRP_227"",""TRD_GRP_228"",""TRD_GRP_229"",""TRD_GRP_230"",""TRD_GRP_231"",""TRD_GRP_232"",""TRD_GRP_233"",""TRD_GRP_234"",""TRD_GRP_235"",""TRD_GRP_236"",""TRD_GRP_237"",""TRD_GRP_238"",""TRD_GRP_239"",""TRD_GRP_240"",""TRD_GRP_242"",""TRD_GRP_243"",""TRD_GRP_244"",""TRD_GRP_245"",""TRD_GRP_246"",""TRD_GRP_247"",""TRD_GRP_248"",""TRD_GRP_249"",""TRD_GRP_250"",""TRD_GRP_251"",""TRD_GRP_252"",""TRD_GRP_253"",""TRD_GRP_256"",""TRD_GRP_258""]]",EXPIRE_TAKER|EXPIRE_MAKER|EXPIRE_BOTH|DECREMENT|TRANSFER,0.00000100,1000.00000000,0.00000100,1.00000000,92141578.00000000,1.00000000,100,0.00000000,19121064.67083333,0.00000000,10,2000,10,2000,1.2,0.5,2,0.8,5,1.00000000,true,9000000.00000000,false,5,200,20,5,10
PEPEUSDT,OutOfSample,2211,0,0,false,0,0,TRADING,PEPE,USDT,2,8,8,2,8,true,true,true,true,true,true,true,true,true,true,true,EXPIRE_MAKER,LIMIT|LIMIT_MAKER|MARKET|STOP_LOSS|STOP_LOSS_LIMIT|TAKE_PROFIT|TAKE_PROFIT_LIMIT,,"[[""SPOT"",""MARGIN"",""TRD_GRP_004"",""TRD_GRP_005"",""TRD_GRP_006"",""TRD_GRP_015"",""TRD_GRP_016"",""TRD_GRP_017"",""TRD_GRP_018"",""TRD_GRP_019"",""TRD_GRP_020"",""TRD_GRP_021"",""TRD_GRP_022"",""TRD_GRP_023"",""TRD_GRP_024"",""TRD_GRP_025"",""TRD_GRP_049"",""TRD_GRP_050"",""TRD_GRP_051"",""TRD_GRP_052"",""TRD_GRP_053"",""TRD_GRP_054"",""TRD_GRP_055"",""TRD_GRP_056"",""TRD_GRP_057"",""TRD_GRP_058"",""TRD_GRP_059"",""TRD_GRP_060"",""TRD_GRP_061"",""TRD_GRP_062"",""TRD_GRP_063"",""TRD_GRP_064"",""TRD_GRP_065"",""TRD_GRP_066"",""TRD_GRP_067"",""TRD_GRP_068"",""TRD_GRP_069"",""TRD_GRP_070"",""TRD_GRP_071"",""TRD_GRP_072"",""TRD_GRP_073"",""TRD_GRP_074"",""TRD_GRP_075"",""TRD_GRP_076"",""TRD_GRP_077"",""TRD_GRP_078"",""TRD_GRP_079"",""TRD_GRP_080"",""TRD_GRP_081"",""TRD_GRP_082"",""TRD_GRP_083"",""TRD_GRP_084"",""TRD_GRP_085"",""TRD_GRP_086"",""TRD_GRP_087"",""TRD_GRP_088"",""TRD_GRP_089"",""TRD_GRP_090"",""TRD_GRP_091"",""TRD_GRP_092"",""TRD_GRP_093"",""TRD_GRP_094"",""TRD_GRP_095"",""TRD_GRP_096"",""TRD_GRP_097"",""TRD_GRP_098"",""TRD_GRP_099"",""TRD_GRP_100"",""TRD_GRP_101"",""TRD_GRP_102"",""TRD_GRP_103"",""TRD_GRP_104"",""TRD_GRP_105"",""TRD_GRP_106"",""TRD_GRP_107"",""TRD_GRP_108"",""TRD_GRP_109"",""TRD_GRP_110"",""TRD_GRP_111"",""TRD_GRP_112"",""TRD_GRP_113"",""TRD_GRP_114"",""TRD_GRP_115"",""TRD_GRP_116"",""TRD_GRP_117"",""TRD_GRP_118"",""TRD_GRP_119"",""TRD_GRP_120"",""TRD_GRP_121"",""TRD_GRP_122"",""TRD_GRP_123"",""TRD_GRP_124"",""TRD_GRP_125"",""TRD_GRP_126"",""TRD_GRP_127"",""TRD_GRP_128"",""TRD_GRP_129"",""TRD_GRP_130"",""TRD_GRP_131"",""TRD_GRP_132"",""TRD_GRP_133"",""TRD_GRP_134"",""TRD_GRP_135"",""TRD_GRP_136"",""TRD_GRP_137"",""TRD_GRP_138"",""TRD_GRP_139"",""TRD_GRP_140"",""TRD_GRP_141"",""TRD_GRP_142"",""TRD_GRP_143"",""TRD_GRP_144"",""TRD_GRP_145"",""TRD_GRP_146"",""TRD_GRP_147"",""TRD_GRP_148"",""TRD_GRP_149"",""TRD_GRP_150"",""TRD_GRP_151"",""TRD_GRP_152"",""TRD_GRP_153"",""TRD_GRP_154"",""TRD_GRP_155"",""TRD_GRP_156"",""TRD_GRP_157"",""TRD_GRP_158"",""TRD_GRP_159"",""TRD_GRP_160"",""TRD_GRP_161"",""TRD_GRP_162"",""TRD_GRP_163"",""TRD_GRP_164"",""TRD_GRP_165"",""TRD_GRP_166"",""TRD_GRP_167"",""TRD_GRP_168"",""TRD_GRP_169"",""TRD_GRP_170"",""TRD_GRP_171"",""TRD_GRP_172"",""TRD_GRP_173"",""TRD_GRP_174"",""TRD_GRP_175"",""TRD_GRP_176"",""TRD_GRP_177"",""TRD_GRP_178"",""TRD_GRP_179"",""TRD_GRP_180"",""TRD_GRP_181"",""TRD_GRP_182"",""TRD_GRP_183"",""TRD_GRP_184"",""TRD_GRP_185"",""TRD_GRP_186"",""TRD_GRP_187"",""TRD_GRP_188"",""TRD_GRP_189"",""TRD_GRP_190"",""TRD_GRP_191"",""TRD_GRP_192"",""TRD_GRP_193"",""TRD_GRP_194"",""TRD_GRP_195"",""TRD_GRP_196"",""TRD_GRP_197"",""TRD_GRP_198"",""TRD_GRP_199"",""TRD_GRP_200"",""TRD_GRP_201"",""TRD_GRP_202"",""TRD_GRP_203"",""TRD_GRP_204"",""TRD_GRP_205"",""TRD_GRP_206"",""TRD_GRP_207"",""TRD_GRP_208"",""TRD_GRP_209"",""TRD_GRP_210"",""TRD_GRP_211"",""TRD_GRP_212"",""TRD_GRP_213"",""TRD_GRP_214"",""TRD_GRP_215"",""TRD_GRP_216"",""TRD_GRP_217"",""TRD_GRP_218"",""TRD_GRP_219"",""TRD_GRP_220"",""TRD_GRP_221"",""TRD_GRP_222"",""TRD_GRP_223"",""TRD_GRP_224"",""TRD_GRP_225"",""TRD_GRP_226"",""TRD_GRP_227"",""TRD_GRP_228"",""TRD_GRP_229"",""TRD_GRP_230"",""TRD_GRP_231"",""TRD_GRP_232"",""TRD_GRP_233"",""TRD_GRP_234"",""TRD_GRP_235"",""TRD_GRP_236"",""TRD_GRP_237"",""TRD_GRP_238"",""TRD_GRP_239"",""TRD_GRP_240"",""TRD_GRP_242"",""TRD_GRP_243"",""TRD_GRP_244"",""TRD_GRP_245"",""TRD_GRP_246"",""TRD_GRP_247"",""TRD_GRP_248"",""TRD_GRP_249"",""TRD_GRP_250"",""TRD_GRP_251"",""TRD_GRP_252"",""TRD_GRP_253"",""TRD_GRP_256"",""TRD_GRP_258""]]",EXPIRE_TAKER|EXPIRE_MAKER|EXPIRE_BOTH|DECREMENT|TRANSFER,0.00000001,0.10000000,0.00000001,1.00,92233720368.00,1.00,100,0.00,92233720368.00,0.00,10,2000,10,2000,1.2,0.5,2,0.8,5,1.00000000,true,9000000.00000000,false,5,200,20,5,10
POLUSDT,OutOfSample,2734,0,0,false,0,0,TRADING,POL,USDT,8,8,8,8,8,true,true,true,true,true,true,true,true,true,true,true,EXPIRE_MAKER,LIMIT|LIMIT_MAKER|MARKET|STOP_LOSS|STOP_LOSS_LIMIT|TAKE_PROFIT|TAKE_PROFIT_LIMIT,,"[[""SPOT"",""MARGIN"",""TRD_GRP_004"",""TRD_GRP_005"",""TRD_GRP_006"",""TRD_GRP_015"",""TRD_GRP_016"",""TRD_GRP_017"",""TRD_GRP_018"",""TRD_GRP_019"",""TRD_GRP_020"",""TRD_GRP_021"",""TRD_GRP_022"",""TRD_GRP_023"",""TRD_GRP_024"",""TRD_GRP_025"",""TRD_GRP_049"",""TRD_GRP_050"",""TRD_GRP_051"",""TRD_GRP_052"",""TRD_GRP_053"",""TRD_GRP_054"",""TRD_GRP_055"",""TRD_GRP_056"",""TRD_GRP_057"",""TRD_GRP_058"",""TRD_GRP_059"",""TRD_GRP_060"",""TRD_GRP_061"",""TRD_GRP_062"",""TRD_GRP_063"",""TRD_GRP_064"",""TRD_GRP_065"",""TRD_GRP_066"",""TRD_GRP_067"",""TRD_GRP_068"",""TRD_GRP_069"",""TRD_GRP_070"",""TRD_GRP_071"",""TRD_GRP_072"",""TRD_GRP_073"",""TRD_GRP_074"",""TRD_GRP_075"",""TRD_GRP_076"",""TRD_GRP_077"",""TRD_GRP_078"",""TRD_GRP_079"",""TRD_GRP_080"",""TRD_GRP_081"",""TRD_GRP_082"",""TRD_GRP_083"",""TRD_GRP_084"",""TRD_GRP_085"",""TRD_GRP_086"",""TRD_GRP_087"",""TRD_GRP_088"",""TRD_GRP_089"",""TRD_GRP_090"",""TRD_GRP_091"",""TRD_GRP_092"",""TRD_GRP_093"",""TRD_GRP_094"",""TRD_GRP_095"",""TRD_GRP_096"",""TRD_GRP_097"",""TRD_GRP_098"",""TRD_GRP_099"",""TRD_GRP_100"",""TRD_GRP_101"",""TRD_GRP_102"",""TRD_GRP_103"",""TRD_GRP_104"",""TRD_GRP_105"",""TRD_GRP_106"",""TRD_GRP_107"",""TRD_GRP_108"",""TRD_GRP_109"",""TRD_GRP_110"",""TRD_GRP_111"",""TRD_GRP_112"",""TRD_GRP_113"",""TRD_GRP_114"",""TRD_GRP_115"",""TRD_GRP_116"",""TRD_GRP_117"",""TRD_GRP_118"",""TRD_GRP_119"",""TRD_GRP_120"",""TRD_GRP_121"",""TRD_GRP_122"",""TRD_GRP_123"",""TRD_GRP_124"",""TRD_GRP_125"",""TRD_GRP_126"",""TRD_GRP_127"",""TRD_GRP_128"",""TRD_GRP_129"",""TRD_GRP_130"",""TRD_GRP_131"",""TRD_GRP_132"",""TRD_GRP_133"",""TRD_GRP_134"",""TRD_GRP_135"",""TRD_GRP_136"",""TRD_GRP_137"",""TRD_GRP_138"",""TRD_GRP_139"",""TRD_GRP_140"",""TRD_GRP_141"",""TRD_GRP_142"",""TRD_GRP_143"",""TRD_GRP_144"",""TRD_GRP_145"",""TRD_GRP_146"",""TRD_GRP_147"",""TRD_GRP_148"",""TRD_GRP_149"",""TRD_GRP_150"",""TRD_GRP_151"",""TRD_GRP_152"",""TRD_GRP_153"",""TRD_GRP_154"",""TRD_GRP_155"",""TRD_GRP_156"",""TRD_GRP_157"",""TRD_GRP_158"",""TRD_GRP_159"",""TRD_GRP_160"",""TRD_GRP_161"",""TRD_GRP_162"",""TRD_GRP_163"",""TRD_GRP_164"",""TRD_GRP_165"",""TRD_GRP_166"",""TRD_GRP_167"",""TRD_GRP_168"",""TRD_GRP_169"",""TRD_GRP_170"",""TRD_GRP_171"",""TRD_GRP_172"",""TRD_GRP_173"",""TRD_GRP_174"",""TRD_GRP_175"",""TRD_GRP_176"",""TRD_GRP_177"",""TRD_GRP_178"",""TRD_GRP_179"",""TRD_GRP_180"",""TRD_GRP_181"",""TRD_GRP_182"",""TRD_GRP_183"",""TRD_GRP_184"",""TRD_GRP_185"",""TRD_GRP_186"",""TRD_GRP_187"",""TRD_GRP_188"",""TRD_GRP_189"",""TRD_GRP_190"",""TRD_GRP_191"",""TRD_GRP_192"",""TRD_GRP_193"",""TRD_GRP_194"",""TRD_GRP_195"",""TRD_GRP_196"",""TRD_GRP_197"",""TRD_GRP_198"",""TRD_GRP_199"",""TRD_GRP_200"",""TRD_GRP_201"",""TRD_GRP_202"",""TRD_GRP_203"",""TRD_GRP_204"",""TRD_GRP_205"",""TRD_GRP_206"",""TRD_GRP_207"",""TRD_GRP_208"",""TRD_GRP_209"",""TRD_GRP_210"",""TRD_GRP_211"",""TRD_GRP_212"",""TRD_GRP_213"",""TRD_GRP_214"",""TRD_GRP_215"",""TRD_GRP_216"",""TRD_GRP_217"",""TRD_GRP_218"",""TRD_GRP_219"",""TRD_GRP_220"",""TRD_GRP_221"",""TRD_GRP_222"",""TRD_GRP_223"",""TRD_GRP_224"",""TRD_GRP_225"",""TRD_GRP_226"",""TRD_GRP_227"",""TRD_GRP_228"",""TRD_GRP_229"",""TRD_GRP_230"",""TRD_GRP_231"",""TRD_GRP_232"",""TRD_GRP_233"",""TRD_GRP_234"",""TRD_GRP_235"",""TRD_GRP_236"",""TRD_GRP_237"",""TRD_GRP_238"",""TRD_GRP_239"",""TRD_GRP_240"",""TRD_GRP_242"",""TRD_GRP_243"",""TRD_GRP_244"",""TRD_GRP_245"",""TRD_GRP_246"",""TRD_GRP_247"",""TRD_GRP_248"",""TRD_GRP_249"",""TRD_GRP_250"",""TRD_GRP_251"",""TRD_GRP_252"",""TRD_GRP_253"",""TRD_GRP_256"",""TRD_GRP_258""]]",EXPIRE_TAKER|EXPIRE_MAKER|EXPIRE_BOTH|DECREMENT|TRANSFER,0.00001000,1000.00000000,0.00001000,0.10000000,92141578.00000000,0.10000000,100,0.00000000,612977.73291666,0.00000000,10,2000,10,2000,1.2,0.5,2,0.8,5,5.00000000,true,9000000.00000000,false,5,200,20,5,10
PUMPUSDT,OutOfSample,3257,0,0,false,0,0,TRADING,PUMP,USDT,2,8,8,2,8,true,true,true,true,true,true,true,true,true,true,true,EXPIRE_MAKER,LIMIT|LIMIT_MAKER|MARKET|STOP_LOSS|STOP_LOSS_LIMIT|TAKE_PROFIT|TAKE_PROFIT_LIMIT,,"[[""SPOT"",""MARGIN"",""TRD_GRP_004"",""TRD_GRP_005"",""TRD_GRP_006"",""TRD_GRP_016"",""TRD_GRP_017"",""TRD_GRP_018"",""TRD_GRP_019"",""TRD_GRP_020"",""TRD_GRP_021"",""TRD_GRP_022"",""TRD_GRP_023"",""TRD_GRP_024"",""TRD_GRP_025"",""TRD_GRP_049"",""TRD_GRP_050"",""TRD_GRP_051"",""TRD_GRP_052"",""TRD_GRP_053"",""TRD_GRP_054"",""TRD_GRP_055"",""TRD_GRP_056"",""TRD_GRP_057"",""TRD_GRP_058"",""TRD_GRP_059"",""TRD_GRP_060"",""TRD_GRP_061"",""TRD_GRP_062"",""TRD_GRP_063"",""TRD_GRP_064"",""TRD_GRP_065"",""TRD_GRP_066"",""TRD_GRP_067"",""TRD_GRP_068"",""TRD_GRP_069"",""TRD_GRP_070"",""TRD_GRP_071"",""TRD_GRP_072"",""TRD_GRP_073"",""TRD_GRP_074"",""TRD_GRP_075"",""TRD_GRP_076"",""TRD_GRP_077"",""TRD_GRP_078"",""TRD_GRP_079"",""TRD_GRP_080"",""TRD_GRP_081"",""TRD_GRP_082"",""TRD_GRP_083"",""TRD_GRP_084"",""TRD_GRP_085"",""TRD_GRP_086"",""TRD_GRP_087"",""TRD_GRP_088"",""TRD_GRP_089"",""TRD_GRP_090"",""TRD_GRP_091"",""TRD_GRP_092"",""TRD_GRP_093"",""TRD_GRP_094"",""TRD_GRP_095"",""TRD_GRP_096"",""TRD_GRP_097"",""TRD_GRP_098"",""TRD_GRP_099"",""TRD_GRP_100"",""TRD_GRP_101"",""TRD_GRP_102"",""TRD_GRP_103"",""TRD_GRP_104"",""TRD_GRP_105"",""TRD_GRP_106"",""TRD_GRP_107"",""TRD_GRP_108"",""TRD_GRP_109"",""TRD_GRP_110"",""TRD_GRP_111"",""TRD_GRP_112"",""TRD_GRP_113"",""TRD_GRP_114"",""TRD_GRP_115"",""TRD_GRP_116"",""TRD_GRP_117"",""TRD_GRP_118"",""TRD_GRP_119"",""TRD_GRP_120"",""TRD_GRP_121"",""TRD_GRP_122"",""TRD_GRP_123"",""TRD_GRP_124"",""TRD_GRP_125"",""TRD_GRP_126"",""TRD_GRP_127"",""TRD_GRP_128"",""TRD_GRP_129"",""TRD_GRP_130"",""TRD_GRP_131"",""TRD_GRP_132"",""TRD_GRP_133"",""TRD_GRP_134"",""TRD_GRP_135"",""TRD_GRP_136"",""TRD_GRP_137"",""TRD_GRP_138"",""TRD_GRP_139"",""TRD_GRP_140"",""TRD_GRP_141"",""TRD_GRP_142"",""TRD_GRP_143"",""TRD_GRP_144"",""TRD_GRP_145"",""TRD_GRP_146"",""TRD_GRP_147"",""TRD_GRP_148"",""TRD_GRP_149"",""TRD_GRP_150"",""TRD_GRP_151"",""TRD_GRP_152"",""TRD_GRP_153"",""TRD_GRP_154"",""TRD_GRP_155"",""TRD_GRP_156"",""TRD_GRP_157"",""TRD_GRP_158"",""TRD_GRP_159"",""TRD_GRP_160"",""TRD_GRP_161"",""TRD_GRP_162"",""TRD_GRP_163"",""TRD_GRP_164"",""TRD_GRP_165"",""TRD_GRP_166"",""TRD_GRP_167"",""TRD_GRP_168"",""TRD_GRP_169"",""TRD_GRP_170"",""TRD_GRP_171"",""TRD_GRP_172"",""TRD_GRP_173"",""TRD_GRP_174"",""TRD_GRP_175"",""TRD_GRP_176"",""TRD_GRP_177"",""TRD_GRP_178"",""TRD_GRP_179"",""TRD_GRP_180"",""TRD_GRP_181"",""TRD_GRP_182"",""TRD_GRP_183"",""TRD_GRP_184"",""TRD_GRP_185"",""TRD_GRP_186"",""TRD_GRP_187"",""TRD_GRP_188"",""TRD_GRP_189"",""TRD_GRP_190"",""TRD_GRP_191"",""TRD_GRP_192"",""TRD_GRP_193"",""TRD_GRP_194"",""TRD_GRP_195"",""TRD_GRP_196"",""TRD_GRP_197"",""TRD_GRP_198"",""TRD_GRP_199"",""TRD_GRP_200"",""TRD_GRP_201"",""TRD_GRP_202"",""TRD_GRP_203"",""TRD_GRP_204"",""TRD_GRP_205"",""TRD_GRP_206"",""TRD_GRP_207"",""TRD_GRP_208"",""TRD_GRP_209"",""TRD_GRP_210"",""TRD_GRP_211"",""TRD_GRP_212"",""TRD_GRP_213"",""TRD_GRP_214"",""TRD_GRP_215"",""TRD_GRP_216"",""TRD_GRP_217"",""TRD_GRP_218"",""TRD_GRP_219"",""TRD_GRP_220"",""TRD_GRP_221"",""TRD_GRP_222"",""TRD_GRP_223"",""TRD_GRP_224"",""TRD_GRP_225"",""TRD_GRP_226"",""TRD_GRP_227"",""TRD_GRP_228"",""TRD_GRP_229"",""TRD_GRP_230"",""TRD_GRP_231"",""TRD_GRP_232"",""TRD_GRP_233"",""TRD_GRP_234"",""TRD_GRP_235"",""TRD_GRP_236"",""TRD_GRP_237"",""TRD_GRP_238"",""TRD_GRP_239"",""TRD_GRP_240"",""TRD_GRP_242"",""TRD_GRP_243"",""TRD_GRP_244"",""TRD_GRP_245"",""TRD_GRP_246"",""TRD_GRP_247"",""TRD_GRP_248"",""TRD_GRP_249"",""TRD_GRP_250"",""TRD_GRP_251"",""TRD_GRP_252"",""TRD_GRP_253"",""TRD_GRP_256"",""TRD_GRP_258""]]",EXPIRE_TAKER|EXPIRE_MAKER|EXPIRE_BOTH|DECREMENT|TRANSFER,0.00000100,100.00000000,0.00000100,1.00,913205152.00,1.00,100,0.00,42915400.85,0.00,10,2000,10,2000,1.2,0.5,2,0.8,5,5.00000000,true,9000000.00000000,false,5,200,20,5,10
RAYUSDT,OutOfSample,1567,0,0,false,0,0,TRADING,RAY,USDT,8,8,8,8,8,true,true,true,true,true,true,true,true,true,true,true,EXPIRE_MAKER,LIMIT|LIMIT_MAKER|MARKET|STOP_LOSS|STOP_LOSS_LIMIT|TAKE_PROFIT|TAKE_PROFIT_LIMIT,,"[[""SPOT"",""MARGIN"",""TRD_GRP_004"",""TRD_GRP_005"",""TRD_GRP_006"",""TRD_GRP_015"",""TRD_GRP_016"",""TRD_GRP_017"",""TRD_GRP_018"",""TRD_GRP_019"",""TRD_GRP_020"",""TRD_GRP_021"",""TRD_GRP_022"",""TRD_GRP_023"",""TRD_GRP_024"",""TRD_GRP_025"",""TRD_GRP_049"",""TRD_GRP_050"",""TRD_GRP_051"",""TRD_GRP_052"",""TRD_GRP_053"",""TRD_GRP_054"",""TRD_GRP_055"",""TRD_GRP_056"",""TRD_GRP_057"",""TRD_GRP_058"",""TRD_GRP_059"",""TRD_GRP_060"",""TRD_GRP_061"",""TRD_GRP_062"",""TRD_GRP_063"",""TRD_GRP_064"",""TRD_GRP_065"",""TRD_GRP_066"",""TRD_GRP_067"",""TRD_GRP_068"",""TRD_GRP_069"",""TRD_GRP_070"",""TRD_GRP_071"",""TRD_GRP_072"",""TRD_GRP_073"",""TRD_GRP_074"",""TRD_GRP_075"",""TRD_GRP_076"",""TRD_GRP_077"",""TRD_GRP_078"",""TRD_GRP_079"",""TRD_GRP_080"",""TRD_GRP_081"",""TRD_GRP_082"",""TRD_GRP_083"",""TRD_GRP_084"",""TRD_GRP_085"",""TRD_GRP_086"",""TRD_GRP_087"",""TRD_GRP_088"",""TRD_GRP_089"",""TRD_GRP_090"",""TRD_GRP_091"",""TRD_GRP_092"",""TRD_GRP_093"",""TRD_GRP_094"",""TRD_GRP_095"",""TRD_GRP_096"",""TRD_GRP_097"",""TRD_GRP_098"",""TRD_GRP_099"",""TRD_GRP_100"",""TRD_GRP_101"",""TRD_GRP_102"",""TRD_GRP_103"",""TRD_GRP_104"",""TRD_GRP_105"",""TRD_GRP_106"",""TRD_GRP_107"",""TRD_GRP_108"",""TRD_GRP_109"",""TRD_GRP_110"",""TRD_GRP_111"",""TRD_GRP_112"",""TRD_GRP_113"",""TRD_GRP_114"",""TRD_GRP_115"",""TRD_GRP_116"",""TRD_GRP_117"",""TRD_GRP_118"",""TRD_GRP_119"",""TRD_GRP_120"",""TRD_GRP_121"",""TRD_GRP_122"",""TRD_GRP_123"",""TRD_GRP_124"",""TRD_GRP_125"",""TRD_GRP_126"",""TRD_GRP_127"",""TRD_GRP_128"",""TRD_GRP_129"",""TRD_GRP_130"",""TRD_GRP_131"",""TRD_GRP_132"",""TRD_GRP_133"",""TRD_GRP_134"",""TRD_GRP_135"",""TRD_GRP_136"",""TRD_GRP_137"",""TRD_GRP_138"",""TRD_GRP_139"",""TRD_GRP_140"",""TRD_GRP_141"",""TRD_GRP_142"",""TRD_GRP_143"",""TRD_GRP_144"",""TRD_GRP_145"",""TRD_GRP_146"",""TRD_GRP_147"",""TRD_GRP_148"",""TRD_GRP_149"",""TRD_GRP_150"",""TRD_GRP_151"",""TRD_GRP_152"",""TRD_GRP_153"",""TRD_GRP_154"",""TRD_GRP_155"",""TRD_GRP_156"",""TRD_GRP_157"",""TRD_GRP_158"",""TRD_GRP_159"",""TRD_GRP_160"",""TRD_GRP_161"",""TRD_GRP_162"",""TRD_GRP_163"",""TRD_GRP_164"",""TRD_GRP_165"",""TRD_GRP_166"",""TRD_GRP_167"",""TRD_GRP_168"",""TRD_GRP_169"",""TRD_GRP_170"",""TRD_GRP_171"",""TRD_GRP_172"",""TRD_GRP_173"",""TRD_GRP_174"",""TRD_GRP_175"",""TRD_GRP_176"",""TRD_GRP_177"",""TRD_GRP_178"",""TRD_GRP_179"",""TRD_GRP_180"",""TRD_GRP_181"",""TRD_GRP_182"",""TRD_GRP_183"",""TRD_GRP_184"",""TRD_GRP_185"",""TRD_GRP_186"",""TRD_GRP_187"",""TRD_GRP_188"",""TRD_GRP_189"",""TRD_GRP_190"",""TRD_GRP_191"",""TRD_GRP_192"",""TRD_GRP_193"",""TRD_GRP_194"",""TRD_GRP_195"",""TRD_GRP_196"",""TRD_GRP_197"",""TRD_GRP_198"",""TRD_GRP_199"",""TRD_GRP_200"",""TRD_GRP_201"",""TRD_GRP_202"",""TRD_GRP_203"",""TRD_GRP_204"",""TRD_GRP_205"",""TRD_GRP_206"",""TRD_GRP_207"",""TRD_GRP_208"",""TRD_GRP_209"",""TRD_GRP_210"",""TRD_GRP_211"",""TRD_GRP_212"",""TRD_GRP_213"",""TRD_GRP_214"",""TRD_GRP_215"",""TRD_GRP_216"",""TRD_GRP_217"",""TRD_GRP_218"",""TRD_GRP_219"",""TRD_GRP_220"",""TRD_GRP_221"",""TRD_GRP_222"",""TRD_GRP_223"",""TRD_GRP_224"",""TRD_GRP_225"",""TRD_GRP_226"",""TRD_GRP_227"",""TRD_GRP_228"",""TRD_GRP_229"",""TRD_GRP_230"",""TRD_GRP_231"",""TRD_GRP_232"",""TRD_GRP_233"",""TRD_GRP_234"",""TRD_GRP_235"",""TRD_GRP_236"",""TRD_GRP_237"",""TRD_GRP_238"",""TRD_GRP_239"",""TRD_GRP_240"",""TRD_GRP_242"",""TRD_GRP_243"",""TRD_GRP_244"",""TRD_GRP_245"",""TRD_GRP_246"",""TRD_GRP_247"",""TRD_GRP_248"",""TRD_GRP_249"",""TRD_GRP_250"",""TRD_GRP_251"",""TRD_GRP_252"",""TRD_GRP_253"",""TRD_GRP_256"",""TRD_GRP_258""]]",EXPIRE_TAKER|EXPIRE_MAKER|EXPIRE_BOTH|DECREMENT|TRANSFER,0.00010000,10000.00000000,0.00010000,0.10000000,9222449.00000000,0.10000000,100,0.00000000,39811.05041666,0.00000000,10,2000,10,2000,1.2,0.5,2,0.8,5,5.00000000,true,9000000.00000000,false,5,200,20,5,10
REZUSDT,OutOfSample,2614,0,0,false,0,0,TRADING,REZ,USDT,8,8,8,8,8,true,true,true,true,true,true,true,true,true,true,true,EXPIRE_MAKER,LIMIT|LIMIT_MAKER|MARKET|STOP_LOSS|STOP_LOSS_LIMIT|TAKE_PROFIT|TAKE_PROFIT_LIMIT,,"[[""SPOT"",""MARGIN"",""TRD_GRP_004"",""TRD_GRP_005"",""TRD_GRP_006"",""TRD_GRP_016"",""TRD_GRP_017"",""TRD_GRP_018"",""TRD_GRP_019"",""TRD_GRP_020"",""TRD_GRP_021"",""TRD_GRP_022"",""TRD_GRP_023"",""TRD_GRP_024"",""TRD_GRP_025"",""TRD_GRP_049"",""TRD_GRP_050"",""TRD_GRP_051"",""TRD_GRP_052"",""TRD_GRP_053"",""TRD_GRP_054"",""TRD_GRP_055"",""TRD_GRP_056"",""TRD_GRP_057"",""TRD_GRP_058"",""TRD_GRP_059"",""TRD_GRP_060"",""TRD_GRP_061"",""TRD_GRP_062"",""TRD_GRP_063"",""TRD_GRP_064"",""TRD_GRP_065"",""TRD_GRP_066"",""TRD_GRP_067"",""TRD_GRP_068"",""TRD_GRP_069"",""TRD_GRP_070"",""TRD_GRP_071"",""TRD_GRP_072"",""TRD_GRP_073"",""TRD_GRP_074"",""TRD_GRP_075"",""TRD_GRP_076"",""TRD_GRP_077"",""TRD_GRP_078"",""TRD_GRP_079"",""TRD_GRP_080"",""TRD_GRP_081"",""TRD_GRP_082"",""TRD_GRP_083"",""TRD_GRP_084"",""TRD_GRP_085"",""TRD_GRP_086"",""TRD_GRP_087"",""TRD_GRP_088"",""TRD_GRP_089"",""TRD_GRP_090"",""TRD_GRP_091"",""TRD_GRP_092"",""TRD_GRP_093"",""TRD_GRP_094"",""TRD_GRP_095"",""TRD_GRP_096"",""TRD_GRP_097"",""TRD_GRP_098"",""TRD_GRP_099"",""TRD_GRP_100"",""TRD_GRP_101"",""TRD_GRP_102"",""TRD_GRP_103"",""TRD_GRP_104"",""TRD_GRP_105"",""TRD_GRP_106"",""TRD_GRP_107"",""TRD_GRP_108"",""TRD_GRP_109"",""TRD_GRP_110"",""TRD_GRP_111"",""TRD_GRP_112"",""TRD_GRP_113"",""TRD_GRP_114"",""TRD_GRP_115"",""TRD_GRP_116"",""TRD_GRP_117"",""TRD_GRP_118"",""TRD_GRP_119"",""TRD_GRP_120"",""TRD_GRP_121"",""TRD_GRP_122"",""TRD_GRP_123"",""TRD_GRP_124"",""TRD_GRP_125"",""TRD_GRP_126"",""TRD_GRP_127"",""TRD_GRP_128"",""TRD_GRP_129"",""TRD_GRP_130"",""TRD_GRP_131"",""TRD_GRP_132"",""TRD_GRP_133"",""TRD_GRP_134"",""TRD_GRP_135"",""TRD_GRP_136"",""TRD_GRP_137"",""TRD_GRP_138"",""TRD_GRP_139"",""TRD_GRP_140"",""TRD_GRP_141"",""TRD_GRP_142"",""TRD_GRP_143"",""TRD_GRP_144"",""TRD_GRP_145"",""TRD_GRP_146"",""TRD_GRP_147"",""TRD_GRP_148"",""TRD_GRP_149"",""TRD_GRP_150"",""TRD_GRP_151"",""TRD_GRP_152"",""TRD_GRP_153"",""TRD_GRP_154"",""TRD_GRP_155"",""TRD_GRP_156"",""TRD_GRP_157"",""TRD_GRP_158"",""TRD_GRP_159"",""TRD_GRP_160"",""TRD_GRP_161"",""TRD_GRP_162"",""TRD_GRP_163"",""TRD_GRP_164"",""TRD_GRP_165"",""TRD_GRP_166"",""TRD_GRP_167"",""TRD_GRP_168"",""TRD_GRP_169"",""TRD_GRP_170"",""TRD_GRP_171"",""TRD_GRP_172"",""TRD_GRP_173"",""TRD_GRP_174"",""TRD_GRP_175"",""TRD_GRP_176"",""TRD_GRP_177"",""TRD_GRP_178"",""TRD_GRP_179"",""TRD_GRP_180"",""TRD_GRP_181"",""TRD_GRP_182"",""TRD_GRP_183"",""TRD_GRP_184"",""TRD_GRP_185"",""TRD_GRP_186"",""TRD_GRP_187"",""TRD_GRP_188"",""TRD_GRP_189"",""TRD_GRP_190"",""TRD_GRP_191"",""TRD_GRP_192"",""TRD_GRP_193"",""TRD_GRP_194"",""TRD_GRP_195"",""TRD_GRP_196"",""TRD_GRP_197"",""TRD_GRP_198"",""TRD_GRP_199"",""TRD_GRP_200"",""TRD_GRP_201"",""TRD_GRP_202"",""TRD_GRP_203"",""TRD_GRP_204"",""TRD_GRP_205"",""TRD_GRP_206"",""TRD_GRP_207"",""TRD_GRP_208"",""TRD_GRP_209"",""TRD_GRP_210"",""TRD_GRP_211"",""TRD_GRP_212"",""TRD_GRP_213"",""TRD_GRP_214"",""TRD_GRP_215"",""TRD_GRP_216"",""TRD_GRP_217"",""TRD_GRP_218"",""TRD_GRP_219"",""TRD_GRP_220"",""TRD_GRP_221"",""TRD_GRP_222"",""TRD_GRP_223"",""TRD_GRP_224"",""TRD_GRP_225"",""TRD_GRP_226"",""TRD_GRP_227"",""TRD_GRP_228"",""TRD_GRP_229"",""TRD_GRP_230"",""TRD_GRP_231"",""TRD_GRP_232"",""TRD_GRP_233"",""TRD_GRP_234"",""TRD_GRP_235"",""TRD_GRP_236"",""TRD_GRP_237"",""TRD_GRP_238"",""TRD_GRP_239"",""TRD_GRP_240"",""TRD_GRP_242"",""TRD_GRP_243"",""TRD_GRP_244"",""TRD_GRP_245"",""TRD_GRP_246"",""TRD_GRP_247"",""TRD_GRP_248"",""TRD_GRP_249"",""TRD_GRP_250"",""TRD_GRP_251"",""TRD_GRP_252"",""TRD_GRP_253"",""TRD_GRP_256"",""TRD_GRP_258""]]",EXPIRE_TAKER|EXPIRE_MAKER|EXPIRE_BOTH|DECREMENT|TRANSFER,0.00000100,1000.00000000,0.00000100,0.10000000,92141578.00000000,0.10000000,100,0.00000000,8042213.79583333,0.00000000,10,2000,10,2000,1.2,0.5,2,0.8,5,5.00000000,true,9000000.00000000,false,5,200,20,5,10
RLUSDUSDT,OutOfSample,3481,0,0,false,0,0,TRADING,RLUSD,USDT,8,8,8,8,8,true,true,true,true,true,true,true,true,true,true,true,EXPIRE_MAKER,LIMIT|LIMIT_MAKER|MARKET|STOP_LOSS|STOP_LOSS_LIMIT|TAKE_PROFIT|TAKE_PROFIT_LIMIT,,"[[""SPOT"",""MARGIN"",""TRD_GRP_004"",""TRD_GRP_005"",""TRD_GRP_006"",""TRD_GRP_016"",""TRD_GRP_017"",""TRD_GRP_018"",""TRD_GRP_019"",""TRD_GRP_020"",""TRD_GRP_021"",""TRD_GRP_022"",""TRD_GRP_023"",""TRD_GRP_024"",""TRD_GRP_025"",""TRD_GRP_049"",""TRD_GRP_050"",""TRD_GRP_051"",""TRD_GRP_052"",""TRD_GRP_053"",""TRD_GRP_054"",""TRD_GRP_055"",""TRD_GRP_056"",""TRD_GRP_057"",""TRD_GRP_058"",""TRD_GRP_059"",""TRD_GRP_060"",""TRD_GRP_061"",""TRD_GRP_062"",""TRD_GRP_063"",""TRD_GRP_064"",""TRD_GRP_065"",""TRD_GRP_066"",""TRD_GRP_067"",""TRD_GRP_068"",""TRD_GRP_069"",""TRD_GRP_070"",""TRD_GRP_071"",""TRD_GRP_072"",""TRD_GRP_073"",""TRD_GRP_074"",""TRD_GRP_075"",""TRD_GRP_076"",""TRD_GRP_077"",""TRD_GRP_078"",""TRD_GRP_079"",""TRD_GRP_080"",""TRD_GRP_081"",""TRD_GRP_082"",""TRD_GRP_083"",""TRD_GRP_084"",""TRD_GRP_085"",""TRD_GRP_086"",""TRD_GRP_087"",""TRD_GRP_088"",""TRD_GRP_089"",""TRD_GRP_090"",""TRD_GRP_091"",""TRD_GRP_092"",""TRD_GRP_093"",""TRD_GRP_094"",""TRD_GRP_095"",""TRD_GRP_096"",""TRD_GRP_097"",""TRD_GRP_098"",""TRD_GRP_099"",""TRD_GRP_100"",""TRD_GRP_101"",""TRD_GRP_102"",""TRD_GRP_103"",""TRD_GRP_104"",""TRD_GRP_105"",""TRD_GRP_106"",""TRD_GRP_107"",""TRD_GRP_108"",""TRD_GRP_109"",""TRD_GRP_110"",""TRD_GRP_111"",""TRD_GRP_112"",""TRD_GRP_113"",""TRD_GRP_114"",""TRD_GRP_115"",""TRD_GRP_116"",""TRD_GRP_117"",""TRD_GRP_118"",""TRD_GRP_119"",""TRD_GRP_120"",""TRD_GRP_121"",""TRD_GRP_122"",""TRD_GRP_123"",""TRD_GRP_124"",""TRD_GRP_125"",""TRD_GRP_126"",""TRD_GRP_127"",""TRD_GRP_128"",""TRD_GRP_129"",""TRD_GRP_130"",""TRD_GRP_131"",""TRD_GRP_132"",""TRD_GRP_133"",""TRD_GRP_134"",""TRD_GRP_135"",""TRD_GRP_136"",""TRD_GRP_137"",""TRD_GRP_138"",""TRD_GRP_139"",""TRD_GRP_140"",""TRD_GRP_141"",""TRD_GRP_142"",""TRD_GRP_143"",""TRD_GRP_144"",""TRD_GRP_145"",""TRD_GRP_146"",""TRD_GRP_147"",""TRD_GRP_148"",""TRD_GRP_149"",""TRD_GRP_150"",""TRD_GRP_151"",""TRD_GRP_152"",""TRD_GRP_153"",""TRD_GRP_154"",""TRD_GRP_155"",""TRD_GRP_156"",""TRD_GRP_157"",""TRD_GRP_158"",""TRD_GRP_159"",""TRD_GRP_160"",""TRD_GRP_161"",""TRD_GRP_162"",""TRD_GRP_163"",""TRD_GRP_164"",""TRD_GRP_165"",""TRD_GRP_166"",""TRD_GRP_167"",""TRD_GRP_168"",""TRD_GRP_169"",""TRD_GRP_170"",""TRD_GRP_171"",""TRD_GRP_172"",""TRD_GRP_173"",""TRD_GRP_174"",""TRD_GRP_175"",""TRD_GRP_176"",""TRD_GRP_177"",""TRD_GRP_178"",""TRD_GRP_179"",""TRD_GRP_180"",""TRD_GRP_181"",""TRD_GRP_182"",""TRD_GRP_183"",""TRD_GRP_184"",""TRD_GRP_185"",""TRD_GRP_186"",""TRD_GRP_187"",""TRD_GRP_188"",""TRD_GRP_189"",""TRD_GRP_190"",""TRD_GRP_191"",""TRD_GRP_192"",""TRD_GRP_193"",""TRD_GRP_194"",""TRD_GRP_195"",""TRD_GRP_196"",""TRD_GRP_197"",""TRD_GRP_198"",""TRD_GRP_199"",""TRD_GRP_200"",""TRD_GRP_201"",""TRD_GRP_202"",""TRD_GRP_203"",""TRD_GRP_204"",""TRD_GRP_205"",""TRD_GRP_206"",""TRD_GRP_207"",""TRD_GRP_208"",""TRD_GRP_209"",""TRD_GRP_210"",""TRD_GRP_211"",""TRD_GRP_212"",""TRD_GRP_213"",""TRD_GRP_214"",""TRD_GRP_215"",""TRD_GRP_216"",""TRD_GRP_217"",""TRD_GRP_218"",""TRD_GRP_219"",""TRD_GRP_220"",""TRD_GRP_221"",""TRD_GRP_222"",""TRD_GRP_223"",""TRD_GRP_224"",""TRD_GRP_225"",""TRD_GRP_226"",""TRD_GRP_227"",""TRD_GRP_228"",""TRD_GRP_229"",""TRD_GRP_230"",""TRD_GRP_231"",""TRD_GRP_232"",""TRD_GRP_233"",""TRD_GRP_234"",""TRD_GRP_235"",""TRD_GRP_236"",""TRD_GRP_237"",""TRD_GRP_238"",""TRD_GRP_239"",""TRD_GRP_240"",""TRD_GRP_242"",""TRD_GRP_245"",""TRD_GRP_246"",""TRD_GRP_247"",""TRD_GRP_248"",""TRD_GRP_249"",""TRD_GRP_250"",""TRD_GRP_251"",""TRD_GRP_252"",""TRD_GRP_253"",""TRD_GRP_256"",""TRD_GRP_258""]]",EXPIRE_TAKER|EXPIRE_MAKER|EXPIRE_BOTH|DECREMENT|TRANSFER,0.80000000,1.20000000,0.00010000,1.00000000,10000000.00000000,1.00000000,100,0.00000000,13417816.85000000,0.00000000,10,2000,10,2000,1.1,0.9,1.1,0.9,5,5.00000000,true,9000000.00000000,false,5,200,20,5,10
SAGAUSDT,OutOfSample,2577,0,0,false,0,0,TRADING,SAGA,USDT,8,8,8,8,8,true,true,true,true,true,true,true,true,true,true,true,EXPIRE_MAKER,LIMIT|LIMIT_MAKER|MARKET|STOP_LOSS|STOP_LOSS_LIMIT|TAKE_PROFIT|TAKE_PROFIT_LIMIT,,"[[""SPOT"",""MARGIN"",""TRD_GRP_004"",""TRD_GRP_005"",""TRD_GRP_006"",""TRD_GRP_016"",""TRD_GRP_017"",""TRD_GRP_018"",""TRD_GRP_019"",""TRD_GRP_020"",""TRD_GRP_021"",""TRD_GRP_022"",""TRD_GRP_023"",""TRD_GRP_024"",""TRD_GRP_025"",""TRD_GRP_049"",""TRD_GRP_050"",""TRD_GRP_051"",""TRD_GRP_052"",""TRD_GRP_053"",""TRD_GRP_054"",""TRD_GRP_055"",""TRD_GRP_056"",""TRD_GRP_057"",""TRD_GRP_058"",""TRD_GRP_059"",""TRD_GRP_060"",""TRD_GRP_061"",""TRD_GRP_062"",""TRD_GRP_063"",""TRD_GRP_064"",""TRD_GRP_065"",""TRD_GRP_066"",""TRD_GRP_067"",""TRD_GRP_068"",""TRD_GRP_069"",""TRD_GRP_070"",""TRD_GRP_071"",""TRD_GRP_072"",""TRD_GRP_073"",""TRD_GRP_074"",""TRD_GRP_075"",""TRD_GRP_076"",""TRD_GRP_077"",""TRD_GRP_078"",""TRD_GRP_079"",""TRD_GRP_080"",""TRD_GRP_081"",""TRD_GRP_082"",""TRD_GRP_083"",""TRD_GRP_084"",""TRD_GRP_085"",""TRD_GRP_086"",""TRD_GRP_087"",""TRD_GRP_088"",""TRD_GRP_089"",""TRD_GRP_090"",""TRD_GRP_091"",""TRD_GRP_092"",""TRD_GRP_093"",""TRD_GRP_094"",""TRD_GRP_095"",""TRD_GRP_096"",""TRD_GRP_097"",""TRD_GRP_098"",""TRD_GRP_099"",""TRD_GRP_100"",""TRD_GRP_101"",""TRD_GRP_102"",""TRD_GRP_103"",""TRD_GRP_104"",""TRD_GRP_105"",""TRD_GRP_106"",""TRD_GRP_107"",""TRD_GRP_108"",""TRD_GRP_109"",""TRD_GRP_110"",""TRD_GRP_111"",""TRD_GRP_112"",""TRD_GRP_113"",""TRD_GRP_114"",""TRD_GRP_115"",""TRD_GRP_116"",""TRD_GRP_117"",""TRD_GRP_118"",""TRD_GRP_119"",""TRD_GRP_120"",""TRD_GRP_121"",""TRD_GRP_122"",""TRD_GRP_123"",""TRD_GRP_124"",""TRD_GRP_125"",""TRD_GRP_126"",""TRD_GRP_127"",""TRD_GRP_128"",""TRD_GRP_129"",""TRD_GRP_130"",""TRD_GRP_131"",""TRD_GRP_132"",""TRD_GRP_133"",""TRD_GRP_134"",""TRD_GRP_135"",""TRD_GRP_136"",""TRD_GRP_137"",""TRD_GRP_138"",""TRD_GRP_139"",""TRD_GRP_140"",""TRD_GRP_141"",""TRD_GRP_142"",""TRD_GRP_143"",""TRD_GRP_144"",""TRD_GRP_145"",""TRD_GRP_146"",""TRD_GRP_147"",""TRD_GRP_148"",""TRD_GRP_149"",""TRD_GRP_150"",""TRD_GRP_151"",""TRD_GRP_152"",""TRD_GRP_153"",""TRD_GRP_154"",""TRD_GRP_155"",""TRD_GRP_156"",""TRD_GRP_157"",""TRD_GRP_158"",""TRD_GRP_159"",""TRD_GRP_160"",""TRD_GRP_161"",""TRD_GRP_162"",""TRD_GRP_163"",""TRD_GRP_164"",""TRD_GRP_165"",""TRD_GRP_166"",""TRD_GRP_167"",""TRD_GRP_168"",""TRD_GRP_169"",""TRD_GRP_170"",""TRD_GRP_171"",""TRD_GRP_172"",""TRD_GRP_173"",""TRD_GRP_174"",""TRD_GRP_175"",""TRD_GRP_176"",""TRD_GRP_177"",""TRD_GRP_178"",""TRD_GRP_179"",""TRD_GRP_180"",""TRD_GRP_181"",""TRD_GRP_182"",""TRD_GRP_183"",""TRD_GRP_184"",""TRD_GRP_185"",""TRD_GRP_186"",""TRD_GRP_187"",""TRD_GRP_188"",""TRD_GRP_189"",""TRD_GRP_190"",""TRD_GRP_191"",""TRD_GRP_192"",""TRD_GRP_193"",""TRD_GRP_194"",""TRD_GRP_195"",""TRD_GRP_196"",""TRD_GRP_197"",""TRD_GRP_198"",""TRD_GRP_199"",""TRD_GRP_200"",""TRD_GRP_201"",""TRD_GRP_202"",""TRD_GRP_203"",""TRD_GRP_204"",""TRD_GRP_205"",""TRD_GRP_206"",""TRD_GRP_207"",""TRD_GRP_208"",""TRD_GRP_209"",""TRD_GRP_210"",""TRD_GRP_211"",""TRD_GRP_212"",""TRD_GRP_213"",""TRD_GRP_214"",""TRD_GRP_215"",""TRD_GRP_216"",""TRD_GRP_217"",""TRD_GRP_218"",""TRD_GRP_219"",""TRD_GRP_220"",""TRD_GRP_221"",""TRD_GRP_222"",""TRD_GRP_223"",""TRD_GRP_224"",""TRD_GRP_225"",""TRD_GRP_226"",""TRD_GRP_227"",""TRD_GRP_228"",""TRD_GRP_229"",""TRD_GRP_230"",""TRD_GRP_231"",""TRD_GRP_232"",""TRD_GRP_233"",""TRD_GRP_234"",""TRD_GRP_235"",""TRD_GRP_236"",""TRD_GRP_237"",""TRD_GRP_238"",""TRD_GRP_239"",""TRD_GRP_240"",""TRD_GRP_242"",""TRD_GRP_243"",""TRD_GRP_244"",""TRD_GRP_245"",""TRD_GRP_246"",""TRD_GRP_247"",""TRD_GRP_248"",""TRD_GRP_249"",""TRD_GRP_250"",""TRD_GRP_251"",""TRD_GRP_252"",""TRD_GRP_253"",""TRD_GRP_256"",""TRD_GRP_258""]]",EXPIRE_TAKER|EXPIRE_MAKER|EXPIRE_BOTH|DECREMENT|TRANSFER,0.00001000,1000.00000000,0.00001000,0.10000000,92141578.00000000,0.10000000,100,0.00000000,326886.58250000,0.00000000,10,2000,10,2000,1.2,0.5,2,0.8,5,5.00000000,true,9000000.00000000,false,5,200,20,5,10
SAHARAUSDT,OutOfSample,3155,0,0,false,0,0,TRADING,SAHARA,USDT,8,8,8,8,8,true,true,true,true,true,true,true,true,true,true,true,EXPIRE_MAKER,LIMIT|LIMIT_MAKER|MARKET|STOP_LOSS|STOP_LOSS_LIMIT|TAKE_PROFIT|TAKE_PROFIT_LIMIT,,"[[""SPOT"",""MARGIN"",""TRD_GRP_004"",""TRD_GRP_005"",""TRD_GRP_006"",""TRD_GRP_016"",""TRD_GRP_017"",""TRD_GRP_018"",""TRD_GRP_019"",""TRD_GRP_020"",""TRD_GRP_021"",""TRD_GRP_022"",""TRD_GRP_023"",""TRD_GRP_024"",""TRD_GRP_025"",""TRD_GRP_049"",""TRD_GRP_050"",""TRD_GRP_051"",""TRD_GRP_052"",""TRD_GRP_053"",""TRD_GRP_054"",""TRD_GRP_055"",""TRD_GRP_056"",""TRD_GRP_057"",""TRD_GRP_058"",""TRD_GRP_059"",""TRD_GRP_060"",""TRD_GRP_061"",""TRD_GRP_062"",""TRD_GRP_063"",""TRD_GRP_064"",""TRD_GRP_065"",""TRD_GRP_066"",""TRD_GRP_067"",""TRD_GRP_068"",""TRD_GRP_069"",""TRD_GRP_070"",""TRD_GRP_071"",""TRD_GRP_072"",""TRD_GRP_073"",""TRD_GRP_074"",""TRD_GRP_075"",""TRD_GRP_076"",""TRD_GRP_077"",""TRD_GRP_078"",""TRD_GRP_079"",""TRD_GRP_080"",""TRD_GRP_081"",""TRD_GRP_082"",""TRD_GRP_083"",""TRD_GRP_084"",""TRD_GRP_085"",""TRD_GRP_086"",""TRD_GRP_087"",""TRD_GRP_088"",""TRD_GRP_089"",""TRD_GRP_090"",""TRD_GRP_091"",""TRD_GRP_092"",""TRD_GRP_093"",""TRD_GRP_094"",""TRD_GRP_095"",""TRD_GRP_096"",""TRD_GRP_097"",""TRD_GRP_098"",""TRD_GRP_099"",""TRD_GRP_100"",""TRD_GRP_101"",""TRD_GRP_102"",""TRD_GRP_103"",""TRD_GRP_104"",""TRD_GRP_105"",""TRD_GRP_106"",""TRD_GRP_107"",""TRD_GRP_108"",""TRD_GRP_109"",""TRD_GRP_110"",""TRD_GRP_111"",""TRD_GRP_112"",""TRD_GRP_113"",""TRD_GRP_114"",""TRD_GRP_115"",""TRD_GRP_116"",""TRD_GRP_117"",""TRD_GRP_118"",""TRD_GRP_119"",""TRD_GRP_120"",""TRD_GRP_121"",""TRD_GRP_122"",""TRD_GRP_123"",""TRD_GRP_124"",""TRD_GRP_125"",""TRD_GRP_126"",""TRD_GRP_127"",""TRD_GRP_128"",""TRD_GRP_129"",""TRD_GRP_130"",""TRD_GRP_131"",""TRD_GRP_132"",""TRD_GRP_133"",""TRD_GRP_134"",""TRD_GRP_135"",""TRD_GRP_136"",""TRD_GRP_137"",""TRD_GRP_138"",""TRD_GRP_139"",""TRD_GRP_140"",""TRD_GRP_141"",""TRD_GRP_142"",""TRD_GRP_143"",""TRD_GRP_144"",""TRD_GRP_145"",""TRD_GRP_146"",""TRD_GRP_147"",""TRD_GRP_148"",""TRD_GRP_149"",""TRD_GRP_150"",""TRD_GRP_151"",""TRD_GRP_152"",""TRD_GRP_153"",""TRD_GRP_154"",""TRD_GRP_155"",""TRD_GRP_156"",""TRD_GRP_157"",""TRD_GRP_158"",""TRD_GRP_159"",""TRD_GRP_160"",""TRD_GRP_161"",""TRD_GRP_162"",""TRD_GRP_163"",""TRD_GRP_164"",""TRD_GRP_165"",""TRD_GRP_166"",""TRD_GRP_167"",""TRD_GRP_168"",""TRD_GRP_169"",""TRD_GRP_170"",""TRD_GRP_171"",""TRD_GRP_172"",""TRD_GRP_173"",""TRD_GRP_174"",""TRD_GRP_175"",""TRD_GRP_176"",""TRD_GRP_177"",""TRD_GRP_178"",""TRD_GRP_179"",""TRD_GRP_180"",""TRD_GRP_181"",""TRD_GRP_182"",""TRD_GRP_183"",""TRD_GRP_184"",""TRD_GRP_185"",""TRD_GRP_186"",""TRD_GRP_187"",""TRD_GRP_188"",""TRD_GRP_189"",""TRD_GRP_190"",""TRD_GRP_191"",""TRD_GRP_192"",""TRD_GRP_193"",""TRD_GRP_194"",""TRD_GRP_195"",""TRD_GRP_196"",""TRD_GRP_197"",""TRD_GRP_198"",""TRD_GRP_199"",""TRD_GRP_200"",""TRD_GRP_201"",""TRD_GRP_202"",""TRD_GRP_203"",""TRD_GRP_204"",""TRD_GRP_205"",""TRD_GRP_206"",""TRD_GRP_207"",""TRD_GRP_208"",""TRD_GRP_209"",""TRD_GRP_210"",""TRD_GRP_211"",""TRD_GRP_212"",""TRD_GRP_213"",""TRD_GRP_214"",""TRD_GRP_215"",""TRD_GRP_216"",""TRD_GRP_217"",""TRD_GRP_218"",""TRD_GRP_219"",""TRD_GRP_220"",""TRD_GRP_221"",""TRD_GRP_222"",""TRD_GRP_223"",""TRD_GRP_224"",""TRD_GRP_225"",""TRD_GRP_226"",""TRD_GRP_227"",""TRD_GRP_228"",""TRD_GRP_229"",""TRD_GRP_230"",""TRD_GRP_231"",""TRD_GRP_232"",""TRD_GRP_233"",""TRD_GRP_234"",""TRD_GRP_235"",""TRD_GRP_236"",""TRD_GRP_237"",""TRD_GRP_238"",""TRD_GRP_239"",""TRD_GRP_240"",""TRD_GRP_242"",""TRD_GRP_243"",""TRD_GRP_244"",""TRD_GRP_245"",""TRD_GRP_246"",""TRD_GRP_247"",""TRD_GRP_248"",""TRD_GRP_249"",""TRD_GRP_250"",""TRD_GRP_251"",""TRD_GRP_252"",""TRD_GRP_253"",""TRD_GRP_256"",""TRD_GRP_258""]]",EXPIRE_TAKER|EXPIRE_MAKER|EXPIRE_BOTH|DECREMENT|TRANSFER,0.00001000,100.00000000,0.00001000,1.00000000,913205152.00000000,1.00000000,100,0.00000000,4987331.30833333,0.00000000,10,2000,10,2000,1.2,0.5,2,0.8,5,5.00000000,true,9000000.00000000,false,5,200,20,5,10
SOPHUSDT,OutOfSample,3123,0,0,false,0,0,TRADING,SOPH,USDT,8,8,8,8,8,true,true,true,true,true,true,true,true,true,true,true,EXPIRE_MAKER,LIMIT|LIMIT_MAKER|MARKET|STOP_LOSS|STOP_LOSS_LIMIT|TAKE_PROFIT|TAKE_PROFIT_LIMIT,,"[[""SPOT"",""MARGIN"",""TRD_GRP_004"",""TRD_GRP_005"",""TRD_GRP_006"",""TRD_GRP_016"",""TRD_GRP_017"",""TRD_GRP_018"",""TRD_GRP_019"",""TRD_GRP_020"",""TRD_GRP_021"",""TRD_GRP_022"",""TRD_GRP_023"",""TRD_GRP_024"",""TRD_GRP_025"",""TRD_GRP_049"",""TRD_GRP_050"",""TRD_GRP_051"",""TRD_GRP_052"",""TRD_GRP_053"",""TRD_GRP_054"",""TRD_GRP_055"",""TRD_GRP_056"",""TRD_GRP_057"",""TRD_GRP_058"",""TRD_GRP_059"",""TRD_GRP_060"",""TRD_GRP_061"",""TRD_GRP_062"",""TRD_GRP_063"",""TRD_GRP_064"",""TRD_GRP_065"",""TRD_GRP_066"",""TRD_GRP_067"",""TRD_GRP_068"",""TRD_GRP_069"",""TRD_GRP_070"",""TRD_GRP_071"",""TRD_GRP_072"",""TRD_GRP_073"",""TRD_GRP_074"",""TRD_GRP_075"",""TRD_GRP_076"",""TRD_GRP_077"",""TRD_GRP_078"",""TRD_GRP_079"",""TRD_GRP_080"",""TRD_GRP_081"",""TRD_GRP_082"",""TRD_GRP_083"",""TRD_GRP_084"",""TRD_GRP_085"",""TRD_GRP_086"",""TRD_GRP_087"",""TRD_GRP_088"",""TRD_GRP_089"",""TRD_GRP_090"",""TRD_GRP_091"",""TRD_GRP_092"",""TRD_GRP_093"",""TRD_GRP_094"",""TRD_GRP_095"",""TRD_GRP_096"",""TRD_GRP_097"",""TRD_GRP_098"",""TRD_GRP_099"",""TRD_GRP_100"",""TRD_GRP_101"",""TRD_GRP_102"",""TRD_GRP_103"",""TRD_GRP_104"",""TRD_GRP_105"",""TRD_GRP_106"",""TRD_GRP_107"",""TRD_GRP_108"",""TRD_GRP_109"",""TRD_GRP_110"",""TRD_GRP_111"",""TRD_GRP_112"",""TRD_GRP_113"",""TRD_GRP_114"",""TRD_GRP_115"",""TRD_GRP_116"",""TRD_GRP_117"",""TRD_GRP_118"",""TRD_GRP_119"",""TRD_GRP_120"",""TRD_GRP_121"",""TRD_GRP_122"",""TRD_GRP_123"",""TRD_GRP_124"",""TRD_GRP_125"",""TRD_GRP_126"",""TRD_GRP_127"",""TRD_GRP_128"",""TRD_GRP_129"",""TRD_GRP_130"",""TRD_GRP_131"",""TRD_GRP_132"",""TRD_GRP_133"",""TRD_GRP_134"",""TRD_GRP_135"",""TRD_GRP_136"",""TRD_GRP_137"",""TRD_GRP_138"",""TRD_GRP_139"",""TRD_GRP_140"",""TRD_GRP_141"",""TRD_GRP_142"",""TRD_GRP_143"",""TRD_GRP_144"",""TRD_GRP_145"",""TRD_GRP_146"",""TRD_GRP_147"",""TRD_GRP_148"",""TRD_GRP_149"",""TRD_GRP_150"",""TRD_GRP_151"",""TRD_GRP_152"",""TRD_GRP_153"",""TRD_GRP_154"",""TRD_GRP_155"",""TRD_GRP_156"",""TRD_GRP_157"",""TRD_GRP_158"",""TRD_GRP_159"",""TRD_GRP_160"",""TRD_GRP_161"",""TRD_GRP_162"",""TRD_GRP_163"",""TRD_GRP_164"",""TRD_GRP_165"",""TRD_GRP_166"",""TRD_GRP_167"",""TRD_GRP_168"",""TRD_GRP_169"",""TRD_GRP_170"",""TRD_GRP_171"",""TRD_GRP_172"",""TRD_GRP_173"",""TRD_GRP_174"",""TRD_GRP_175"",""TRD_GRP_176"",""TRD_GRP_177"",""TRD_GRP_178"",""TRD_GRP_179"",""TRD_GRP_180"",""TRD_GRP_181"",""TRD_GRP_182"",""TRD_GRP_183"",""TRD_GRP_184"",""TRD_GRP_185"",""TRD_GRP_186"",""TRD_GRP_187"",""TRD_GRP_188"",""TRD_GRP_189"",""TRD_GRP_190"",""TRD_GRP_191"",""TRD_GRP_192"",""TRD_GRP_193"",""TRD_GRP_194"",""TRD_GRP_195"",""TRD_GRP_196"",""TRD_GRP_197"",""TRD_GRP_198"",""TRD_GRP_199"",""TRD_GRP_200"",""TRD_GRP_201"",""TRD_GRP_202"",""TRD_GRP_203"",""TRD_GRP_204"",""TRD_GRP_205"",""TRD_GRP_206"",""TRD_GRP_207"",""TRD_GRP_208"",""TRD_GRP_209"",""TRD_GRP_210"",""TRD_GRP_211"",""TRD_GRP_212"",""TRD_GRP_213"",""TRD_GRP_214"",""TRD_GRP_215"",""TRD_GRP_216"",""TRD_GRP_217"",""TRD_GRP_218"",""TRD_GRP_219"",""TRD_GRP_220"",""TRD_GRP_221"",""TRD_GRP_222"",""TRD_GRP_223"",""TRD_GRP_224"",""TRD_GRP_225"",""TRD_GRP_226"",""TRD_GRP_227"",""TRD_GRP_228"",""TRD_GRP_229"",""TRD_GRP_230"",""TRD_GRP_231"",""TRD_GRP_232"",""TRD_GRP_233"",""TRD_GRP_234"",""TRD_GRP_235"",""TRD_GRP_236"",""TRD_GRP_237"",""TRD_GRP_238"",""TRD_GRP_239"",""TRD_GRP_240"",""TRD_GRP_242"",""TRD_GRP_243"",""TRD_GRP_244"",""TRD_GRP_245"",""TRD_GRP_246"",""TRD_GRP_247"",""TRD_GRP_248"",""TRD_GRP_249"",""TRD_GRP_250"",""TRD_GRP_251"",""TRD_GRP_252"",""TRD_GRP_253"",""TRD_GRP_256"",""TRD_GRP_258""]]",EXPIRE_TAKER|EXPIRE_MAKER|EXPIRE_BOTH|DECREMENT|TRANSFER,0.00001000,100.00000000,0.00001000,1.00000000,913205152.00000000,1.00000000,100,0.00000000,15527821.88750000,0.00000000,10,2000,10,2000,1.2,0.5,2,0.8,5,5.00000000,true,9000000.00000000,false,5,200,20,5,10
SUIUSDT,OutOfSample,2203,0,0,false,0,0,TRADING,SUI,USDT,8,8,8,8,8,true,true,true,true,true,true,true,true,true,true,true,EXPIRE_MAKER,LIMIT|LIMIT_MAKER|MARKET|STOP_LOSS|STOP_LOSS_LIMIT|TAKE_PROFIT|TAKE_PROFIT_LIMIT,,"[[""SPOT"",""MARGIN"",""TRD_GRP_004"",""TRD_GRP_005"",""TRD_GRP_006"",""TRD_GRP_015"",""TRD_GRP_016"",""TRD_GRP_017"",""TRD_GRP_018"",""TRD_GRP_019"",""TRD_GRP_020"",""TRD_GRP_021"",""TRD_GRP_022"",""TRD_GRP_023"",""TRD_GRP_024"",""TRD_GRP_025"",""TRD_GRP_049"",""TRD_GRP_050"",""TRD_GRP_051"",""TRD_GRP_052"",""TRD_GRP_053"",""TRD_GRP_054"",""TRD_GRP_055"",""TRD_GRP_056"",""TRD_GRP_057"",""TRD_GRP_058"",""TRD_GRP_059"",""TRD_GRP_060"",""TRD_GRP_061"",""TRD_GRP_062"",""TRD_GRP_063"",""TRD_GRP_064"",""TRD_GRP_065"",""TRD_GRP_066"",""TRD_GRP_067"",""TRD_GRP_068"",""TRD_GRP_069"",""TRD_GRP_070"",""TRD_GRP_071"",""TRD_GRP_072"",""TRD_GRP_073"",""TRD_GRP_074"",""TRD_GRP_075"",""TRD_GRP_076"",""TRD_GRP_077"",""TRD_GRP_078"",""TRD_GRP_079"",""TRD_GRP_080"",""TRD_GRP_081"",""TRD_GRP_082"",""TRD_GRP_083"",""TRD_GRP_084"",""TRD_GRP_085"",""TRD_GRP_086"",""TRD_GRP_087"",""TRD_GRP_088"",""TRD_GRP_089"",""TRD_GRP_090"",""TRD_GRP_091"",""TRD_GRP_092"",""TRD_GRP_093"",""TRD_GRP_094"",""TRD_GRP_095"",""TRD_GRP_096"",""TRD_GRP_097"",""TRD_GRP_098"",""TRD_GRP_099"",""TRD_GRP_100"",""TRD_GRP_101"",""TRD_GRP_102"",""TRD_GRP_103"",""TRD_GRP_104"",""TRD_GRP_105"",""TRD_GRP_106"",""TRD_GRP_107"",""TRD_GRP_108"",""TRD_GRP_109"",""TRD_GRP_110"",""TRD_GRP_111"",""TRD_GRP_112"",""TRD_GRP_113"",""TRD_GRP_114"",""TRD_GRP_115"",""TRD_GRP_116"",""TRD_GRP_117"",""TRD_GRP_118"",""TRD_GRP_119"",""TRD_GRP_120"",""TRD_GRP_121"",""TRD_GRP_122"",""TRD_GRP_123"",""TRD_GRP_124"",""TRD_GRP_125"",""TRD_GRP_126"",""TRD_GRP_127"",""TRD_GRP_128"",""TRD_GRP_129"",""TRD_GRP_130"",""TRD_GRP_131"",""TRD_GRP_132"",""TRD_GRP_133"",""TRD_GRP_134"",""TRD_GRP_135"",""TRD_GRP_136"",""TRD_GRP_137"",""TRD_GRP_138"",""TRD_GRP_139"",""TRD_GRP_140"",""TRD_GRP_141"",""TRD_GRP_142"",""TRD_GRP_143"",""TRD_GRP_144"",""TRD_GRP_145"",""TRD_GRP_146"",""TRD_GRP_147"",""TRD_GRP_148"",""TRD_GRP_149"",""TRD_GRP_150"",""TRD_GRP_151"",""TRD_GRP_152"",""TRD_GRP_153"",""TRD_GRP_154"",""TRD_GRP_155"",""TRD_GRP_156"",""TRD_GRP_157"",""TRD_GRP_158"",""TRD_GRP_159"",""TRD_GRP_160"",""TRD_GRP_161"",""TRD_GRP_162"",""TRD_GRP_163"",""TRD_GRP_164"",""TRD_GRP_165"",""TRD_GRP_166"",""TRD_GRP_167"",""TRD_GRP_168"",""TRD_GRP_169"",""TRD_GRP_170"",""TRD_GRP_171"",""TRD_GRP_172"",""TRD_GRP_173"",""TRD_GRP_174"",""TRD_GRP_175"",""TRD_GRP_176"",""TRD_GRP_177"",""TRD_GRP_178"",""TRD_GRP_179"",""TRD_GRP_180"",""TRD_GRP_181"",""TRD_GRP_182"",""TRD_GRP_183"",""TRD_GRP_184"",""TRD_GRP_185"",""TRD_GRP_186"",""TRD_GRP_187"",""TRD_GRP_188"",""TRD_GRP_189"",""TRD_GRP_190"",""TRD_GRP_191"",""TRD_GRP_192"",""TRD_GRP_193"",""TRD_GRP_194"",""TRD_GRP_195"",""TRD_GRP_196"",""TRD_GRP_197"",""TRD_GRP_198"",""TRD_GRP_199"",""TRD_GRP_200"",""TRD_GRP_201"",""TRD_GRP_202"",""TRD_GRP_203"",""TRD_GRP_204"",""TRD_GRP_205"",""TRD_GRP_206"",""TRD_GRP_207"",""TRD_GRP_208"",""TRD_GRP_209"",""TRD_GRP_210"",""TRD_GRP_211"",""TRD_GRP_212"",""TRD_GRP_213"",""TRD_GRP_214"",""TRD_GRP_215"",""TRD_GRP_216"",""TRD_GRP_217"",""TRD_GRP_218"",""TRD_GRP_219"",""TRD_GRP_220"",""TRD_GRP_221"",""TRD_GRP_222"",""TRD_GRP_223"",""TRD_GRP_224"",""TRD_GRP_225"",""TRD_GRP_226"",""TRD_GRP_227"",""TRD_GRP_228"",""TRD_GRP_229"",""TRD_GRP_230"",""TRD_GRP_231"",""TRD_GRP_232"",""TRD_GRP_233"",""TRD_GRP_234"",""TRD_GRP_235"",""TRD_GRP_236"",""TRD_GRP_237"",""TRD_GRP_238"",""TRD_GRP_239"",""TRD_GRP_240"",""TRD_GRP_242"",""TRD_GRP_243"",""TRD_GRP_244"",""TRD_GRP_245"",""TRD_GRP_246"",""TRD_GRP_247"",""TRD_GRP_248"",""TRD_GRP_249"",""TRD_GRP_250"",""TRD_GRP_251"",""TRD_GRP_252"",""TRD_GRP_253"",""TRD_GRP_256"",""TRD_GRP_258""]]",EXPIRE_TAKER|EXPIRE_MAKER|EXPIRE_BOTH|DECREMENT|TRANSFER,0.00010000,1000.00000000,0.00010000,0.10000000,92141578.00000000,0.10000000,100,0.00000000,355117.73083333,0.00000000,10,2000,10,2000,1.2,0.5,2,0.8,5,5.00000000,true,9000000.00000000,false,5,200,20,5,10
THEUSDT,OutOfSample,2802,0,0,false,0,0,TRADING,THE,USDT,8,8,8,8,8,true,true,true,true,true,true,true,true,true,true,false,EXPIRE_MAKER,LIMIT|LIMIT_MAKER|MARKET|STOP_LOSS|STOP_LOSS_LIMIT|TAKE_PROFIT|TAKE_PROFIT_LIMIT,,"[[""SPOT"",""TRD_GRP_004"",""TRD_GRP_005"",""TRD_GRP_006"",""TRD_GRP_016"",""TRD_GRP_017"",""TRD_GRP_018"",""TRD_GRP_019"",""TRD_GRP_020"",""TRD_GRP_021"",""TRD_GRP_022"",""TRD_GRP_023"",""TRD_GRP_024"",""TRD_GRP_025"",""TRD_GRP_049"",""TRD_GRP_050"",""TRD_GRP_051"",""TRD_GRP_052"",""TRD_GRP_053"",""TRD_GRP_054"",""TRD_GRP_055"",""TRD_GRP_056"",""TRD_GRP_057"",""TRD_GRP_058"",""TRD_GRP_059"",""TRD_GRP_060"",""TRD_GRP_061"",""TRD_GRP_062"",""TRD_GRP_063"",""TRD_GRP_064"",""TRD_GRP_065"",""TRD_GRP_066"",""TRD_GRP_067"",""TRD_GRP_068"",""TRD_GRP_069"",""TRD_GRP_070"",""TRD_GRP_071"",""TRD_GRP_072"",""TRD_GRP_073"",""TRD_GRP_074"",""TRD_GRP_075"",""TRD_GRP_076"",""TRD_GRP_077"",""TRD_GRP_078"",""TRD_GRP_079"",""TRD_GRP_080"",""TRD_GRP_081"",""TRD_GRP_082"",""TRD_GRP_083"",""TRD_GRP_084"",""TRD_GRP_085"",""TRD_GRP_086"",""TRD_GRP_087"",""TRD_GRP_088"",""TRD_GRP_089"",""TRD_GRP_090"",""TRD_GRP_091"",""TRD_GRP_092"",""TRD_GRP_093"",""TRD_GRP_094"",""TRD_GRP_095"",""TRD_GRP_096"",""TRD_GRP_097"",""TRD_GRP_098"",""TRD_GRP_099"",""TRD_GRP_100"",""TRD_GRP_101"",""TRD_GRP_102"",""TRD_GRP_103"",""TRD_GRP_104"",""TRD_GRP_105"",""TRD_GRP_106"",""TRD_GRP_107"",""TRD_GRP_108"",""TRD_GRP_109"",""TRD_GRP_110"",""TRD_GRP_111"",""TRD_GRP_112"",""TRD_GRP_113"",""TRD_GRP_114"",""TRD_GRP_115"",""TRD_GRP_116"",""TRD_GRP_117"",""TRD_GRP_118"",""TRD_GRP_119"",""TRD_GRP_120"",""TRD_GRP_121"",""TRD_GRP_122"",""TRD_GRP_123"",""TRD_GRP_124"",""TRD_GRP_125"",""TRD_GRP_126"",""TRD_GRP_127"",""TRD_GRP_128"",""TRD_GRP_129"",""TRD_GRP_130"",""TRD_GRP_131"",""TRD_GRP_132"",""TRD_GRP_133"",""TRD_GRP_134"",""TRD_GRP_135"",""TRD_GRP_136"",""TRD_GRP_137"",""TRD_GRP_138"",""TRD_GRP_139"",""TRD_GRP_140"",""TRD_GRP_141"",""TRD_GRP_142"",""TRD_GRP_143"",""TRD_GRP_144"",""TRD_GRP_145"",""TRD_GRP_146"",""TRD_GRP_147"",""TRD_GRP_148"",""TRD_GRP_149"",""TRD_GRP_150"",""TRD_GRP_151"",""TRD_GRP_152"",""TRD_GRP_153"",""TRD_GRP_154"",""TRD_GRP_155"",""TRD_GRP_156"",""TRD_GRP_157"",""TRD_GRP_158"",""TRD_GRP_159"",""TRD_GRP_160"",""TRD_GRP_161"",""TRD_GRP_162"",""TRD_GRP_163"",""TRD_GRP_164"",""TRD_GRP_165"",""TRD_GRP_166"",""TRD_GRP_167"",""TRD_GRP_168"",""TRD_GRP_169"",""TRD_GRP_170"",""TRD_GRP_171"",""TRD_GRP_172"",""TRD_GRP_173"",""TRD_GRP_174"",""TRD_GRP_175"",""TRD_GRP_176"",""TRD_GRP_177"",""TRD_GRP_178"",""TRD_GRP_179"",""TRD_GRP_180"",""TRD_GRP_181"",""TRD_GRP_182"",""TRD_GRP_183"",""TRD_GRP_184"",""TRD_GRP_185"",""TRD_GRP_186"",""TRD_GRP_187"",""TRD_GRP_188"",""TRD_GRP_189"",""TRD_GRP_190"",""TRD_GRP_191"",""TRD_GRP_192"",""TRD_GRP_193"",""TRD_GRP_194"",""TRD_GRP_195"",""TRD_GRP_196"",""TRD_GRP_197"",""TRD_GRP_198"",""TRD_GRP_199"",""TRD_GRP_200"",""TRD_GRP_201"",""TRD_GRP_202"",""TRD_GRP_203"",""TRD_GRP_204"",""TRD_GRP_205"",""TRD_GRP_206"",""TRD_GRP_207"",""TRD_GRP_208"",""TRD_GRP_209"",""TRD_GRP_210"",""TRD_GRP_211"",""TRD_GRP_212"",""TRD_GRP_213"",""TRD_GRP_214"",""TRD_GRP_215"",""TRD_GRP_216"",""TRD_GRP_217"",""TRD_GRP_218"",""TRD_GRP_219"",""TRD_GRP_220"",""TRD_GRP_221"",""TRD_GRP_222"",""TRD_GRP_223"",""TRD_GRP_224"",""TRD_GRP_225"",""TRD_GRP_226"",""TRD_GRP_227"",""TRD_GRP_228"",""TRD_GRP_229"",""TRD_GRP_230"",""TRD_GRP_231"",""TRD_GRP_232"",""TRD_GRP_233"",""TRD_GRP_234"",""TRD_GRP_235"",""TRD_GRP_236"",""TRD_GRP_237"",""TRD_GRP_238"",""TRD_GRP_239"",""TRD_GRP_240"",""TRD_GRP_242"",""TRD_GRP_243"",""TRD_GRP_244"",""TRD_GRP_245"",""TRD_GRP_246"",""TRD_GRP_247"",""TRD_GRP_248"",""TRD_GRP_249"",""TRD_GRP_250"",""TRD_GRP_251"",""TRD_GRP_252"",""TRD_GRP_253"",""TRD_GRP_256"",""TRD_GRP_258""]]",EXPIRE_TAKER|EXPIRE_MAKER|EXPIRE_BOTH|DECREMENT|TRANSFER,0.00010000,1000.00000000,0.00010000,0.10000000,92141578.00000000,0.10000000,100,0.00000000,507284.94416666,0.00000000,10,2000,10,2000,1.2,0.5,2,0.8,5,5.00000000,true,9000000.00000000,false,5,200,20,5,10
TUTUSDT,OutOfSample,3021,0,0,false,0,0,TRADING,TUT,USDT,8,8,8,8,8,true,true,true,true,true,true,true,true,true,true,true,EXPIRE_MAKER,LIMIT|LIMIT_MAKER|MARKET|STOP_LOSS|STOP_LOSS_LIMIT|TAKE_PROFIT|TAKE_PROFIT_LIMIT,,"[[""SPOT"",""MARGIN"",""TRD_GRP_004"",""TRD_GRP_006"",""TRD_GRP_016"",""TRD_GRP_017"",""TRD_GRP_018"",""TRD_GRP_019"",""TRD_GRP_020"",""TRD_GRP_021"",""TRD_GRP_022"",""TRD_GRP_023"",""TRD_GRP_024"",""TRD_GRP_025"",""TRD_GRP_049"",""TRD_GRP_050"",""TRD_GRP_051"",""TRD_GRP_052"",""TRD_GRP_053"",""TRD_GRP_054"",""TRD_GRP_055"",""TRD_GRP_056"",""TRD_GRP_057"",""TRD_GRP_058"",""TRD_GRP_059"",""TRD_GRP_060"",""TRD_GRP_061"",""TRD_GRP_062"",""TRD_GRP_063"",""TRD_GRP_064"",""TRD_GRP_065"",""TRD_GRP_066"",""TRD_GRP_067"",""TRD_GRP_068"",""TRD_GRP_069"",""TRD_GRP_070"",""TRD_GRP_071"",""TRD_GRP_072"",""TRD_GRP_073"",""TRD_GRP_074"",""TRD_GRP_075"",""TRD_GRP_076"",""TRD_GRP_077"",""TRD_GRP_078"",""TRD_GRP_079"",""TRD_GRP_080"",""TRD_GRP_081"",""TRD_GRP_082"",""TRD_GRP_083"",""TRD_GRP_084"",""TRD_GRP_085"",""TRD_GRP_086"",""TRD_GRP_087"",""TRD_GRP_088"",""TRD_GRP_089"",""TRD_GRP_090"",""TRD_GRP_091"",""TRD_GRP_092"",""TRD_GRP_093"",""TRD_GRP_094"",""TRD_GRP_095"",""TRD_GRP_096"",""TRD_GRP_097"",""TRD_GRP_098"",""TRD_GRP_099"",""TRD_GRP_100"",""TRD_GRP_101"",""TRD_GRP_102"",""TRD_GRP_103"",""TRD_GRP_104"",""TRD_GRP_105"",""TRD_GRP_106"",""TRD_GRP_107"",""TRD_GRP_108"",""TRD_GRP_109"",""TRD_GRP_110"",""TRD_GRP_111"",""TRD_GRP_112"",""TRD_GRP_113"",""TRD_GRP_114"",""TRD_GRP_115"",""TRD_GRP_116"",""TRD_GRP_117"",""TRD_GRP_118"",""TRD_GRP_119"",""TRD_GRP_120"",""TRD_GRP_121"",""TRD_GRP_122"",""TRD_GRP_123"",""TRD_GRP_124"",""TRD_GRP_125"",""TRD_GRP_126"",""TRD_GRP_127"",""TRD_GRP_128"",""TRD_GRP_129"",""TRD_GRP_130"",""TRD_GRP_131"",""TRD_GRP_132"",""TRD_GRP_133"",""TRD_GRP_134"",""TRD_GRP_135"",""TRD_GRP_136"",""TRD_GRP_137"",""TRD_GRP_138"",""TRD_GRP_139"",""TRD_GRP_140"",""TRD_GRP_141"",""TRD_GRP_142"",""TRD_GRP_143"",""TRD_GRP_144"",""TRD_GRP_145"",""TRD_GRP_146"",""TRD_GRP_147"",""TRD_GRP_148"",""TRD_GRP_149"",""TRD_GRP_150"",""TRD_GRP_151"",""TRD_GRP_152"",""TRD_GRP_153"",""TRD_GRP_154"",""TRD_GRP_155"",""TRD_GRP_156"",""TRD_GRP_157"",""TRD_GRP_158"",""TRD_GRP_159"",""TRD_GRP_160"",""TRD_GRP_161"",""TRD_GRP_162"",""TRD_GRP_163"",""TRD_GRP_164"",""TRD_GRP_165"",""TRD_GRP_166"",""TRD_GRP_167"",""TRD_GRP_168"",""TRD_GRP_169"",""TRD_GRP_170"",""TRD_GRP_171"",""TRD_GRP_172"",""TRD_GRP_173"",""TRD_GRP_174"",""TRD_GRP_175"",""TRD_GRP_176"",""TRD_GRP_177"",""TRD_GRP_178"",""TRD_GRP_179"",""TRD_GRP_180"",""TRD_GRP_181"",""TRD_GRP_182"",""TRD_GRP_183"",""TRD_GRP_184"",""TRD_GRP_185"",""TRD_GRP_186"",""TRD_GRP_187"",""TRD_GRP_188"",""TRD_GRP_189"",""TRD_GRP_190"",""TRD_GRP_191"",""TRD_GRP_192"",""TRD_GRP_193"",""TRD_GRP_194"",""TRD_GRP_195"",""TRD_GRP_196"",""TRD_GRP_197"",""TRD_GRP_198"",""TRD_GRP_199"",""TRD_GRP_200"",""TRD_GRP_201"",""TRD_GRP_202"",""TRD_GRP_203"",""TRD_GRP_204"",""TRD_GRP_205"",""TRD_GRP_206"",""TRD_GRP_207"",""TRD_GRP_208"",""TRD_GRP_209"",""TRD_GRP_210"",""TRD_GRP_211"",""TRD_GRP_212"",""TRD_GRP_213"",""TRD_GRP_214"",""TRD_GRP_215"",""TRD_GRP_216"",""TRD_GRP_217"",""TRD_GRP_218"",""TRD_GRP_219"",""TRD_GRP_220"",""TRD_GRP_221"",""TRD_GRP_222"",""TRD_GRP_223"",""TRD_GRP_224"",""TRD_GRP_225"",""TRD_GRP_226"",""TRD_GRP_227"",""TRD_GRP_228"",""TRD_GRP_229"",""TRD_GRP_230"",""TRD_GRP_231"",""TRD_GRP_232"",""TRD_GRP_233"",""TRD_GRP_234"",""TRD_GRP_235"",""TRD_GRP_236"",""TRD_GRP_237"",""TRD_GRP_238"",""TRD_GRP_239"",""TRD_GRP_240"",""TRD_GRP_242"",""TRD_GRP_243"",""TRD_GRP_244"",""TRD_GRP_245"",""TRD_GRP_246"",""TRD_GRP_247"",""TRD_GRP_248"",""TRD_GRP_249"",""TRD_GRP_250"",""TRD_GRP_251"",""TRD_GRP_252"",""TRD_GRP_253"",""TRD_GRP_256"",""TRD_GRP_258""]]",EXPIRE_TAKER|EXPIRE_MAKER|EXPIRE_BOTH|DECREMENT|TRANSFER,0.00001000,10.00000000,0.00001000,1.00000000,8080000000.00000000,1.00000000,100,0.00000000,1631791.95416666,0.00000000,10,2000,10,2000,1.2,0.5,2,0.8,5,1.00000000,true,9000000.00000000,false,5,200,20,5,10
USD1USDT,OutOfSample,3111,0,0,false,0,0,TRADING,USD1,USDT,8,8,8,8,8,true,true,true,true,true,true,true,true,true,true,true,EXPIRE_MAKER,LIMIT|LIMIT_MAKER|MARKET|STOP_LOSS|STOP_LOSS_LIMIT|TAKE_PROFIT|TAKE_PROFIT_LIMIT,,"[[""SPOT"",""MARGIN"",""TRD_GRP_004"",""TRD_GRP_006"",""TRD_GRP_016"",""TRD_GRP_017"",""TRD_GRP_018"",""TRD_GRP_019"",""TRD_GRP_020"",""TRD_GRP_021"",""TRD_GRP_022"",""TRD_GRP_023"",""TRD_GRP_024"",""TRD_GRP_025"",""TRD_GRP_049"",""TRD_GRP_050"",""TRD_GRP_051"",""TRD_GRP_052"",""TRD_GRP_053"",""TRD_GRP_054"",""TRD_GRP_055"",""TRD_GRP_056"",""TRD_GRP_057"",""TRD_GRP_058"",""TRD_GRP_059"",""TRD_GRP_060"",""TRD_GRP_061"",""TRD_GRP_062"",""TRD_GRP_063"",""TRD_GRP_064"",""TRD_GRP_065"",""TRD_GRP_066"",""TRD_GRP_067"",""TRD_GRP_068"",""TRD_GRP_069"",""TRD_GRP_070"",""TRD_GRP_071"",""TRD_GRP_072"",""TRD_GRP_073"",""TRD_GRP_074"",""TRD_GRP_075"",""TRD_GRP_076"",""TRD_GRP_077"",""TRD_GRP_078"",""TRD_GRP_079"",""TRD_GRP_080"",""TRD_GRP_081"",""TRD_GRP_082"",""TRD_GRP_083"",""TRD_GRP_084"",""TRD_GRP_085"",""TRD_GRP_086"",""TRD_GRP_087"",""TRD_GRP_088"",""TRD_GRP_089"",""TRD_GRP_090"",""TRD_GRP_091"",""TRD_GRP_092"",""TRD_GRP_093"",""TRD_GRP_094"",""TRD_GRP_095"",""TRD_GRP_096"",""TRD_GRP_097"",""TRD_GRP_098"",""TRD_GRP_099"",""TRD_GRP_100"",""TRD_GRP_101"",""TRD_GRP_102"",""TRD_GRP_103"",""TRD_GRP_104"",""TRD_GRP_105"",""TRD_GRP_106"",""TRD_GRP_107"",""TRD_GRP_108"",""TRD_GRP_109"",""TRD_GRP_110"",""TRD_GRP_111"",""TRD_GRP_112"",""TRD_GRP_113"",""TRD_GRP_114"",""TRD_GRP_115"",""TRD_GRP_116"",""TRD_GRP_117"",""TRD_GRP_118"",""TRD_GRP_119"",""TRD_GRP_120"",""TRD_GRP_121"",""TRD_GRP_122"",""TRD_GRP_123"",""TRD_GRP_124"",""TRD_GRP_125"",""TRD_GRP_126"",""TRD_GRP_127"",""TRD_GRP_128"",""TRD_GRP_129"",""TRD_GRP_130"",""TRD_GRP_131"",""TRD_GRP_132"",""TRD_GRP_133"",""TRD_GRP_134"",""TRD_GRP_135"",""TRD_GRP_136"",""TRD_GRP_137"",""TRD_GRP_138"",""TRD_GRP_139"",""TRD_GRP_140"",""TRD_GRP_141"",""TRD_GRP_142"",""TRD_GRP_143"",""TRD_GRP_144"",""TRD_GRP_145"",""TRD_GRP_146"",""TRD_GRP_147"",""TRD_GRP_148"",""TRD_GRP_149"",""TRD_GRP_150"",""TRD_GRP_151"",""TRD_GRP_152"",""TRD_GRP_153"",""TRD_GRP_154"",""TRD_GRP_155"",""TRD_GRP_156"",""TRD_GRP_157"",""TRD_GRP_158"",""TRD_GRP_159"",""TRD_GRP_160"",""TRD_GRP_161"",""TRD_GRP_162"",""TRD_GRP_163"",""TRD_GRP_164"",""TRD_GRP_165"",""TRD_GRP_166"",""TRD_GRP_167"",""TRD_GRP_168"",""TRD_GRP_169"",""TRD_GRP_170"",""TRD_GRP_171"",""TRD_GRP_172"",""TRD_GRP_173"",""TRD_GRP_174"",""TRD_GRP_175"",""TRD_GRP_176"",""TRD_GRP_177"",""TRD_GRP_178"",""TRD_GRP_179"",""TRD_GRP_180"",""TRD_GRP_181"",""TRD_GRP_182"",""TRD_GRP_183"",""TRD_GRP_184"",""TRD_GRP_185"",""TRD_GRP_186"",""TRD_GRP_187"",""TRD_GRP_188"",""TRD_GRP_189"",""TRD_GRP_190"",""TRD_GRP_191"",""TRD_GRP_192"",""TRD_GRP_193"",""TRD_GRP_194"",""TRD_GRP_195"",""TRD_GRP_196"",""TRD_GRP_197"",""TRD_GRP_198"",""TRD_GRP_199"",""TRD_GRP_200"",""TRD_GRP_201"",""TRD_GRP_202"",""TRD_GRP_203"",""TRD_GRP_204"",""TRD_GRP_205"",""TRD_GRP_206"",""TRD_GRP_207"",""TRD_GRP_208"",""TRD_GRP_209"",""TRD_GRP_210"",""TRD_GRP_211"",""TRD_GRP_212"",""TRD_GRP_213"",""TRD_GRP_214"",""TRD_GRP_215"",""TRD_GRP_216"",""TRD_GRP_217"",""TRD_GRP_218"",""TRD_GRP_219"",""TRD_GRP_220"",""TRD_GRP_221"",""TRD_GRP_222"",""TRD_GRP_223"",""TRD_GRP_224"",""TRD_GRP_225"",""TRD_GRP_226"",""TRD_GRP_227"",""TRD_GRP_228"",""TRD_GRP_229"",""TRD_GRP_230"",""TRD_GRP_231"",""TRD_GRP_232"",""TRD_GRP_233"",""TRD_GRP_234"",""TRD_GRP_235"",""TRD_GRP_236"",""TRD_GRP_237"",""TRD_GRP_238"",""TRD_GRP_239"",""TRD_GRP_240"",""TRD_GRP_242"",""TRD_GRP_243"",""TRD_GRP_244"",""TRD_GRP_245"",""TRD_GRP_246"",""TRD_GRP_247"",""TRD_GRP_248"",""TRD_GRP_249"",""TRD_GRP_250"",""TRD_GRP_251"",""TRD_GRP_252"",""TRD_GRP_253"",""TRD_GRP_256"",""TRD_GRP_258""]]",EXPIRE_TAKER|EXPIRE_MAKER|EXPIRE_BOTH|DECREMENT|TRANSFER,0.80000000,1.20000000,0.00001000,1.00000000,10000000.00000000,1.00000000,100,0.00000000,7699886.77500000,0.00000000,10,2000,10,2000,1.1,0.9,1.1,0.9,5,5.00000000,true,9000000.00000000,false,5,200,20,5,10
USDCUSDT,OutOfSample,423,0,0,false,0,0,TRADING,USDC,USDT,8,8,8,8,8,true,true,true,true,true,true,true,true,true,true,true,EXPIRE_MAKER,LIMIT|LIMIT_MAKER|MARKET|STOP_LOSS|STOP_LOSS_LIMIT|TAKE_PROFIT|TAKE_PROFIT_LIMIT,,"[[""SPOT"",""MARGIN"",""TRD_GRP_004"",""TRD_GRP_005"",""TRD_GRP_006"",""TRD_GRP_015"",""TRD_GRP_016"",""TRD_GRP_017"",""TRD_GRP_018"",""TRD_GRP_019"",""TRD_GRP_020"",""TRD_GRP_021"",""TRD_GRP_022"",""TRD_GRP_023"",""TRD_GRP_024"",""TRD_GRP_025"",""TRD_GRP_049"",""TRD_GRP_050"",""TRD_GRP_051"",""TRD_GRP_052"",""TRD_GRP_053"",""TRD_GRP_054"",""TRD_GRP_055"",""TRD_GRP_056"",""TRD_GRP_057"",""TRD_GRP_058"",""TRD_GRP_059"",""TRD_GRP_060"",""TRD_GRP_061"",""TRD_GRP_062"",""TRD_GRP_063"",""TRD_GRP_064"",""TRD_GRP_065"",""TRD_GRP_066"",""TRD_GRP_067"",""TRD_GRP_068"",""TRD_GRP_069"",""TRD_GRP_070"",""TRD_GRP_071"",""TRD_GRP_072"",""TRD_GRP_073"",""TRD_GRP_074"",""TRD_GRP_075"",""TRD_GRP_076"",""TRD_GRP_077"",""TRD_GRP_078"",""TRD_GRP_079"",""TRD_GRP_080"",""TRD_GRP_081"",""TRD_GRP_082"",""TRD_GRP_083"",""TRD_GRP_084"",""TRD_GRP_085"",""TRD_GRP_086"",""TRD_GRP_087"",""TRD_GRP_088"",""TRD_GRP_089"",""TRD_GRP_090"",""TRD_GRP_091"",""TRD_GRP_092"",""TRD_GRP_093"",""TRD_GRP_094"",""TRD_GRP_095"",""TRD_GRP_096"",""TRD_GRP_097"",""TRD_GRP_098"",""TRD_GRP_099"",""TRD_GRP_100"",""TRD_GRP_101"",""TRD_GRP_102"",""TRD_GRP_103"",""TRD_GRP_104"",""TRD_GRP_105"",""TRD_GRP_106"",""TRD_GRP_107"",""TRD_GRP_108"",""TRD_GRP_109"",""TRD_GRP_110"",""TRD_GRP_111"",""TRD_GRP_112"",""TRD_GRP_113"",""TRD_GRP_114"",""TRD_GRP_115"",""TRD_GRP_116"",""TRD_GRP_117"",""TRD_GRP_118"",""TRD_GRP_119"",""TRD_GRP_120"",""TRD_GRP_121"",""TRD_GRP_122"",""TRD_GRP_123"",""TRD_GRP_124"",""TRD_GRP_125"",""TRD_GRP_126"",""TRD_GRP_127"",""TRD_GRP_128"",""TRD_GRP_129"",""TRD_GRP_130"",""TRD_GRP_131"",""TRD_GRP_132"",""TRD_GRP_133"",""TRD_GRP_134"",""TRD_GRP_135"",""TRD_GRP_136"",""TRD_GRP_137"",""TRD_GRP_138"",""TRD_GRP_139"",""TRD_GRP_140"",""TRD_GRP_141"",""TRD_GRP_142"",""TRD_GRP_143"",""TRD_GRP_144"",""TRD_GRP_145"",""TRD_GRP_146"",""TRD_GRP_147"",""TRD_GRP_148"",""TRD_GRP_149"",""TRD_GRP_150"",""TRD_GRP_151"",""TRD_GRP_152"",""TRD_GRP_153"",""TRD_GRP_154"",""TRD_GRP_155"",""TRD_GRP_156"",""TRD_GRP_157"",""TRD_GRP_158"",""TRD_GRP_159"",""TRD_GRP_160"",""TRD_GRP_161"",""TRD_GRP_162"",""TRD_GRP_163"",""TRD_GRP_164"",""TRD_GRP_165"",""TRD_GRP_166"",""TRD_GRP_167"",""TRD_GRP_168"",""TRD_GRP_169"",""TRD_GRP_170"",""TRD_GRP_171"",""TRD_GRP_172"",""TRD_GRP_173"",""TRD_GRP_174"",""TRD_GRP_175"",""TRD_GRP_176"",""TRD_GRP_177"",""TRD_GRP_178"",""TRD_GRP_179"",""TRD_GRP_180"",""TRD_GRP_181"",""TRD_GRP_182"",""TRD_GRP_183"",""TRD_GRP_184"",""TRD_GRP_185"",""TRD_GRP_186"",""TRD_GRP_187"",""TRD_GRP_188"",""TRD_GRP_189"",""TRD_GRP_190"",""TRD_GRP_191"",""TRD_GRP_192"",""TRD_GRP_193"",""TRD_GRP_194"",""TRD_GRP_195"",""TRD_GRP_196"",""TRD_GRP_197"",""TRD_GRP_198"",""TRD_GRP_199"",""TRD_GRP_200"",""TRD_GRP_201"",""TRD_GRP_202"",""TRD_GRP_203"",""TRD_GRP_204"",""TRD_GRP_205"",""TRD_GRP_206"",""TRD_GRP_207"",""TRD_GRP_208"",""TRD_GRP_209"",""TRD_GRP_210"",""TRD_GRP_211"",""TRD_GRP_212"",""TRD_GRP_213"",""TRD_GRP_214"",""TRD_GRP_215"",""TRD_GRP_216"",""TRD_GRP_217"",""TRD_GRP_218"",""TRD_GRP_219"",""TRD_GRP_220"",""TRD_GRP_221"",""TRD_GRP_222"",""TRD_GRP_223"",""TRD_GRP_224"",""TRD_GRP_225"",""TRD_GRP_226"",""TRD_GRP_227"",""TRD_GRP_228"",""TRD_GRP_229"",""TRD_GRP_230"",""TRD_GRP_231"",""TRD_GRP_232"",""TRD_GRP_233"",""TRD_GRP_234"",""TRD_GRP_235"",""TRD_GRP_236"",""TRD_GRP_237"",""TRD_GRP_238"",""TRD_GRP_239"",""TRD_GRP_240"",""TRD_GRP_242"",""TRD_GRP_243"",""TRD_GRP_244"",""TRD_GRP_245"",""TRD_GRP_246"",""TRD_GRP_247"",""TRD_GRP_248"",""TRD_GRP_249"",""TRD_GRP_250"",""TRD_GRP_251"",""TRD_GRP_252"",""TRD_GRP_253"",""TRD_GRP_256"",""TRD_GRP_258""]]",EXPIRE_TAKER|EXPIRE_MAKER|EXPIRE_BOTH|DECREMENT|TRANSFER,0.80000000,1.20000000,0.00001000,1.00000000,10000000.00000000,1.00000000,100,0.00000000,18723315.74166666,0.00000000,10,2000,10,2000,1.1,0.9,1.1,0.9,5,5.00000000,true,9000000.00000000,false,5,200,20,5,10
UUSDT,OutOfSample,3471,0,0,false,0,0,TRADING,U,USDT,8,8,8,8,8,true,true,true,true,true,true,true,true,true,true,true,EXPIRE_MAKER,LIMIT|LIMIT_MAKER|MARKET|STOP_LOSS|STOP_LOSS_LIMIT|TAKE_PROFIT|TAKE_PROFIT_LIMIT,,"[[""SPOT"",""MARGIN"",""TRD_GRP_004"",""TRD_GRP_005"",""TRD_GRP_006"",""TRD_GRP_016"",""TRD_GRP_017"",""TRD_GRP_018"",""TRD_GRP_019"",""TRD_GRP_020"",""TRD_GRP_021"",""TRD_GRP_022"",""TRD_GRP_023"",""TRD_GRP_024"",""TRD_GRP_025"",""TRD_GRP_049"",""TRD_GRP_050"",""TRD_GRP_051"",""TRD_GRP_052"",""TRD_GRP_053"",""TRD_GRP_054"",""TRD_GRP_055"",""TRD_GRP_056"",""TRD_GRP_057"",""TRD_GRP_058"",""TRD_GRP_059"",""TRD_GRP_060"",""TRD_GRP_061"",""TRD_GRP_062"",""TRD_GRP_063"",""TRD_GRP_064"",""TRD_GRP_065"",""TRD_GRP_066"",""TRD_GRP_067"",""TRD_GRP_068"",""TRD_GRP_069"",""TRD_GRP_070"",""TRD_GRP_071"",""TRD_GRP_072"",""TRD_GRP_073"",""TRD_GRP_074"",""TRD_GRP_075"",""TRD_GRP_076"",""TRD_GRP_077"",""TRD_GRP_078"",""TRD_GRP_079"",""TRD_GRP_080"",""TRD_GRP_081"",""TRD_GRP_082"",""TRD_GRP_083"",""TRD_GRP_084"",""TRD_GRP_085"",""TRD_GRP_086"",""TRD_GRP_087"",""TRD_GRP_088"",""TRD_GRP_089"",""TRD_GRP_090"",""TRD_GRP_091"",""TRD_GRP_092"",""TRD_GRP_093"",""TRD_GRP_094"",""TRD_GRP_095"",""TRD_GRP_096"",""TRD_GRP_097"",""TRD_GRP_098"",""TRD_GRP_099"",""TRD_GRP_100"",""TRD_GRP_101"",""TRD_GRP_102"",""TRD_GRP_103"",""TRD_GRP_104"",""TRD_GRP_105"",""TRD_GRP_106"",""TRD_GRP_107"",""TRD_GRP_108"",""TRD_GRP_109"",""TRD_GRP_110"",""TRD_GRP_111"",""TRD_GRP_112"",""TRD_GRP_113"",""TRD_GRP_114"",""TRD_GRP_115"",""TRD_GRP_116"",""TRD_GRP_117"",""TRD_GRP_118"",""TRD_GRP_119"",""TRD_GRP_120"",""TRD_GRP_121"",""TRD_GRP_122"",""TRD_GRP_123"",""TRD_GRP_124"",""TRD_GRP_125"",""TRD_GRP_126"",""TRD_GRP_127"",""TRD_GRP_128"",""TRD_GRP_129"",""TRD_GRP_130"",""TRD_GRP_131"",""TRD_GRP_132"",""TRD_GRP_133"",""TRD_GRP_134"",""TRD_GRP_135"",""TRD_GRP_136"",""TRD_GRP_137"",""TRD_GRP_138"",""TRD_GRP_139"",""TRD_GRP_140"",""TRD_GRP_141"",""TRD_GRP_142"",""TRD_GRP_143"",""TRD_GRP_144"",""TRD_GRP_145"",""TRD_GRP_146"",""TRD_GRP_147"",""TRD_GRP_148"",""TRD_GRP_149"",""TRD_GRP_150"",""TRD_GRP_151"",""TRD_GRP_152"",""TRD_GRP_153"",""TRD_GRP_154"",""TRD_GRP_155"",""TRD_GRP_156"",""TRD_GRP_157"",""TRD_GRP_158"",""TRD_GRP_159"",""TRD_GRP_160"",""TRD_GRP_161"",""TRD_GRP_162"",""TRD_GRP_163"",""TRD_GRP_164"",""TRD_GRP_165"",""TRD_GRP_166"",""TRD_GRP_167"",""TRD_GRP_168"",""TRD_GRP_169"",""TRD_GRP_170"",""TRD_GRP_171"",""TRD_GRP_172"",""TRD_GRP_173"",""TRD_GRP_174"",""TRD_GRP_175"",""TRD_GRP_176"",""TRD_GRP_177"",""TRD_GRP_178"",""TRD_GRP_179"",""TRD_GRP_180"",""TRD_GRP_181"",""TRD_GRP_182"",""TRD_GRP_183"",""TRD_GRP_184"",""TRD_GRP_185"",""TRD_GRP_186"",""TRD_GRP_187"",""TRD_GRP_188"",""TRD_GRP_189"",""TRD_GRP_190"",""TRD_GRP_191"",""TRD_GRP_192"",""TRD_GRP_193"",""TRD_GRP_194"",""TRD_GRP_195"",""TRD_GRP_196"",""TRD_GRP_197"",""TRD_GRP_198"",""TRD_GRP_199"",""TRD_GRP_200"",""TRD_GRP_201"",""TRD_GRP_202"",""TRD_GRP_203"",""TRD_GRP_204"",""TRD_GRP_205"",""TRD_GRP_206"",""TRD_GRP_207"",""TRD_GRP_208"",""TRD_GRP_209"",""TRD_GRP_210"",""TRD_GRP_211"",""TRD_GRP_212"",""TRD_GRP_213"",""TRD_GRP_214"",""TRD_GRP_215"",""TRD_GRP_216"",""TRD_GRP_217"",""TRD_GRP_218"",""TRD_GRP_219"",""TRD_GRP_220"",""TRD_GRP_221"",""TRD_GRP_222"",""TRD_GRP_223"",""TRD_GRP_224"",""TRD_GRP_225"",""TRD_GRP_226"",""TRD_GRP_227"",""TRD_GRP_228"",""TRD_GRP_229"",""TRD_GRP_230"",""TRD_GRP_231"",""TRD_GRP_232"",""TRD_GRP_233"",""TRD_GRP_234"",""TRD_GRP_235"",""TRD_GRP_236"",""TRD_GRP_237"",""TRD_GRP_238"",""TRD_GRP_239"",""TRD_GRP_240"",""TRD_GRP_242"",""TRD_GRP_245"",""TRD_GRP_246"",""TRD_GRP_247"",""TRD_GRP_248"",""TRD_GRP_249"",""TRD_GRP_250"",""TRD_GRP_251"",""TRD_GRP_252"",""TRD_GRP_253"",""TRD_GRP_256"",""TRD_GRP_258""]]",EXPIRE_TAKER|EXPIRE_MAKER|EXPIRE_BOTH|DECREMENT|TRANSFER,0.80000000,1.20000000,0.00010000,1.00000000,10000000.00000000,1.00000000,100,0.00000000,8102884.94166666,0.00000000,10,2000,10,2000,1.1,0.9,1.1,0.9,5,5.00000000,true,9000000.00000000,false,5,200,20,5,10
WLDUSDT,OutOfSample,2256,0,0,false,0,0,TRADING,WLD,USDT,8,8,8,8,8,true,true,true,true,true,true,true,true,true,true,true,EXPIRE_MAKER,LIMIT|LIMIT_MAKER|MARKET|STOP_LOSS|STOP_LOSS_LIMIT|TAKE_PROFIT|TAKE_PROFIT_LIMIT,,"[[""SPOT"",""MARGIN"",""TRD_GRP_004"",""TRD_GRP_005"",""TRD_GRP_006"",""TRD_GRP_015"",""TRD_GRP_016"",""TRD_GRP_017"",""TRD_GRP_018"",""TRD_GRP_019"",""TRD_GRP_020"",""TRD_GRP_021"",""TRD_GRP_022"",""TRD_GRP_023"",""TRD_GRP_024"",""TRD_GRP_025"",""TRD_GRP_049"",""TRD_GRP_050"",""TRD_GRP_051"",""TRD_GRP_052"",""TRD_GRP_053"",""TRD_GRP_054"",""TRD_GRP_055"",""TRD_GRP_056"",""TRD_GRP_057"",""TRD_GRP_058"",""TRD_GRP_059"",""TRD_GRP_060"",""TRD_GRP_061"",""TRD_GRP_062"",""TRD_GRP_063"",""TRD_GRP_064"",""TRD_GRP_065"",""TRD_GRP_066"",""TRD_GRP_067"",""TRD_GRP_068"",""TRD_GRP_069"",""TRD_GRP_070"",""TRD_GRP_071"",""TRD_GRP_072"",""TRD_GRP_073"",""TRD_GRP_074"",""TRD_GRP_075"",""TRD_GRP_076"",""TRD_GRP_077"",""TRD_GRP_078"",""TRD_GRP_079"",""TRD_GRP_080"",""TRD_GRP_081"",""TRD_GRP_082"",""TRD_GRP_083"",""TRD_GRP_084"",""TRD_GRP_085"",""TRD_GRP_086"",""TRD_GRP_087"",""TRD_GRP_088"",""TRD_GRP_089"",""TRD_GRP_090"",""TRD_GRP_091"",""TRD_GRP_092"",""TRD_GRP_093"",""TRD_GRP_094"",""TRD_GRP_095"",""TRD_GRP_096"",""TRD_GRP_097"",""TRD_GRP_098"",""TRD_GRP_099"",""TRD_GRP_100"",""TRD_GRP_101"",""TRD_GRP_102"",""TRD_GRP_103"",""TRD_GRP_104"",""TRD_GRP_105"",""TRD_GRP_106"",""TRD_GRP_107"",""TRD_GRP_108"",""TRD_GRP_109"",""TRD_GRP_110"",""TRD_GRP_111"",""TRD_GRP_112"",""TRD_GRP_113"",""TRD_GRP_114"",""TRD_GRP_115"",""TRD_GRP_116"",""TRD_GRP_117"",""TRD_GRP_118"",""TRD_GRP_119"",""TRD_GRP_120"",""TRD_GRP_121"",""TRD_GRP_122"",""TRD_GRP_123"",""TRD_GRP_124"",""TRD_GRP_125"",""TRD_GRP_126"",""TRD_GRP_127"",""TRD_GRP_128"",""TRD_GRP_129"",""TRD_GRP_130"",""TRD_GRP_131"",""TRD_GRP_132"",""TRD_GRP_133"",""TRD_GRP_134"",""TRD_GRP_135"",""TRD_GRP_136"",""TRD_GRP_137"",""TRD_GRP_138"",""TRD_GRP_139"",""TRD_GRP_140"",""TRD_GRP_141"",""TRD_GRP_142"",""TRD_GRP_143"",""TRD_GRP_144"",""TRD_GRP_145"",""TRD_GRP_146"",""TRD_GRP_147"",""TRD_GRP_148"",""TRD_GRP_149"",""TRD_GRP_150"",""TRD_GRP_151"",""TRD_GRP_152"",""TRD_GRP_153"",""TRD_GRP_154"",""TRD_GRP_155"",""TRD_GRP_156"",""TRD_GRP_157"",""TRD_GRP_158"",""TRD_GRP_159"",""TRD_GRP_160"",""TRD_GRP_161"",""TRD_GRP_162"",""TRD_GRP_163"",""TRD_GRP_164"",""TRD_GRP_165"",""TRD_GRP_166"",""TRD_GRP_167"",""TRD_GRP_168"",""TRD_GRP_169"",""TRD_GRP_170"",""TRD_GRP_171"",""TRD_GRP_172"",""TRD_GRP_173"",""TRD_GRP_174"",""TRD_GRP_175"",""TRD_GRP_176"",""TRD_GRP_177"",""TRD_GRP_178"",""TRD_GRP_179"",""TRD_GRP_180"",""TRD_GRP_181"",""TRD_GRP_182"",""TRD_GRP_183"",""TRD_GRP_184"",""TRD_GRP_185"",""TRD_GRP_186"",""TRD_GRP_187"",""TRD_GRP_188"",""TRD_GRP_189"",""TRD_GRP_190"",""TRD_GRP_191"",""TRD_GRP_192"",""TRD_GRP_193"",""TRD_GRP_194"",""TRD_GRP_195"",""TRD_GRP_196"",""TRD_GRP_197"",""TRD_GRP_198"",""TRD_GRP_199"",""TRD_GRP_200"",""TRD_GRP_201"",""TRD_GRP_202"",""TRD_GRP_203"",""TRD_GRP_204"",""TRD_GRP_205"",""TRD_GRP_206"",""TRD_GRP_207"",""TRD_GRP_208"",""TRD_GRP_209"",""TRD_GRP_210"",""TRD_GRP_211"",""TRD_GRP_212"",""TRD_GRP_213"",""TRD_GRP_214"",""TRD_GRP_215"",""TRD_GRP_216"",""TRD_GRP_217"",""TRD_GRP_218"",""TRD_GRP_219"",""TRD_GRP_220"",""TRD_GRP_221"",""TRD_GRP_222"",""TRD_GRP_223"",""TRD_GRP_224"",""TRD_GRP_225"",""TRD_GRP_226"",""TRD_GRP_227"",""TRD_GRP_228"",""TRD_GRP_229"",""TRD_GRP_230"",""TRD_GRP_231"",""TRD_GRP_232"",""TRD_GRP_233"",""TRD_GRP_234"",""TRD_GRP_235"",""TRD_GRP_236"",""TRD_GRP_237"",""TRD_GRP_238"",""TRD_GRP_239"",""TRD_GRP_240"",""TRD_GRP_242"",""TRD_GRP_243"",""TRD_GRP_244"",""TRD_GRP_245"",""TRD_GRP_246"",""TRD_GRP_247"",""TRD_GRP_248"",""TRD_GRP_249"",""TRD_GRP_250"",""TRD_GRP_251"",""TRD_GRP_252"",""TRD_GRP_253"",""TRD_GRP_256"",""TRD_GRP_258""]]",EXPIRE_TAKER|EXPIRE_MAKER|EXPIRE_BOTH|DECREMENT|TRANSFER,0.00010000,1000.00000000,0.00010000,0.10000000,92141578.00000000,0.10000000,100,0.00000000,646466.10125000,0.00000000,10,2000,10,2000,1.2,0.5,2,0.8,5,5.00000000,true,9000000.00000000,false,5,200,20,5,10
WLFIUSDT,OutOfSample,3227,0,0,false,0,0,TRADING,WLFI,USDT,2,8,8,2,8,true,true,true,true,true,true,true,true,true,true,true,EXPIRE_MAKER,LIMIT|LIMIT_MAKER|MARKET|STOP_LOSS|STOP_LOSS_LIMIT|TAKE_PROFIT|TAKE_PROFIT_LIMIT,,"[[""SPOT"",""MARGIN"",""TRD_GRP_004"",""TRD_GRP_005"",""TRD_GRP_006"",""TRD_GRP_016"",""TRD_GRP_017"",""TRD_GRP_018"",""TRD_GRP_019"",""TRD_GRP_020"",""TRD_GRP_021"",""TRD_GRP_022"",""TRD_GRP_023"",""TRD_GRP_024"",""TRD_GRP_025"",""TRD_GRP_049"",""TRD_GRP_050"",""TRD_GRP_051"",""TRD_GRP_052"",""TRD_GRP_053"",""TRD_GRP_054"",""TRD_GRP_055"",""TRD_GRP_056"",""TRD_GRP_057"",""TRD_GRP_058"",""TRD_GRP_059"",""TRD_GRP_060"",""TRD_GRP_061"",""TRD_GRP_062"",""TRD_GRP_063"",""TRD_GRP_064"",""TRD_GRP_065"",""TRD_GRP_066"",""TRD_GRP_067"",""TRD_GRP_068"",""TRD_GRP_069"",""TRD_GRP_070"",""TRD_GRP_071"",""TRD_GRP_072"",""TRD_GRP_073"",""TRD_GRP_074"",""TRD_GRP_075"",""TRD_GRP_076"",""TRD_GRP_077"",""TRD_GRP_078"",""TRD_GRP_079"",""TRD_GRP_080"",""TRD_GRP_081"",""TRD_GRP_082"",""TRD_GRP_083"",""TRD_GRP_084"",""TRD_GRP_085"",""TRD_GRP_086"",""TRD_GRP_087"",""TRD_GRP_088"",""TRD_GRP_089"",""TRD_GRP_090"",""TRD_GRP_091"",""TRD_GRP_092"",""TRD_GRP_093"",""TRD_GRP_094"",""TRD_GRP_095"",""TRD_GRP_096"",""TRD_GRP_097"",""TRD_GRP_098"",""TRD_GRP_099"",""TRD_GRP_100"",""TRD_GRP_101"",""TRD_GRP_102"",""TRD_GRP_103"",""TRD_GRP_104"",""TRD_GRP_105"",""TRD_GRP_106"",""TRD_GRP_107"",""TRD_GRP_108"",""TRD_GRP_109"",""TRD_GRP_110"",""TRD_GRP_111"",""TRD_GRP_112"",""TRD_GRP_113"",""TRD_GRP_114"",""TRD_GRP_115"",""TRD_GRP_116"",""TRD_GRP_117"",""TRD_GRP_118"",""TRD_GRP_119"",""TRD_GRP_120"",""TRD_GRP_121"",""TRD_GRP_122"",""TRD_GRP_123"",""TRD_GRP_124"",""TRD_GRP_125"",""TRD_GRP_126"",""TRD_GRP_127"",""TRD_GRP_128"",""TRD_GRP_129"",""TRD_GRP_130"",""TRD_GRP_131"",""TRD_GRP_132"",""TRD_GRP_133"",""TRD_GRP_134"",""TRD_GRP_135"",""TRD_GRP_136"",""TRD_GRP_137"",""TRD_GRP_138"",""TRD_GRP_139"",""TRD_GRP_140"",""TRD_GRP_141"",""TRD_GRP_142"",""TRD_GRP_143"",""TRD_GRP_144"",""TRD_GRP_145"",""TRD_GRP_146"",""TRD_GRP_147"",""TRD_GRP_148"",""TRD_GRP_149"",""TRD_GRP_150"",""TRD_GRP_151"",""TRD_GRP_152"",""TRD_GRP_153"",""TRD_GRP_154"",""TRD_GRP_155"",""TRD_GRP_156"",""TRD_GRP_157"",""TRD_GRP_158"",""TRD_GRP_159"",""TRD_GRP_160"",""TRD_GRP_161"",""TRD_GRP_162"",""TRD_GRP_163"",""TRD_GRP_164"",""TRD_GRP_165"",""TRD_GRP_166"",""TRD_GRP_167"",""TRD_GRP_168"",""TRD_GRP_169"",""TRD_GRP_170"",""TRD_GRP_171"",""TRD_GRP_172"",""TRD_GRP_173"",""TRD_GRP_174"",""TRD_GRP_175"",""TRD_GRP_176"",""TRD_GRP_177"",""TRD_GRP_178"",""TRD_GRP_179"",""TRD_GRP_180"",""TRD_GRP_181"",""TRD_GRP_182"",""TRD_GRP_183"",""TRD_GRP_184"",""TRD_GRP_185"",""TRD_GRP_186"",""TRD_GRP_187"",""TRD_GRP_188"",""TRD_GRP_189"",""TRD_GRP_190"",""TRD_GRP_191"",""TRD_GRP_192"",""TRD_GRP_193"",""TRD_GRP_194"",""TRD_GRP_195"",""TRD_GRP_196"",""TRD_GRP_197"",""TRD_GRP_198"",""TRD_GRP_199"",""TRD_GRP_200"",""TRD_GRP_201"",""TRD_GRP_202"",""TRD_GRP_203"",""TRD_GRP_204"",""TRD_GRP_205"",""TRD_GRP_206"",""TRD_GRP_207"",""TRD_GRP_208"",""TRD_GRP_209"",""TRD_GRP_210"",""TRD_GRP_211"",""TRD_GRP_212"",""TRD_GRP_213"",""TRD_GRP_214"",""TRD_GRP_215"",""TRD_GRP_216"",""TRD_GRP_217"",""TRD_GRP_218"",""TRD_GRP_219"",""TRD_GRP_220"",""TRD_GRP_221"",""TRD_GRP_222"",""TRD_GRP_223"",""TRD_GRP_224"",""TRD_GRP_225"",""TRD_GRP_226"",""TRD_GRP_227"",""TRD_GRP_228"",""TRD_GRP_229"",""TRD_GRP_230"",""TRD_GRP_231"",""TRD_GRP_232"",""TRD_GRP_233"",""TRD_GRP_234"",""TRD_GRP_235"",""TRD_GRP_236"",""TRD_GRP_237"",""TRD_GRP_238"",""TRD_GRP_239"",""TRD_GRP_240"",""TRD_GRP_242"",""TRD_GRP_243"",""TRD_GRP_244"",""TRD_GRP_245"",""TRD_GRP_246"",""TRD_GRP_247"",""TRD_GRP_248"",""TRD_GRP_249"",""TRD_GRP_250"",""TRD_GRP_251"",""TRD_GRP_252"",""TRD_GRP_253"",""TRD_GRP_256"",""TRD_GRP_258""]]",EXPIRE_TAKER|EXPIRE_MAKER|EXPIRE_BOTH|DECREMENT|TRANSFER,0.00010000,100.00000000,0.00010000,0.10,913205152.00,0.10,100,0.00,4131572.88,0.00,10,2000,10,2000,1.2,0.5,2,0.8,5,5.00000000,true,9000000.00000000,false,5,200,20,5,10
XPLUSDT,OutOfSample,3290,0,0,false,0,0,TRADING,XPL,USDT,8,8,8,8,8,true,true,true,true,true,true,true,true,true,true,true,EXPIRE_MAKER,LIMIT|LIMIT_MAKER|MARKET|STOP_LOSS|STOP_LOSS_LIMIT|TAKE_PROFIT|TAKE_PROFIT_LIMIT,,"[[""SPOT"",""MARGIN"",""TRD_GRP_004"",""TRD_GRP_005"",""TRD_GRP_006"",""TRD_GRP_016"",""TRD_GRP_017"",""TRD_GRP_018"",""TRD_GRP_019"",""TRD_GRP_020"",""TRD_GRP_021"",""TRD_GRP_022"",""TRD_GRP_023"",""TRD_GRP_024"",""TRD_GRP_025"",""TRD_GRP_049"",""TRD_GRP_050"",""TRD_GRP_051"",""TRD_GRP_052"",""TRD_GRP_053"",""TRD_GRP_054"",""TRD_GRP_055"",""TRD_GRP_056"",""TRD_GRP_057"",""TRD_GRP_058"",""TRD_GRP_059"",""TRD_GRP_060"",""TRD_GRP_061"",""TRD_GRP_062"",""TRD_GRP_063"",""TRD_GRP_064"",""TRD_GRP_065"",""TRD_GRP_066"",""TRD_GRP_067"",""TRD_GRP_068"",""TRD_GRP_069"",""TRD_GRP_070"",""TRD_GRP_071"",""TRD_GRP_072"",""TRD_GRP_073"",""TRD_GRP_074"",""TRD_GRP_075"",""TRD_GRP_076"",""TRD_GRP_077"",""TRD_GRP_078"",""TRD_GRP_079"",""TRD_GRP_080"",""TRD_GRP_081"",""TRD_GRP_082"",""TRD_GRP_083"",""TRD_GRP_084"",""TRD_GRP_085"",""TRD_GRP_086"",""TRD_GRP_087"",""TRD_GRP_088"",""TRD_GRP_089"",""TRD_GRP_090"",""TRD_GRP_091"",""TRD_GRP_092"",""TRD_GRP_093"",""TRD_GRP_094"",""TRD_GRP_095"",""TRD_GRP_096"",""TRD_GRP_097"",""TRD_GRP_098"",""TRD_GRP_099"",""TRD_GRP_100"",""TRD_GRP_101"",""TRD_GRP_102"",""TRD_GRP_103"",""TRD_GRP_104"",""TRD_GRP_105"",""TRD_GRP_106"",""TRD_GRP_107"",""TRD_GRP_108"",""TRD_GRP_109"",""TRD_GRP_110"",""TRD_GRP_111"",""TRD_GRP_112"",""TRD_GRP_113"",""TRD_GRP_114"",""TRD_GRP_115"",""TRD_GRP_116"",""TRD_GRP_117"",""TRD_GRP_118"",""TRD_GRP_119"",""TRD_GRP_120"",""TRD_GRP_121"",""TRD_GRP_122"",""TRD_GRP_123"",""TRD_GRP_124"",""TRD_GRP_125"",""TRD_GRP_126"",""TRD_GRP_127"",""TRD_GRP_128"",""TRD_GRP_129"",""TRD_GRP_130"",""TRD_GRP_131"",""TRD_GRP_132"",""TRD_GRP_133"",""TRD_GRP_134"",""TRD_GRP_135"",""TRD_GRP_136"",""TRD_GRP_137"",""TRD_GRP_138"",""TRD_GRP_139"",""TRD_GRP_140"",""TRD_GRP_141"",""TRD_GRP_142"",""TRD_GRP_143"",""TRD_GRP_144"",""TRD_GRP_145"",""TRD_GRP_146"",""TRD_GRP_147"",""TRD_GRP_148"",""TRD_GRP_149"",""TRD_GRP_150"",""TRD_GRP_151"",""TRD_GRP_152"",""TRD_GRP_153"",""TRD_GRP_154"",""TRD_GRP_155"",""TRD_GRP_156"",""TRD_GRP_157"",""TRD_GRP_158"",""TRD_GRP_159"",""TRD_GRP_160"",""TRD_GRP_161"",""TRD_GRP_162"",""TRD_GRP_163"",""TRD_GRP_164"",""TRD_GRP_165"",""TRD_GRP_166"",""TRD_GRP_167"",""TRD_GRP_168"",""TRD_GRP_169"",""TRD_GRP_170"",""TRD_GRP_171"",""TRD_GRP_172"",""TRD_GRP_173"",""TRD_GRP_174"",""TRD_GRP_175"",""TRD_GRP_176"",""TRD_GRP_177"",""TRD_GRP_178"",""TRD_GRP_179"",""TRD_GRP_180"",""TRD_GRP_181"",""TRD_GRP_182"",""TRD_GRP_183"",""TRD_GRP_184"",""TRD_GRP_185"",""TRD_GRP_186"",""TRD_GRP_187"",""TRD_GRP_188"",""TRD_GRP_189"",""TRD_GRP_190"",""TRD_GRP_191"",""TRD_GRP_192"",""TRD_GRP_193"",""TRD_GRP_194"",""TRD_GRP_195"",""TRD_GRP_196"",""TRD_GRP_197"",""TRD_GRP_198"",""TRD_GRP_199"",""TRD_GRP_200"",""TRD_GRP_201"",""TRD_GRP_202"",""TRD_GRP_203"",""TRD_GRP_204"",""TRD_GRP_205"",""TRD_GRP_206"",""TRD_GRP_207"",""TRD_GRP_208"",""TRD_GRP_209"",""TRD_GRP_210"",""TRD_GRP_211"",""TRD_GRP_212"",""TRD_GRP_213"",""TRD_GRP_214"",""TRD_GRP_215"",""TRD_GRP_216"",""TRD_GRP_217"",""TRD_GRP_218"",""TRD_GRP_219"",""TRD_GRP_220"",""TRD_GRP_221"",""TRD_GRP_222"",""TRD_GRP_223"",""TRD_GRP_224"",""TRD_GRP_225"",""TRD_GRP_226"",""TRD_GRP_227"",""TRD_GRP_228"",""TRD_GRP_229"",""TRD_GRP_230"",""TRD_GRP_231"",""TRD_GRP_232"",""TRD_GRP_233"",""TRD_GRP_234"",""TRD_GRP_235"",""TRD_GRP_236"",""TRD_GRP_237"",""TRD_GRP_238"",""TRD_GRP_239"",""TRD_GRP_240"",""TRD_GRP_242"",""TRD_GRP_243"",""TRD_GRP_244"",""TRD_GRP_245"",""TRD_GRP_246"",""TRD_GRP_247"",""TRD_GRP_248"",""TRD_GRP_249"",""TRD_GRP_250"",""TRD_GRP_251"",""TRD_GRP_252"",""TRD_GRP_253"",""TRD_GRP_256"",""TRD_GRP_258""]]",EXPIRE_TAKER|EXPIRE_MAKER|EXPIRE_BOTH|DECREMENT|TRANSFER,0.00001000,100.00000000,0.00001000,0.10000000,913205152.00000000,0.10000000,100,0.00000000,3153378.59583333,0.00000000,10,2000,10,2000,1.2,0.5,2,0.8,5,5.00000000,true,9000000.00000000,false,5,200,20,5,10
牛来USDT,OutOfSample,3697,0,0,false,0,0,TRADING,牛来,USDT,8,8,8,8,8,true,true,true,true,true,true,true,true,true,true,true,EXPIRE_MAKER,LIMIT|LIMIT_MAKER|MARKET|STOP_LOSS|STOP_LOSS_LIMIT|TAKE_PROFIT|TAKE_PROFIT_LIMIT,,"[[""SPOT"",""MARGIN"",""TRD_GRP_006"",""TRD_GRP_016"",""TRD_GRP_017"",""TRD_GRP_018"",""TRD_GRP_019"",""TRD_GRP_020"",""TRD_GRP_021"",""TRD_GRP_022"",""TRD_GRP_023"",""TRD_GRP_024"",""TRD_GRP_025"",""TRD_GRP_049"",""TRD_GRP_050"",""TRD_GRP_051"",""TRD_GRP_052"",""TRD_GRP_053"",""TRD_GRP_054"",""TRD_GRP_055"",""TRD_GRP_056"",""TRD_GRP_057"",""TRD_GRP_058"",""TRD_GRP_059"",""TRD_GRP_060"",""TRD_GRP_061"",""TRD_GRP_062"",""TRD_GRP_063"",""TRD_GRP_064"",""TRD_GRP_065"",""TRD_GRP_066"",""TRD_GRP_067"",""TRD_GRP_068"",""TRD_GRP_069"",""TRD_GRP_070"",""TRD_GRP_071"",""TRD_GRP_072"",""TRD_GRP_073"",""TRD_GRP_074"",""TRD_GRP_075"",""TRD_GRP_076"",""TRD_GRP_077"",""TRD_GRP_078"",""TRD_GRP_079"",""TRD_GRP_080"",""TRD_GRP_081"",""TRD_GRP_082"",""TRD_GRP_083"",""TRD_GRP_084"",""TRD_GRP_085"",""TRD_GRP_086"",""TRD_GRP_087"",""TRD_GRP_088"",""TRD_GRP_089"",""TRD_GRP_090"",""TRD_GRP_091"",""TRD_GRP_092"",""TRD_GRP_093"",""TRD_GRP_094"",""TRD_GRP_095"",""TRD_GRP_096"",""TRD_GRP_097"",""TRD_GRP_098"",""TRD_GRP_099"",""TRD_GRP_100"",""TRD_GRP_101"",""TRD_GRP_102"",""TRD_GRP_103"",""TRD_GRP_104"",""TRD_GRP_105"",""TRD_GRP_106"",""TRD_GRP_107"",""TRD_GRP_108"",""TRD_GRP_109"",""TRD_GRP_110"",""TRD_GRP_111"",""TRD_GRP_112"",""TRD_GRP_113"",""TRD_GRP_114"",""TRD_GRP_115"",""TRD_GRP_116"",""TRD_GRP_117"",""TRD_GRP_118"",""TRD_GRP_119"",""TRD_GRP_120"",""TRD_GRP_121"",""TRD_GRP_122"",""TRD_GRP_123"",""TRD_GRP_124"",""TRD_GRP_125"",""TRD_GRP_126"",""TRD_GRP_127"",""TRD_GRP_128"",""TRD_GRP_129"",""TRD_GRP_130"",""TRD_GRP_131"",""TRD_GRP_132"",""TRD_GRP_133"",""TRD_GRP_134"",""TRD_GRP_135"",""TRD_GRP_136"",""TRD_GRP_137"",""TRD_GRP_138"",""TRD_GRP_139"",""TRD_GRP_140"",""TRD_GRP_141"",""TRD_GRP_142"",""TRD_GRP_143"",""TRD_GRP_144"",""TRD_GRP_145"",""TRD_GRP_146"",""TRD_GRP_147"",""TRD_GRP_148"",""TRD_GRP_149"",""TRD_GRP_150"",""TRD_GRP_151"",""TRD_GRP_152"",""TRD_GRP_153"",""TRD_GRP_154"",""TRD_GRP_155"",""TRD_GRP_156"",""TRD_GRP_157"",""TRD_GRP_158"",""TRD_GRP_159"",""TRD_GRP_160"",""TRD_GRP_161"",""TRD_GRP_162"",""TRD_GRP_163"",""TRD_GRP_164"",""TRD_GRP_165"",""TRD_GRP_166"",""TRD_GRP_167"",""TRD_GRP_168"",""TRD_GRP_169"",""TRD_GRP_170"",""TRD_GRP_171"",""TRD_GRP_172"",""TRD_GRP_173"",""TRD_GRP_174"",""TRD_GRP_175"",""TRD_GRP_176"",""TRD_GRP_177"",""TRD_GRP_178"",""TRD_GRP_179"",""TRD_GRP_180"",""TRD_GRP_181"",""TRD_GRP_182"",""TRD_GRP_183"",""TRD_GRP_184"",""TRD_GRP_185"",""TRD_GRP_186"",""TRD_GRP_187"",""TRD_GRP_188"",""TRD_GRP_189"",""TRD_GRP_190"",""TRD_GRP_191"",""TRD_GRP_192"",""TRD_GRP_193"",""TRD_GRP_194"",""TRD_GRP_195"",""TRD_GRP_196"",""TRD_GRP_197"",""TRD_GRP_198"",""TRD_GRP_199"",""TRD_GRP_200"",""TRD_GRP_201"",""TRD_GRP_202"",""TRD_GRP_203"",""TRD_GRP_204"",""TRD_GRP_205"",""TRD_GRP_206"",""TRD_GRP_207"",""TRD_GRP_208"",""TRD_GRP_209"",""TRD_GRP_210"",""TRD_GRP_211"",""TRD_GRP_212"",""TRD_GRP_213"",""TRD_GRP_214"",""TRD_GRP_215"",""TRD_GRP_216"",""TRD_GRP_217"",""TRD_GRP_218"",""TRD_GRP_219"",""TRD_GRP_220"",""TRD_GRP_221"",""TRD_GRP_222"",""TRD_GRP_223"",""TRD_GRP_224"",""TRD_GRP_225"",""TRD_GRP_226"",""TRD_GRP_227"",""TRD_GRP_228"",""TRD_GRP_229"",""TRD_GRP_230"",""TRD_GRP_231"",""TRD_GRP_232"",""TRD_GRP_233"",""TRD_GRP_234"",""TRD_GRP_235"",""TRD_GRP_236"",""TRD_GRP_237"",""TRD_GRP_238"",""TRD_GRP_239"",""TRD_GRP_240"",""TRD_GRP_242"",""TRD_GRP_245"",""TRD_GRP_246"",""TRD_GRP_247"",""TRD_GRP_248"",""TRD_GRP_249"",""TRD_GRP_250"",""TRD_GRP_251"",""TRD_GRP_252"",""TRD_GRP_253"",""TRD_GRP_256"",""TRD_GRP_258""]]",EXPIRE_TAKER|EXPIRE_MAKER|EXPIRE_BOTH|DECREMENT|TRANSFER,0.00001000,100.00000000,0.00001000,1.00000000,913205152.00000000,1.00000000,100,0.00000000,215653.79166666,0.00000000,10,2000,10,2000,1.2,0.5,2,0.8,5,1.00000000,true,9000000.00000000,false,5,200,20,5,10
BNBUSDT,OutOfSample,99,-0.017129862467172297,-0.00003172196753180055,false,32,22,TRADING,BNB,USDT,8,8,8,8,8,true,true,true,true,true,true,true,true,true,true,true,EXPIRE_MAKER,LIMIT|LIMIT_MAKER|MARKET|STOP_LOSS|STOP_LOSS_LIMIT|TAKE_PROFIT|TAKE_PROFIT_LIMIT,,"[[""SPOT"",""MARGIN"",""TRD_GRP_004"",""TRD_GRP_005"",""TRD_GRP_006"",""TRD_GRP_015"",""TRD_GRP_016"",""TRD_GRP_017"",""TRD_GRP_018"",""TRD_GRP_019"",""TRD_GRP_020"",""TRD_GRP_021"",""TRD_GRP_022"",""TRD_GRP_023"",""TRD_GRP_024"",""TRD_GRP_025"",""TRD_GRP_049"",""TRD_GRP_050"",""TRD_GRP_051"",""TRD_GRP_052"",""TRD_GRP_053"",""TRD_GRP_054"",""TRD_GRP_055"",""TRD_GRP_056"",""TRD_GRP_057"",""TRD_GRP_058"",""TRD_GRP_059"",""TRD_GRP_060"",""TRD_GRP_061"",""TRD_GRP_062"",""TRD_GRP_063"",""TRD_GRP_064"",""TRD_GRP_065"",""TRD_GRP_066"",""TRD_GRP_067"",""TRD_GRP_068"",""TRD_GRP_069"",""TRD_GRP_070"",""TRD_GRP_071"",""TRD_GRP_072"",""TRD_GRP_073"",""TRD_GRP_074"",""TRD_GRP_075"",""TRD_GRP_076"",""TRD_GRP_077"",""TRD_GRP_078"",""TRD_GRP_079"",""TRD_GRP_080"",""TRD_GRP_081"",""TRD_GRP_082"",""TRD_GRP_083"",""TRD_GRP_084"",""TRD_GRP_085"",""TRD_GRP_086"",""TRD_GRP_087"",""TRD_GRP_088"",""TRD_GRP_089"",""TRD_GRP_090"",""TRD_GRP_091"",""TRD_GRP_092"",""TRD_GRP_093"",""TRD_GRP_094"",""TRD_GRP_095"",""TRD_GRP_096"",""TRD_GRP_097"",""TRD_GRP_098"",""TRD_GRP_099"",""TRD_GRP_100"",""TRD_GRP_101"",""TRD_GRP_102"",""TRD_GRP_103"",""TRD_GRP_104"",""TRD_GRP_105"",""TRD_GRP_106"",""TRD_GRP_107"",""TRD_GRP_108"",""TRD_GRP_109"",""TRD_GRP_110"",""TRD_GRP_111"",""TRD_GRP_112"",""TRD_GRP_113"",""TRD_GRP_114"",""TRD_GRP_115"",""TRD_GRP_116"",""TRD_GRP_117"",""TRD_GRP_118"",""TRD_GRP_119"",""TRD_GRP_120"",""TRD_GRP_121"",""TRD_GRP_122"",""TRD_GRP_123"",""TRD_GRP_124"",""TRD_GRP_125"",""TRD_GRP_126"",""TRD_GRP_127"",""TRD_GRP_128"",""TRD_GRP_129"",""TRD_GRP_130"",""TRD_GRP_131"",""TRD_GRP_132"",""TRD_GRP_133"",""TRD_GRP_134"",""TRD_GRP_135"",""TRD_GRP_136"",""TRD_GRP_137"",""TRD_GRP_138"",""TRD_GRP_139"",""TRD_GRP_140"",""TRD_GRP_141"",""TRD_GRP_142"",""TRD_GRP_143"",""TRD_GRP_144"",""TRD_GRP_145"",""TRD_GRP_146"",""TRD_GRP_147"",""TRD_GRP_148"",""TRD_GRP_149"",""TRD_GRP_150"",""TRD_GRP_151"",""TRD_GRP_152"",""TRD_GRP_153"",""TRD_GRP_154"",""TRD_GRP_155"",""TRD_GRP_156"",""TRD_GRP_157"",""TRD_GRP_158"",""TRD_GRP_159"",""TRD_GRP_160"",""TRD_GRP_161"",""TRD_GRP_162"",""TRD_GRP_163"",""TRD_GRP_164"",""TRD_GRP_165"",""TRD_GRP_166"",""TRD_GRP_167"",""TRD_GRP_168"",""TRD_GRP_169"",""TRD_GRP_170"",""TRD_GRP_171"",""TRD_GRP_172"",""TRD_GRP_173"",""TRD_GRP_174"",""TRD_GRP_175"",""TRD_GRP_176"",""TRD_GRP_177"",""TRD_GRP_178"",""TRD_GRP_179"",""TRD_GRP_180"",""TRD_GRP_181"",""TRD_GRP_182"",""TRD_GRP_183"",""TRD_GRP_184"",""TRD_GRP_185"",""TRD_GRP_186"",""TRD_GRP_187"",""TRD_GRP_188"",""TRD_GRP_189"",""TRD_GRP_190"",""TRD_GRP_191"",""TRD_GRP_192"",""TRD_GRP_193"",""TRD_GRP_194"",""TRD_GRP_195"",""TRD_GRP_196"",""TRD_GRP_197"",""TRD_GRP_198"",""TRD_GRP_199"",""TRD_GRP_200"",""TRD_GRP_201"",""TRD_GRP_202"",""TRD_GRP_203"",""TRD_GRP_204"",""TRD_GRP_205"",""TRD_GRP_206"",""TRD_GRP_207"",""TRD_GRP_208"",""TRD_GRP_209"",""TRD_GRP_210"",""TRD_GRP_211"",""TRD_GRP_212"",""TRD_GRP_213"",""TRD_GRP_214"",""TRD_GRP_215"",""TRD_GRP_216"",""TRD_GRP_217"",""TRD_GRP_218"",""TRD_GRP_219"",""TRD_GRP_220"",""TRD_GRP_221"",""TRD_GRP_222"",""TRD_GRP_223"",""TRD_GRP_224"",""TRD_GRP_225"",""TRD_GRP_226"",""TRD_GRP_227"",""TRD_GRP_228"",""TRD_GRP_229"",""TRD_GRP_230"",""TRD_GRP_231"",""TRD_GRP_232"",""TRD_GRP_233"",""TRD_GRP_234"",""TRD_GRP_235"",""TRD_GRP_236"",""TRD_GRP_237"",""TRD_GRP_238"",""TRD_GRP_239"",""TRD_GRP_240"",""TRD_GRP_242"",""TRD_GRP_243"",""TRD_GRP_244"",""TRD_GRP_245"",""TRD_GRP_246"",""TRD_GRP_247"",""TRD_GRP_248"",""TRD_GRP_249"",""TRD_GRP_250"",""TRD_GRP_251"",""TRD_GRP_252"",""TRD_GRP_253"",""TRD_GRP_256"",""TRD_GRP_258""]]",EXPIRE_TAKER|EXPIRE_MAKER|EXPIRE_BOTH|DECREMENT|TRANSFER,0.01000000,100000.00000000,0.01000000,0.00100000,900000.00000000,0.00100000,100,0.00000000,5896.47561250,0.00000000,10,2000,10,2000,1.2,0.5,2,0.8,5,5.00000000,true,9000000.00000000,false,5,200,20,5,10
NEARUSDT,OutOfSample,1098,-0.060666223090151794,-0.002022207436338393,false,1,2,TRADING,NEAR,USDT,8,8,8,8,8,true,true,true,true,true,true,true,true,true,true,true,EXPIRE_MAKER,LIMIT|LIMIT_MAKER|MARKET|STOP_LOSS|STOP_LOSS_LIMIT|TAKE_PROFIT|TAKE_PROFIT_LIMIT,,"[[""SPOT"",""MARGIN"",""TRD_GRP_004"",""TRD_GRP_005"",""TRD_GRP_006"",""TRD_GRP_015"",""TRD_GRP_016"",""TRD_GRP_017"",""TRD_GRP_018"",""TRD_GRP_019"",""TRD_GRP_020"",""TRD_GRP_021"",""TRD_GRP_022"",""TRD_GRP_023"",""TRD_GRP_024"",""TRD_GRP_025"",""TRD_GRP_049"",""TRD_GRP_050"",""TRD_GRP_051"",""TRD_GRP_052"",""TRD_GRP_053"",""TRD_GRP_054"",""TRD_GRP_055"",""TRD_GRP_056"",""TRD_GRP_057"",""TRD_GRP_058"",""TRD_GRP_059"",""TRD_GRP_060"",""TRD_GRP_061"",""TRD_GRP_062"",""TRD_GRP_063"",""TRD_GRP_064"",""TRD_GRP_065"",""TRD_GRP_066"",""TRD_GRP_067"",""TRD_GRP_068"",""TRD_GRP_069"",""TRD_GRP_070"",""TRD_GRP_071"",""TRD_GRP_072"",""TRD_GRP_073"",""TRD_GRP_074"",""TRD_GRP_075"",""TRD_GRP_076"",""TRD_GRP_077"",""TRD_GRP_078"",""TRD_GRP_079"",""TRD_GRP_080"",""TRD_GRP_081"",""TRD_GRP_082"",""TRD_GRP_083"",""TRD_GRP_084"",""TRD_GRP_085"",""TRD_GRP_086"",""TRD_GRP_087"",""TRD_GRP_088"",""TRD_GRP_089"",""TRD_GRP_090"",""TRD_GRP_091"",""TRD_GRP_092"",""TRD_GRP_093"",""TRD_GRP_094"",""TRD_GRP_095"",""TRD_GRP_096"",""TRD_GRP_097"",""TRD_GRP_098"",""TRD_GRP_099"",""TRD_GRP_100"",""TRD_GRP_101"",""TRD_GRP_102"",""TRD_GRP_103"",""TRD_GRP_104"",""TRD_GRP_105"",""TRD_GRP_106"",""TRD_GRP_107"",""TRD_GRP_108"",""TRD_GRP_109"",""TRD_GRP_110"",""TRD_GRP_111"",""TRD_GRP_112"",""TRD_GRP_113"",""TRD_GRP_114"",""TRD_GRP_115"",""TRD_GRP_116"",""TRD_GRP_117"",""TRD_GRP_118"",""TRD_GRP_119"",""TRD_GRP_120"",""TRD_GRP_121"",""TRD_GRP_122"",""TRD_GRP_123"",""TRD_GRP_124"",""TRD_GRP_125"",""TRD_GRP_126"",""TRD_GRP_127"",""TRD_GRP_128"",""TRD_GRP_129"",""TRD_GRP_130"",""TRD_GRP_131"",""TRD_GRP_132"",""TRD_GRP_133"",""TRD_GRP_134"",""TRD_GRP_135"",""TRD_GRP_136"",""TRD_GRP_137"",""TRD_GRP_138"",""TRD_GRP_139"",""TRD_GRP_140"",""TRD_GRP_141"",""TRD_GRP_142"",""TRD_GRP_143"",""TRD_GRP_144"",""TRD_GRP_145"",""TRD_GRP_146"",""TRD_GRP_147"",""TRD_GRP_148"",""TRD_GRP_149"",""TRD_GRP_150"",""TRD_GRP_151"",""TRD_GRP_152"",""TRD_GRP_153"",""TRD_GRP_154"",""TRD_GRP_155"",""TRD_GRP_156"",""TRD_GRP_157"",""TRD_GRP_158"",""TRD_GRP_159"",""TRD_GRP_160"",""TRD_GRP_161"",""TRD_GRP_162"",""TRD_GRP_163"",""TRD_GRP_164"",""TRD_GRP_165"",""TRD_GRP_166"",""TRD_GRP_167"",""TRD_GRP_168"",""TRD_GRP_169"",""TRD_GRP_170"",""TRD_GRP_171"",""TRD_GRP_172"",""TRD_GRP_173"",""TRD_GRP_174"",""TRD_GRP_175"",""TRD_GRP_176"",""TRD_GRP_177"",""TRD_GRP_178"",""TRD_GRP_179"",""TRD_GRP_180"",""TRD_GRP_181"",""TRD_GRP_182"",""TRD_GRP_183"",""TRD_GRP_184"",""TRD_GRP_185"",""TRD_GRP_186"",""TRD_GRP_187"",""TRD_GRP_188"",""TRD_GRP_189"",""TRD_GRP_190"",""TRD_GRP_191"",""TRD_GRP_192"",""TRD_GRP_193"",""TRD_GRP_194"",""TRD_GRP_195"",""TRD_GRP_196"",""TRD_GRP_197"",""TRD_GRP_198"",""TRD_GRP_199"",""TRD_GRP_200"",""TRD_GRP_201"",""TRD_GRP_202"",""TRD_GRP_203"",""TRD_GRP_204"",""TRD_GRP_205"",""TRD_GRP_206"",""TRD_GRP_207"",""TRD_GRP_208"",""TRD_GRP_209"",""TRD_GRP_210"",""TRD_GRP_211"",""TRD_GRP_212"",""TRD_GRP_213"",""TRD_GRP_214"",""TRD_GRP_215"",""TRD_GRP_216"",""TRD_GRP_217"",""TRD_GRP_218"",""TRD_GRP_219"",""TRD_GRP_220"",""TRD_GRP_221"",""TRD_GRP_222"",""TRD_GRP_223"",""TRD_GRP_224"",""TRD_GRP_225"",""TRD_GRP_226"",""TRD_GRP_227"",""TRD_GRP_228"",""TRD_GRP_229"",""TRD_GRP_230"",""TRD_GRP_231"",""TRD_GRP_232"",""TRD_GRP_233"",""TRD_GRP_234"",""TRD_GRP_235"",""TRD_GRP_236"",""TRD_GRP_237"",""TRD_GRP_238"",""TRD_GRP_239"",""TRD_GRP_240"",""TRD_GRP_242"",""TRD_GRP_243"",""TRD_GRP_244"",""TRD_GRP_245"",""TRD_GRP_246"",""TRD_GRP_247"",""TRD_GRP_248"",""TRD_GRP_249"",""TRD_GRP_250"",""TRD_GRP_251"",""TRD_GRP_252"",""TRD_GRP_253"",""TRD_GRP_256"",""TRD_GRP_258""]]",EXPIRE_TAKER|EXPIRE_MAKER|EXPIRE_BOTH|DECREMENT|TRANSFER,0.00100000,1000.00000000,0.00100000,0.10000000,900000.00000000,0.10000000,100,0.00000000,178221.71125000,0.00000000,10,2000,10,2000,1.2,0.5,2,0.8,5,5.00000000,true,9000000.00000000,false,5,200,20,5,10
TRUMPUSDT,OutOfSample,2909,-0.15924542743538672,-0.0017693936381709635,false,6,3,TRADING,TRUMP,USDT,8,8,8,8,8,true,true,true,true,true,true,true,true,true,true,true,EXPIRE_MAKER,LIMIT|LIMIT_MAKER|MARKET|STOP_LOSS|STOP_LOSS_LIMIT|TAKE_PROFIT|TAKE_PROFIT_LIMIT,,"[[""SPOT"",""MARGIN"",""TRD_GRP_004"",""TRD_GRP_005"",""TRD_GRP_006"",""TRD_GRP_016"",""TRD_GRP_017"",""TRD_GRP_018"",""TRD_GRP_019"",""TRD_GRP_020"",""TRD_GRP_021"",""TRD_GRP_022"",""TRD_GRP_023"",""TRD_GRP_024"",""TRD_GRP_025"",""TRD_GRP_049"",""TRD_GRP_050"",""TRD_GRP_051"",""TRD_GRP_052"",""TRD_GRP_053"",""TRD_GRP_054"",""TRD_GRP_055"",""TRD_GRP_056"",""TRD_GRP_057"",""TRD_GRP_058"",""TRD_GRP_059"",""TRD_GRP_060"",""TRD_GRP_061"",""TRD_GRP_062"",""TRD_GRP_063"",""TRD_GRP_064"",""TRD_GRP_065"",""TRD_GRP_066"",""TRD_GRP_067"",""TRD_GRP_068"",""TRD_GRP_069"",""TRD_GRP_070"",""TRD_GRP_071"",""TRD_GRP_072"",""TRD_GRP_073"",""TRD_GRP_074"",""TRD_GRP_075"",""TRD_GRP_076"",""TRD_GRP_077"",""TRD_GRP_078"",""TRD_GRP_079"",""TRD_GRP_080"",""TRD_GRP_081"",""TRD_GRP_082"",""TRD_GRP_083"",""TRD_GRP_084"",""TRD_GRP_085"",""TRD_GRP_086"",""TRD_GRP_087"",""TRD_GRP_088"",""TRD_GRP_089"",""TRD_GRP_090"",""TRD_GRP_091"",""TRD_GRP_092"",""TRD_GRP_093"",""TRD_GRP_094"",""TRD_GRP_095"",""TRD_GRP_096"",""TRD_GRP_097"",""TRD_GRP_098"",""TRD_GRP_099"",""TRD_GRP_100"",""TRD_GRP_101"",""TRD_GRP_102"",""TRD_GRP_103"",""TRD_GRP_104"",""TRD_GRP_105"",""TRD_GRP_106"",""TRD_GRP_107"",""TRD_GRP_108"",""TRD_GRP_109"",""TRD_GRP_110"",""TRD_GRP_111"",""TRD_GRP_112"",""TRD_GRP_113"",""TRD_GRP_114"",""TRD_GRP_115"",""TRD_GRP_116"",""TRD_GRP_117"",""TRD_GRP_118"",""TRD_GRP_119"",""TRD_GRP_120"",""TRD_GRP_121"",""TRD_GRP_122"",""TRD_GRP_123"",""TRD_GRP_124"",""TRD_GRP_125"",""TRD_GRP_126"",""TRD_GRP_127"",""TRD_GRP_128"",""TRD_GRP_129"",""TRD_GRP_130"",""TRD_GRP_131"",""TRD_GRP_132"",""TRD_GRP_133"",""TRD_GRP_134"",""TRD_GRP_135"",""TRD_GRP_136"",""TRD_GRP_137"",""TRD_GRP_138"",""TRD_GRP_139"",""TRD_GRP_140"",""TRD_GRP_141"",""TRD_GRP_142"",""TRD_GRP_143"",""TRD_GRP_144"",""TRD_GRP_145"",""TRD_GRP_146"",""TRD_GRP_147"",""TRD_GRP_148"",""TRD_GRP_149"",""TRD_GRP_150"",""TRD_GRP_151"",""TRD_GRP_152"",""TRD_GRP_153"",""TRD_GRP_154"",""TRD_GRP_155"",""TRD_GRP_156"",""TRD_GRP_157"",""TRD_GRP_158"",""TRD_GRP_159"",""TRD_GRP_160"",""TRD_GRP_161"",""TRD_GRP_162"",""TRD_GRP_163"",""TRD_GRP_164"",""TRD_GRP_165"",""TRD_GRP_166"",""TRD_GRP_167"",""TRD_GRP_168"",""TRD_GRP_169"",""TRD_GRP_170"",""TRD_GRP_171"",""TRD_GRP_172"",""TRD_GRP_173"",""TRD_GRP_174"",""TRD_GRP_175"",""TRD_GRP_176"",""TRD_GRP_177"",""TRD_GRP_178"",""TRD_GRP_179"",""TRD_GRP_180"",""TRD_GRP_181"",""TRD_GRP_182"",""TRD_GRP_183"",""TRD_GRP_184"",""TRD_GRP_185"",""TRD_GRP_186"",""TRD_GRP_187"",""TRD_GRP_188"",""TRD_GRP_189"",""TRD_GRP_190"",""TRD_GRP_191"",""TRD_GRP_192"",""TRD_GRP_193"",""TRD_GRP_194"",""TRD_GRP_195"",""TRD_GRP_196"",""TRD_GRP_197"",""TRD_GRP_198"",""TRD_GRP_199"",""TRD_GRP_200"",""TRD_GRP_201"",""TRD_GRP_202"",""TRD_GRP_203"",""TRD_GRP_204"",""TRD_GRP_205"",""TRD_GRP_206"",""TRD_GRP_207"",""TRD_GRP_208"",""TRD_GRP_209"",""TRD_GRP_210"",""TRD_GRP_211"",""TRD_GRP_212"",""TRD_GRP_213"",""TRD_GRP_214"",""TRD_GRP_215"",""TRD_GRP_216"",""TRD_GRP_217"",""TRD_GRP_218"",""TRD_GRP_219"",""TRD_GRP_220"",""TRD_GRP_221"",""TRD_GRP_222"",""TRD_GRP_223"",""TRD_GRP_224"",""TRD_GRP_225"",""TRD_GRP_226"",""TRD_GRP_227"",""TRD_GRP_228"",""TRD_GRP_229"",""TRD_GRP_230"",""TRD_GRP_231"",""TRD_GRP_232"",""TRD_GRP_233"",""TRD_GRP_234"",""TRD_GRP_235"",""TRD_GRP_236"",""TRD_GRP_237"",""TRD_GRP_238"",""TRD_GRP_239"",""TRD_GRP_240"",""TRD_GRP_242"",""TRD_GRP_243"",""TRD_GRP_244"",""TRD_GRP_245"",""TRD_GRP_246"",""TRD_GRP_247"",""TRD_GRP_248"",""TRD_GRP_249"",""TRD_GRP_250"",""TRD_GRP_251"",""TRD_GRP_252"",""TRD_GRP_253"",""TRD_GRP_256"",""TRD_GRP_258""]]",EXPIRE_TAKER|EXPIRE_MAKER|EXPIRE_BOTH|DECREMENT|TRANSFER,0.00100000,10000.00000000,0.00100000,0.00100000,9222449.00000000,0.00100000,100,0.00000000,81936.53703750,0.00000000,10,2000,10,2000,1.2,0.5,2,0.8,5,1.00000000,true,9000000.00000000,false,5,200,20,5,10
NVDABUSDT,OutOfSample,3594,-0.38973517562196713,-0.0005489227825661509,false,41,30,TRADING,NVDAB,USDT,8,8,8,8,8,true,true,true,true,true,true,true,true,true,true,true,EXPIRE_MAKER,LIMIT|LIMIT_MAKER|MARKET|STOP_LOSS|STOP_LOSS_LIMIT|TAKE_PROFIT|TAKE_PROFIT_LIMIT,,"[[""SPOT"",""MARGIN"",""TRD_GRP_004"",""TRD_GRP_005"",""TRD_GRP_006"",""TRD_GRP_017"",""TRD_GRP_018"",""TRD_GRP_019"",""TRD_GRP_020"",""TRD_GRP_021"",""TRD_GRP_022"",""TRD_GRP_023"",""TRD_GRP_049"",""TRD_GRP_050"",""TRD_GRP_051"",""TRD_GRP_052"",""TRD_GRP_053"",""TRD_GRP_054"",""TRD_GRP_055"",""TRD_GRP_056"",""TRD_GRP_057"",""TRD_GRP_058"",""TRD_GRP_059"",""TRD_GRP_060"",""TRD_GRP_061"",""TRD_GRP_062"",""TRD_GRP_063"",""TRD_GRP_064"",""TRD_GRP_065"",""TRD_GRP_066"",""TRD_GRP_067"",""TRD_GRP_068"",""TRD_GRP_070"",""TRD_GRP_071"",""TRD_GRP_072"",""TRD_GRP_073"",""TRD_GRP_074"",""TRD_GRP_075"",""TRD_GRP_076"",""TRD_GRP_077"",""TRD_GRP_078"",""TRD_GRP_079"",""TRD_GRP_081"",""TRD_GRP_082"",""TRD_GRP_083"",""TRD_GRP_084"",""TRD_GRP_085"",""TRD_GRP_086"",""TRD_GRP_087"",""TRD_GRP_088"",""TRD_GRP_089"",""TRD_GRP_090"",""TRD_GRP_091"",""TRD_GRP_092"",""TRD_GRP_093"",""TRD_GRP_094"",""TRD_GRP_095"",""TRD_GRP_096"",""TRD_GRP_097"",""TRD_GRP_098"",""TRD_GRP_099"",""TRD_GRP_100"",""TRD_GRP_101"",""TRD_GRP_102"",""TRD_GRP_103"",""TRD_GRP_104"",""TRD_GRP_105"",""TRD_GRP_106"",""TRD_GRP_107"",""TRD_GRP_108"",""TRD_GRP_109"",""TRD_GRP_110"",""TRD_GRP_111"",""TRD_GRP_112"",""TRD_GRP_113"",""TRD_GRP_114"",""TRD_GRP_115"",""TRD_GRP_116"",""TRD_GRP_117"",""TRD_GRP_118"",""TRD_GRP_119"",""TRD_GRP_120"",""TRD_GRP_121"",""TRD_GRP_122"",""TRD_GRP_123"",""TRD_GRP_124"",""TRD_GRP_125"",""TRD_GRP_126"",""TRD_GRP_127"",""TRD_GRP_128"",""TRD_GRP_129"",""TRD_GRP_130"",""TRD_GRP_131"",""TRD_GRP_132"",""TRD_GRP_133"",""TRD_GRP_134"",""TRD_GRP_135"",""TRD_GRP_136"",""TRD_GRP_137"",""TRD_GRP_138"",""TRD_GRP_139"",""TRD_GRP_140"",""TRD_GRP_141"",""TRD_GRP_142"",""TRD_GRP_143"",""TRD_GRP_144"",""TRD_GRP_145"",""TRD_GRP_146"",""TRD_GRP_147"",""TRD_GRP_148"",""TRD_GRP_149"",""TRD_GRP_150"",""TRD_GRP_151"",""TRD_GRP_152"",""TRD_GRP_153"",""TRD_GRP_154"",""TRD_GRP_155"",""TRD_GRP_156"",""TRD_GRP_157"",""TRD_GRP_158"",""TRD_GRP_159"",""TRD_GRP_160"",""TRD_GRP_161"",""TRD_GRP_162"",""TRD_GRP_163"",""TRD_GRP_164"",""TRD_GRP_165"",""TRD_GRP_166"",""TRD_GRP_167"",""TRD_GRP_168"",""TRD_GRP_169"",""TRD_GRP_170"",""TRD_GRP_171"",""TRD_GRP_173"",""TRD_GRP_175"",""TRD_GRP_176"",""TRD_GRP_177"",""TRD_GRP_178"",""TRD_GRP_179"",""TRD_GRP_181"",""TRD_GRP_182"",""TRD_GRP_183"",""TRD_GRP_184"",""TRD_GRP_185"",""TRD_GRP_186"",""TRD_GRP_187"",""TRD_GRP_189"",""TRD_GRP_190"",""TRD_GRP_191"",""TRD_GRP_192"",""TRD_GRP_193"",""TRD_GRP_194"",""TRD_GRP_195"",""TRD_GRP_196"",""TRD_GRP_197"",""TRD_GRP_198"",""TRD_GRP_199"",""TRD_GRP_200"",""TRD_GRP_201"",""TRD_GRP_202"",""TRD_GRP_203"",""TRD_GRP_204"",""TRD_GRP_205"",""TRD_GRP_206"",""TRD_GRP_208"",""TRD_GRP_209"",""TRD_GRP_210"",""TRD_GRP_211"",""TRD_GRP_212"",""TRD_GRP_213"",""TRD_GRP_214"",""TRD_GRP_215"",""TRD_GRP_216"",""TRD_GRP_217"",""TRD_GRP_218"",""TRD_GRP_219"",""TRD_GRP_220"",""TRD_GRP_221"",""TRD_GRP_222"",""TRD_GRP_223"",""TRD_GRP_224"",""TRD_GRP_225"",""TRD_GRP_226"",""TRD_GRP_227"",""TRD_GRP_228"",""TRD_GRP_229"",""TRD_GRP_230"",""TRD_GRP_231"",""TRD_GRP_232"",""TRD_GRP_233"",""TRD_GRP_234"",""TRD_GRP_235"",""TRD_GRP_236"",""TRD_GRP_237"",""TRD_GRP_240"",""TRD_GRP_242"",""TRD_GRP_245"",""TRD_GRP_246"",""TRD_GRP_247"",""TRD_GRP_248"",""TRD_GRP_249"",""TRD_GRP_250"",""TRD_GRP_251"",""TRD_GRP_252"",""TRD_GRP_253"",""TRD_GRP_256"",""TRD_GRP_261""]]",EXPIRE_TAKER|EXPIRE_MAKER|EXPIRE_BOTH|DECREMENT|TRANSFER,0.01000000,100000.00000000,0.01000000,0.00100000,922327.00000000,0.00100000,100,0.00000000,1359.18888750,0.00000000,10,2000,10,2000,1.1,0.8,1.2,0.9,5,5.00000000,true,9000000.00000000,false,5,200,20,5,10
PAXGUSDT,OutOfSample,969,-0.4454246266268,-0.000627358629051831,false,39,32,TRADING,PAXG,USDT,8,8,8,8,8,true,true,true,true,true,true,true,true,true,true,true,EXPIRE_MAKER,LIMIT|LIMIT_MAKER|MARKET|STOP_LOSS|STOP_LOSS_LIMIT|TAKE_PROFIT|TAKE_PROFIT_LIMIT,,"[[""SPOT"",""MARGIN"",""TRD_GRP_004"",""TRD_GRP_005"",""TRD_GRP_006"",""TRD_GRP_015"",""TRD_GRP_016"",""TRD_GRP_017"",""TRD_GRP_018"",""TRD_GRP_019"",""TRD_GRP_020"",""TRD_GRP_021"",""TRD_GRP_022"",""TRD_GRP_023"",""TRD_GRP_024"",""TRD_GRP_025"",""TRD_GRP_049"",""TRD_GRP_050"",""TRD_GRP_051"",""TRD_GRP_052"",""TRD_GRP_053"",""TRD_GRP_054"",""TRD_GRP_055"",""TRD_GRP_056"",""TRD_GRP_057"",""TRD_GRP_058"",""TRD_GRP_059"",""TRD_GRP_060"",""TRD_GRP_061"",""TRD_GRP_062"",""TRD_GRP_063"",""TRD_GRP_064"",""TRD_GRP_065"",""TRD_GRP_066"",""TRD_GRP_067"",""TRD_GRP_068"",""TRD_GRP_069"",""TRD_GRP_070"",""TRD_GRP_071"",""TRD_GRP_072"",""TRD_GRP_073"",""TRD_GRP_074"",""TRD_GRP_075"",""TRD_GRP_076"",""TRD_GRP_077"",""TRD_GRP_078"",""TRD_GRP_079"",""TRD_GRP_080"",""TRD_GRP_081"",""TRD_GRP_082"",""TRD_GRP_083"",""TRD_GRP_084"",""TRD_GRP_085"",""TRD_GRP_086"",""TRD_GRP_087"",""TRD_GRP_088"",""TRD_GRP_089"",""TRD_GRP_090"",""TRD_GRP_091"",""TRD_GRP_092"",""TRD_GRP_093"",""TRD_GRP_094"",""TRD_GRP_095"",""TRD_GRP_096"",""TRD_GRP_097"",""TRD_GRP_098"",""TRD_GRP_099"",""TRD_GRP_100"",""TRD_GRP_101"",""TRD_GRP_102"",""TRD_GRP_103"",""TRD_GRP_104"",""TRD_GRP_105"",""TRD_GRP_106"",""TRD_GRP_107"",""TRD_GRP_108"",""TRD_GRP_109"",""TRD_GRP_110"",""TRD_GRP_111"",""TRD_GRP_112"",""TRD_GRP_113"",""TRD_GRP_114"",""TRD_GRP_115"",""TRD_GRP_116"",""TRD_GRP_117"",""TRD_GRP_118"",""TRD_GRP_119"",""TRD_GRP_120"",""TRD_GRP_121"",""TRD_GRP_122"",""TRD_GRP_123"",""TRD_GRP_124"",""TRD_GRP_125"",""TRD_GRP_126"",""TRD_GRP_127"",""TRD_GRP_128"",""TRD_GRP_129"",""TRD_GRP_130"",""TRD_GRP_131"",""TRD_GRP_132"",""TRD_GRP_133"",""TRD_GRP_134"",""TRD_GRP_135"",""TRD_GRP_136"",""TRD_GRP_137"",""TRD_GRP_138"",""TRD_GRP_139"",""TRD_GRP_140"",""TRD_GRP_141"",""TRD_GRP_142"",""TRD_GRP_143"",""TRD_GRP_144"",""TRD_GRP_145"",""TRD_GRP_146"",""TRD_GRP_147"",""TRD_GRP_148"",""TRD_GRP_149"",""TRD_GRP_150"",""TRD_GRP_151"",""TRD_GRP_152"",""TRD_GRP_153"",""TRD_GRP_154"",""TRD_GRP_155"",""TRD_GRP_156"",""TRD_GRP_157"",""TRD_GRP_158"",""TRD_GRP_159"",""TRD_GRP_160"",""TRD_GRP_161"",""TRD_GRP_162"",""TRD_GRP_163"",""TRD_GRP_164"",""TRD_GRP_165"",""TRD_GRP_166"",""TRD_GRP_167"",""TRD_GRP_168"",""TRD_GRP_169"",""TRD_GRP_170"",""TRD_GRP_171"",""TRD_GRP_172"",""TRD_GRP_173"",""TRD_GRP_174"",""TRD_GRP_175"",""TRD_GRP_176"",""TRD_GRP_177"",""TRD_GRP_178"",""TRD_GRP_179"",""TRD_GRP_180"",""TRD_GRP_181"",""TRD_GRP_182"",""TRD_GRP_183"",""TRD_GRP_184"",""TRD_GRP_185"",""TRD_GRP_186"",""TRD_GRP_187"",""TRD_GRP_188"",""TRD_GRP_189"",""TRD_GRP_190"",""TRD_GRP_191"",""TRD_GRP_192"",""TRD_GRP_193"",""TRD_GRP_194"",""TRD_GRP_195"",""TRD_GRP_196"",""TRD_GRP_197"",""TRD_GRP_198"",""TRD_GRP_199"",""TRD_GRP_200"",""TRD_GRP_201"",""TRD_GRP_202"",""TRD_GRP_203"",""TRD_GRP_204"",""TRD_GRP_205"",""TRD_GRP_206"",""TRD_GRP_207"",""TRD_GRP_208"",""TRD_GRP_209"",""TRD_GRP_210"",""TRD_GRP_211"",""TRD_GRP_212"",""TRD_GRP_213"",""TRD_GRP_214"",""TRD_GRP_215"",""TRD_GRP_216"",""TRD_GRP_217"",""TRD_GRP_218"",""TRD_GRP_219"",""TRD_GRP_220"",""TRD_GRP_221"",""TRD_GRP_222"",""TRD_GRP_223"",""TRD_GRP_224"",""TRD_GRP_225"",""TRD_GRP_226"",""TRD_GRP_227"",""TRD_GRP_228"",""TRD_GRP_229"",""TRD_GRP_230"",""TRD_GRP_231"",""TRD_GRP_232"",""TRD_GRP_233"",""TRD_GRP_234"",""TRD_GRP_235"",""TRD_GRP_236"",""TRD_GRP_237"",""TRD_GRP_238"",""TRD_GRP_239"",""TRD_GRP_240"",""TRD_GRP_242"",""TRD_GRP_243"",""TRD_GRP_244"",""TRD_GRP_245"",""TRD_GRP_246"",""TRD_GRP_247"",""TRD_GRP_248"",""TRD_GRP_249"",""TRD_GRP_250"",""TRD_GRP_251"",""TRD_GRP_252"",""TRD_GRP_253"",""TRD_GRP_256"",""TRD_GRP_258""]]",EXPIRE_TAKER|EXPIRE_MAKER|EXPIRE_BOTH|DECREMENT|TRANSFER,0.01000000,1000000.00000000,0.01000000,0.00010000,9000.00000000,0.00010000,100,0.00000000,529.48323958,0.00000000,10,2000,10,2000,1.1,0.8,1.2,0.9,5,5.00000000,true,9000000.00000000,false,5,200,20,5,10
UNIUSDT,OutOfSample,1043,-0.6445915026535254,-0.004297276684356836,false,10,5,TRADING,UNI,USDT,8,8,8,8,8,true,true,true,true,true,true,true,true,true,true,true,EXPIRE_MAKER,LIMIT|LIMIT_MAKER|MARKET|STOP_LOSS|STOP_LOSS_LIMIT|TAKE_PROFIT|TAKE_PROFIT_LIMIT,,"[[""SPOT"",""MARGIN"",""TRD_GRP_004"",""TRD_GRP_005"",""TRD_GRP_006"",""TRD_GRP_015"",""TRD_GRP_016"",""TRD_GRP_017"",""TRD_GRP_018"",""TRD_GRP_019"",""TRD_GRP_020"",""TRD_GRP_021"",""TRD_GRP_022"",""TRD_GRP_023"",""TRD_GRP_024"",""TRD_GRP_025"",""TRD_GRP_049"",""TRD_GRP_050"",""TRD_GRP_051"",""TRD_GRP_052"",""TRD_GRP_053"",""TRD_GRP_054"",""TRD_GRP_055"",""TRD_GRP_056"",""TRD_GRP_057"",""TRD_GRP_058"",""TRD_GRP_059"",""TRD_GRP_060"",""TRD_GRP_061"",""TRD_GRP_062"",""TRD_GRP_063"",""TRD_GRP_064"",""TRD_GRP_065"",""TRD_GRP_066"",""TRD_GRP_067"",""TRD_GRP_068"",""TRD_GRP_069"",""TRD_GRP_070"",""TRD_GRP_071"",""TRD_GRP_072"",""TRD_GRP_073"",""TRD_GRP_074"",""TRD_GRP_075"",""TRD_GRP_076"",""TRD_GRP_077"",""TRD_GRP_078"",""TRD_GRP_079"",""TRD_GRP_080"",""TRD_GRP_081"",""TRD_GRP_082"",""TRD_GRP_083"",""TRD_GRP_084"",""TRD_GRP_085"",""TRD_GRP_086"",""TRD_GRP_087"",""TRD_GRP_088"",""TRD_GRP_089"",""TRD_GRP_090"",""TRD_GRP_091"",""TRD_GRP_092"",""TRD_GRP_093"",""TRD_GRP_094"",""TRD_GRP_095"",""TRD_GRP_096"",""TRD_GRP_097"",""TRD_GRP_098"",""TRD_GRP_099"",""TRD_GRP_100"",""TRD_GRP_101"",""TRD_GRP_102"",""TRD_GRP_103"",""TRD_GRP_104"",""TRD_GRP_105"",""TRD_GRP_106"",""TRD_GRP_107"",""TRD_GRP_108"",""TRD_GRP_109"",""TRD_GRP_110"",""TRD_GRP_111"",""TRD_GRP_112"",""TRD_GRP_113"",""TRD_GRP_114"",""TRD_GRP_115"",""TRD_GRP_116"",""TRD_GRP_117"",""TRD_GRP_118"",""TRD_GRP_119"",""TRD_GRP_120"",""TRD_GRP_121"",""TRD_GRP_122"",""TRD_GRP_123"",""TRD_GRP_124"",""TRD_GRP_125"",""TRD_GRP_126"",""TRD_GRP_127"",""TRD_GRP_128"",""TRD_GRP_129"",""TRD_GRP_130"",""TRD_GRP_131"",""TRD_GRP_132"",""TRD_GRP_133"",""TRD_GRP_134"",""TRD_GRP_135"",""TRD_GRP_136"",""TRD_GRP_137"",""TRD_GRP_138"",""TRD_GRP_139"",""TRD_GRP_140"",""TRD_GRP_141"",""TRD_GRP_142"",""TRD_GRP_143"",""TRD_GRP_144"",""TRD_GRP_145"",""TRD_GRP_146"",""TRD_GRP_147"",""TRD_GRP_148"",""TRD_GRP_149"",""TRD_GRP_150"",""TRD_GRP_151"",""TRD_GRP_152"",""TRD_GRP_153"",""TRD_GRP_154"",""TRD_GRP_155"",""TRD_GRP_156"",""TRD_GRP_157"",""TRD_GRP_158"",""TRD_GRP_159"",""TRD_GRP_160"",""TRD_GRP_161"",""TRD_GRP_162"",""TRD_GRP_163"",""TRD_GRP_164"",""TRD_GRP_165"",""TRD_GRP_166"",""TRD_GRP_167"",""TRD_GRP_168"",""TRD_GRP_169"",""TRD_GRP_170"",""TRD_GRP_171"",""TRD_GRP_172"",""TRD_GRP_173"",""TRD_GRP_174"",""TRD_GRP_175"",""TRD_GRP_176"",""TRD_GRP_177"",""TRD_GRP_178"",""TRD_GRP_179"",""TRD_GRP_180"",""TRD_GRP_181"",""TRD_GRP_182"",""TRD_GRP_183"",""TRD_GRP_184"",""TRD_GRP_185"",""TRD_GRP_186"",""TRD_GRP_187"",""TRD_GRP_188"",""TRD_GRP_189"",""TRD_GRP_190"",""TRD_GRP_191"",""TRD_GRP_192"",""TRD_GRP_193"",""TRD_GRP_194"",""TRD_GRP_195"",""TRD_GRP_196"",""TRD_GRP_197"",""TRD_GRP_198"",""TRD_GRP_199"",""TRD_GRP_200"",""TRD_GRP_201"",""TRD_GRP_202"",""TRD_GRP_203"",""TRD_GRP_204"",""TRD_GRP_205"",""TRD_GRP_206"",""TRD_GRP_207"",""TRD_GRP_208"",""TRD_GRP_209"",""TRD_GRP_210"",""TRD_GRP_211"",""TRD_GRP_212"",""TRD_GRP_213"",""TRD_GRP_214"",""TRD_GRP_215"",""TRD_GRP_216"",""TRD_GRP_217"",""TRD_GRP_218"",""TRD_GRP_219"",""TRD_GRP_220"",""TRD_GRP_221"",""TRD_GRP_222"",""TRD_GRP_223"",""TRD_GRP_224"",""TRD_GRP_225"",""TRD_GRP_226"",""TRD_GRP_227"",""TRD_GRP_228"",""TRD_GRP_229"",""TRD_GRP_230"",""TRD_GRP_231"",""TRD_GRP_232"",""TRD_GRP_233"",""TRD_GRP_234"",""TRD_GRP_235"",""TRD_GRP_236"",""TRD_GRP_237"",""TRD_GRP_238"",""TRD_GRP_239"",""TRD_GRP_240"",""TRD_GRP_242"",""TRD_GRP_243"",""TRD_GRP_244"",""TRD_GRP_245"",""TRD_GRP_246"",""TRD_GRP_247"",""TRD_GRP_248"",""TRD_GRP_249"",""TRD_GRP_250"",""TRD_GRP_251"",""TRD_GRP_252"",""TRD_GRP_253"",""TRD_GRP_256"",""TRD_GRP_258""]]",EXPIRE_TAKER|EXPIRE_MAKER|EXPIRE_BOTH|DECREMENT|TRANSFER,0.00100000,10000.00000000,0.00100000,0.01000000,90000.00000000,0.01000000,100,0.00000000,34407.48575000,0.00000000,10,2000,10,2000,1.2,0.5,2,0.8,5,5.00000000,true,9000000.00000000,false,5,200,20,5,10
GRAMUSDT,OutOfSample,3624,-0.7951502031049242,-0.015903004062098484,false,1,4,TRADING,GRAM,USDT,8,8,8,8,8,true,true,true,true,true,true,true,true,true,true,true,EXPIRE_MAKER,LIMIT|LIMIT_MAKER|MARKET|STOP_LOSS|STOP_LOSS_LIMIT|TAKE_PROFIT|TAKE_PROFIT_LIMIT,,"[[""SPOT"",""MARGIN"",""TRD_GRP_004"",""TRD_GRP_005"",""TRD_GRP_006"",""TRD_GRP_016"",""TRD_GRP_017"",""TRD_GRP_018"",""TRD_GRP_019"",""TRD_GRP_020"",""TRD_GRP_021"",""TRD_GRP_022"",""TRD_GRP_023"",""TRD_GRP_024"",""TRD_GRP_025"",""TRD_GRP_049"",""TRD_GRP_050"",""TRD_GRP_051"",""TRD_GRP_052"",""TRD_GRP_053"",""TRD_GRP_054"",""TRD_GRP_055"",""TRD_GRP_056"",""TRD_GRP_057"",""TRD_GRP_058"",""TRD_GRP_059"",""TRD_GRP_060"",""TRD_GRP_061"",""TRD_GRP_062"",""TRD_GRP_063"",""TRD_GRP_064"",""TRD_GRP_065"",""TRD_GRP_066"",""TRD_GRP_067"",""TRD_GRP_068"",""TRD_GRP_069"",""TRD_GRP_070"",""TRD_GRP_071"",""TRD_GRP_072"",""TRD_GRP_073"",""TRD_GRP_074"",""TRD_GRP_075"",""TRD_GRP_076"",""TRD_GRP_077"",""TRD_GRP_078"",""TRD_GRP_079"",""TRD_GRP_080"",""TRD_GRP_081"",""TRD_GRP_082"",""TRD_GRP_083"",""TRD_GRP_084"",""TRD_GRP_085"",""TRD_GRP_086"",""TRD_GRP_087"",""TRD_GRP_088"",""TRD_GRP_089"",""TRD_GRP_090"",""TRD_GRP_091"",""TRD_GRP_092"",""TRD_GRP_093"",""TRD_GRP_094"",""TRD_GRP_095"",""TRD_GRP_096"",""TRD_GRP_097"",""TRD_GRP_098"",""TRD_GRP_099"",""TRD_GRP_100"",""TRD_GRP_101"",""TRD_GRP_102"",""TRD_GRP_103"",""TRD_GRP_104"",""TRD_GRP_105"",""TRD_GRP_106"",""TRD_GRP_107"",""TRD_GRP_108"",""TRD_GRP_109"",""TRD_GRP_110"",""TRD_GRP_111"",""TRD_GRP_112"",""TRD_GRP_113"",""TRD_GRP_114"",""TRD_GRP_115"",""TRD_GRP_116"",""TRD_GRP_117"",""TRD_GRP_118"",""TRD_GRP_119"",""TRD_GRP_120"",""TRD_GRP_121"",""TRD_GRP_122"",""TRD_GRP_123"",""TRD_GRP_124"",""TRD_GRP_125"",""TRD_GRP_126"",""TRD_GRP_127"",""TRD_GRP_128"",""TRD_GRP_129"",""TRD_GRP_130"",""TRD_GRP_131"",""TRD_GRP_132"",""TRD_GRP_133"",""TRD_GRP_134"",""TRD_GRP_135"",""TRD_GRP_136"",""TRD_GRP_137"",""TRD_GRP_138"",""TRD_GRP_139"",""TRD_GRP_140"",""TRD_GRP_141"",""TRD_GRP_142"",""TRD_GRP_143"",""TRD_GRP_144"",""TRD_GRP_145"",""TRD_GRP_146"",""TRD_GRP_147"",""TRD_GRP_148"",""TRD_GRP_149"",""TRD_GRP_150"",""TRD_GRP_151"",""TRD_GRP_152"",""TRD_GRP_153"",""TRD_GRP_154"",""TRD_GRP_155"",""TRD_GRP_156"",""TRD_GRP_157"",""TRD_GRP_158"",""TRD_GRP_159"",""TRD_GRP_160"",""TRD_GRP_161"",""TRD_GRP_162"",""TRD_GRP_163"",""TRD_GRP_164"",""TRD_GRP_165"",""TRD_GRP_166"",""TRD_GRP_167"",""TRD_GRP_168"",""TRD_GRP_169"",""TRD_GRP_170"",""TRD_GRP_171"",""TRD_GRP_172"",""TRD_GRP_173"",""TRD_GRP_174"",""TRD_GRP_175"",""TRD_GRP_176"",""TRD_GRP_177"",""TRD_GRP_178"",""TRD_GRP_179"",""TRD_GRP_180"",""TRD_GRP_181"",""TRD_GRP_182"",""TRD_GRP_183"",""TRD_GRP_184"",""TRD_GRP_185"",""TRD_GRP_186"",""TRD_GRP_187"",""TRD_GRP_188"",""TRD_GRP_189"",""TRD_GRP_190"",""TRD_GRP_191"",""TRD_GRP_192"",""TRD_GRP_193"",""TRD_GRP_194"",""TRD_GRP_195"",""TRD_GRP_196"",""TRD_GRP_197"",""TRD_GRP_198"",""TRD_GRP_199"",""TRD_GRP_200"",""TRD_GRP_201"",""TRD_GRP_202"",""TRD_GRP_203"",""TRD_GRP_204"",""TRD_GRP_205"",""TRD_GRP_206"",""TRD_GRP_207"",""TRD_GRP_208"",""TRD_GRP_209"",""TRD_GRP_210"",""TRD_GRP_211"",""TRD_GRP_212"",""TRD_GRP_213"",""TRD_GRP_214"",""TRD_GRP_215"",""TRD_GRP_216"",""TRD_GRP_217"",""TRD_GRP_218"",""TRD_GRP_219"",""TRD_GRP_220"",""TRD_GRP_221"",""TRD_GRP_222"",""TRD_GRP_223"",""TRD_GRP_224"",""TRD_GRP_225"",""TRD_GRP_226"",""TRD_GRP_227"",""TRD_GRP_228"",""TRD_GRP_229"",""TRD_GRP_230"",""TRD_GRP_231"",""TRD_GRP_232"",""TRD_GRP_233"",""TRD_GRP_234"",""TRD_GRP_235"",""TRD_GRP_236"",""TRD_GRP_237"",""TRD_GRP_238"",""TRD_GRP_239"",""TRD_GRP_240"",""TRD_GRP_242"",""TRD_GRP_245"",""TRD_GRP_246"",""TRD_GRP_247"",""TRD_GRP_248"",""TRD_GRP_249"",""TRD_GRP_250"",""TRD_GRP_251"",""TRD_GRP_252"",""TRD_GRP_253"",""TRD_GRP_256"",""TRD_GRP_258""]]",EXPIRE_TAKER|EXPIRE_MAKER|EXPIRE_BOTH|DECREMENT|TRANSFER,0.00100000,1000.00000000,0.00100000,0.01000000,92141578.00000000,0.01000000,100,0.00000000,130079.04725000,0.00000000,10,2000,10,2000,1.2,0.5,2,0.8,5,5.00000000,true,9000000.00000000,false,5,200,20,5,10
XAUTUSDT,OutOfSample,3545,-0.8260042193576344,-0.0010197582955032522,false,49,32,TRADING,XAUT,USDT,8,8,8,8,8,true,true,true,true,true,true,true,true,true,true,true,EXPIRE_MAKER,LIMIT|LIMIT_MAKER|MARKET|STOP_LOSS|STOP_LOSS_LIMIT|TAKE_PROFIT|TAKE_PROFIT_LIMIT,,"[[""SPOT"",""MARGIN"",""TRD_GRP_004"",""TRD_GRP_006"",""TRD_GRP_016"",""TRD_GRP_017"",""TRD_GRP_018"",""TRD_GRP_019"",""TRD_GRP_020"",""TRD_GRP_021"",""TRD_GRP_022"",""TRD_GRP_023"",""TRD_GRP_024"",""TRD_GRP_025"",""TRD_GRP_049"",""TRD_GRP_050"",""TRD_GRP_051"",""TRD_GRP_052"",""TRD_GRP_053"",""TRD_GRP_054"",""TRD_GRP_055"",""TRD_GRP_056"",""TRD_GRP_057"",""TRD_GRP_058"",""TRD_GRP_059"",""TRD_GRP_060"",""TRD_GRP_061"",""TRD_GRP_062"",""TRD_GRP_063"",""TRD_GRP_064"",""TRD_GRP_065"",""TRD_GRP_066"",""TRD_GRP_067"",""TRD_GRP_068"",""TRD_GRP_069"",""TRD_GRP_070"",""TRD_GRP_071"",""TRD_GRP_072"",""TRD_GRP_073"",""TRD_GRP_074"",""TRD_GRP_075"",""TRD_GRP_076"",""TRD_GRP_077"",""TRD_GRP_078"",""TRD_GRP_079"",""TRD_GRP_080"",""TRD_GRP_081"",""TRD_GRP_082"",""TRD_GRP_083"",""TRD_GRP_084"",""TRD_GRP_085"",""TRD_GRP_086"",""TRD_GRP_087"",""TRD_GRP_088"",""TRD_GRP_089"",""TRD_GRP_090"",""TRD_GRP_091"",""TRD_GRP_092"",""TRD_GRP_093"",""TRD_GRP_094"",""TRD_GRP_095"",""TRD_GRP_096"",""TRD_GRP_097"",""TRD_GRP_098"",""TRD_GRP_099"",""TRD_GRP_100"",""TRD_GRP_101"",""TRD_GRP_102"",""TRD_GRP_103"",""TRD_GRP_104"",""TRD_GRP_105"",""TRD_GRP_106"",""TRD_GRP_107"",""TRD_GRP_108"",""TRD_GRP_109"",""TRD_GRP_110"",""TRD_GRP_111"",""TRD_GRP_112"",""TRD_GRP_113"",""TRD_GRP_114"",""TRD_GRP_115"",""TRD_GRP_116"",""TRD_GRP_117"",""TRD_GRP_118"",""TRD_GRP_119"",""TRD_GRP_120"",""TRD_GRP_121"",""TRD_GRP_122"",""TRD_GRP_123"",""TRD_GRP_124"",""TRD_GRP_125"",""TRD_GRP_126"",""TRD_GRP_127"",""TRD_GRP_128"",""TRD_GRP_129"",""TRD_GRP_130"",""TRD_GRP_131"",""TRD_GRP_132"",""TRD_GRP_133"",""TRD_GRP_134"",""TRD_GRP_135"",""TRD_GRP_136"",""TRD_GRP_137"",""TRD_GRP_138"",""TRD_GRP_139"",""TRD_GRP_140"",""TRD_GRP_141"",""TRD_GRP_142"",""TRD_GRP_143"",""TRD_GRP_144"",""TRD_GRP_145"",""TRD_GRP_146"",""TRD_GRP_147"",""TRD_GRP_148"",""TRD_GRP_149"",""TRD_GRP_150"",""TRD_GRP_151"",""TRD_GRP_152"",""TRD_GRP_153"",""TRD_GRP_154"",""TRD_GRP_155"",""TRD_GRP_156"",""TRD_GRP_157"",""TRD_GRP_158"",""TRD_GRP_159"",""TRD_GRP_160"",""TRD_GRP_161"",""TRD_GRP_162"",""TRD_GRP_163"",""TRD_GRP_164"",""TRD_GRP_165"",""TRD_GRP_166"",""TRD_GRP_167"",""TRD_GRP_168"",""TRD_GRP_169"",""TRD_GRP_170"",""TRD_GRP_171"",""TRD_GRP_172"",""TRD_GRP_173"",""TRD_GRP_174"",""TRD_GRP_175"",""TRD_GRP_176"",""TRD_GRP_177"",""TRD_GRP_178"",""TRD_GRP_179"",""TRD_GRP_180"",""TRD_GRP_181"",""TRD_GRP_182"",""TRD_GRP_183"",""TRD_GRP_184"",""TRD_GRP_185"",""TRD_GRP_186"",""TRD_GRP_187"",""TRD_GRP_188"",""TRD_GRP_189"",""TRD_GRP_190"",""TRD_GRP_191"",""TRD_GRP_192"",""TRD_GRP_193"",""TRD_GRP_194"",""TRD_GRP_195"",""TRD_GRP_196"",""TRD_GRP_197"",""TRD_GRP_198"",""TRD_GRP_199"",""TRD_GRP_200"",""TRD_GRP_201"",""TRD_GRP_202"",""TRD_GRP_203"",""TRD_GRP_204"",""TRD_GRP_205"",""TRD_GRP_206"",""TRD_GRP_207"",""TRD_GRP_208"",""TRD_GRP_209"",""TRD_GRP_210"",""TRD_GRP_211"",""TRD_GRP_212"",""TRD_GRP_213"",""TRD_GRP_214"",""TRD_GRP_215"",""TRD_GRP_216"",""TRD_GRP_217"",""TRD_GRP_218"",""TRD_GRP_219"",""TRD_GRP_220"",""TRD_GRP_221"",""TRD_GRP_222"",""TRD_GRP_223"",""TRD_GRP_224"",""TRD_GRP_225"",""TRD_GRP_226"",""TRD_GRP_227"",""TRD_GRP_228"",""TRD_GRP_229"",""TRD_GRP_230"",""TRD_GRP_231"",""TRD_GRP_232"",""TRD_GRP_233"",""TRD_GRP_234"",""TRD_GRP_235"",""TRD_GRP_236"",""TRD_GRP_237"",""TRD_GRP_238"",""TRD_GRP_239"",""TRD_GRP_240"",""TRD_GRP_242"",""TRD_GRP_245"",""TRD_GRP_246"",""TRD_GRP_247"",""TRD_GRP_248"",""TRD_GRP_249"",""TRD_GRP_250"",""TRD_GRP_251"",""TRD_GRP_252"",""TRD_GRP_253"",""TRD_GRP_256"",""TRD_GRP_258""]]",EXPIRE_TAKER|EXPIRE_MAKER|EXPIRE_BOTH|DECREMENT|TRANSFER,0.01000000,1000000.00000000,0.01000000,0.00010000,9000.00000000,0.00010000,100,0.00000000,387.55649958,0.00000000,10,2000,10,2000,1.1,0.8,1.2,0.9,5,5.00000000,true,9000000.00000000,false,5,200,20,5,10
SPCXBUSDT,OutOfSample,3597,-1.058746592083142,-0.0015802187941539433,false,42,25,TRADING,SPCXB,USDT,8,8,8,8,8,true,true,true,true,true,true,true,true,true,true,true,EXPIRE_MAKER,LIMIT|LIMIT_MAKER|MARKET|STOP_LOSS|STOP_LOSS_LIMIT|TAKE_PROFIT|TAKE_PROFIT_LIMIT,,"[[""SPOT"",""MARGIN"",""TRD_GRP_004"",""TRD_GRP_005"",""TRD_GRP_006"",""TRD_GRP_017"",""TRD_GRP_018"",""TRD_GRP_019"",""TRD_GRP_020"",""TRD_GRP_021"",""TRD_GRP_022"",""TRD_GRP_023"",""TRD_GRP_049"",""TRD_GRP_050"",""TRD_GRP_051"",""TRD_GRP_052"",""TRD_GRP_053"",""TRD_GRP_054"",""TRD_GRP_055"",""TRD_GRP_056"",""TRD_GRP_057"",""TRD_GRP_058"",""TRD_GRP_059"",""TRD_GRP_060"",""TRD_GRP_061"",""TRD_GRP_062"",""TRD_GRP_063"",""TRD_GRP_064"",""TRD_GRP_065"",""TRD_GRP_066"",""TRD_GRP_067"",""TRD_GRP_068"",""TRD_GRP_070"",""TRD_GRP_071"",""TRD_GRP_072"",""TRD_GRP_073"",""TRD_GRP_074"",""TRD_GRP_075"",""TRD_GRP_076"",""TRD_GRP_077"",""TRD_GRP_078"",""TRD_GRP_079"",""TRD_GRP_081"",""TRD_GRP_082"",""TRD_GRP_083"",""TRD_GRP_084"",""TRD_GRP_085"",""TRD_GRP_086"",""TRD_GRP_087"",""TRD_GRP_088"",""TRD_GRP_089"",""TRD_GRP_090"",""TRD_GRP_091"",""TRD_GRP_092"",""TRD_GRP_093"",""TRD_GRP_094"",""TRD_GRP_095"",""TRD_GRP_096"",""TRD_GRP_097"",""TRD_GRP_098"",""TRD_GRP_099"",""TRD_GRP_100"",""TRD_GRP_101"",""TRD_GRP_102"",""TRD_GRP_103"",""TRD_GRP_104"",""TRD_GRP_105"",""TRD_GRP_106"",""TRD_GRP_107"",""TRD_GRP_108"",""TRD_GRP_109"",""TRD_GRP_110"",""TRD_GRP_111"",""TRD_GRP_112"",""TRD_GRP_113"",""TRD_GRP_114"",""TRD_GRP_115"",""TRD_GRP_116"",""TRD_GRP_117"",""TRD_GRP_118"",""TRD_GRP_119"",""TRD_GRP_120"",""TRD_GRP_121"",""TRD_GRP_122"",""TRD_GRP_123"",""TRD_GRP_124"",""TRD_GRP_125"",""TRD_GRP_126"",""TRD_GRP_127"",""TRD_GRP_128"",""TRD_GRP_129"",""TRD_GRP_130"",""TRD_GRP_131"",""TRD_GRP_132"",""TRD_GRP_133"",""TRD_GRP_134"",""TRD_GRP_135"",""TRD_GRP_136"",""TRD_GRP_137"",""TRD_GRP_138"",""TRD_GRP_139"",""TRD_GRP_140"",""TRD_GRP_141"",""TRD_GRP_142"",""TRD_GRP_143"",""TRD_GRP_144"",""TRD_GRP_145"",""TRD_GRP_146"",""TRD_GRP_147"",""TRD_GRP_148"",""TRD_GRP_149"",""TRD_GRP_150"",""TRD_GRP_151"",""TRD_GRP_152"",""TRD_GRP_153"",""TRD_GRP_154"",""TRD_GRP_155"",""TRD_GRP_156"",""TRD_GRP_157"",""TRD_GRP_158"",""TRD_GRP_159"",""TRD_GRP_160"",""TRD_GRP_161"",""TRD_GRP_162"",""TRD_GRP_163"",""TRD_GRP_164"",""TRD_GRP_165"",""TRD_GRP_166"",""TRD_GRP_167"",""TRD_GRP_168"",""TRD_GRP_169"",""TRD_GRP_170"",""TRD_GRP_171"",""TRD_GRP_173"",""TRD_GRP_175"",""TRD_GRP_176"",""TRD_GRP_177"",""TRD_GRP_178"",""TRD_GRP_179"",""TRD_GRP_181"",""TRD_GRP_182"",""TRD_GRP_183"",""TRD_GRP_184"",""TRD_GRP_185"",""TRD_GRP_186"",""TRD_GRP_187"",""TRD_GRP_189"",""TRD_GRP_190"",""TRD_GRP_191"",""TRD_GRP_192"",""TRD_GRP_193"",""TRD_GRP_194"",""TRD_GRP_195"",""TRD_GRP_196"",""TRD_GRP_197"",""TRD_GRP_198"",""TRD_GRP_199"",""TRD_GRP_200"",""TRD_GRP_201"",""TRD_GRP_202"",""TRD_GRP_203"",""TRD_GRP_204"",""TRD_GRP_205"",""TRD_GRP_206"",""TRD_GRP_208"",""TRD_GRP_209"",""TRD_GRP_210"",""TRD_GRP_211"",""TRD_GRP_212"",""TRD_GRP_213"",""TRD_GRP_214"",""TRD_GRP_215"",""TRD_GRP_216"",""TRD_GRP_217"",""TRD_GRP_218"",""TRD_GRP_219"",""TRD_GRP_220"",""TRD_GRP_221"",""TRD_GRP_222"",""TRD_GRP_223"",""TRD_GRP_224"",""TRD_GRP_225"",""TRD_GRP_226"",""TRD_GRP_227"",""TRD_GRP_228"",""TRD_GRP_229"",""TRD_GRP_230"",""TRD_GRP_231"",""TRD_GRP_232"",""TRD_GRP_233"",""TRD_GRP_234"",""TRD_GRP_235"",""TRD_GRP_236"",""TRD_GRP_237"",""TRD_GRP_240"",""TRD_GRP_242"",""TRD_GRP_245"",""TRD_GRP_246"",""TRD_GRP_247"",""TRD_GRP_248"",""TRD_GRP_249"",""TRD_GRP_250"",""TRD_GRP_251"",""TRD_GRP_252"",""TRD_GRP_253"",""TRD_GRP_256"",""TRD_GRP_261""]]",EXPIRE_TAKER|EXPIRE_MAKER|EXPIRE_BOTH|DECREMENT|TRANSFER,0.01000000,100000.00000000,0.01000000,0.00100000,922327.00000000,0.00100000,100,0.00000000,3641.82877500,0.00000000,10,2000,10,2000,1.1,0.8,1.2,0.9,5,5.00000000,true,9000000.00000000,false,5,200,20,5,10
TAOUSDT,OutOfSample,2588,-1.3859942816413302,-0.0028285597584516943,false,25,24,TRADING,TAO,USDT,8,8,8,8,8,true,true,true,true,true,true,true,true,true,true,true,EXPIRE_MAKER,LIMIT|LIMIT_MAKER|MARKET|STOP_LOSS|STOP_LOSS_LIMIT|TAKE_PROFIT|TAKE_PROFIT_LIMIT,,"[[""SPOT"",""MARGIN"",""TRD_GRP_004"",""TRD_GRP_005"",""TRD_GRP_006"",""TRD_GRP_016"",""TRD_GRP_017"",""TRD_GRP_018"",""TRD_GRP_019"",""TRD_GRP_020"",""TRD_GRP_021"",""TRD_GRP_022"",""TRD_GRP_023"",""TRD_GRP_024"",""TRD_GRP_025"",""TRD_GRP_049"",""TRD_GRP_050"",""TRD_GRP_051"",""TRD_GRP_052"",""TRD_GRP_053"",""TRD_GRP_054"",""TRD_GRP_055"",""TRD_GRP_056"",""TRD_GRP_057"",""TRD_GRP_058"",""TRD_GRP_059"",""TRD_GRP_060"",""TRD_GRP_061"",""TRD_GRP_062"",""TRD_GRP_063"",""TRD_GRP_064"",""TRD_GRP_065"",""TRD_GRP_066"",""TRD_GRP_067"",""TRD_GRP_068"",""TRD_GRP_069"",""TRD_GRP_070"",""TRD_GRP_071"",""TRD_GRP_072"",""TRD_GRP_073"",""TRD_GRP_074"",""TRD_GRP_075"",""TRD_GRP_076"",""TRD_GRP_077"",""TRD_GRP_078"",""TRD_GRP_079"",""TRD_GRP_080"",""TRD_GRP_081"",""TRD_GRP_082"",""TRD_GRP_083"",""TRD_GRP_084"",""TRD_GRP_085"",""TRD_GRP_086"",""TRD_GRP_087"",""TRD_GRP_088"",""TRD_GRP_089"",""TRD_GRP_090"",""TRD_GRP_091"",""TRD_GRP_092"",""TRD_GRP_093"",""TRD_GRP_094"",""TRD_GRP_095"",""TRD_GRP_096"",""TRD_GRP_097"",""TRD_GRP_098"",""TRD_GRP_099"",""TRD_GRP_100"",""TRD_GRP_101"",""TRD_GRP_102"",""TRD_GRP_103"",""TRD_GRP_104"",""TRD_GRP_105"",""TRD_GRP_106"",""TRD_GRP_107"",""TRD_GRP_108"",""TRD_GRP_109"",""TRD_GRP_110"",""TRD_GRP_111"",""TRD_GRP_112"",""TRD_GRP_113"",""TRD_GRP_114"",""TRD_GRP_115"",""TRD_GRP_116"",""TRD_GRP_117"",""TRD_GRP_118"",""TRD_GRP_119"",""TRD_GRP_120"",""TRD_GRP_121"",""TRD_GRP_122"",""TRD_GRP_123"",""TRD_GRP_124"",""TRD_GRP_125"",""TRD_GRP_126"",""TRD_GRP_127"",""TRD_GRP_128"",""TRD_GRP_129"",""TRD_GRP_130"",""TRD_GRP_131"",""TRD_GRP_132"",""TRD_GRP_133"",""TRD_GRP_134"",""TRD_GRP_135"",""TRD_GRP_136"",""TRD_GRP_137"",""TRD_GRP_138"",""TRD_GRP_139"",""TRD_GRP_140"",""TRD_GRP_141"",""TRD_GRP_142"",""TRD_GRP_143"",""TRD_GRP_144"",""TRD_GRP_145"",""TRD_GRP_146"",""TRD_GRP_147"",""TRD_GRP_148"",""TRD_GRP_149"",""TRD_GRP_150"",""TRD_GRP_151"",""TRD_GRP_152"",""TRD_GRP_153"",""TRD_GRP_154"",""TRD_GRP_155"",""TRD_GRP_156"",""TRD_GRP_157"",""TRD_GRP_158"",""TRD_GRP_159"",""TRD_GRP_160"",""TRD_GRP_161"",""TRD_GRP_162"",""TRD_GRP_163"",""TRD_GRP_164"",""TRD_GRP_165"",""TRD_GRP_166"",""TRD_GRP_167"",""TRD_GRP_168"",""TRD_GRP_169"",""TRD_GRP_170"",""TRD_GRP_171"",""TRD_GRP_172"",""TRD_GRP_173"",""TRD_GRP_174"",""TRD_GRP_175"",""TRD_GRP_176"",""TRD_GRP_177"",""TRD_GRP_178"",""TRD_GRP_179"",""TRD_GRP_180"",""TRD_GRP_181"",""TRD_GRP_182"",""TRD_GRP_183"",""TRD_GRP_184"",""TRD_GRP_185"",""TRD_GRP_186"",""TRD_GRP_187"",""TRD_GRP_188"",""TRD_GRP_189"",""TRD_GRP_190"",""TRD_GRP_191"",""TRD_GRP_192"",""TRD_GRP_193"",""TRD_GRP_194"",""TRD_GRP_195"",""TRD_GRP_196"",""TRD_GRP_197"",""TRD_GRP_198"",""TRD_GRP_199"",""TRD_GRP_200"",""TRD_GRP_201"",""TRD_GRP_202"",""TRD_GRP_203"",""TRD_GRP_204"",""TRD_GRP_205"",""TRD_GRP_206"",""TRD_GRP_207"",""TRD_GRP_208"",""TRD_GRP_209"",""TRD_GRP_210"",""TRD_GRP_211"",""TRD_GRP_212"",""TRD_GRP_213"",""TRD_GRP_214"",""TRD_GRP_215"",""TRD_GRP_216"",""TRD_GRP_217"",""TRD_GRP_218"",""TRD_GRP_219"",""TRD_GRP_220"",""TRD_GRP_221"",""TRD_GRP_222"",""TRD_GRP_223"",""TRD_GRP_224"",""TRD_GRP_225"",""TRD_GRP_226"",""TRD_GRP_227"",""TRD_GRP_228"",""TRD_GRP_229"",""TRD_GRP_230"",""TRD_GRP_231"",""TRD_GRP_232"",""TRD_GRP_233"",""TRD_GRP_234"",""TRD_GRP_235"",""TRD_GRP_236"",""TRD_GRP_237"",""TRD_GRP_238"",""TRD_GRP_239"",""TRD_GRP_240"",""TRD_GRP_242"",""TRD_GRP_243"",""TRD_GRP_244"",""TRD_GRP_245"",""TRD_GRP_246"",""TRD_GRP_247"",""TRD_GRP_248"",""TRD_GRP_249"",""TRD_GRP_250"",""TRD_GRP_251"",""TRD_GRP_252"",""TRD_GRP_253"",""TRD_GRP_256"",""TRD_GRP_258""]]",EXPIRE_TAKER|EXPIRE_MAKER|EXPIRE_BOTH|DECREMENT|TRANSFER,0.10000000,100000.00000000,0.10000000,0.00010000,922327.00000000,0.00010000,100,0.00000000,1449.28611583,0.00000000,10,2000,10,2000,1.2,0.5,2,0.8,5,5.00000000,true,9000000.00000000,false,5,200,20,5,10
QQQBUSDT,OutOfSample,3618,-1.790808112335525,-0.002984680187225875,false,18,42,TRADING,QQQB,USDT,8,8,8,8,8,true,true,true,true,true,true,true,true,true,true,true,EXPIRE_MAKER,LIMIT|LIMIT_MAKER|MARKET|STOP_LOSS|STOP_LOSS_LIMIT|TAKE_PROFIT|TAKE_PROFIT_LIMIT,,"[[""SPOT"",""MARGIN"",""TRD_GRP_004"",""TRD_GRP_005"",""TRD_GRP_006"",""TRD_GRP_017"",""TRD_GRP_018"",""TRD_GRP_019"",""TRD_GRP_020"",""TRD_GRP_021"",""TRD_GRP_022"",""TRD_GRP_023"",""TRD_GRP_049"",""TRD_GRP_050"",""TRD_GRP_051"",""TRD_GRP_052"",""TRD_GRP_053"",""TRD_GRP_054"",""TRD_GRP_055"",""TRD_GRP_056"",""TRD_GRP_057"",""TRD_GRP_058"",""TRD_GRP_059"",""TRD_GRP_060"",""TRD_GRP_061"",""TRD_GRP_062"",""TRD_GRP_063"",""TRD_GRP_064"",""TRD_GRP_065"",""TRD_GRP_066"",""TRD_GRP_067"",""TRD_GRP_068"",""TRD_GRP_070"",""TRD_GRP_071"",""TRD_GRP_072"",""TRD_GRP_073"",""TRD_GRP_074"",""TRD_GRP_075"",""TRD_GRP_076"",""TRD_GRP_077"",""TRD_GRP_078"",""TRD_GRP_079"",""TRD_GRP_081"",""TRD_GRP_082"",""TRD_GRP_083"",""TRD_GRP_084"",""TRD_GRP_085"",""TRD_GRP_086"",""TRD_GRP_087"",""TRD_GRP_088"",""TRD_GRP_089"",""TRD_GRP_090"",""TRD_GRP_091"",""TRD_GRP_092"",""TRD_GRP_093"",""TRD_GRP_094"",""TRD_GRP_095"",""TRD_GRP_096"",""TRD_GRP_097"",""TRD_GRP_098"",""TRD_GRP_099"",""TRD_GRP_100"",""TRD_GRP_101"",""TRD_GRP_102"",""TRD_GRP_103"",""TRD_GRP_104"",""TRD_GRP_105"",""TRD_GRP_106"",""TRD_GRP_107"",""TRD_GRP_108"",""TRD_GRP_109"",""TRD_GRP_110"",""TRD_GRP_111"",""TRD_GRP_112"",""TRD_GRP_113"",""TRD_GRP_114"",""TRD_GRP_115"",""TRD_GRP_116"",""TRD_GRP_117"",""TRD_GRP_118"",""TRD_GRP_119"",""TRD_GRP_120"",""TRD_GRP_121"",""TRD_GRP_122"",""TRD_GRP_123"",""TRD_GRP_124"",""TRD_GRP_125"",""TRD_GRP_126"",""TRD_GRP_127"",""TRD_GRP_128"",""TRD_GRP_129"",""TRD_GRP_130"",""TRD_GRP_131"",""TRD_GRP_132"",""TRD_GRP_133"",""TRD_GRP_134"",""TRD_GRP_135"",""TRD_GRP_136"",""TRD_GRP_137"",""TRD_GRP_138"",""TRD_GRP_139"",""TRD_GRP_140"",""TRD_GRP_141"",""TRD_GRP_142"",""TRD_GRP_143"",""TRD_GRP_144"",""TRD_GRP_145"",""TRD_GRP_146"",""TRD_GRP_147"",""TRD_GRP_148"",""TRD_GRP_149"",""TRD_GRP_150"",""TRD_GRP_151"",""TRD_GRP_152"",""TRD_GRP_153"",""TRD_GRP_154"",""TRD_GRP_155"",""TRD_GRP_156"",""TRD_GRP_157"",""TRD_GRP_158"",""TRD_GRP_159"",""TRD_GRP_160"",""TRD_GRP_161"",""TRD_GRP_162"",""TRD_GRP_163"",""TRD_GRP_164"",""TRD_GRP_165"",""TRD_GRP_166"",""TRD_GRP_167"",""TRD_GRP_168"",""TRD_GRP_169"",""TRD_GRP_170"",""TRD_GRP_171"",""TRD_GRP_173"",""TRD_GRP_175"",""TRD_GRP_176"",""TRD_GRP_177"",""TRD_GRP_178"",""TRD_GRP_179"",""TRD_GRP_181"",""TRD_GRP_182"",""TRD_GRP_183"",""TRD_GRP_184"",""TRD_GRP_185"",""TRD_GRP_186"",""TRD_GRP_187"",""TRD_GRP_189"",""TRD_GRP_190"",""TRD_GRP_191"",""TRD_GRP_192"",""TRD_GRP_193"",""TRD_GRP_194"",""TRD_GRP_195"",""TRD_GRP_196"",""TRD_GRP_197"",""TRD_GRP_198"",""TRD_GRP_199"",""TRD_GRP_200"",""TRD_GRP_201"",""TRD_GRP_202"",""TRD_GRP_203"",""TRD_GRP_204"",""TRD_GRP_205"",""TRD_GRP_206"",""TRD_GRP_208"",""TRD_GRP_209"",""TRD_GRP_210"",""TRD_GRP_211"",""TRD_GRP_212"",""TRD_GRP_213"",""TRD_GRP_214"",""TRD_GRP_215"",""TRD_GRP_216"",""TRD_GRP_217"",""TRD_GRP_218"",""TRD_GRP_219"",""TRD_GRP_220"",""TRD_GRP_221"",""TRD_GRP_222"",""TRD_GRP_223"",""TRD_GRP_224"",""TRD_GRP_225"",""TRD_GRP_226"",""TRD_GRP_227"",""TRD_GRP_228"",""TRD_GRP_229"",""TRD_GRP_230"",""TRD_GRP_231"",""TRD_GRP_232"",""TRD_GRP_233"",""TRD_GRP_234"",""TRD_GRP_235"",""TRD_GRP_236"",""TRD_GRP_237"",""TRD_GRP_240"",""TRD_GRP_242"",""TRD_GRP_245"",""TRD_GRP_246"",""TRD_GRP_247"",""TRD_GRP_248"",""TRD_GRP_249"",""TRD_GRP_250"",""TRD_GRP_251"",""TRD_GRP_252"",""TRD_GRP_253"",""TRD_GRP_256"",""TRD_GRP_261""]]",EXPIRE_TAKER|EXPIRE_MAKER|EXPIRE_BOTH|DECREMENT|TRANSFER,0.01000000,100000.00000000,0.01000000,0.00100000,922327.00000000,0.00100000,100,0.00000000,686.70663333,0.00000000,10,2000,10,2000,1.1,0.8,1.2,0.9,5,5.00000000,true,9000000.00000000,false,5,200,20,5,10
SNDKBUSDT,OutOfSample,3595,-2.7366554408728145,-0.0035540979751594996,false,51,26,TRADING,SNDKB,USDT,8,8,8,8,8,true,true,true,true,true,true,true,true,true,true,true,EXPIRE_MAKER,LIMIT|LIMIT_MAKER|MARKET|STOP_LOSS|STOP_LOSS_LIMIT|TAKE_PROFIT|TAKE_PROFIT_LIMIT,,"[[""SPOT"",""MARGIN"",""TRD_GRP_004"",""TRD_GRP_005"",""TRD_GRP_006"",""TRD_GRP_017"",""TRD_GRP_018"",""TRD_GRP_019"",""TRD_GRP_020"",""TRD_GRP_021"",""TRD_GRP_022"",""TRD_GRP_023"",""TRD_GRP_049"",""TRD_GRP_050"",""TRD_GRP_051"",""TRD_GRP_052"",""TRD_GRP_053"",""TRD_GRP_054"",""TRD_GRP_055"",""TRD_GRP_056"",""TRD_GRP_057"",""TRD_GRP_058"",""TRD_GRP_059"",""TRD_GRP_060"",""TRD_GRP_061"",""TRD_GRP_062"",""TRD_GRP_063"",""TRD_GRP_064"",""TRD_GRP_065"",""TRD_GRP_066"",""TRD_GRP_067"",""TRD_GRP_068"",""TRD_GRP_070"",""TRD_GRP_071"",""TRD_GRP_072"",""TRD_GRP_073"",""TRD_GRP_074"",""TRD_GRP_075"",""TRD_GRP_076"",""TRD_GRP_077"",""TRD_GRP_078"",""TRD_GRP_079"",""TRD_GRP_081"",""TRD_GRP_082"",""TRD_GRP_083"",""TRD_GRP_084"",""TRD_GRP_085"",""TRD_GRP_086"",""TRD_GRP_087"",""TRD_GRP_088"",""TRD_GRP_089"",""TRD_GRP_090"",""TRD_GRP_091"",""TRD_GRP_092"",""TRD_GRP_093"",""TRD_GRP_094"",""TRD_GRP_095"",""TRD_GRP_096"",""TRD_GRP_097"",""TRD_GRP_098"",""TRD_GRP_099"",""TRD_GRP_100"",""TRD_GRP_101"",""TRD_GRP_102"",""TRD_GRP_103"",""TRD_GRP_104"",""TRD_GRP_105"",""TRD_GRP_106"",""TRD_GRP_107"",""TRD_GRP_108"",""TRD_GRP_109"",""TRD_GRP_110"",""TRD_GRP_111"",""TRD_GRP_112"",""TRD_GRP_113"",""TRD_GRP_114"",""TRD_GRP_115"",""TRD_GRP_116"",""TRD_GRP_117"",""TRD_GRP_118"",""TRD_GRP_119"",""TRD_GRP_120"",""TRD_GRP_121"",""TRD_GRP_122"",""TRD_GRP_123"",""TRD_GRP_124"",""TRD_GRP_125"",""TRD_GRP_126"",""TRD_GRP_127"",""TRD_GRP_128"",""TRD_GRP_129"",""TRD_GRP_130"",""TRD_GRP_131"",""TRD_GRP_132"",""TRD_GRP_133"",""TRD_GRP_134"",""TRD_GRP_135"",""TRD_GRP_136"",""TRD_GRP_137"",""TRD_GRP_138"",""TRD_GRP_139"",""TRD_GRP_140"",""TRD_GRP_141"",""TRD_GRP_142"",""TRD_GRP_143"",""TRD_GRP_144"",""TRD_GRP_145"",""TRD_GRP_146"",""TRD_GRP_147"",""TRD_GRP_148"",""TRD_GRP_149"",""TRD_GRP_150"",""TRD_GRP_151"",""TRD_GRP_152"",""TRD_GRP_153"",""TRD_GRP_154"",""TRD_GRP_155"",""TRD_GRP_156"",""TRD_GRP_157"",""TRD_GRP_158"",""TRD_GRP_159"",""TRD_GRP_160"",""TRD_GRP_161"",""TRD_GRP_162"",""TRD_GRP_163"",""TRD_GRP_164"",""TRD_GRP_165"",""TRD_GRP_166"",""TRD_GRP_167"",""TRD_GRP_168"",""TRD_GRP_169"",""TRD_GRP_170"",""TRD_GRP_171"",""TRD_GRP_173"",""TRD_GRP_175"",""TRD_GRP_176"",""TRD_GRP_177"",""TRD_GRP_178"",""TRD_GRP_179"",""TRD_GRP_181"",""TRD_GRP_182"",""TRD_GRP_183"",""TRD_GRP_184"",""TRD_GRP_185"",""TRD_GRP_186"",""TRD_GRP_187"",""TRD_GRP_189"",""TRD_GRP_190"",""TRD_GRP_191"",""TRD_GRP_192"",""TRD_GRP_193"",""TRD_GRP_194"",""TRD_GRP_195"",""TRD_GRP_196"",""TRD_GRP_197"",""TRD_GRP_198"",""TRD_GRP_199"",""TRD_GRP_200"",""TRD_GRP_201"",""TRD_GRP_202"",""TRD_GRP_203"",""TRD_GRP_204"",""TRD_GRP_205"",""TRD_GRP_206"",""TRD_GRP_208"",""TRD_GRP_209"",""TRD_GRP_210"",""TRD_GRP_211"",""TRD_GRP_212"",""TRD_GRP_213"",""TRD_GRP_214"",""TRD_GRP_215"",""TRD_GRP_216"",""TRD_GRP_217"",""TRD_GRP_218"",""TRD_GRP_219"",""TRD_GRP_220"",""TRD_GRP_221"",""TRD_GRP_222"",""TRD_GRP_223"",""TRD_GRP_224"",""TRD_GRP_225"",""TRD_GRP_226"",""TRD_GRP_227"",""TRD_GRP_228"",""TRD_GRP_229"",""TRD_GRP_230"",""TRD_GRP_231"",""TRD_GRP_232"",""TRD_GRP_233"",""TRD_GRP_234"",""TRD_GRP_235"",""TRD_GRP_236"",""TRD_GRP_237"",""TRD_GRP_240"",""TRD_GRP_242"",""TRD_GRP_245"",""TRD_GRP_246"",""TRD_GRP_247"",""TRD_GRP_248"",""TRD_GRP_249"",""TRD_GRP_250"",""TRD_GRP_251"",""TRD_GRP_252"",""TRD_GRP_253"",""TRD_GRP_256"",""TRD_GRP_261""]]",EXPIRE_TAKER|EXPIRE_MAKER|EXPIRE_BOTH|DECREMENT|TRANSFER,0.01000000,999996.00000000,0.01000000,0.00010000,92233.00000000,0.00010000,100,0.00000000,248.21347916,0.00000000,10,2000,10,2000,1.1,0.8,1.2,0.9,5,5.00000000,true,9000000.00000000,false,5,200,20,5,10
SOXLBUSDT,OutOfSample,3633,-6.357173248228543,-0.010090751187664355,false,29,34,TRADING,SOXLB,USDT,8,8,8,8,8,true,true,true,true,true,true,true,true,true,true,true,EXPIRE_MAKER,LIMIT|LIMIT_MAKER|MARKET|STOP_LOSS|STOP_LOSS_LIMIT|TAKE_PROFIT|TAKE_PROFIT_LIMIT,,"[[""SPOT"",""MARGIN"",""TRD_GRP_004"",""TRD_GRP_005"",""TRD_GRP_006"",""TRD_GRP_017"",""TRD_GRP_018"",""TRD_GRP_019"",""TRD_GRP_020"",""TRD_GRP_021"",""TRD_GRP_022"",""TRD_GRP_023"",""TRD_GRP_049"",""TRD_GRP_050"",""TRD_GRP_051"",""TRD_GRP_052"",""TRD_GRP_053"",""TRD_GRP_054"",""TRD_GRP_055"",""TRD_GRP_056"",""TRD_GRP_057"",""TRD_GRP_058"",""TRD_GRP_059"",""TRD_GRP_060"",""TRD_GRP_061"",""TRD_GRP_062"",""TRD_GRP_063"",""TRD_GRP_064"",""TRD_GRP_065"",""TRD_GRP_066"",""TRD_GRP_067"",""TRD_GRP_068"",""TRD_GRP_070"",""TRD_GRP_071"",""TRD_GRP_072"",""TRD_GRP_073"",""TRD_GRP_074"",""TRD_GRP_075"",""TRD_GRP_076"",""TRD_GRP_077"",""TRD_GRP_078"",""TRD_GRP_079"",""TRD_GRP_081"",""TRD_GRP_082"",""TRD_GRP_083"",""TRD_GRP_084"",""TRD_GRP_085"",""TRD_GRP_086"",""TRD_GRP_087"",""TRD_GRP_088"",""TRD_GRP_089"",""TRD_GRP_090"",""TRD_GRP_091"",""TRD_GRP_092"",""TRD_GRP_093"",""TRD_GRP_094"",""TRD_GRP_095"",""TRD_GRP_096"",""TRD_GRP_097"",""TRD_GRP_098"",""TRD_GRP_099"",""TRD_GRP_100"",""TRD_GRP_101"",""TRD_GRP_102"",""TRD_GRP_103"",""TRD_GRP_104"",""TRD_GRP_105"",""TRD_GRP_106"",""TRD_GRP_107"",""TRD_GRP_108"",""TRD_GRP_109"",""TRD_GRP_110"",""TRD_GRP_111"",""TRD_GRP_112"",""TRD_GRP_113"",""TRD_GRP_114"",""TRD_GRP_115"",""TRD_GRP_116"",""TRD_GRP_117"",""TRD_GRP_118"",""TRD_GRP_119"",""TRD_GRP_120"",""TRD_GRP_121"",""TRD_GRP_122"",""TRD_GRP_123"",""TRD_GRP_124"",""TRD_GRP_125"",""TRD_GRP_126"",""TRD_GRP_127"",""TRD_GRP_128"",""TRD_GRP_129"",""TRD_GRP_130"",""TRD_GRP_131"",""TRD_GRP_132"",""TRD_GRP_133"",""TRD_GRP_134"",""TRD_GRP_135"",""TRD_GRP_136"",""TRD_GRP_137"",""TRD_GRP_138"",""TRD_GRP_139"",""TRD_GRP_140"",""TRD_GRP_141"",""TRD_GRP_142"",""TRD_GRP_143"",""TRD_GRP_144"",""TRD_GRP_145"",""TRD_GRP_146"",""TRD_GRP_147"",""TRD_GRP_148"",""TRD_GRP_149"",""TRD_GRP_150"",""TRD_GRP_151"",""TRD_GRP_152"",""TRD_GRP_153"",""TRD_GRP_154"",""TRD_GRP_155"",""TRD_GRP_156"",""TRD_GRP_157"",""TRD_GRP_158"",""TRD_GRP_159"",""TRD_GRP_160"",""TRD_GRP_161"",""TRD_GRP_162"",""TRD_GRP_163"",""TRD_GRP_164"",""TRD_GRP_165"",""TRD_GRP_166"",""TRD_GRP_167"",""TRD_GRP_168"",""TRD_GRP_169"",""TRD_GRP_170"",""TRD_GRP_171"",""TRD_GRP_173"",""TRD_GRP_175"",""TRD_GRP_176"",""TRD_GRP_177"",""TRD_GRP_178"",""TRD_GRP_179"",""TRD_GRP_181"",""TRD_GRP_182"",""TRD_GRP_183"",""TRD_GRP_184"",""TRD_GRP_185"",""TRD_GRP_186"",""TRD_GRP_187"",""TRD_GRP_189"",""TRD_GRP_190"",""TRD_GRP_191"",""TRD_GRP_192"",""TRD_GRP_193"",""TRD_GRP_194"",""TRD_GRP_195"",""TRD_GRP_196"",""TRD_GRP_197"",""TRD_GRP_198"",""TRD_GRP_199"",""TRD_GRP_200"",""TRD_GRP_201"",""TRD_GRP_202"",""TRD_GRP_203"",""TRD_GRP_204"",""TRD_GRP_205"",""TRD_GRP_206"",""TRD_GRP_208"",""TRD_GRP_209"",""TRD_GRP_210"",""TRD_GRP_211"",""TRD_GRP_212"",""TRD_GRP_213"",""TRD_GRP_214"",""TRD_GRP_215"",""TRD_GRP_216"",""TRD_GRP_217"",""TRD_GRP_218"",""TRD_GRP_219"",""TRD_GRP_220"",""TRD_GRP_221"",""TRD_GRP_222"",""TRD_GRP_223"",""TRD_GRP_224"",""TRD_GRP_225"",""TRD_GRP_226"",""TRD_GRP_227"",""TRD_GRP_228"",""TRD_GRP_229"",""TRD_GRP_230"",""TRD_GRP_231"",""TRD_GRP_232"",""TRD_GRP_233"",""TRD_GRP_234"",""TRD_GRP_235"",""TRD_GRP_236"",""TRD_GRP_237"",""TRD_GRP_240"",""TRD_GRP_242"",""TRD_GRP_245"",""TRD_GRP_246"",""TRD_GRP_247"",""TRD_GRP_248"",""TRD_GRP_249"",""TRD_GRP_250"",""TRD_GRP_251"",""TRD_GRP_252"",""TRD_GRP_253"",""TRD_GRP_256"",""TRD_GRP_261""]]",EXPIRE_TAKER|EXPIRE_MAKER|EXPIRE_BOTH|DECREMENT|TRANSFER,0.01000000,100000.00000000,0.01000000,0.00100000,922327.00000000,0.00100000,100,0.00000000,1464.33430416,0.00000000,10,2000,10,2000,1.1,0.8,1.2,0.9,5,5.00000000,true,9000000.00000000,false,5,200,20,5,10
